id,photo_url,road_address,name,size,latitude,longitude,phone,business_hours,review_count,facilities,parking,very_good,seat_info,menu,category
1,"['https://search.pstatic.net/common/?autoRotate=true&type=w560_sharpen&src=https%3A%2F%2Fldb-phinf.pstatic.net%2F20231124_220%2F1700802290423elCeM_JPEG%2FKakaoTalk_20231123_102453553_10.jpg', 'https://search.pstatic.net/common/?autoRotate=true&type=w278_sharpen&src=https%3A%2F%2Fldb-phinf.pstatic.net%2F20231124_281%2F1700802290591FsTAe_JPEG%2FKakaoTalk_20231123_102453553_09.jpg', 'https://search.pstatic.net/common/?autoRotate=true&type=w278_sharpen&src=https%3A%2F%2Fldb-phinf.pstatic.net%2F20231124_13%2F1700802276447hilW5_JPEG%2FKakaoTalk_20231026_160338217_03.jpg']","서울특별시 마포구 양화로6길 57-12, 1층 (서교동)",라운지목화 합정관,63.02,192669.3832,449648.5161,0507-1469-7338,화: 17:00 - 02:00; 수: 17:00 - 02:00; 목: 17:00 - 02:00; 금: 17:00 - 02:00; 토: 17:00 - 02:00; 일: 17:00 - 02:00; 월: 정기휴무 (매주 월요일),291,"['단체 이용 가능', '예약', '무선 인터넷']",주차 불가,"['음식이 맛있어요', '인테리어가 멋져요', '친절해요', '대화하기 좋아요']","['카운터석', '입식', '바테이블']","[[""아보카도크림새우"", 19900], [""깐풍기"", 18500], [""사천가지튀김"", 19000], [""칠리새우"", 19000], [""깐풍새우"", 19500], [""새콤바삭유린기"", 19000], [""멘보샤"", 16000], [""마라크림면"", 18500], [""고추잡채"", 18500], [""진마파두부&꽃빵"", 18500], [""산동식마늘똥볶음"", 18000], [""해물짬뽕탕"", 18500], [""우삼겹마라탕"", 18500], [""찹쌀누룽지달걀탕"", 18500], [""홍콩식 오이무침"", 9500], [""중화 옥수수전"", 12000], [""닭껍질교자"", 11000], [""매콤푸주튀김"", 11000], [""우유튀김"", 11000], [""새우짜조"", 11000]]",중식
2,"['https://search.pstatic.net/common/?autoRotate=true&type=w560_sharpen&src=https%3A%2F%2Fldb-phinf.pstatic.net%2F20250116_234%2F1736993517599R0Oqc_JPEG%2F%25B1%25D7%25B8%25B22.jpg', 'https://search.pstatic.net/common/?autoRotate=true&type=w278_sharpen&src=https%3A%2F%2Fldb-phinf.pstatic.net%2F20250116_254%2F1736993510471IkD4D_JPEG%2F%25B1%25D7%25B8%25B21.jpg', 'https://search.pstatic.net/common/?autoRotate=true&type=w278_sharpen&src=https%3A%2F%2Fldb-phinf.pstatic.net%2F20250116_205%2F1736993519045YFwkP_JPEG%2F%25B1%25D7%25B8%25B27.jpg']","서울특별시 마포구 양화로 81, H 스퀘어 102호,103호,104호,105호 (서교동)",탭샵바 합정점,610.52,192565.8569,449977.7782,0507-1467-0765,화: 11:00 - 24:00; 수: 11:00 - 24:00; 목: 11:00 - 24:00; 금: 11:00 - 24:00; 토: 11:00 - 24:00; 일: 11:00 - 24:00; 월: 11:00 - 24:00,131,"['와인 페어링', '와인 페어링', '포장', '단체 이용 가능', '배달', '예약', '무선 인터넷', '장애인 휠체어 이용가능', '장애인 휠체어 이용가능']",무료 주차 가능,"['술이 다양해요', '음식이 맛있어요', '인테리어가 멋져요', '음악이 좋아요']","['룸', '단체석', '카운터석', '테라스', '좌식', '1인석', '연인석']","[[""루꼴라 치즈 떡볶이"", 9900]]",한식
3,"['https://search.pstatic.net/common/?autoRotate=true&type=w560_sharpen&src=https%3A%2F%2Fpup-review-phinf.pstatic.net%2FMjAyNDA4MDJfNjQg%2FMDAxNzIyNTc2NzIxNjY2.rAoxExJDEAvK57hfrFJYgsx_0KlWgddumQyv0VFjejEg.vZ21RwySpcZuAlXc93DmBS-Zv1qaoHAWXeZdrz28bBUg.JPEG%2F74DE4247-ECBA-4212-AE6E-4A33D07E8467.jpeg', 'https://search.pstatic.net/common/?autoRotate=true&type=w278_sharpen&src=https%3A%2F%2Fpup-review-phinf.pstatic.net%2FMjAyNDA3MDNfMTU0%2FMDAxNzIwMDEwODI5MTI5.S6C-XWl18kpsplyKO941yfotWoloSW9aBv2aNdXdFQkg.0QIPsOks-BN_IujLi8tSVAIt-yp8ZTT1XbY-qsPa8NYg.JPEG%2F4C253AEF-1984-42E6-85AE-D03C9041F0E1.jpeg', 'https://search.pstatic.net/common/?autoRotate=true&type=w278_sharpen&src=https%3A%2F%2Fpup-review-phinf.pstatic.net%2FMjAyMzA1MDlfMTAz%2FMDAxNjgzNjI3NTM3MjM2.TUWeNCfNNzn0VmPZEqGEmwEGDdqqMcUxz0Fgmlagxssg.S3CMcxsM5IfTDKMNwbwTjrI8YxRvambtIy4RWU1iTkEg.JPEG%2F6DFE5E22-4399-4455-9D07-AC5A8638803B.jpeg']","서울특별시 마포구 와우산로29마길 7-8, 지1층 우측호 (서교동)",연남골목냉면,48.37,193472.1057,450345.4305,,,38,[],,"['음식이 맛있어요', '재료가 신선해요', '양이 많아요', '혼밥하기 좋아요']",[],"[[""명태회냉면"", 10000], [""물냉면"", 8000], [""비빔냉면"", 8000], [""돈가스"", 9000], [""반반이(등심+치즈)"", 10000], [""비빔밥"", 8000], [""튀김만두"", 5000], [""찐만두"", 5000], [""갈비만두"", 5000], [""메밀전병"", 7000]]",한식
4,"['https://search.pstatic.net/common/?autoRotate=true&type=w560_sharpen&src=https%3A%2F%2Fldb-phinf.pstatic.net%2F20250201_297%2F1738420225153apkuS_JPEG%2F%25B9%25DA%25C0%25E7%25C8%25AF_%25C0%25AF%25BE%25C6%25C7%25CF_10.jpeg', 'https://search.pstatic.net/common/?autoRotate=true&type=w278_sharpen&src=https%3A%2F%2Fldb-phinf.pstatic.net%2F20241219_94%2F1734547830439TOO1H_JPEG%2FIMG_9919.jpeg', 'https://search.pstatic.net/common/?autoRotate=true&type=w278_sharpen&src=https%3A%2F%2Fldb-phinf.pstatic.net%2F20241219_251%2F1734548117776Ppfnt_JPEG%2FIMG_0145.jpeg']","서울특별시 마포구 독막로3길 24-10, 지1층 A호 (서교동)",유아하,54.0,192626.3225,449645.0116,0507-1432-7841,수: 17:00 - 24:00; 목: 17:00 - 24:00; 금: 17:00 - 02:00; 토: 17:00 - 02:00; 일: 17:00 - 24:00; 월: 17:00 - 24:00,60,"['콜키지 가능', '생일 혜택', '단체 이용 가능']",주차 불가,"['음식이 맛있어요', '인테리어가 멋져요', '특별한 메뉴가 있어요', '친절해요']","['바테이블', '1인석', '테라스', '연인석', '카운터석', '좌식', '단체석']","[[""유아하 할머니의 훠궈"", 32900], [""우삼겹 후추탕"", 25000], [""튀김 동파육"", 29000], [""딴화 마라샹궈"", 27000], [""아하챠오멘"", 22000], [""마라두부"", 15000], [""3가지 작은안주"", 15000], [""손녀의 최애안주"", 15000], [""오이 때려만듦"", 8000], [""수제물만두"", 12000], [""할머니의 단골메뉴"", 12000], [""타이완 새우볶음밥"", 11000], [""땅콩아이스크림"", 5000]]",중식
5,"['https://search.pstatic.net/common/?autoRotate=true&type=w560_sharpen&src=https%3A%2F%2Fldb-phinf.pstatic.net%2F20230914_65%2F1694676554936lKc3d_JPEG%2F%25E3%25F8LOGO.jpg', 'https://search.pstatic.net/common/?autoRotate=true&type=w278_sharpen&src=https%3A%2F%2Fldb-phinf.pstatic.net%2F20230904_279%2F16937539635651n3fq_JPEG%2Fd154b09e794fa0b3c2acc8f7cb83ea6.jpg', 'https://search.pstatic.net/common/?autoRotate=true&type=w278_sharpen&src=https%3A%2F%2Fldb-phinf.pstatic.net%2F20230903_253%2F1693752599771gn4Qf_JPEG%2F%25C5%25C1%25B9%25D9%25BF%25C0.jpg']","서울특별시 마포구 와우산로27길 62, 2층 (서교동)",증증일상,93.82,193340.6966,450339.4518,02-333-5888,화: 11:00 - 22:30; 수: 정기휴무 (매주 수요일); 목: 11:00 - 22:30; 금: 11:00 - 22:30; 토: 11:00 - 22:30; 일: 11:00 - 22:30; 월: 11:00 - 22:30,476,"['포장', '배달', '무선 인터넷', '유아의자', '예약']",주차 불가,"['음식이 맛있어요', '친절해요', '특별한 메뉴가 있어요', '가성비가 좋아요']",[],"[[""꽌탕바오(육즙 샤오롱바오)"", 7300], [""성젠바오(육즙 군만두)"", 7000], [""소고기샤오롱바오"", 7300]]",중식
6,"['https://search.pstatic.net/common/?autoRotate=true&type=w560_sharpen&src=https%3A%2F%2Fldb-phinf.pstatic.net%2F20230505_153%2F16832839621517ke8m_JPEG%2F59CE8CC2-A2B3-4263-9279-BECFEA27C73A.jpeg', 'https://search.pstatic.net/common/?autoRotate=true&type=w278_sharpen&src=https%3A%2F%2Fldb-phinf.pstatic.net%2F20230505_237%2F1683283964294QMhFs_JPEG%2FB5DF3619-324B-48C6-B18E-81EDDC69B0DD.jpeg', 'https://search.pstatic.net/common/?autoRotate=true&type=w278_sharpen&src=https%3A%2F%2Fldb-phinf.pstatic.net%2F20231127_173%2F1701012671116rxBn2_JPEG%2FAC413E37-DC52-47B8-9ABB-B20848A40F42.jpeg']","서울특별시 마포구 잔다리로2길 7, S368빌딩 1층 (서교동)",낙경,102.25,192894.0848,449922.7996,0507-1367-5784,화: 17:00 - 02:30; 수: 17:00 - 02:30; 목: 17:00 - 02:30; 금: 17:00 - 02:30; 토: 17:00 - 02:30; 일: 17:00 - 02:30; 월: 17:00 - 02:30,312,"['콜키지 가능', '생일 혜택', '예약', '무선 인터넷', '단체 이용 가능', '노키즈존']",주차 불가,"['음식이 맛있어요', '친절해요', '인테리어가 멋져요', '특별한 메뉴가 있어요']",[],"[[""살치플레이트"", 38000], [""문어 플레이트"", 37000], [""육사시미&연어"", 35000], [""미나리해물탕"", 32000], [""밀푀유나베"", 28000], [""바질크림파스타"", 22000], [""어향가지"", 25000], [""레몬크림새우"", 28000], [""유린기"", 26000], [""된장항정볶음"", 24000], [""육회냉파스타"", 23000], [""수육전골"", 30000], [""돈마호크 김치찜"", 30000], [""레몬크림치킨"", 27000], [""해산물마라볶음"", 25000], [""육전&알배추무침"", 24000], [""차돌 들깨볶음 (고양이귀면)"", 24000], [""쯔란삼겹튀김"", 30000], [""해물야끼소바"", 25000]]",한식
7,"['https://search.pstatic.net/common/?autoRotate=true&type=w560_sharpen&src=https%3A%2F%2Fldb-phinf.pstatic.net%2F20230720_74%2F16897975897551kqt2_JPEG%2FLCH_0165.jpg', 'https://search.pstatic.net/common/?autoRotate=true&type=w278_sharpen&src=https%3A%2F%2Fldb-phinf.pstatic.net%2F20230720_41%2F16897976681652bEXe_JPEG%2FLCH_0104.jpg', 'https://search.pstatic.net/common/?autoRotate=true&type=w278_sharpen&src=https%3A%2F%2Fldb-phinf.pstatic.net%2F20250213_265%2F1739379681011g8ytm_JPEG%2F1000001854.jpg']","서울특별시 마포구 와우산로25길 13, 2층 (서교동)",왕소야,90.0,193376.5934,450193.4151,0507-1369-8093,,552,"['포장', '무선 인터넷', '예약', '단체 이용 가능']",무료 주차 가능,"['음식이 맛있어요', '재료가 신선해요', '친절해요', '특별한 메뉴가 있어요']",['단체석'],"[[""삼선간짜장면"", null], [""해물짬뽕"", null], [""짬뽕밥"", null], [""잡채밥"", null], [""마파두부밥"", null], [""마라두부밥"", null], [""마파두부"", null], [""짬뽕탕"", null], [""깐풍기"", null], [""유린기"", null], [""오향장육"", null], [""양장피"", null], [""깐풍새우"", null], [""칠리새우"", null], [""동파육"", null], [""고추잡채꽃빵"", null], [""삼선간짜장"", null], [""마라우육탕면"", null], [""꿔바로우"", null], [""크림중새우"", null], [""난자완스"", null], ["""", null], ["""", null], ["""", null], ["""", null], ["""", null], ["""", null], ["""", null], ["""", null], ["""", null], ["""", null], ["""", null], ["""", null], ["""", null], ["""", null], ["""", null], ["""", null]]",중식
8,"['https://search.pstatic.net/common/?autoRotate=true&type=w560_sharpen&src=https%3A%2F%2Fldb-phinf.pstatic.net%2F20240724_83%2F1721780159291PXxJH_JPEG%2FA359301E-CE06-4C2C-81DD-6865CA6F8321.jpeg', 'https://search.pstatic.net/common/?autoRotate=true&type=w278_sharpen&src=https%3A%2F%2Fldb-phinf.pstatic.net%2F20230809_42%2F1691584775401qM4Rb_JPEG%2F1691584690837.jpg', 'https://search.pstatic.net/common/?autoRotate=true&type=w278_sharpen&src=https%3A%2F%2Fldb-phinf.pstatic.net%2F20240808_79%2F1723095912559N0C6a_JPEG%2FD719DDFA-7A13-4C5E-BEB2-E45FF6DC34EE.jpeg']","서울특별시 마포구 홍익로5안길 24, 1층 101호 (서교동)",잇스시,76.38,192988.885,450160.268,0507-1447-8882,화: 11:30 - 24:00; 수: 11:30 - 24:00; 목: 11:30 - 24:00; 금: 11:30 - 24:00; 토: 11:30 - 24:00; 일: 11:30 - 24:00; 월: 정기휴무 (매주 월요일),763,"['콜키지 가능', '비건 메뉴', '포장', '배달', '예약', '무선 인터넷', '단체 이용 가능']",유료 주차 가능,"['음식이 맛있어요', '재료가 신선해요', '친절해요', '인테리어가 멋져요']","['단체석', '카운터석', '좌식', '바테이블', '연인석', '1인석']","[[""스시 플레이트"", 24000], [""포테이토 롤"", 17000], [""로즈 롤"", 17000], [""레인보우 롤"", 15000], [""트러플 롤"", 28000], [""크리스피 롤"", 15000], [""파이어워크"", 17000]]",일식
9,"['https://search.pstatic.net/common/?autoRotate=true&type=w560_sharpen&src=https%3A%2F%2Fldb-phinf.pstatic.net%2F20241025_40%2F1729841923422SlGwk_JPEG%2FIMG_3720.jpeg', 'https://search.pstatic.net/common/?autoRotate=true&type=w278_sharpen&src=https%3A%2F%2Fldb-phinf.pstatic.net%2F20241025_272%2F1729841923898Idbaq_JPEG%2FIMG_3707.jpeg', 'https://search.pstatic.net/common/?autoRotate=true&type=w278_sharpen&src=https%3A%2F%2Fldb-phinf.pstatic.net%2F20241025_278%2F1729841923810i4RAU_JPEG%2FIMG_3706.jpeg']","서울특별시 마포구 와우산로17길 19-24, 스페이스빌딩 1층 (서교동)",호박꽃 홍대점,86.56,192978.9548,449666.6206,0507-1332-1694,수: 15:00 - 23:00; 목: 15:00 - 23:00; 금: 15:00 - 24:00; 토: 15:00 - 24:00; 일: 15:00 - 23:00; 월: 정기휴무 (매주 월요일); 화: 15:00 - 23:00,269,"['콜키지 가능', '생일 혜택', '단체 이용 가능', '무선 인터넷', '예약']",주차 불가,"['음식이 맛있어요', '재료가 신선해요', '친절해요', '인테리어가 멋져요']","['카운터석', '좌식', '바테이블', '1인석', '단체석']","[[""호박꽃 모리아와세 (3-4인)"", 108000], [""호박꽃 모리아와세 (2-3인)"", 73000], [""부채끝살 (100g)"", 22000], [""꽃갈비 (100g)"", 22000], [""갈비본살 (100g)"", 20000], [""토시살 (100g)"", 19000], [""부채살 (100g)"", 20000], [""안창살 (100g)"", 21000], [""갈비살 (100g)"", 19000], [""우설 (100g)"", 21000], [""소꼬리 (100g)"", 21000], [""닭목살 (120g)"", 10000]]",한식
10,"['https://search.pstatic.net/common/?autoRotate=true&type=w560_sharpen&src=https%3A%2F%2Fldb-phinf.pstatic.net%2F20241026_50%2F1729910557799MNOb8_JPEG%2F1000035836.jpg', 'https://search.pstatic.net/common/?autoRotate=true&type=w278_sharpen&src=https%3A%2F%2Fldb-phinf.pstatic.net%2F20241212_129%2F1733987463648QoaH9_JPEG%2FIMG_3406.JPG', 'https://search.pstatic.net/common/?autoRotate=true&type=w278_sharpen&src=https%3A%2F%2Fldb-phinf.pstatic.net%2F20241212_291%2F1733987464067Fuz4T_JPEG%2FIMG_3728.JPG']","서울특별시 마포구 양화로6길 65, 1층 (서교동)",해몽 마포점,90.0,192667.4817,449614.5323,0507-1386-1922,화: 17:00 - 23:00; 수: 17:00 - 23:00; 목: 17:00 - 23:00; 금: 17:00 - 23:00; 토: 17:00 - 23:00; 일: 정기휴무 (매주 일요일); 월: 17:00 - 23:00,188,"['콜키지 가능', '무선 인터넷', '예약', '단체 이용 가능']",주차 불가,"['음식이 맛있어요', '고기 질이 좋아요', '친절해요', '직접 잘 구워줘요']","['단체석', '입식']","[[""등갈비"", 18000], [""목살김치찌개"", 7000], [""냄비비빔밥"", 5000], [""라면"", 4000]]",한식
11,"['https://search.pstatic.net/common/?autoRotate=true&type=w278_sharpen&src=https%3A%2F%2Fldb-phinf.pstatic.net%2F20240212_290%2F1707675284009iwxGa_PNG%2FIMG_7413.png', 'https://search.pstatic.net/common/?autoRotate=true&type=w278_sharpen&src=https%3A%2F%2Fldb-phinf.pstatic.net%2F20250214_44%2F1739466361697A8lBz_PNG%2FIMG_7079.png', 'https://search.pstatic.net/common/?autoRotate=true&type=w278_sharpen&src=https%3A%2F%2Fldb-phinf.pstatic.net%2F20240222_87%2F1708595972746JDJ5m_PNG%2FIMG_8188.png']","서울특별시 마포구 와우산로17길 20 (서교동,1층)",골목포차,57.66,193019.4842,449800.2944,0507-1362-6949,화: 18:00 - 04:00; 수: 18:00 - 04:00; 목: 18:00 - 05:00; 금: 17:00 - 06:00; 토: 17:00 - 06:00; 일: 18:00 - 04:00; 월: 18:00 - 04:00,65,"['생일 혜택', '예약', '단체 이용 가능', '반려동물 동반', '무선 인터넷', '노키즈존', '대기공간', '장애인 휠체어 이용가능']",주차 불가,"['음식이 맛있어요', '가성비가 좋아요', '친절해요', '음악이 좋아요']","['테라스', '연인석', '1인석']","[[""차돌 순두부찌개"", 21900]]",중식
12,"['https://search.pstatic.net/common/?autoRotate=true&type=w560_sharpen&src=https%3A%2F%2Fldb-phinf.pstatic.net%2F20230412_281%2F16812815897483cLUA_PNG%2F%25BC%25AD%25BF%25EF%25C8%25AB%25B4%25EB%25C0%25D4%25B1%25B8%25BF%25AA%25C1%25A1.png', 'https://search.pstatic.net/common/?autoRotate=true&type=w278_sharpen&src=https%3A%2F%2Fpup-review-phinf.pstatic.net%2FMjAyMzA1MjRfNzIg%2FMDAxNjg0ODYxNzUzMjU1.4vLx6ErXl-dGb9F4YGTt7jtU3MEWFms38DNHu2zRAZkg.4CmqABuSxEvkj7cY66EB2e4w9x3hwnm0Q5VDcPJ8rmUg.JPEG%2F20230522_212209.jpg', 'https://search.pstatic.net/common/?autoRotate=true&type=w278_sharpen&src=https%3A%2F%2Fpup-review-phinf.pstatic.net%2FMjAyMzA2MjBfMTkx%2FMDAxNjg3MjUyMjExODI3.cl0FO4LNWUee5etGEsUcqUZlOCwUNGUoF0JYiz-Bq48g.gobMKTN98kZOdRM-RB6kjMjYwYMR5RlnzOy9W7B-cRgg.JPEG%2F8BB76D8A-DA9A-4445-92CC-5E425B523FA9.jpeg']","서울특별시 마포구 어울마당로 140, 2층 (서교동)",역전할머니맥주 홍대입구역점,202.2,193357.5838,450430.0744,02-322-1982,,195,[],,"['음식이 맛있어요', '가성비가 좋아요', '기본 안주가 좋아요', '술이 다양해요']",[],"[[""버터구이 오징어입"", null], [""먹태"", null], [""튀김 쥐포"", null], [""할멘보샤"", null], [""갈릭빠다포테이토"", null], [""30cm 롱치즈돈까스"", null], [""순살 치킨"", null], [""콘치즈그라탕"", null], [""짜빠구리"", null], [""불짬뽕탕"", null], [""모듬 소세지"", null], [""염통 꼬치"", null], [""치즈 라볶이"", null], [""바지락순두부"", null], [""살얼음파인애플"", null], [""어묵탕"", null]]",한식
13,"['https://search.pstatic.net/common/?autoRotate=true&type=w560_sharpen&src=https%3A%2F%2Fldb-phinf.pstatic.net%2F20240520_238%2F1716190574573hzviN_JPEG%2F20240520_163518.jpg', 'https://search.pstatic.net/common/?autoRotate=true&type=w278_sharpen&src=https%3A%2F%2Fpup-review-phinf.pstatic.net%2FMjAyMzA2MDdfMjQx%2FMDAxNjg2MDkzMDkzMzIz.JsVt2z7gsV0OeGsQpmx5BkdnFEm2KpFXsErZpryqLKAg.9Zhloh0UQ4dXZhxQK9_XpBA0Gej2XA49600_vSf-otcg.JPEG%2F1686092233701.jpg', 'https://search.pstatic.net/common/?autoRotate=true&type=w278_sharpen&src=https%3A%2F%2Fpup-review-phinf.pstatic.net%2FMjAyNDA0MThfNjEg%2FMDAxNzEzNDIxMjM3MDI2.KFRZ_FtGazPJAbWZ15HW2V2yzv2jkUqhFz-LsDmt7Qog.T4lEQfsd-bUYATAUq63yYMpD8KQ2DRsdt7Da5Wbp9Ggg.JPEG%2F20240409_183533.jpg.jpg']","서울특별시 마포구 와우산로17길 15, 서교동빌딩 1층 (서교동)",만선호프,143.38,193047.5088,449757.4822,0507-1360-1803,화: 17:00 - 08:00; 수: 17:00 - 08:00; 목: 17:00 - 08:00; 금: 17:00 - 09:00; 토: 17:00 - 09:00; 일: 17:00 - 08:00; 월: 17:00 - 08:00,146,"['단체 이용 가능', '예약', '반려동물 동반']",,"['음식이 맛있어요', '음악이 좋아요', '단체모임 하기 좋아요', '가성비가 좋아요']",[],"[[""을지로골뱅이"", 28000], [""닭볶음탕"", 28000], [""부대찌개"", 28000], [""뚝배기불고기"", 25000], [""후라이드치킨"", 19000], [""마늘치킨"", 20000], [""삼겹볶음김치"", 26000], [""돼지김치찌개"", 24000], [""해물짬뽕탕"", 24000], [""제육볶음"", 21000], [""낙지소면"", 21000], [""치즈무뼈닭발"", 22000], [""오뎅탕"", 21000], [""노가리황태"", 1500], [""설탕토마토"", 8000], [""해물라면"", 10000], [""번데기탕"", 10000], [""파인샤베트"", 10000], [""황도"", 10000], [""쥐포"", 10000], [""아귀포"", 10000]]",양식
14,"['https://search.pstatic.net/common/?autoRotate=true&type=w560_sharpen&src=https%3A%2F%2Fpup-review-phinf.pstatic.net%2FMjAyNDA2MTNfOTAg%2FMDAxNzE4MjA3NjQ5MTQ5.heXFShpnGRAHtsMhUwABf_fFXyqYfT_mKX0nVucPzG0g.TRCB9PdSK_Wd-Ek-00hc_28aGEX9oAqdvO4hjs2pgD4g.JPEG%2F20240602_181513.jpg', 'https://search.pstatic.net/common/?autoRotate=true&type=w278_sharpen&src=https%3A%2F%2Fpup-review-phinf.pstatic.net%2FMjAyNDAzMThfMTQ5%2FMDAxNzEwNzU1MDA3MjU4.Kja6QKvsJ0oiNbhMOpixNq4RPSdoqiIAB8xfqcxYKDcg.bmmd2m2OCR8Jnz2Ydv9Bcv1_03V-Z2xZHQcNxSsZmR4g.JPEG%2FD3F35AA4-F7DB-4C4F-A625-7AA5E1095006.jpeg', 'https://search.pstatic.net/common/?autoRotate=true&type=w278_sharpen&src=https%3A%2F%2Fpup-review-phinf.pstatic.net%2FMjAyNDAzMTRfMjY5%2FMDAxNzEwNDA3NDI3MTcz.vSCkDMCqgasHjqtoCAKVJOuKcTnEaBkRCmkvsfiU2vsg.ZG2jxZys_eakTS5kGhL_GnFY-9CmaJEW4kovMTrSF1kg.JPEG%2FF2535098-6B39-430D-A420-763857B7E8FC.jpeg']","서울특별시 마포구 어울마당로 80, 1층 102호 (서교동)",달콤왕가탕후루 홍대1호점,35.0,193010.1328,449987.6045,,,49,[],,"['디저트가 맛있어요', '친절해요', '특별한 메뉴가 있어요', '가성비가 좋아요']",[],[],한식
15,"['https://search.pstatic.net/common/?autoRotate=true&type=w560_sharpen&src=https%3A%2F%2Fldb-phinf.pstatic.net%2F20230724_169%2F1690186520615ztncW_JPEG%2FKakaoTalk_20230724_155819694_05.jpg', 'https://search.pstatic.net/common/?autoRotate=true&type=w278_sharpen&src=https%3A%2F%2Fldb-phinf.pstatic.net%2F20240331_244%2F1711891203464mubdu_JPEG%2F20230906_181831.jpg', 'https://search.pstatic.net/common/?autoRotate=true&type=w278_sharpen&src=https%3A%2F%2Fldb-phinf.pstatic.net%2F20230724_278%2F1690186529287GcNlK_JPEG%2FKakaoTalk_20230724_155819694_04.jpg']","서울특별시 마포구 독막로9길 38, DE빌딩 1층 101호 (서교동)",오늘하루,60.0,192914.5744,449736.6509,0507-1411-5548,,135,"['단체 이용 가능', '예약', '무선 인터넷']",,"['음식이 맛있어요', '기본 안주가 좋아요', '술이 다양해요', '친절해요']",[],"[[""불떡볶이"", 23000], [""블랙타이거새우구이"", 38000], [""리코타치즈셀러드"", 16000], [""스피모듬이묵탕"", 23000], [""해물라면"", 8000], [""열무국수"", 8000], [""코코넛샤베트"", 9000], [""파인애플샤베트"", 7000], [""리코타치즈샐러드"", 16000], [""갈릭꿀모짜렐라피자"", 16000], [""바싹불고기샐러드"", 23000], [""LA갈비와 아스파라거스구이"", 33000], [""모듬마른안주"", 16000], [""통오징어버터구이"", 18000], [""해물누룽지탕"", 23000], [""통낙지해물알탕"", 26000], [""킹블랙타이거 새우구이"", 38000], [""해물떡볶이"", 23000], [""문어새우관자 갈릭버터구이"", 26000]]",한식
16,"['https://search.pstatic.net/common/?autoRotate=true&type=w560_sharpen&src=https%3A%2F%2Fldb-phinf.pstatic.net%2F20240614_112%2F1718335198369cudbR_JPEG%2FKakaoTalk_20240612_225018604.jpg', 'https://search.pstatic.net/common/?autoRotate=true&type=w278_sharpen&src=https%3A%2F%2Fldb-phinf.pstatic.net%2F20230722_220%2F1690029578844AYYWi_JPEG%2FIMG_6471.jpeg', 'https://search.pstatic.net/common/?autoRotate=true&type=w278_sharpen&src=https%3A%2F%2Fldb-phinf.pstatic.net%2F20250213_114%2F1739455043684H0VWS_PNG%2FClipped_image_20250213_225220.png']","서울특별시 마포구 독막로3길 23, 1층 (서교동)",야타이 쇼부,47.0,192590.67,449687.1233,0507-1439-9040,화: 17:00 - 01:30; 수: 17:00 - 01:30; 목: 17:00 - 01:30; 금: 17:00 - 03:00; 토: 17:00 - 03:00; 일: 17:00 - 01:30; 월: 17:00 - 01:30,152,"['생일 혜택', '콜키지 가능', '예약', '단체 이용 가능', '무선 인터넷']",주차 불가,"['음식이 맛있어요', '기본 안주가 좋아요', '인테리어가 멋져요', '술이 다양해요']","['단체석', '바테이블', '연인석', '1인석']","[[""카사바칩"", 2900], [""오이무침"", 3900], [""은행볶음"", 3900], [""얼음황도"", 4900], [""감자사라다"", 5900], [""창란크림치즈"", 6900], [""닭껍질튀김"", 6900], [""모찌리도후"", 7900], [""파인애플샤베트"", 7900], [""문어소세지"", 7900], [""교자구이"", 7900], [""닭염통볶음"", 8900], [""명란계란말미"", 8900], [""모뎀한접시"", 9900], [""야끼소바"", 16000], [""치킨가라마게"", 15000], [""명란계란말이"", 16000], [""게살크림고로케"", 14000], [""우삼겹숙주볶음"", 14000], [""모둠꼬치 5종"", 16000]]",한식
17,"['https://search.pstatic.net/common/?autoRotate=true&type=w560_sharpen&src=https%3A%2F%2Fldb-phinf.pstatic.net%2F20241123_257%2F1732368060296EBD09_JPEG%2FIMG_0860.jpeg', 'https://search.pstatic.net/common/?autoRotate=true&type=w278_sharpen&src=https%3A%2F%2Fldb-phinf.pstatic.net%2F20241123_198%2F1732368060049jSTJ2_JPEG%2FIMG_0863.jpeg', 'https://search.pstatic.net/common/?autoRotate=true&type=w278_sharpen&src=https%3A%2F%2Fldb-phinf.pstatic.net%2F20241123_299%2F1732368060374IrslM_JPEG%2FIMG_0861.jpeg']","서울특별시 마포구 와우산로 162-4, 지층 102호 (서교동)",감초통닭,27.0,193810.1096,450325.7658,0507-1340-3007,,68,"['테이크아웃 할인', '배달', '포장', '무선 인터넷', '예약', '대기공간']",주차 불가,"['음식이 맛있어요', '친절해요', '재료가 신선해요', '가성비가 좋아요']",['테라스'],[],양식
18,"['https://search.pstatic.net/common/?autoRotate=true&type=w278_sharpen&src=https%3A%2F%2Fldb-phinf.pstatic.net%2F20240611_253%2F1718096069587pUJe9_JPEG%2FKakaoTalk_20240609_190607233.jpg', 'https://search.pstatic.net/common/?autoRotate=true&type=w278_sharpen&src=https%3A%2F%2Fldb-phinf.pstatic.net%2F20240611_223%2F1718096069588E5Dui_JPEG%2FKakaoTalk_20240609_190607233_03.jpg', 'https://search.pstatic.net/common/?autoRotate=true&type=w278_sharpen&src=https%3A%2F%2Fldb-phinf.pstatic.net%2F20240611_230%2F1718096069537Vmj99_JPEG%2FKakaoTalk_20240609_190607233_04.jpg']","서울특별시 마포구 독막로3길 33-3, 지1층 (서교동)",그늘,79.84,192604.7245,449730.5021,0507-1341-8480,화: 15:30 - 02:00; 수: 15:30 - 02:00; 목: 15:30 - 02:00; 금: 15:30 - 02:00; 토: 14:30 - 02:00; 일: 15:30 - 02:00; 월: 15:30 - 02:00,741,"['콜키지 가능', '단체 이용 가능', '무선 인터넷', '예약', '반려동물 동반']",주차 불가,"['음식이 맛있어요', '술이 다양해요', '인테리어가 멋져요', '기본 안주가 좋아요']",[],"[[""감태육회"", 28000], [""보쌈"", 32000], [""김치찜"", 30000], [""미나리새우전"", 20000], [""김치전"", 18000], [""닭목살과 닭껍질 볶음"", 20000], [""대패삼겹비빔국수"", 20000], [""얼큰조개탕"", 25000], [""명란두부탕"", 25000], [""곶감크림치즈"", 12000], [""유자토마토"", 8000], [""미나리조개탕"", 25000], [""불고기피자감자전"", 20000], [""들기름막국수"", 13000], [""뻥튀기아이스크림"", 7000], [""청어알비빔빕"", 15000], [""육회비빔밥"", 15000], [""명란비빔밥"", 8000], [""불고기또띠아쌈"", 23000], [""투움바 감자수제비"", 23000]]",한식
19,"['https://search.pstatic.net/common/?autoRotate=true&type=w560_sharpen&src=https%3A%2F%2Fldb-phinf.pstatic.net%2F20241014_8%2F1728897710884p2wfI_JPEG%2FIMG_5033.jpeg', 'https://search.pstatic.net/common/?autoRotate=true&type=w278_sharpen&src=https%3A%2F%2Fldb-phinf.pstatic.net%2F20240620_207%2F1718858064659NOQgg_JPEG%2FIMG_4807.jpeg', 'https://search.pstatic.net/common/?autoRotate=true&type=w278_sharpen&src=https%3A%2F%2Fldb-phinf.pstatic.net%2F20240530_1%2F1717042689841UBPCB_JPEG%2FIMG_4648.jpeg']","서울특별시 마포구 월드컵로14길 56, 2층 (서교동)",오소바텐,91.67,192287.901,450480.4956,02-336-5485,화: 11:00 - 21:00; 수: 11:00 - 21:00; 목: 11:00 - 21:00; 금: 11:00 - 21:00; 토: 11:00 - 21:00; 일: 11:00 - 21:00; 월: 11:00 - 21:00,42,['장애인 휠체어 이용가능'],주차 불가,"['음식이 맛있어요', '특별한 메뉴가 있어요', '재료가 신선해요', '친절해요']",[],"[[""냉츠케소바(200g)"", 12000], [""새우츠케소바(200g)"", 13000], [""농후츠케소바(200g)"", 14000]]",일식
20,"['https://search.pstatic.net/common/?autoRotate=true&type=w560_sharpen&src=https%3A%2F%2Fldb-phinf.pstatic.net%2F20190618_78%2F1560866531789GYaO1_JPEG%2Ftfgyhobd-o9Quh11suo0gCgH.jpg', 'https://search.pstatic.net/common/?autoRotate=true&type=w278_sharpen&src=https%3A%2F%2Fpup-review-phinf.pstatic.net%2FMjAyMzAzMDlfMjgg%2FMDAxNjc4MzU2MjE1NTEy.qxMgXm6-8a_8ekFNSIvvawQoFWqlSlOJ5OPy6vUTjj8g.PMhTIATer2DMmNXbu78PchDwH2FtZVea57pfZgxz__Eg.JPEG%2FAB8DB5BE-9D36-496B-A908-D86171EEB62C.jpeg', 'https://search.pstatic.net/common/?autoRotate=true&type=w278_sharpen&src=https%3A%2F%2Fpup-review-phinf.pstatic.net%2FMjAyMzAyMDlfMTMw%2FMDAxNjc1OTIzNTI4ODUx.hcoW0BTJUFFghyXs9PGorK3vOP9hXe2Gife7074TWDIg.yxQtnH8MnUYVMg7ioBAVJMVh_JBr_mWyQE4YoSHXgfgg.JPEG%2F27266740-5862-459A-AF72-DB6A6E23479E.jpeg']","서울특별시 마포구 와우산로19길 11 (서교동, 지하1층)",디스,118.04,193079.8584,449877.5916,0507-1354-7090,화: 19:00 - 04:00; 수: 19:00 - 04:00; 목: 19:00 - 04:00; 금: 19:00 - 05:00; 토: 19:00 - 05:00; 일: 19:00 - 04:00; 월: 19:00 - 04:00,32,"['무선 인터넷', '단체 이용 가능']",,"['술이 다양해요', '친절해요', '음악이 좋아요', '가성비가 좋아요']",[],"[[""조니워커블랙"", null], [""치즈스틱"", null], [""감자튀김"", null], [""나초"", null], [""치킨텐더"", null], [""오렌지주스"", null], [""크랜베리주스"", null], [""롱아일랜드아이스티"", null]]",양식
21,"['https://search.pstatic.net/common/?autoRotate=true&type=w560_sharpen&src=https%3A%2F%2Fldb-phinf.pstatic.net%2F20240908_97%2F1725766926761DIjob_JPEG%2F1000031481.jpg', 'https://search.pstatic.net/common/?autoRotate=true&type=w278_sharpen&src=https%3A%2F%2Fldb-phinf.pstatic.net%2F20200728_232%2F1595920668198G5bcS_JPEG%2FSLTFiriRQte1tWQDhTHOMgt6.jpg', 'https://search.pstatic.net/common/?autoRotate=true&type=w278_sharpen&src=https%3A%2F%2Fldb-phinf.pstatic.net%2F20240908_172%2F172577250532211zCa_JPEG%2F1000031514.jpg']","서울특별시 마포구 양화로16길 30 (서교동, 3층)",카페 위밋데얼,103.26,192961.7005,450075.9373,0507-1328-7842,화: 정기휴무 (매주 화요일); 수: 12:00 - 20:00; 목: 12:00 - 20:00; 금: 12:00 - 20:00; 토: 12:00 - 20:00; 일: 12:00 - 20:00; 월: 정기휴무 (매주 월요일),346,"['단체 이용 가능', '포장', '무선 인터넷', '반려동물 동반', '예약']",주차 불가,"['음료가 맛있어요', '커피가 맛있어요', '친절해요', '디저트가 맛있어요']",[],"[[""초코 퍼지 라떼"", 6500], [""크림라떼"", 6500], [""말차라떼"", 6000], [""딸기라떼"", 6500], [""메론소다"", 6500]]",양식
22,"['https://search.pstatic.net/common/?autoRotate=true&type=w560_sharpen&src=https%3A%2F%2Fldb-phinf.pstatic.net%2F20241016_180%2F1729066101627KgQFM_PNG%2FKakaoTalk_20241016_170616235.png', 'https://search.pstatic.net/common/?autoRotate=true&type=w278_sharpen&src=https%3A%2F%2Fldb-phinf.pstatic.net%2F20241016_15%2F1729065542401ru8N4_JPEG%2FKakaoTalk_20241014_213441457_02.jpg', 'https://search.pstatic.net/common/?autoRotate=true&type=w278_sharpen&src=https%3A%2F%2Fldb-phinf.pstatic.net%2F20241016_93%2F1729065539827zDj4d_JPEG%2FKakaoTalk_20241014_225907048.jpg']","서울특별시 마포구 와우산로15길 49, 2층 좌측, 3층 (서교동)",개화당,85.5,192943.9915,449600.9201,,화: 정기휴무 (매주 화요일); 수: 정기휴무 (매주 수요일); 목: 정기휴무 (매주 목요일); 금: 18:00 - 04:00; 토: 18:00 - 04:00; 일: 정기휴무 (매주 일요일); 월: 정기휴무 (매주 월요일),123,"['반려동물 동반', '단체 이용 가능']",주차 불가,"['음식이 맛있어요', '술이 다양해요', '음악이 좋아요', '인테리어가 멋져요']","['테라스', '루프탑', '바테이블', '좌식', '1인석', '입식', '연인석']","[[""스지오뎅탕"", 24000], [""통목살김치찌개"", 22000], [""떠먹는두부김치"", 22000], [""야끼소바"", 19000], [""가라아게"", 12000], [""닭교자"", 8000], [""닭껍질튀김"", 8000], [""감자튀김"", 7000], [""새우튀김"", 6000], [""소세지치즈"", 6000], [""바나나뷔렐레"", 6000], [""얼린포도"", 5000], [""크리미번"", 4000], [""마쉬멜로구이"", 1000], [""생맥주"", 6000], [""꿀맥주"", 8000], [""소주"", 5000], [""항정볶음(타래, 매콤)"", 24000], [""순살백숙"", 22000]]",주점
23,"['https://search.pstatic.net/common/?autoRotate=true&type=w560_sharpen&src=https%3A%2F%2Fldb-phinf.pstatic.net%2F20230724_222%2F1690184137985BcUo8_JPEG%2F665808BD-E177-4617-93CD-665D539DE415.jpeg', 'https://search.pstatic.net/common/?autoRotate=true&type=w278_sharpen&src=https%3A%2F%2Fldb-phinf.pstatic.net%2F20221129_199%2F1669693659719dK69V_JPEG%2FE3FB73F9-9227-4AF1-A3FC-44AC8AA5D012.jpeg', 'https://search.pstatic.net/common/?autoRotate=true&type=w278_sharpen&src=https%3A%2F%2Fpup-review-phinf.pstatic.net%2FMjAyMzAyMDRfOTcg%2FMDAxNjc1NDgzNDcyMDIx.v7py097zDzL53bf_JgJpCSVDDlkkHB7qRs23YbM0-qsg.VN7q7MF-j4lCx5HvqqK6HdaknmSVqo0hK8mx4XHlT8cg.JPEG%2FCD2840FB-2269-4475-B35E-5E50179BEC71.jpeg']","서울특별시 마포구 양화로 56, 동양한강트레벨 지1층 B103-2호 (서교동)",로타리,31.16,192402.4686,449701.625,,화: 정기휴무 (매주 화요일); 수: 정기휴무 (매주 수요일); 목: 정기휴무 (매주 목요일); 금: 정기휴무 (매주 금요일); 토: 정기휴무 (매주 토요일); 일: 10:00 - 22:00; 월: 정기휴무 (매주 월요일),114,['무선 인터넷'],,"['음식이 맛있어요', '친절해요', '특별한 메뉴가 있어요', '술이 다양해요']",[],[],일식
24,"['https://search.pstatic.net/common/?autoRotate=true&type=w560_sharpen&src=https%3A%2F%2Fldb-phinf.pstatic.net%2F20240425_294%2F1714037487919jrQm0_JPEG%2Fphoto_2024-04-25_18-31-01.jpg', 'https://search.pstatic.net/common/?autoRotate=true&type=w278_sharpen&src=https%3A%2F%2Fldb-phinf.pstatic.net%2F20221213_294%2F16709202913289GFkB_JPEG%2FIMG_3626_%25B5%25EE%25BD%25C9%252B%25C0%25A7%25BD%25BA%25C5%25B0.jpg', 'https://search.pstatic.net/common/?autoRotate=true&type=w278_sharpen&src=https%3A%2F%2Fldb-phinf.pstatic.net%2F20240425_166%2F17140374496023yeOF_JPEG%2F%25B9%25CC%25C1%25F6_0005_%25B0%25E8%25C5%25C12.jpg']","서울특별시 마포구 독막로5길 33, 2층 (서교동)",미지,98.9,192731.5038,449689.3189,0507-1436-4015,수: 17:00 - 21:00; 목: 17:00 - 21:00; 금: 17:00 - 21:00; 토: 13:00 - 21:00; 일: 13:00 - 21:00; 월: 17:00 - 21:00; 화: 17:00 - 21:00,657,"['생일 혜택', '콜키지 가능', '예약', '무선 인터넷', '단체 이용 가능']",주차 불가,"['음식이 맛있어요', '친절해요', '재료가 신선해요', '특별한 날 가기 좋아요']",[],"[[""미지코스1인"", 79000]]",한식
25,"['https://search.pstatic.net/common/?autoRotate=true&type=w560_sharpen&src=https%3A%2F%2Fldb-phinf.pstatic.net%2F20180322_36%2F1521709188631NLt9d_JPEG%2FKakaoTalk_20180322_175820274.jpg', 'https://search.pstatic.net/common/?autoRotate=true&type=w278_sharpen&src=https%3A%2F%2Fldb-phinf.pstatic.net%2F20180322_207%2F1521709188629x8o3P_JPEG%2FKakaoTalk_20180322_175832051.jpg', 'https://search.pstatic.net/common/?autoRotate=true&type=w278_sharpen&src=https%3A%2F%2Fpup-review-phinf.pstatic.net%2FMjAyNDA0MDlfNzQg%2FMDAxNzEyNTkwMjkxMDY4.7NqovCRnndORXkpMzg5cPhg3xdJ0emTQKtIslDkBLZUg._C47_e0Rf4jSiWHNKjz2nH9IIjkyIAUdsvEwNBcGzkAg.JPEG%2F20240406_194858.jpg.jpg']","서울특별시 마포구 잔다리로 23, 1층 (서교동, 예랑빌딩)",401,132.0,192878.7278,449832.7663,02-325-0805,,208,"['예약', '단체 이용 가능', '무선 인터넷']",주차 불가,"['음식이 맛있어요', '친절해요', '고기 질이 좋아요', '매장이 넓어요']",[],"[[""제주 목살 (180g)"", 15000], [""꽃삼겹 (400g)"", 39000], [""꽃목살 (300g)"", 23000], [""차돌박이 (150g)"", 15000], [""양념갈비 (250g)"", 14000]]",한식
26,"['https://search.pstatic.net/common/?autoRotate=true&type=w560_sharpen&src=https%3A%2F%2Fldb-phinf.pstatic.net%2F20240313_42%2F1710304950886wHOTy_JPEG%2F20240227_163215.jpg', 'https://search.pstatic.net/common/?autoRotate=true&type=w278_sharpen&src=https%3A%2F%2Fldb-phinf.pstatic.net%2F20240313_78%2F1710304962893akHjC_JPEG%2F20240227_163417.jpg', 'https://search.pstatic.net/common/?autoRotate=true&type=w278_sharpen&src=https%3A%2F%2Fldb-phinf.pstatic.net%2F20240313_50%2F1710304956041ibNGN_JPEG%2F20240227_163354.jpg']","서울특별시 마포구 어울마당로 136-3, 2층 (서교동)",꽃게나라,80.28,193326.1843,450419.0731,02-332-6548,,163,"['포장', '무선 인터넷', '예약']",,"['음식이 맛있어요', '재료가 신선해요', '친절해요', '양이 많아요']",[],"[[""간장게장정식(대)"", 38000], [""꽃게탕"", 65000], [""닭볶음"", 32000], [""삼계탕"", 16000], [""양념게장"", 29000], [""닭한마리칼국수"", 32000], [""묵은지 닭볶음"", 37000], [""전복삼계탕"", 24000]]",한식
27,"['https://search.pstatic.net/common/?autoRotate=true&type=w560_sharpen&src=https%3A%2F%2Fldb-phinf.pstatic.net%2F20241108_114%2F1731004952966t4Thq_JPEG%2F%25B8%25DE%25B4%25BA%25B8%25F0%25C0%25BD%25BB%25E7%25C1%25F8.jpg', 'https://search.pstatic.net/common/?autoRotate=true&type=w278_sharpen&src=https%3A%2F%2Fldb-phinf.pstatic.net%2F20240526_76%2F1716688736444pKfBY_JPEG%2FDSC06760.jpg', 'https://search.pstatic.net/common/?autoRotate=true&type=w278_sharpen&src=https%3A%2F%2Fldb-phinf.pstatic.net%2F20240526_148%2F1716688736421Ju2LV_JPEG%2FDSC06813.jpg']","서울특별시 마포구 독막로7길 45, 2층 (서교동)",단디,95.0,192824.2387,449733.7188,0507-1316-7757,화: 18:00 - 01:00; 수: 18:00 - 01:00; 목: 18:00 - 01:00; 금: 18:00 - 02:00; 토: 17:00 - 02:00; 일: 17:00 - 24:00; 월: 18:00 - 01:00,331,"['생일 혜택', '단체 이용 가능', '예약', '무선 인터넷', '대기공간']",주차 불가,"['음식이 맛있어요', '인테리어가 멋져요', '대화하기 좋아요', '기본 안주가 좋아요']","['단체석', '카운터석', '좌식', '바테이블', '테라스', '1인석']","[[""차돌묵은지 파스타"", 24000], [""냉수육"", 24000], [""대패전골"", 24000], [""묵은지전골"", 24000], [""짜투게티"", 10000], [""오겹 깐풍육"", 24000], [""갈릭 트러플 감자튀김"", 9000], [""마라차돌전골"", 25000], [""만두 전골"", 19000], [""고기가 더 많은 두부김치"", 18000], [""차돌숙주볶음"", 20000], [""어묵탕"", 17000], [""김치전"", 9900], [""참치마요 크래커"", 6000], [""아이스홍시"", 4000], [""단디 육회"", 18000], [""차돌 순두부 파스타"", 24000], [""꿀 막걸리 하이볼"", 8000], [""짐빔 하이볼 진저/토닉"", 7000]]",한식
28,"['https://search.pstatic.net/common/?autoRotate=true&type=w560_sharpen&src=https%3A%2F%2Fldb-phinf.pstatic.net%2F20241015_226%2F1728986498431Csb4M_JPEG%2F1000005103.jpg', 'https://search.pstatic.net/common/?autoRotate=true&type=w278_sharpen&src=https%3A%2F%2Fldb-phinf.pstatic.net%2F20241015_5%2F1728986498138H5y5i_JPEG%2F1000005101.jpg', 'https://search.pstatic.net/common/?autoRotate=true&type=w278_sharpen&src=https%3A%2F%2Fldb-phinf.pstatic.net%2F20241015_281%2F1728986498437W5bto_JPEG%2F1000005102.jpg']","서울특별시 마포구 월드컵로10길 27, 1층 101호 (서교동)",해주방,51.0,192249.2288,450313.7221,0507-1315-6705,화: 11:30 - 23:00; 수: 11:30 - 23:00; 목: 11:30 - 23:00; 금: 11:30 - 23:00; 토: 정기휴무 (매주 토요일); 일: 정기휴무 (매주 일요일); 월: 11:30 - 23:00,79,[],,"['음식이 맛있어요', '재료가 신선해요', '친절해요', '혼밥하기 좋아요']",[],"[[""고등어 덮밥"", 12000], [""베이컨 김치 볶음밥"", 10000], [""명란 마요 덮밥"", 13000], [""떡갈비 덮밥"", 16000], [""가지 마라 덮밥"", 16000], [""타마고 카츠"", 10000], [""마라 오이"", 6000], [""떡갈비 롤"", 13000], [""두부야 가지 마라"", 16000]]",일식
29,"['https://search.pstatic.net/common/?autoRotate=true&type=w560_sharpen&src=https%3A%2F%2Fldb-phinf.pstatic.net%2F20240605_215%2F1717561757234N0a2F_JPEG%2FKakaoTalk_20240531_180754831.jpg', 'https://search.pstatic.net/common/?autoRotate=true&type=w278_sharpen&src=https%3A%2F%2Fldb-phinf.pstatic.net%2F20240114_152%2F1705216831408VJC9F_JPEG%2FKakaoTalk_20240113_161919399_23.jpg', 'https://search.pstatic.net/common/?autoRotate=true&type=w278_sharpen&src=https%3A%2F%2Fldb-phinf.pstatic.net%2F20240114_74%2F1705216831592gdJRi_JPEG%2FKakaoTalk_20240113_161919399_05.jpg']","서울특별시 마포구 독막로9길 14, 경일빌딩 1층 (서교동)",쏘시지요,44.46,192852.1286,449634.9122,0507-1336-7946,화: 17:00 - 02:00; 수: 17:00 - 02:00; 목: 17:00 - 02:00; 금: 17:00 - 02:00; 토: 17:00 - 02:00; 일: 17:00 - 02:00; 월: 17:00 - 02:00,166,"['단체 이용 가능', '예약', '무선 인터넷']",주차 불가,"['음식이 맛있어요', '가성비가 좋아요', '인테리어가 멋져요', '친절해요']",['단체석'],"[[""닭날개튀김"", 990], [""오사카쏘시지"", 2900], [""닭껍질꼬치"", 1500], [""오꼬노미야끼"", 9900], [""치킨가라아게"", 9000], [""유린기"", 9500], [""명란마요구이"", 8000], [""야끼소면"", 11000], [""소스듬뿍새우튀김"", 6500], [""염통꼬치"", 5500], [""김치볶음밥"", 6900], [""고르곤피자"", 12000], [""먹태"", 12900], [""나가사키 짬뽕탕"", 13000], [""바지락탕"", 9900], [""오뎅탕"", 10900], [""국물떡볶이"", 9900], [""새우튀김우동"", 7000], [""생맥주"", 1900], [""하이볼/사케하이볼"", 4900]]",일식
30,"['https://search.pstatic.net/common/?autoRotate=true&type=w560_sharpen&src=https%3A%2F%2Fldb-phinf.pstatic.net%2F20230517_183%2F16843209459919J2Ks_JPEG%2F20230517_195451.jpg', 'https://search.pstatic.net/common/?autoRotate=true&type=w278_sharpen&src=https%3A%2F%2Fldb-phinf.pstatic.net%2F20240123_144%2F1705965219556idYbd_JPEG%2F20240115_190123.jpg', 'https://search.pstatic.net/common/?autoRotate=true&type=w278_sharpen&src=https%3A%2F%2Fldb-phinf.pstatic.net%2F20230427_204%2F1682560404114xPaQ1_JPEG%2F20230426_101009.jpg']","서울특별시 마포구 어울마당로 140, 1층 (서교동)",육전국밥 홍대점,131.14,193357.5838,450430.0744,02-336-2275,,271,"['단체 이용 가능', '포장', '배달', '무선 인터넷']",주차 불가,"['음식이 맛있어요', '양이 많아요', '가성비가 좋아요', '재료가 신선해요']","['1인석', '입식', '바테이블']","[[""소고기육전 (소)"", 15000], [""해물파전"", 18000], [""치즈해물파전"", 20000], [""모둠전"", 28000], [""깻잎전"", 15000], [""소불고기전골 (2인)"", 28000], [""소곱창전골 (중)"", 38000], [""소고기국밥정식"", 15500], [""육전소고기국밥"", 10000], [""소고기국밥"", 9000], [""오징어초무침"", 20000], [""미소곰탕정식"", 16500], [""물막국수정식"", 15500], [""비빔막국수정식"", 15500], [""함박곰탕"", 15000], [""미소곰탕"", 10000], [""육전물막국수"", 10000], [""육전비빔막국수"", 10000], [""육전모둠전골 (중)"", 35000], [""소고기완자"", 15000], [""육전완자반반"", 20000]]",한식
31,"['https://search.pstatic.net/common/?autoRotate=true&type=w560_sharpen&src=https%3A%2F%2Fldb-phinf.pstatic.net%2F20250214_247%2F1739505826794DF0Jk_JPEG%2F%25BF%25CD%25B5%25FB%25B8%25C5%25C0%25E5_%25BD%25E6%25B3%25D7%25C0%25CF%25BF%25EB3.JPG', 'https://search.pstatic.net/common/?autoRotate=true&type=w278_sharpen&src=https%3A%2F%2Fldb-phinf.pstatic.net%2F20240722_71%2F1721610350161JbKcV_JPEG%2F%25BF%25CD%25B5%25FB%25BA%25D0%25BD%25C4_%25B3%25D7%25C0%25CC%25B9%25F6%25C7%25C3%25B7%25B9%25C0%25CC%25BD%25BA_%25286%2529.jpg', 'https://search.pstatic.net/common/?autoRotate=true&type=w278_sharpen&src=https%3A%2F%2Fldb-phinf.pstatic.net%2F20240722_185%2F1721610351428VxGcj_JPEG%2F%25BF%25CD%25B5%25FB%25BA%25D0%25BD%25C4_%25B3%25D7%25C0%25CC%25B9%25F6%25C7%25C3%25B7%25B9%25C0%25CC%25BD%25BA_%25281%2529.jpg']","서울특별시 마포구 와우산로23길 42, 1층 (서교동)",와따분식 홍대점,92.0,193186.2433,450271.8837,0507-1363-3047,,234,"['배달', '포장', '무선 인터넷']",주차 불가,"['음식이 맛있어요', '재료가 신선해요', '가성비가 좋아요', '혼밥하기 좋아요']","['좌식', '바테이블', '입식']","[[""투게더 세트"", 12500], [""트리플 세트"", 15500], [""콰트로세트 세트"", 19500], [""패밀리 세트"", 25500], [""라면세트"", 8500], [""덮밥세트"", 8500], [""우동세트"", 10500], [""쫄면세트"", 10500], [""와따 돈까스"", 7500], [""맵맵떡볶이"", 4500], [""맵달떡볶이"", 4500], [""순대"", 5000], [""삶은계란"", 1000], [""부산어묵 (3개)"", 3000], [""튀김세트 (소)"", 3800], [""돈까스 덮밥"", 8000], [""모둠 튀김 덮밥"", 8000], [""불제육 덮밥"", 8500], [""직화 불고기 덮밥"", 8500], [""샐러드김밥"", 3800], [""와따계란김밥"", 4500]]",한식
32,"['https://search.pstatic.net/common/?autoRotate=true&type=w560_sharpen&src=https%3A%2F%2Fldb-phinf.pstatic.net%2F20230621_128%2F1687330960235G9O1b_JPEG%2FKakaoTalk_20230607_222543356_19.jpg', 'https://search.pstatic.net/common/?autoRotate=true&type=w278_sharpen&src=https%3A%2F%2Fldb-phinf.pstatic.net%2F20230621_22%2F1687330960508kgGMB_JPEG%2FKakaoTalk_20230421_133601337_16.jpg', 'https://search.pstatic.net/common/?autoRotate=true&type=w278_sharpen&src=https%3A%2F%2Fldb-phinf.pstatic.net%2F20230621_2%2F16873309602288m8D4_JPEG%2FKakaoTalk_20230607_222543356_06.jpg']","서울특별시 마포구 와우산로19길 19, 2층 (서교동)",너가술집사장,107.7,193040.2828,449882.2149,0507-1318-9046,화: 17:00 - 03:00; 수: 17:00 - 05:00; 목: 17:00 - 05:00; 금: 17:00 - 06:00; 토: 17:00 - 06:00; 일: 17:00 - 05:00; 월: 17:00 - 05:00,646,"['무선 인터넷', '단체 이용 가능', '장애인 주차구역']",,"['음식이 맛있어요', '기본 안주가 좋아요', '술이 다양해요', '특별한 메뉴가 있어요']",[],"[[""김치찌개"", 15900], [""매콤크림감바스"", 14900], [""꼬치 어묵탕"", 13900], [""참치순두부찌개"", 14900], [""교자만두"", 10900], [""떡갈비"", 10900], [""오돌뼈"", 14900], [""치킨윙&봉"", 14900]]",주점
33,"['https://search.pstatic.net/common/?autoRotate=true&type=w560_sharpen&src=https%3A%2F%2Fldb-phinf.pstatic.net%2F20241004_183%2F1728044801920Gq1Bc_JPEG%2FKakaoTalk_20241003_161352635_03.jpg', 'https://search.pstatic.net/common/?autoRotate=true&type=w278_sharpen&src=https%3A%2F%2Fldb-phinf.pstatic.net%2F20230621_24%2F1687315848102MsBGq_JPEG%2F1687315842579.jpg', 'https://search.pstatic.net/common/?autoRotate=true&type=w278_sharpen&src=https%3A%2F%2Fldb-phinf.pstatic.net%2F20220607_242%2F1654577579565gXeC2_JPEG%2FKakaoTalk_20220607_134124330_08.jpg']","서울특별시 마포구 홍익로 3-3, 2층 (서교동)",한월,70.94,193191.3149,450071.6892,0507-1472-0126,화: 정기휴무 (매주 화요일); 수: 17:00 - 02:00; 목: 17:00 - 02:00; 금: 17:00 - 02:00; 토: 17:00 - 02:00; 일: 17:00 - 02:00; 월: 17:00 - 02:00,201,"['반려동물 동반', '예약', '포장']",,"['음식이 맛있어요', '술이 다양해요', '특별한 메뉴가 있어요', '인테리어가 멋져요']",[],[],한식
34,"['https://search.pstatic.net/common/?autoRotate=true&type=w560_sharpen&src=https%3A%2F%2Fldb-phinf.pstatic.net%2F20220701_269%2F1656671912487JOMKD_JPEG%2F%25B8%25F0%25B5%25EB_4%25C1%25BE3-2.jpg', 'https://search.pstatic.net/common/?autoRotate=true&type=w278_sharpen&src=https%3A%2F%2Fldb-phinf.pstatic.net%2F20220701_179%2F1656673209080qJ687_JPEG%2F%25B4%25D9%25BF%25EE%25B7%25CE%25B5%25E5%25C6%25C4%25C0%25CF_20220701_194944.jpg', 'https://search.pstatic.net/common/?autoRotate=true&type=w278_sharpen&src=https%3A%2F%2Fldb-phinf.pstatic.net%2F20220701_224%2F1656673195237IE8O0_JPEG%2F%25B4%25D9%25BF%25EE%25B7%25CE%25B5%25E5%25C6%25C4%25C0%25CF.jpg']","서울특별시 마포구 독막로7길 20 (서교동,2층)",왔쏘 홍대점,166.54,192786.2352,449607.9105,02-336-7772,화: 12:00 - 23:00; 수: 12:00 - 23:00; 목: 12:00 - 23:00; 금: 12:00 - 23:00; 토: 12:00 - 23:00; 일: 12:00 - 23:00; 월: 12:00 - 23:00,137,"['무한 리필', '예약', '단체 이용 가능']",,"['음식이 맛있어요', '가성비가 좋아요', '친절해요', '양이 많아요']",['단체석'],"[[""무한리필 흑우 한마리 (성인)"", 28900], [""무한리필 흑우 한마리 (초등학생)"", 19000], [""무한리필 흑우 한마리 (36개월이상)"", 9000]]",양식
35,"['https://search.pstatic.net/common/?autoRotate=true&type=w560_sharpen&src=https%3A%2F%2Fldb-phinf.pstatic.net%2F20230413_66%2F1681318833578F2JCW_JPEG%2F1681318767761.jpg', 'https://search.pstatic.net/common/?autoRotate=true&type=w278_sharpen&src=https%3A%2F%2Fldb-phinf.pstatic.net%2F20230413_140%2F1681318871653NFXOO_JPEG%2F1681318767027.jpg', 'https://search.pstatic.net/common/?autoRotate=true&type=w278_sharpen&src=https%3A%2F%2Fldb-phinf.pstatic.net%2F20230413_145%2F1681318870824YtoWC_JPEG%2F1681318767728.jpg']","서울특별시 마포구 어울마당로5길 31, B1층 좌측호 (서교동)",88야키토리,35.33,192757.3971,449688.8388,,,37,"['단체 이용 가능', '예약']",,"['음식이 맛있어요', '술이 다양해요', '대화하기 좋아요', '친절해요']",[],"[[""쯔꾸네"", 6000], [""표고쯔꾸네"", 5000], [""왕새우"", 4500], [""명란가슴살"", 3600], [""닭가슴연골"", 3500], [""닭껍질"", 3500], [""닭근위"", 3500], [""부추삼겹"", 3500], [""우설숯불구이"", 28000], [""소갈비살구이"", 20000], [""닭목살구이"", 18000], [""왕새우숯불구이"", 18000], [""명란숯불구이"", 17000], [""참마숯불구이"", 10000], [""제주딱새우장"", 29000], [""88오코노미야끼"", 18000], [""카와폰즈"", 15000], [""고구마버터스틱"", 12000], [""멘다이사라다"", 8000], [""포테이토사라다"", 6000]]",일식
36,"['https://search.pstatic.net/common/?autoRotate=true&type=w560_sharpen&src=https%3A%2F%2Fldb-phinf.pstatic.net%2F20241218_114%2F1734490170441oceV7_JPEG%2F1000007702.jpg', 'https://search.pstatic.net/common/?autoRotate=true&type=w278_sharpen&src=https%3A%2F%2Fldb-phinf.pstatic.net%2F20241121_103%2F17321854570534j00h_JPEG%2F1000006445.jpg', 'https://search.pstatic.net/common/?autoRotate=true&type=w278_sharpen&src=https%3A%2F%2Fldb-phinf.pstatic.net%2F20241121_90%2F1732185408724xyykJ_JPEG%2F1000006627.jpg']","서울특별시 마포구 와우산로15길 49, 2층 일부 우측호 (서교동)",김김포차,58.3,192943.9915,449600.9201,,화: 17:00 - 03:00; 수: 17:00 - 03:00; 목: 17:00 - 03:00; 금: 17:00 - 03:00; 토: 16:00 - 03:00; 일: 16:00 - 03:00; 월: 17:00 - 03:00,49,"['무선 인터넷', '반려동물 동반', '예약', '단체 이용 가능']",주차 불가,"['음식이 맛있어요', '가성비가 좋아요', '친절해요', '특별한 메뉴가 있어요']","['단체석', '카운터석']","[[""골뱅이(소면)"", 16000], [""황도"", 11000], [""은행"", 11000], [""통골뱅이"", 16000], [""과일안주"", 20000], [""황태포"", 11000], [""쇠고기육포"", 10000], [""대구포땅콩"", 10000], [""미니족발"", 14000], [""무뼈닭발"", 14000], [""두부김치"", 14000], [""계란말이"", 12000], [""소세지볶음찜"", 14000], [""부대찌개"", 16000], [""어묵탕"", 12000], [""후라이드치킨"", 15000], [""양념치킨"", 16000], [""반반치킨"", 16000], [""새우튀김"", 13000], [""돈까스"", 13000], [""감자튀김"", 11000]]",한식
37,"['https://search.pstatic.net/common/?autoRotate=true&type=w560_sharpen&src=https%3A%2F%2Fldb-phinf.pstatic.net%2F20230922_188%2F16953854350967XvKe_PNG%2FWeixin_Image_20230908140506.png', 'https://search.pstatic.net/common/?autoRotate=true&type=w278_sharpen&src=https%3A%2F%2Fldb-phinf.pstatic.net%2F20240205_3%2F1707099131176hiS8b_JPEG%2Fcoffe_img.jpg', 'https://search.pstatic.net/common/?autoRotate=true&type=w278_sharpen&src=https%3A%2F%2Fldb-phinf.pstatic.net%2F20230922_47%2F1695385534894uS6t1_JPEG%2F%25B5%25FE%25B1%25E2_%25BC%25B1%25B5%25A5%25C0%25CC_%25BE%25C6%25C0%25CC%25BD%25BA%25C5%25A9%25B8%25B2_2%252C800.jpg']","서울특별시 마포구 홍익로3길 35 (서교동,1층)",미쉐,16.0,193008.271,450061.4942,0507-1340-8790,,116,"['포장', '배달']",주차 불가,"['음료가 맛있어요', '가성비가 좋아요', '디저트가 맛있어요', '커피가 맛있어요']",[],"[[""킹 소프트콘"", 1000], [""오리지널 밀크티"", 3000], [""생레몬 워터"", 1200], [""딸기치즈폼 우롱티"", 3800], [""블랙밀크티"", 3000], [""흑당 밀크티"", 3000], [""치즈폼 우롱티"", 3000], [""망고 아이스크림 쉐이크"", 2800], [""망고 선데이 아이스크림"", 2800], [""오렌지 망고우롱티"", 3000], [""치즈폼 블랙티"", 3000], [""블랙티"", 1200], [""우롱티"", 1200], [""치즈폼 밀크티"", 3800], [""단팥 밀크티"", 3000], [""삼형제 밀크티"", 3800]]",한식
38,"['https://search.pstatic.net/common/?autoRotate=true&type=w560_sharpen&src=https%3A%2F%2Fldb-phinf.pstatic.net%2F20231013_73%2F1697173338084RCQcJ_JPEG%2Ftemp_file.jpg', 'https://search.pstatic.net/common/?autoRotate=true&type=w278_sharpen&src=https%3A%2F%2Fldb-phinf.pstatic.net%2F20231013_88%2F1697173333437y0xfX_JPEG%2Ftemp_file.jpg', 'https://search.pstatic.net/common/?autoRotate=true&type=w278_sharpen&src=https%3A%2F%2Fldb-phinf.pstatic.net%2F20231013_279%2F1697173326999gR9YG_JPEG%2Ftemp_file.jpg']","서울특별시 마포구 와우산로27길 68, 2층 (서교동)",석,98.0,193313.4863,450358.6984,,화: 11:30 - 21:00; 수: 11:30 - 21:00; 목: 11:30 - 21:00; 금: 11:30 - 21:00; 토: 11:30 - 21:00; 일: 11:30 - 21:00; 월: 정기휴무 (매주 월요일),700,"['단체 이용 가능', '예약', '무선 인터넷', '포장']",주차 불가,"['음식이 맛있어요', '양이 많아요', '친절해요', '특별한 메뉴가 있어요']",[],"[[""돌짜장(대)"", 29800], [""돌짜장(중)"", 19800], [""팔보면"", 19800], [""탕수육"", 17000], [""멘보샤"", 9900], [""연태하이볼"", 7000]]",중식
39,"['https://search.pstatic.net/common/?autoRotate=true&type=w560_sharpen&src=https%3A%2F%2Fldb-phinf.pstatic.net%2F20250219_290%2F1739892680835T5lTE_JPEG%2F%25BB%25F5%25C1%25FD%25B0%25A3%25C6%25C71.jpg', 'https://search.pstatic.net/common/?autoRotate=true&type=w278_sharpen&src=https%3A%2F%2Fldb-phinf.pstatic.net%2F20250219_279%2F1739892681264MU1Tq_JPEG%2F%25B7%25CE%25BA%25F12.jpg', 'https://search.pstatic.net/common/?autoRotate=true&type=w278_sharpen&src=https%3A%2F%2Fldb-phinf.pstatic.net%2F20250219_83%2F1739892681268SD9rc_JPEG%2F6_7_%25B9%25F8.jpg']","서울특별시 마포구 와우산로17길 24-3, 1층 (서교동)",황포25,52.07,193000.7234,449794.7063,,화: 19:00 - 10:00; 수: 19:00 - 10:00; 목: 19:00 - 10:00; 금: 19:00 - 10:00; 토: 19:00 - 10:00; 일: 19:00 - 10:00; 월: 19:00 - 10:00,117,"['단체 이용 가능', '예약', '포장', '무선 인터넷']",,"['음식이 맛있어요', '친절해요', '기본 안주가 좋아요', '가성비가 좋아요']",[],"[[""오뎅탕"", 20000], [""얼큰수제비탕"", 21000], [""만두전골"", 21000], [""돼지김치찌개"", 21000], [""부대찌개"", 21000], [""닭도리탕"", 25000], [""후라이드치킨(순살)"", 21000], [""양념치킨(순살)"", 22000], [""파닭(순살)"", 22000], [""깐풍치킨"", 23000], [""감자튀김"", 17000], [""오돌뼈주먹밥"", 21000], [""통마늘모래집(소금)"", 19000], [""치즈소세지"", 19000], [""제육볶음주먹밥"", 21000], [""무뼈닭발"", 19000], [""두부김치"", 19000], [""매콤골뱅이"", 21000], [""파전/김치전"", 19000], [""도토리묵"", 19000], [""오리훈제"", 23000]]",양식
40,"['https://search.pstatic.net/common/?autoRotate=true&type=w560_sharpen&src=https%3A%2F%2Fnaverbooking-phinf.pstatic.net%2F20240819_257%2F1724052238402jxTcq_JPEG%2F2.jpg', 'https://search.pstatic.net/common/?autoRotate=true&type=w278_sharpen&src=https%3A%2F%2Fnaverbooking-phinf.pstatic.net%2F20240819_108%2F1724052285864Lk8dA_JPEG%2FPSJ_1031.jpg', 'https://search.pstatic.net/common/?autoRotate=true&type=w278_sharpen&src=https%3A%2F%2Fnaverbooking-phinf.pstatic.net%2F20240819_26%2F1724052238938Iq3Ld_JPEG%2FPSJ_1008.jpg']","서울특별시 마포구 양화로16길 15, 무광빌딩 2층 201호 (서교동)",일편장어,253.66,192919.6411,450117.1677,0507-1384-6716,,139,"['콜키지 가능', '생일 혜택', '단체 이용 가능', '예약', '무선 인터넷', '대기공간', '장애인 휠체어 이용가능', '장애인 휠체어 이용가능']",주차 불가,"['음식이 맛있어요', '재료가 신선해요', '매장이 넓어요', '친절해요']","['단체석', '입식']",[],한식
41,"['https://search.pstatic.net/common/?autoRotate=true&type=w560_sharpen&src=https%3A%2F%2Fldb-phinf.pstatic.net%2F20160122_226%2F1453444268046rMqYA_JPEG%2F176069546923458_0.jpeg', 'https://search.pstatic.net/common/?autoRotate=true&type=w278_sharpen&src=https%3A%2F%2Fldb-phinf.pstatic.net%2F20200612_64%2F159188905227919QtY_JPEG%2FV2Rr370MQ6MJvCXgQIs-11NH.jpg', 'https://search.pstatic.net/common/?autoRotate=true&type=w278_sharpen&src=https%3A%2F%2Fpup-review-phinf.pstatic.net%2FMjAyMzA2MjJfMTg0%2FMDAxNjg3NDM4MDM3NjE3.sw5_7R4z32nF0WT9KnykWA74BWSsKkIvTQDBNVPuxRUg.kbAcc1NJxZik6ShLM6IkBOFUIy85F2VN8g5i6uGKNmAg.JPEG%2F20230621_134332.jpg']","서울특별시 마포구 동교로 129, 1층 102호 (서교동)",청운,148.5,192730.3769,450187.3952,050-7982-5405,,339,[],,"['음식이 맛있어요', '가성비가 좋아요', '친절해요', '양이 많아요']",[],"[[""짜장면"", 6000], [""짬뽕"", 7000], [""홍합짬뽕"", 8000], [""탕수육 (소)"", 16000], [""간짜장"", 7000], [""사천짜장"", 8000]]",중식
42,"['https://search.pstatic.net/common/?autoRotate=true&type=w560_sharpen&src=https%3A%2F%2Fldb-phinf.pstatic.net%2F20230705_271%2F168852378642406p28_JPEG%2FKakaoTalk_20230627_171727976_08.jpg', 'https://search.pstatic.net/common/?autoRotate=true&type=w278_sharpen&src=https%3A%2F%2Fldb-phinf.pstatic.net%2F20230705_92%2F16885237863294Vf6R_JPEG%2FKakaoTalk_20230627_171727976_05.jpg', 'https://search.pstatic.net/common/?autoRotate=true&type=w278_sharpen&src=https%3A%2F%2Fldb-phinf.pstatic.net%2F20230705_76%2F1688523792002wIz2R_JPEG%2FIMG_1432.jpg']","서울특별시 마포구 양화로6길 99-3 (서교동,지하1층)",철인7호,58.59,192840.8424,449589.606,0507-1373-7175,화: 16:00 - 02:00; 수: 16:00 - 02:00; 목: 16:00 - 02:00; 금: 16:00 - 02:00; 토: 16:00 - 02:00; 일: 16:00 - 02:00; 월: 16:00 - 02:00,773,"['테이크아웃 할인', '예약', '포장', '배달', '무선 인터넷']",주차 불가,"['음식이 맛있어요', '양이 많아요', '친절해요', '가성비가 좋아요']",[],"[[""난리세트"", 19900], [""철인3종세트"", 19900], [""마라꽃치킨세트(뼈)"", 20900], [""정통팩"", 14900], [""후라이드 반마리(뼈)"", 10000], [""양념친킨 반마리(뼈)"", 10500], [""치즈스틱4pc(4p)"", 3000], [""시즈닝)양념감자(중)"", 3000], [""시즈닝)양념감자(대)"", 6000], [""양배추 샐러드"", 2000], [""무 추가"", 500], [""바삭바삭똥집튀김"", 9000], [""크림치즈볼4pc"", 3000], [""왕만두튀김3pc"", 3000], [""간장치킨 반마리(뼈)"", 10500], [""홍갈(칠리마늘)치킨 반마리(뼈)"", 10500], [""마라치킨 반마리(뼈)신라면맵기"", 10500], [""매운간장치킨 반마리(뼈)"", 10500]]",한식
43,"['https://search.pstatic.net/common/?autoRotate=true&type=w278_sharpen&src=https%3A%2F%2Fldb-phinf.pstatic.net%2F20230503_255%2F1683121860116MClBC_JPEG%2F20230503_175427.jpg', 'https://search.pstatic.net/common/?autoRotate=true&type=w278_sharpen&src=https%3A%2F%2Fldb-phinf.pstatic.net%2F20230611_274%2F1686463569835GDQp7_JPEG%2F20230605_160304.jpg', 'https://search.pstatic.net/common/?autoRotate=true&type=w278_sharpen&src=https%3A%2F%2Fldb-phinf.pstatic.net%2F20240830_44%2F1725002546503fI5rY_PNG%2F1724243877743-11.png']","서울특별시 마포구 독막로3길 13 (서교동, 1층, 2층, 3층)",지하102호 5호점,219.84,192558.0373,449641.8136,0507-1357-1025,수: 15:30 - 05:00; 목: 15:30 - 05:00; 금: 15:30 - 06:00; 토: 15:30 - 06:00; 일: 15:30 - 05:00; 월: 15:30 - 05:00; 화: 15:30 - 05:00,384,"['생일 혜택', '콜키지 가능', '단체 이용 가능', '반려동물 동반', '무선 인터넷', '예약']",유료 주차 가능,"['음식이 맛있어요', '인테리어가 멋져요', '기본 안주가 좋아요', '친절해요']","['루프탑', '룸', '단체석', '연인석', '1인석', '테라스', '입식']","[[""차돌박이마늘짬뽕"", 22000], [""오늘의 사시미"", 37000], [""숯불닭구이"", 20000], [""일본식 오뎅탕"", 20000], [""매운 해물 국물 떡볶이"", 18000], [""차돌박이마늘쌈뽕"", 22000], [""스키야키"", 22000], [""바지락탕"", 18000], [""모듬사시미"", 41000], [""연어사시미"", 35000], [""참치모듬"", 50000], [""갑오징어회"", 20000], [""광어세비체"", 2000], [""진짜파인애플샤베트"", 10000], [""우유튀김"", 9000], [""야채튀김"", 8000], [""타다끼"", 25000], [""닭구이"", 20000], [""일본식야끼교자"", 18000], [""동문어가라아게"", 25000], [""닭껍질"", 6000]]",일식
44,"['https://search.pstatic.net/common/?autoRotate=true&type=w278_sharpen&src=https%3A%2F%2Fldb-phinf.pstatic.net%2F20241213_67%2F1734075196464PB1qH_JPEG%2F%25B1%25E6%25BB%25F3%25BE%25E7%25B2%25BF%25C4%25A1-%25C0%25DA%25BB%25E7%25BE%25F7%25B7%25CE%25B5%25E5-008_%25281%2529.jpg', 'https://search.pstatic.net/common/?autoRotate=true&type=w278_sharpen&src=https%3A%2F%2Fldb-phinf.pstatic.net%2F20241119_237%2F1731990596315LDupD_JPEG%2FIMG_2356.JPG', 'https://search.pstatic.net/common/?autoRotate=true&type=w278_sharpen&src=https%3A%2F%2Fldb-phinf.pstatic.net%2F20241119_46%2F1731990550205nCK4k_JPEG%2FIMG_7121.JPG']","서울특별시 마포구 와우산로21길 10, 2층 (서교동)",길상양꼬치,119.73,193159.9252,450034.5746,0507-1441-3514,화: 11:30 - 23:30; 수: 11:30 - 23:30; 목: 11:30 - 23:30; 금: 11:30 - 23:30; 토: 11:30 - 23:30; 일: 11:30 - 23:30; 월: 11:30 - 23:30,64,"['단체 이용 가능', '대기공간', '포장', '예약']",주차 불가,"['음식이 맛있어요', '고기 질이 좋아요', '매장이 넓어요', '친절해요']",[],"[[""양꼬치(10개)"", 16000], [""양삼겹꼬치(10개)"", 16000], [""양갈비살꼬치(10개)"", 18000], [""소갈비살꼬치(10개)"", 19000], [""양갈비구이(500g)"", 45000], [""고급양갈비구이(245g)"", 29000], [""마늘꼬치(2개)"", 3000], [""모둠꼬치"", 38000]]",중식
45,"['https://search.pstatic.net/common/?autoRotate=true&type=w560_sharpen&src=https%3A%2F%2Fldb-phinf.pstatic.net%2F20240423_79%2F1713848837408hpFJD_JPEG%2F1.%25BD%25C3%25B7%25A1%25B1%25E2%25B0%25A8%25C0%25DA%25C5%25C1.jpg', 'https://search.pstatic.net/common/?autoRotate=true&type=w278_sharpen&src=https%3A%2F%2Fldb-phinf.pstatic.net%2F20240423_81%2F17138488333725dIWD_JPEG%2F2.%25B9%25AC%25C0%25BA%25C1%25F6%25B0%25A8%25C0%25DA%25C5%25C1.jpg', 'https://search.pstatic.net/common/?autoRotate=true&type=w278_sharpen&src=https%3A%2F%2Fldb-phinf.pstatic.net%2F20240423_52%2F17138488274760QGKS_JPEG%2F4.%25B8%25C5%25BF%25EE%25C4%25E1%25B3%25AA%25B9%25B0%25BB%25C0%25C2%25F2.jpg']","서울특별시 마포구 잔다리로 14, 2층 (서교동)",무청감자탕 홍대점,215.48,193006.6564,449868.7867,0502-1909-2468,,36,"['포장', '배달']",,"['음식이 맛있어요', '양이 많아요', '매장이 넓어요', '재료가 신선해요']",[],"[[""시래기감자탕"", null], [""묵은지감자탕"", null], [""부대찌개전골"", null], [""마라감자탕"", null], [""볼케이노뼈구이"", null], [""로제뼈찜"", null], [""간장뼈찜"", null], [""시래기뼈해장국"", null], [""묵은지해장국"", null], [""육개장"", null], [""부대찌개"", null], [""뚝배기불고기"", null], [""황태탕"", null], [""순살시래기해장국"", null], [""우렁시래기해장국"", null], [""수제떡갈비"", null], [""계란말이"", null], [""가래떡국물떡볶이"", null], [""가래떡로제떡볶이"", null], [""반반만두"", null]]",한식
46,"['https://search.pstatic.net/common/?autoRotate=true&type=w560_sharpen&src=https%3A%2F%2Fldb-phinf.pstatic.net%2F20200828_6%2F15985764194483MwqS_JPEG%2F7yX1jTsLxAJYXI-J7VcUlrCP.jpg', 'https://search.pstatic.net/common/?autoRotate=true&type=w278_sharpen&src=https%3A%2F%2Fldb-phinf.pstatic.net%2F20210629_41%2F1624941701201fLMnf_JPEG%2FSYxs_4dsupGMLL26TaoVE1f0.jpg', 'https://search.pstatic.net/common/?autoRotate=true&type=w278_sharpen&src=https%3A%2F%2Fldb-phinf.pstatic.net%2F20230102_46%2F1672647227524ucekM_JPEG%2F1672646886375.jpg']","서울특별시 마포구 와우산로21길 36-6 (서교동, 지하1층 B01호)",혼가츠,37.62,193041.153,450043.4969,02-322-8850,수: 11:00 - 21:30; 목: 11:00 - 21:30; 금: 11:00 - 21:30; 토: 11:00 - 21:30; 일: 11:00 - 21:30; 월: 11:00 - 21:30; 화: 11:00 - 21:30,763,"['단체 이용 가능', '무선 인터넷']",,"['음식이 맛있어요', '양이 많아요', '가성비가 좋아요', '친절해요']",[],"[[""혼가츠 왕돈까스"", 13000], [""생등심 돈까스"", 12000], [""버터갈릭감자튀김"", 8000], [""생안심 돈까스"", 12000], [""치즈 돈까스"", 12000]]",일식
47,"['https://search.pstatic.net/common/?autoRotate=true&type=w278_sharpen&src=https%3A%2F%2Fldb-phinf.pstatic.net%2F20241031_114%2F1730321150363FrufU_PNG%2FIMG_3861.png', 'https://search.pstatic.net/common/?autoRotate=true&type=w278_sharpen&src=https%3A%2F%2Fldb-phinf.pstatic.net%2F20241031_142%2F1730321150442haGwB_PNG%2FIMG_3862.png', 'https://search.pstatic.net/common/?autoRotate=true&type=w278_sharpen&src=https%3A%2F%2Fldb-phinf.pstatic.net%2F20240329_228%2F1711687243209AUfqD_JPEG%2FIMG_0095.jpeg']","서울특별시 마포구 월드컵로14길 19, charis 빌딩 2층 (서교동)",한상팔삼 우육미면,72.04,192108.6561,450436.7128,0507-1427-3457,화: 11:30 - 21:00; 수: 11:30 - 21:00; 목: 11:30 - 21:00; 금: 11:30 - 21:00; 토: 11:30 - 21:00; 일: 정기휴무 (매주 일요일); 월: 11:30 - 21:00,232,"['글루텐프리 메뉴', '단체 이용 가능', '무선 인터넷']",주차 불가,"['음식이 맛있어요', '재료가 신선해요', '친절해요', '인테리어가 멋져요']","['룸', '연인석']","[[""시그니처 우육면"", null], [""애호박 고기짬뽕"", null]]",중식
48,"['https://search.pstatic.net/common/?autoRotate=true&type=w560_sharpen&src=https%3A%2F%2Fldb-phinf.pstatic.net%2F20220622_274%2F16558798899757UTzx_JPEG%2F%25B9%25E8%25B9%25CE%25B7%25CE%25B0%25ED.jpg', 'https://search.pstatic.net/common/?autoRotate=true&type=w278_sharpen&src=https%3A%2F%2Fldb-phinf.pstatic.net%2F20230711_26%2F1689043007777fAfCy_PNG%2F%25C8%25A8%25C6%25E4%25C0%25CC%25C1%25F6_%25BA%25EA%25B7%25A3%25B5%25E5%25B4%25EB%25BB%25F3.png', 'https://search.pstatic.net/common/?autoRotate=true&type=w278_sharpen&src=https%3A%2F%2Fldb-phinf.pstatic.net%2F20230612_163%2F1686539770259UaLAs_JPEG%2FKakaoTalk_Photo_2023-06-12-12-15-51_001.jpeg']","서울특별시 마포구 월드컵로14길 62, 1층 (서교동)",파스토보이 마포점,48.91,192320.5627,450503.4112,02-325-5345,화: 11:00 - 23:00; 수: 11:00 - 23:00; 목: 11:00 - 23:00; 금: 11:00 - 23:00; 토: 11:00 - 23:00; 일: 11:00 - 23:00; 월: 11:00 - 23:00,102,['포장'],,"['음식이 맛있어요', '친절해요', '가성비가 좋아요', '재료가 신선해요']",[],"[[""그릴드 치킨 스테이크 샐러드"", 16900], [""목살 스테이크 샐러드"", 16900], [""우삼겹 마라 크림 파스타"", 12900], [""그릴드 치킨 크림 파스타"", 11900], [""베이컨 까르보나라"", 10900], [""해물 크림 파스타"", 10900], [""매콤 해물 파스타"", 10900], [""해물 올리브 파스타"", 10900], [""토마토 미트 파스타"", 10900], [""토마토 해물 파스타"", 9900], [""베이컨 로제 파스타"", 11500], [""해물 로제 파스타"", 11500], [""우삼겹 필라프"", 11900], [""새우 필라프"", 10900], [""목살 필라프"", 10900], [""김치 필라프"", 10900], [""그릴드 치킨 투움바 파스타"", 13900]]",양식
49,"['https://search.pstatic.net/common/?autoRotate=true&type=w560_sharpen&src=https%3A%2F%2Fldb-phinf.pstatic.net%2F20241012_19%2F1728675295839m4zvL_JPEG%2F1728675242429.jpg', 'https://search.pstatic.net/common/?autoRotate=true&type=w278_sharpen&src=https%3A%2F%2Fldb-phinf.pstatic.net%2F20241031_174%2F17303054767901dmoe_PNG%2F%25B9%25FC%25BA%25A3.png', 'https://search.pstatic.net/common/?autoRotate=true&type=w278_sharpen&src=https%3A%2F%2Fldb-phinf.pstatic.net%2F20241031_5%2F1730305415192w1pb0_JPEG%2FKakaoTalk_Photo_2024-10-31-01-00-59_002.jpeg']","서울특별시 마포구 월드컵북로7길 14, 1층 일부호 (서교동)",열정의선창,26.0,192601.5304,450670.3991,0507-1371-3415,화: 19:00 - 02:00; 수: 19:00 - 02:00; 목: 19:00 - 02:00; 금: 19:00 - 02:00; 토: 19:00 - 02:00; 일: 19:00 - 02:00; 월: 정기휴무 (매주 월요일),97,['생일 혜택'],무료 주차 가능,"['술이 다양해요', '특별한 메뉴가 있어요', '인테리어가 멋져요', '친절해요']","['좌식', '바테이블', '단체석', '룸']",[],한식
50,"['https://search.pstatic.net/common/?autoRotate=true&type=w560_sharpen&src=https%3A%2F%2Fldb-phinf.pstatic.net%2F20230529_113%2F1685342500051JLrrg_JPEG%2F8DFE4CA6-4ACB-4E9E-A5EE-9CA71345016F.jpeg', 'https://search.pstatic.net/common/?autoRotate=true&type=w278_sharpen&src=https%3A%2F%2Fldb-phinf.pstatic.net%2F20230531_65%2F16855119811792AYGb_JPEG%2F71F3B8BA-A345-46A7-9E07-4FE7D0783073.jpeg', 'https://search.pstatic.net/common/?autoRotate=true&type=w278_sharpen&src=https%3A%2F%2Fldb-phinf.pstatic.net%2F20240621_202%2F1718971306045u8LQR_JPEG%2FIMG_8481.jpeg']","서울특별시 마포구 와우산로29바길 5-4, 1층 (서교동)",숨은꼬치,73.49,193425.8005,450404.1478,0507-1345-8580,화: 정기휴무 (매주 화요일); 수: 17:00 - 24:00; 목: 17:00 - 24:00; 금: 17:00 - 02:00; 토: 17:00 - 02:00; 일: 17:00 - 02:00; 월: 17:00 - 24:00,124,"['콜키지 가능', '예약', '무선 인터넷', '단체 이용 가능']",주차 불가,"['음식이 맛있어요', '고기 질이 좋아요', '친절해요', '직접 잘 구워줘요']",[],"[[""양꼬치(10개)"", 14000], [""우육면(오리지널/토마토/마라)"", 10000]]",중식
51,"['https://search.pstatic.net/common/?autoRotate=true&type=w560_sharpen&src=https%3A%2F%2Fldb-phinf.pstatic.net%2F20240506_16%2F1714992415411543RX_JPEG%2FIMG_1163.jpeg', 'https://search.pstatic.net/common/?autoRotate=true&type=w278_sharpen&src=https%3A%2F%2Fldb-phinf.pstatic.net%2F20240506_95%2F1714992375089ySaoe_JPEG%2FIMG_1157.jpeg', 'https://search.pstatic.net/common/?autoRotate=true&type=w278_sharpen&src=https%3A%2F%2Fldb-phinf.pstatic.net%2F20231129_102%2F1701219804473XK561_JPEG%2FDSC03658.jpg']","서울특별시 마포구 와우산로29다길 22, 지하1층 102호 (서교동)",간바레미나상,46.0,193502.3141,450268.3561,,화: 정기휴무 (매주 화요일); 수: 17:00 - 24:00; 목: 17:00 - 24:00; 금: 17:00 - 24:00; 토: 17:00 - 24:00; 일: 17:00 - 24:00; 월: 17:00 - 24:00,97,"['반려동물 동반', '예약', '단체 이용 가능', '대기공간']",주차 불가,"['음식이 맛있어요', '음악이 좋아요', '인테리어가 멋져요', '대화하기 좋아요']",[],"[[""와규타다끼"", 20000], [""치킨가라아게&웨지감자"", 16000], [""토마토홍합스튜"", 19000], [""명란마요치즈감자"", 17000], [""연어카레구이"", 19000], [""깐풍치킨난반"", 19000], [""오꼬노미야끼"", 16000], [""오뎅나베"", 20000], [""비빔진미채고추만두"", 17000]]",일식
52,"['https://search.pstatic.net/common/?autoRotate=true&type=w560_sharpen&src=https%3A%2F%2Fldb-phinf.pstatic.net%2F20230829_212%2F1693273992489yOamB_JPEG%2FIMG_2616.jpeg', 'https://search.pstatic.net/common/?autoRotate=true&type=w278_sharpen&src=https%3A%2F%2Fldb-phinf.pstatic.net%2F20240703_15%2F1719990501320SI3DG_PNG%2FIMG_6806.png', 'https://search.pstatic.net/common/?autoRotate=true&type=w278_sharpen&src=https%3A%2F%2Fldb-phinf.pstatic.net%2F20240703_18%2F1719990502091Ruht3_PNG%2FIMG_6809.png']","서울특별시 마포구 독막로9길 4, 지하1층 (서교동)",힙하디,60.0,192824.0314,449582.3896,0507-1389-1362,화: 정기휴무 (매주 화요일); 수: 정기휴무 (매주 수요일); 목: 20:00 - 02:00; 금: 20:00 - 02:00; 토: 20:00 - 02:00; 일: 정기휴무 (매주 일요일); 월: 정기휴무 (매주 월요일),110,"['단체 이용 가능', '예약']",,"['음악이 좋아요', '술이 다양해요', '인테리어가 멋져요', '친절해요']",[],"[[""힙합"", 18000], [""하우스"", 18000], [""디스코"", 18000]]",한식
53,"['https://search.pstatic.net/common/?autoRotate=true&type=w560_sharpen&src=https%3A%2F%2Fldb-phinf.pstatic.net%2F20240402_32%2F17120691090281lsGV_JPEG%2FKakaoTalk_20240316_084405634_02.jpg', 'https://search.pstatic.net/common/?autoRotate=true&type=w278_sharpen&src=https%3A%2F%2Fldb-phinf.pstatic.net%2F20240402_192%2F1712069098151jesI7_JPEG%2FKakaoTalk_20240402_232108511.jpg', 'https://search.pstatic.net/common/?autoRotate=true&type=w278_sharpen&src=https%3A%2F%2Fldb-phinf.pstatic.net%2F20240402_259%2F1712069089996K5xvN_JPEG%2FKakaoTalk_20240402_232108511_01.jpg']","서울특별시 마포구 양화로6길 57-24, 지1층 B01호 (서교동, 엘림빌라)",동백상회 합정,60.0,192697.4344,449692.5417,0507-1370-2987,화: 17:00 - 03:00; 수: 17:00 - 03:00; 목: 17:00 - 03:00; 금: 17:00 - 05:00; 토: 17:00 - 05:00; 일: 17:00 - 03:00; 월: 17:00 - 03:00,363,"['콜키지 가능', '무선 인터넷', '단체 이용 가능', '포장', '예약']",주차 불가,"['음식이 맛있어요', '기본 안주가 좋아요', '친절해요', '인테리어가 멋져요']","['단체석', '바테이블', '연인석', '카운터석', '1인석', '좌식']","[[""산문어숙회"", 38000], [""산문어매콤찜"", 38000], [""가리비술찜"", 38000], [""가리비회"", 32000], [""연포탕"", 38000], [""참소라숙회"", 32000], [""소라무침"", 32000], [""산낙지"", 22000], [""알탕"", 24000], [""골빔면"", 20000], [""비빔삼겹살"", 12000], [""오므라이스"", 9000], [""시원한황도"", 8000], [""설탕토마토"", 8000], [""쥐포"", 8000], [""치즈스틱"", 8000], [""해물라면"", 10000], [""치즈감자채전"", 15000], [""타코와사비"", 10000], [""닭튀김"", 18000]]",한식
54,"['https://search.pstatic.net/common/?autoRotate=true&type=w560_sharpen&src=https%3A%2F%2Fldb-phinf.pstatic.net%2F20240426_36%2F1714131235644qBk3S_JPEG%2FIMG_6583.jpeg', 'https://search.pstatic.net/common/?autoRotate=true&type=w278_sharpen&src=https%3A%2F%2Fldb-phinf.pstatic.net%2F20240221_107%2F1708446220985r2dcw_JPEG%2FYEL02574.jpg', 'https://search.pstatic.net/common/?autoRotate=true&type=w278_sharpen&src=https%3A%2F%2Fldb-phinf.pstatic.net%2F20240221_115%2F1708446226302wTCJj_JPEG%2FYEL02581.jpg']","서울특별시 마포구 와우산로29바길 12, 지1층 좌측호 (서교동)",우라난바,43.63,193392.0153,450406.9112,0507-1490-1811,화: 18:00 - 03:00; 수: 18:00 - 03:00; 목: 18:00 - 03:00; 금: 18:00 - 03:00; 토: 18:00 - 03:00; 일: 18:00 - 03:00; 월: 18:00 - 01:00,399,"['무선 인터넷', '예약', '단체 이용 가능', '반려동물 동반']",주차 불가,"['음식이 맛있어요', '술이 다양해요', '인테리어가 멋져요', '친절해요']","['좌식', '테라스', '단체석', '1인석', '바테이블']","[[""오뎅 중접"", 8000], [""우삼겹짬뽕탕"", 22000], [""곱창전골"", 24000], [""조개탕"", 21000], [""우동"", 7000], [""조니워커블랙"", 6500], [""쿠보타만주"", 22000], [""세키토바"", 11900]]",일식
55,"['https://search.pstatic.net/common/?autoRotate=true&type=w560_sharpen&src=https%3A%2F%2Fnaverbooking-phinf.pstatic.net%2F20240809_122%2F17231840853886BCHd_JPEG%2FKakaoTalk_20240717_142640022.jpg', 'https://search.pstatic.net/common/?autoRotate=true&type=w278_sharpen&src=https%3A%2F%2Fldb-phinf.pstatic.net%2F20250108_272%2F1736296085600Gn4ec_JPEG%2FKakaoTalk_20250108_092547537_01.jpg', 'https://search.pstatic.net/common/?autoRotate=true&type=w278_sharpen&src=https%3A%2F%2Fldb-phinf.pstatic.net%2F20250108_97%2F1736296099135U7YEO_JPEG%2FKakaoTalk_20250108_092547537.jpg']","서울특별시 마포구 월드컵북로 41, 1층 103호 (서교동)",제이스피자,30.0,192693.3478,450633.1682,0507-1473-2082,화: 11:30 - 23:00; 수: 11:30 - 23:00; 목: 11:30 - 23:00; 금: 11:30 - 23:00; 토: 11:30 - 23:00; 일: 11:30 - 23:00; 월: 11:30 - 23:00,223,"['포장', '무선 인터넷']",주차 불가,"['음식이 맛있어요', '재료가 신선해요', '인테리어가 멋져요', '친절해요']",[],"[[""치즈피자"", 17500], [""페퍼로니 피자"", 18000], [""초리조칠리 피자"", 20000], [""머쉬룸 피자"", 21000], [""올더웨이 피자"", 23000]]",양식
56,"['https://search.pstatic.net/common/?autoRotate=true&type=w560_sharpen&src=https%3A%2F%2Fldb-phinf.pstatic.net%2F20240611_274%2F1718091987997uBgpH_JPEG%2F%25B0%25A3%25C6%25C7.jpg', 'https://search.pstatic.net/common/?autoRotate=true&type=w278_sharpen&src=https%3A%2F%2Fldb-phinf.pstatic.net%2F20240611_299%2F1718092138745eko6D_JPEG%2F%25B4%25DC%25C3%25BC.jpg', 'https://search.pstatic.net/common/?autoRotate=true&type=w278_sharpen&src=https%3A%2F%2Fldb-phinf.pstatic.net%2F20240611_218%2F1718092042119cocGF_JPEG%2FKakaoTalk_20240611_164650003.jpg']","서울특별시 마포구 와우산로29길 34, 1층 101호 (서교동)",한솥도시락 홍대서교점,53.12,193590.799,450355.9392,02-322-1253,화: 08:00 - 21:00; 수: 08:00 - 21:00; 목: 08:00 - 21:00; 금: 08:00 - 21:00; 토: 08:00 - 21:00; 일: 08:00 - 21:00; 월: 08:00 - 21:00,86,"['포장', '배달']",주차 불가,"['음식이 맛있어요', '가성비가 좋아요', '재료가 신선해요', '특별한 메뉴가 있어요']",[],"[[""치킨마요"", 3800], [""스팸 김치볶음밥"", 4900], [""소불고기 철판볶음밥"", 5100], [""핫 치즈 닭갈비 덮밥"", 6000], [""왕카레돈까스 덮밥"", 6100], [""돈까스도련님"", 4900], [""송정식 떡갈비"", 6900], [""돈까스 덮밥"", 4300], [""새우돈까스 덮밥"", 4400], [""마파두부 덮밥"", 5000], [""숯불직화구이 덮밥"", 6000], [""묵은지 김치찌개"", 5000], [""김치 부대찌개"", 6100], [""제육볶음 사각도시락"", 4700], [""치킨제육"", 5000], [""메가 치킨제육"", 7800], [""돈치 고기고기"", 6100], [""탕수육도련님 고기고기"", 6100], [""돈까스도련님 고기고기"", 6600], [""해바라기"", 10000]]",한식
57,"['https://search.pstatic.net/common/?autoRotate=true&type=w560_sharpen&src=https%3A%2F%2Fldb-phinf.pstatic.net%2F20240330_38%2F1711783442486g8gsU_JPEG%2FScreenshot_20240330_162307_Samsung_Internet.jpg', 'https://search.pstatic.net/common/?autoRotate=true&type=w278_sharpen&src=https%3A%2F%2Fldb-phinf.pstatic.net%2F20230803_97%2F1691011351855OIh2h_JPEG%2FScreenshot_20230803_061734_Samsung_Internet.jpg', 'https://search.pstatic.net/common/?autoRotate=true&type=w278_sharpen&src=https%3A%2F%2Fldb-phinf.pstatic.net%2F20230625_257%2F1687675847530QqCs1_JPEG%2F1686971224713.jpg']","서울특별시 마포구 와우산로21길 28-8, 1층 (서교동)",현우동 홍대,70.33,193074.957,450044.9247,0507-1362-4032,화: 정기휴무 (매주 화요일); 수: 11:30 - 21:30; 목: 11:30 - 21:30; 금: 11:30 - 21:30; 토: 11:30 - 21:30; 일: 11:30 - 21:30; 월: 11:30 - 21:30,151,['단체 이용 가능'],주차 불가,"['음식이 맛있어요', '친절해요', '특별한 메뉴가 있어요', '혼밥하기 좋아요']",[],"[[""카츠동"", 12000], [""텐동"", 12000], [""카레동"", 10000], [""타닌동"", 11000], [""카케우동"", 8000], [""키츠네우동"", 10000], [""키자미우동"", 9000], [""타마고토지우동"", 11000], [""멘타이코앙카케 타마고토지우동"", 14000], [""니꾸우동"", 12000], [""텐뿌라우동"", 13000], [""카레우동"", 10000], [""카츠카레우동"", 13000], [""멘타이코가마바타우동"", 14000], [""붓카케우동"", 8000], [""텐뿌라붓카케우동"", 13000], [""토리텐붓카케우동"", 12000], [""에비텐모찌우동"", 13000], [""텐토지동"", 14000], [""치킨가라아게"", 5000]]",일식
58,"['https://search.pstatic.net/common/?autoRotate=true&type=w560_sharpen&src=https%3A%2F%2Fldb-phinf.pstatic.net%2F20241018_238%2F1729241996768pgWso_JPEG%2FKakaoTalk_20241018_175839995_02.jpg', 'https://search.pstatic.net/common/?autoRotate=true&type=w278_sharpen&src=https%3A%2F%2Fldb-phinf.pstatic.net%2F20240716_194%2F172112310981854ONp_JPEG%2FKakaoTalk_20240716_184443464.jpg', 'https://search.pstatic.net/common/?autoRotate=true&type=w278_sharpen&src=https%3A%2F%2Fldb-phinf.pstatic.net%2F20240615_1%2F1718463161949l5o9S_JPEG%2F%25B4%25D9%25BF%25EE%25B7%25CE%25B5%25E5_%25282%2529.jpg']","서울특별시 마포구 홍익로5안길 24, 2층 (서교동)",육현전 홍대직영점,122.38,192988.885,450160.268,0507-1392-9207,화: 14:00 - 24:00; 수: 14:00 - 24:00; 목: 14:00 - 24:00; 금: 14:00 - 01:00; 토: 14:00 - 01:00; 일: 14:00 - 24:00; 월: 14:00 - 24:00,779,"['콜키지 가능', '콜키지 가능', '비건 메뉴', '단체 이용 가능', '무선 인터넷', '예약']",유료 주차 가능,"['음식이 맛있어요', '고기 질이 좋아요', '인테리어가 멋져요', '친절해요']","['룸', '연인석', '바테이블', '단체석', '1인석']","[[""21일 숙성 지리산 흑돼지 오겹살"", 18000]]",한식
59,"['https://search.pstatic.net/common/?autoRotate=true&type=w560_sharpen&src=https%3A%2F%2Fldb-phinf.pstatic.net%2F20230728_165%2F1690482103044VNV5c_JPEG%2FIMG_5547.jpeg', 'https://search.pstatic.net/common/?autoRotate=true&type=w278_sharpen&src=https%3A%2F%2Fldb-phinf.pstatic.net%2F20230728_269%2F1690482099277rLyOJ_JPEG%2FIMG_5500.jpeg', 'https://search.pstatic.net/common/?autoRotate=true&type=w278_sharpen&src=https%3A%2F%2Fldb-phinf.pstatic.net%2F20230923_130%2F1695466007470tqMPb_JPEG%2FIMG_5901.jpeg']","서울특별시 마포구 양화로10길 20, 1층 101호 (서교동)",언덕집,90.0,192631.1821,449829.4127,0507-1318-9863,화: 17:00 - 03:00; 수: 17:00 - 03:00; 목: 17:00 - 03:00; 금: 17:00 - 04:00; 토: 17:00 - 04:00; 일: 17:00 - 03:00; 월: 17:00 - 03:00,186,"['무선 인터넷', '단체 이용 가능']",,"['음식이 맛있어요', '친절해요', '음악이 좋아요', '대화하기 좋아요']",[],"[[""육사시미(150g)"", 21000], [""한우 타다끼(150g)"", 22000], [""한우 육회 (200g)"", 25000], [""한우(150g)와 산낙지(1미)"", 31000], [""한우(100g) + 낙지(2미) 물회"", 35000], [""산낙지 탕탕이 (2미)"", 21000], [""꼬들목살구이"", 19000], [""양념꼬들목살"", 20000], [""오겹수육한판"", 26000], [""고갈비 (소금)"", 18000], [""고갈비 (양념)"", 19000], [""막창순대볶음"", 20000], [""매콤무뼈닭발"", 20000], [""통오징어부추전"", 20000], [""미나리김치전"", 19000], [""해물전골"", 36000], [""수육순대술국"", 27000], [""조개탕"", 19000], [""전복 닭한마리 백숙"", 26000], [""순두부대찌개"", 19000], [""오뎅탕"", 19000]]",한식
60,"['https://search.pstatic.net/common/?autoRotate=true&type=w560_sharpen&src=https%3A%2F%2Fldb-phinf.pstatic.net%2F20240919_48%2F1726744576898Xq7Wh_PNG%2F%25B9%25AB%25B9%25AB%25B7%25CE%25B0%25ED.png', 'https://search.pstatic.net/common/?autoRotate=true&type=w278_sharpen&src=https%3A%2F%2Fldb-phinf.pstatic.net%2F20240922_16%2F1726989291928bfIMY_JPEG%2FKakaoTalk_20240922_000358030_04.jpg', 'https://search.pstatic.net/common/?autoRotate=true&type=w278_sharpen&src=https%3A%2F%2Fldb-phinf.pstatic.net%2F20250202_163%2F1738501302291Tmz7x_JPEG%2FIMG_2205.jpeg']","서울특별시 마포구 월드컵북로5나길 18 (서교동, 서교동대우미래사랑 140호)",무무,41.12,192577.9908,450569.6705,,화: 17:00 - 03:00; 수: 17:00 - 03:00; 목: 17:00 - 03:00; 금: 17:00 - 03:00; 토: 17:00 - 03:00; 일: 17:00 - 03:00; 월: 17:00 - 03:00,149,"['콜키지 가능', '단체 이용 가능', '무선 인터넷']",주차 불가,"['음식이 맛있어요', '친절해요', '재료가 신선해요', '인테리어가 멋져요']","['1인석', '입식', '단체석']","[[""양지수육전골"", 17900], [""마라양지수육전골"", 18900], [""백후추탕수육"", 13900], [""사천식닭냉채"", 13900], [""감자튀김과 크림새우"", 13900], [""파채기름면"", 9900], [""깐풍가지튀김"", 9900], [""마늘오이무침"", 6900], [""에그팟타이"", 8900], [""계란볶음밥"", 5900], [""야끼만두"", 5900]]",한식
62,"['https://search.pstatic.net/common/?autoRotate=true&type=w560_sharpen&src=https%3A%2F%2Fldb-phinf.pstatic.net%2F20230825_290%2F1692952200005oxutg_JPEG%2F8.jpg', 'https://search.pstatic.net/common/?autoRotate=true&type=w278_sharpen&src=https%3A%2F%2Fldb-phinf.pstatic.net%2F20230825_33%2F1692952199597d6CPr_JPEG%2F1.jpg', 'https://search.pstatic.net/common/?autoRotate=true&type=w278_sharpen&src=https%3A%2F%2Fldb-phinf.pstatic.net%2F20230825_262%2F1692952199249zgbrb_JPEG%2F2.jpg']","서울특별시 마포구 와우산로29마길 8, 1,2,3,4층 (서교동)",우물집,248.0,193447.8815,450388.9505,0507-1447-8956,,411,"['단체 이용 가능', '포장', '예약', '무선 인터넷']",,"['음식이 맛있어요', '인테리어가 멋져요', '재료가 신선해요', '특별한 메뉴가 있어요']",[],"[[""한우차돌박이"", 12000], [""갓김치볶음밥"", 6000], [""고사리표고솥밥"", 7000], [""곤드레 토마토 바질 솥밥"", 7000], [""한우 차돌박이 삼합 (M)"", 52000], [""한우 차돌박이 콩나물 불고기 (M)"", 52000], [""차돌박이 맑은 야채 전골과 솥밥"", 29000], [""우삼겹 맑은 야채 전골과 솥밥"", 24000]]",한식
63,"['https://search.pstatic.net/common/?autoRotate=true&type=w560_sharpen&src=https%3A%2F%2Fldb-phinf.pstatic.net%2F20240824_134%2F1724425448349W3Nt2_JPEG%2Fcommon-2.jpeg', 'https://search.pstatic.net/common/?autoRotate=true&type=w278_sharpen&src=https%3A%2F%2Fldb-phinf.pstatic.net%2F20240824_34%2F1724425452165wHApL_JPEG%2Fcommon-3.jpeg', 'https://search.pstatic.net/common/?autoRotate=true&type=w278_sharpen&src=https%3A%2F%2Fldb-phinf.pstatic.net%2F20240824_21%2F1724425451776Ar84J_JPEG%2Fcommon.jpeg']","서울특별시 마포구 와우산로29바길 11-3, 1층 일부호 (서교동)",박서교숙성회,33.0,193414.9333,450393.6371,0507-1304-8593,,267,[],,"['음식이 맛있어요', '재료가 신선해요', '친절해요', '가성비가 좋아요']",[],"[[""숙성회(소)"", 35000], [""새우튀김"", 14000], [""문어숙회"", 15000], [""오징어숙회"", 15000], [""태국고로케"", 20000], [""꽃게라면"", 8000]]",일식
64,"['https://search.pstatic.net/common/?autoRotate=true&type=w560_sharpen&src=https%3A%2F%2Fldb-phinf.pstatic.net%2F20230807_289%2F16913622986551vBJD_JPEG%2FB17FE6CA-04B5-4C46-9423-66F44B001F40.jpeg', 'https://search.pstatic.net/common/?autoRotate=true&type=w278_sharpen&src=https%3A%2F%2Fldb-phinf.pstatic.net%2F20230906_148%2F1693988450478kyIfs_JPEG%2FKakaoTalk_Photo_2023-08-31-11-59-58_013.jpeg', 'https://search.pstatic.net/common/?autoRotate=true&type=w278_sharpen&src=https%3A%2F%2Fldb-phinf.pstatic.net%2F20230906_252%2F1693988449898ErXTN_JPEG%2FKakaoTalk_Photo_2023-08-31-11-59-57_011.jpeg']","서울특별시 마포구 양화로7길 71, 1층 (서교동)",한본새 서교,84.58,192306.1003,450175.2446,0507-1411-4844,화: 11:00 - 15:00; 수: 11:00 - 15:00; 목: 11:00 - 15:00; 금: 11:00 - 15:00; 토: 11:00 - 15:00; 일: 정기휴무 (매주 일요일); 월: 11:00 - 15:00,364,"['무선 인터넷', '포장', '단체 이용 가능']",주차 불가,"['음식이 맛있어요', '재료가 신선해요', '혼밥하기 좋아요', '친절해요']","['바테이블', '좌식']",[],한식
65,"['https://search.pstatic.net/common/?autoRotate=true&type=w560_sharpen&src=https%3A%2F%2Fldb-phinf.pstatic.net%2F20230825_231%2F1692931490182ON38B_JPEG%2F2307_soundcat_hongdae_067.jpg', 'https://search.pstatic.net/common/?autoRotate=true&type=w278_sharpen&src=https%3A%2F%2Fldb-phinf.pstatic.net%2F20230825_271%2F16929314987008MUg5_JPEG%2F2307_soundcat_hongdae_066.jpg', 'https://search.pstatic.net/common/?autoRotate=true&type=w278_sharpen&src=https%3A%2F%2Fldb-phinf.pstatic.net%2F20230825_230%2F1692931516614esC9v_JPEG%2F2307_soundcat_hongdae_010.jpg']","서울특별시 마포구 와우산로 81, 서봉갤러리 1층 일부호 (서교동)",대표분식,58.0,193142.9029,449945.9388,,화: 10:00 - 19:00; 수: 10:00 - 19:00; 목: 10:00 - 19:00; 금: 10:00 - 19:00; 토: 10:00 - 19:00; 일: 정기휴무 (매주 일요일); 월: 10:00 - 19:00,128,"['무선 인터넷', '배달', '예약', '포장']",무료 주차 가능,"['음식이 맛있어요', '혼밥하기 좋아요', '매장이 청결해요', '재료가 신선해요']",[],[],한식
66,"['https://search.pstatic.net/common/?autoRotate=true&type=w560_sharpen&src=https%3A%2F%2Fldb-phinf.pstatic.net%2F20231128_54%2F1701178737533Iy3vc_JPEG%2F1700737520992.jpg', 'https://search.pstatic.net/common/?autoRotate=true&type=w278_sharpen&src=https%3A%2F%2Fldb-phinf.pstatic.net%2F20231128_113%2F1701178810733uEKVV_JPEG%2F1700737363894.jpg', 'https://search.pstatic.net/common/?autoRotate=true&type=w278_sharpen&src=https%3A%2F%2Fldb-phinf.pstatic.net%2F20231128_234%2F1701178865333TlzRI_JPEG%2FScreenshot_20230922_231112_NAVER.jpg']","서울특별시 마포구 와우산로32길 11, 지1층 (서교동)",한량,64.97,193815.605,450284.435,0507-1378-7258,화: 16:00 - 01:00; 수: 16:00 - 01:00; 목: 16:00 - 01:00; 금: 16:00 - 01:00; 토: 16:00 - 01:00; 일: 16:00 - 01:00,270,"['단체 이용 가능', '예약']",,"['음식이 맛있어요', '고기 질이 좋아요', '친절해요', '매장이 청결해요']",[],"[[""한량삼겹살"", 14000], [""한량꽃목살"", 14000], [""한량한접시"", 33000], [""두툼벌집껍데기"", 8000], [""쫄깃가브리살"", 17000], [""눈꽃항정살"", 18000], [""차돌된장찌개"", 5000], [""고기김치찌개"", 5000], [""꽃게해장라면"", 6000], [""냉면"", 6000], [""버터간장계란밥(1인)"", 3500]]",한식
67,"['https://search.pstatic.net/common/?autoRotate=true&type=w560_sharpen&src=https%3A%2F%2Fldb-phinf.pstatic.net%2F20241202_280%2F1733133760016CEzFH_PNG%2F%25B9%25AB%25C7%25D1%25B8%25AE%25C7%25CA%25BE%25C6%25C0%25FA%25BE%25BE8900-001_%25281%2529.png', 'https://search.pstatic.net/common/?autoRotate=true&type=w278_sharpen&src=https%3A%2F%2Fldb-phinf.pstatic.net%2F20240717_200%2F1721196659371pjyE1_JPEG%2F%25B8%25C6%25C1%25D6%25BC%25A6.jpg', 'https://search.pstatic.net/common/?autoRotate=true&type=w278_sharpen&src=https%3A%2F%2Fldb-phinf.pstatic.net%2F20240717_117%2F1721196676845X7VIK_JPEG%2F%25BA%25B8%25B5%25E5%25C4%25AB%25BD%25BA%25C6%25AE%25B7%25B9%25C0%25CC%25C6%25AE%25BC%25A6.jpg']","서울특별시 마포구 독막로9길 5, 1층 (서교동)",오하이요,77.28,192817.9648,449606.7264,0507-1342-9053,화: 17:30 - 02:00; 수: 17:30 - 02:00; 목: 17:30 - 02:00; 금: 17:30 - 02:00; 토: 17:30 - 02:00; 일: 17:30 - 02:00; 월: 17:30 - 02:00,906,['무선 인터넷'],주차 불가,"['음식이 맛있어요', '술이 다양해요', '인테리어가 멋져요', '가성비가 좋아요']",[],"[[""토리 모리아와세"", 18900], [""중독 나폴리탄"", 14900], [""점보 가라아게"", 14900], [""점보 가라아게(핫 양념)"", 15900], [""점보 가라아게(치킨난반)"", 15900], [""차슈 돈코츠 나베 (매운맛)"", 18900], [""우삼겹 스키야키 나베"", 17900], [""간사이 야끼소바"", 14900], [""해산물 테판 매콤우동"", 14900], [""바지락 술찜"", 16900], [""오하이요 시그니처 플래터"", 23900]]",일식
68,"['https://search.pstatic.net/common/?autoRotate=true&type=w560_sharpen&src=https%3A%2F%2Fldb-phinf.pstatic.net%2F20241028_91%2F1730092173742GvIOh_JPEG%2FP20241026_235025879_AF2E0838-3C58-4D4B-BA08-9E52DF572967.JPG', 'https://search.pstatic.net/common/?autoRotate=true&type=w278_sharpen&src=https%3A%2F%2Fldb-phinf.pstatic.net%2F20241028_277%2F1730092173711ai6NH_JPEG%2FP20241026_234510421_7304C34F-26CA-47A4-A315-DC2B7F32D57D.JPG', 'https://search.pstatic.net/common/?autoRotate=true&type=w278_sharpen&src=https%3A%2F%2Fldb-phinf.pstatic.net%2F20241028_200%2F1730092173684srCgy_JPEG%2FP20241026_234541844_35EB4E40-D126-4C76-B76F-9D9638C01C31.JPG']","서울특별시 마포구 와우산로17길 14, 2층 (서교동)",장모님 부대찌개,219.99,193050.1918,449790.2463,0507-1413-8790,화: 18:00 - 10:00; 수: 18:00 - 10:00; 목: 18:00 - 10:00; 금: 18:00 - 10:00; 토: 18:00 - 10:00; 일: 18:00 - 10:00; 월: 정기휴무 (매주 월요일),50,"['단체 이용 가능', '예약', '포장', '무선 인터넷', '장애인 휠체어 이용가능', '장애인 휠체어 이용가능']",주차 불가,"['음식이 맛있어요', '매장이 넓어요', '친절해요', '재료가 신선해요']","['단체석', '테라스', '입식', '룸']","[[""장모님부대찌개스폐셜 2인"", 25000], [""장모님부대찌개 스페셜 3인"", 34000], [""장모님부대찌개 스페셜 4인"", 43000], [""우삼겹부대찌개 스페셜 2인"", 32000], [""우삼겹부대찌개 스페셜 3인"", 42000], [""우삼겹부대찌개 스페셜 4인"", 50000], [""베이컨 부대찌개 스페셜 2인"", 29000], [""베이컨 부대찌개 스페셜 3인"", 39000], [""베이컨 부대찌개 스페셜 4인"", 48000], [""장모님 부대찌개"", 9000], [""계란말이"", 7000]]",한식
69,"['https://search.pstatic.net/common/?autoRotate=true&type=w560_sharpen&src=https%3A%2F%2Fldb-phinf.pstatic.net%2F20240105_143%2F1704381627580vh6g2_JPEG%2F1000008954.jpg', 'https://search.pstatic.net/common/?autoRotate=true&type=w278_sharpen&src=https%3A%2F%2Fldb-phinf.pstatic.net%2F20230923_152%2F1695465286742jFIa9_JPEG%2Ftemp_file.jpg', 'https://search.pstatic.net/common/?autoRotate=true&type=w278_sharpen&src=https%3A%2F%2Fldb-phinf.pstatic.net%2F20231208_238%2F1702039458717xFg3p_JPEG%2Ftemp_file.jpg']","서울특별시 마포구 와우산로29바길 24, 1층 우측호 (서교동)",술쑤시개,64.31,193354.6456,450360.1811,0507-1343-4409,화: 17:00 - 03:00; 수: 17:00 - 03:00; 목: 17:00 - 03:00; 금: 17:00 - 03:00; 토: 17:00 - 03:00; 일: 정기휴무 (매주 일요일); 월: 17:00 - 03:00,165,"['유기농 메뉴', '반려동물 동반', '예약', '단체 이용 가능', '무선 인터넷', '대기공간']",주차 불가,"['음식이 맛있어요', '친절해요', '인테리어가 멋져요', '음악이 좋아요']","['룸', '단체석', '테라스', '1인석', '바테이블', '루프탑', '카운터석']","[[""마늘치킨"", 25000], [""크림치킨"", 23000], [""꼬치어묵탕"", 20000], [""토마토 해장 파스탕"", 23000], [""매콤 알리오올리오"", 18000], [""훈제족발"", 18000], [""차돌숙주볶음"", 18000], [""두부김치"", 18000], [""마라 마파두부"", 18000], [""해쉬감튀 & 소세지"", 16000], [""타코야끼"", 9000]]",양식
70,"['https://search.pstatic.net/common/?autoRotate=true&type=w560_sharpen&src=https%3A%2F%2Fldb-phinf.pstatic.net%2F20231228_233%2F1703736578324k6bOT_JPEG%2F%25B8%25D4%25BD%25BA%25C5%25B8_%25BB%25E7%25C1%25F8.jpg', 'https://search.pstatic.net/common/?autoRotate=true&type=w278_sharpen&src=https%3A%2F%2Fldb-phinf.pstatic.net%2F20240618_253%2F1718677209848DfK8z_JPEG%2FKakaoTalk_20240618_111513148.jpg', 'https://search.pstatic.net/common/?autoRotate=true&type=w278_sharpen&src=https%3A%2F%2Fldb-phinf.pstatic.net%2F20240618_177%2F1718677209787g15I3_JPEG%2FKakaoTalk_20240618_111454120.jpg']","서울특별시 마포구 홍익로 3-30, 포도빌딩 1층 (서교동)",홍대물갈비 홍대본점,89.92,193129.2025,450074.6403,0507-1443-3811,화: 10:30 - 23:30; 수: 10:30 - 23:30; 목: 10:30 - 23:30; 금: 10:30 - 23:30; 토: 10:30 - 23:30; 일: 10:30 - 22:00; 월: 10:30 - 23:30,996,"['포장', '배달', '예약', '단체 이용 가능', '무선 인터넷']",주차 불가,"['음식이 맛있어요', '고기 질이 좋아요', '친절해요', '양이 많아요']",[],"[[""홍대물갈비(1인)"", 16000], [""로제물갈비(1인)"", 16000], [""홍대소불고기(1인)"", 16000], [""볶음밥"", 3000], [""고기튀김"", 12900], [""치즈카츠"", 12900], [""등심카츠"", 10900], [""버터갈릭감자"", 5500]]",한식
71,"['https://search.pstatic.net/common/?autoRotate=true&type=w560_sharpen&src=https%3A%2F%2Fldb-phinf.pstatic.net%2F20240610_138%2F17180191679008O1ER_JPEG%2FKakaoTalk_20240610_203058494_03.jpg', 'https://search.pstatic.net/common/?autoRotate=true&type=w278_sharpen&src=https%3A%2F%2Fldb-phinf.pstatic.net%2F20240610_1%2F1718019143138DM3la_JPEG%2FKakaoTalk_20240610_203058494.jpg', 'https://search.pstatic.net/common/?autoRotate=true&type=w278_sharpen&src=https%3A%2F%2Fldb-phinf.pstatic.net%2F20240610_219%2F1718019134214mCHjG_JPEG%2FKakaoTalk_20240610_203058494_01.jpg']","서울특별시 마포구 홍익로5안길 8, 1층 (서교동)",상구네솥뚜껑삼겹살 홍대점,127.08,193008.991,450195.988,02-6951-1062,화: 14:30 - 01:00; 수: 14:30 - 01:00; 목: 14:30 - 01:00; 금: 14:30 - 02:00; 토: 14:30 - 02:00; 일: 14:30 - 02:00; 월: 14:30 - 01:00,338,"['콜키지 가능', '무선 인터넷', '예약', '대기공간', '단체 이용 가능']",주차 불가,"['음식이 맛있어요', '고기 질이 좋아요', '친절해요', '매장이 넓어요']",[],"[[""시래기+문경약돌돼지생삼겹/목살 (100g)"", 8900], [""미나리+문경약돌돼지생삼겹/목살 (100g)"", 8900], [""국내산 1+등급 문경약돌돼지 생삼겹살 (100g)"", 7900], [""국내산 1+등급 문경약돌돼지 생목살 (100g)"", 7900], [""항정살(100g)"", 8900], [""가브리살 (100g)"", 8900], [""늑간살 (100g)"", 8900], [""후식 막국수"", 5000], [""후식 (물/비빔)냉면"", 5000], [""리얼치즈계란찜"", 5000], [""청국장이 들어간 된장찌개"", 5000], [""문경약돌돼지 김치찌개"", 5000], [""솥뚜껑볶음밥"", 3000]]",한식
72,"['https://search.pstatic.net/common/?autoRotate=true&type=w560_sharpen&src=https%3A%2F%2Fldb-phinf.pstatic.net%2F20240923_153%2F17270978181883mTRD_JPEG%2FIMG_1020.jpeg', 'https://search.pstatic.net/common/?autoRotate=true&type=w278_sharpen&src=https%3A%2F%2Fldb-phinf.pstatic.net%2F20240923_16%2F1727097818428n4iIk_JPEG%2FIMG_1012.jpeg', 'https://search.pstatic.net/common/?autoRotate=true&type=w278_sharpen&src=https%3A%2F%2Fnaverbooking-phinf.pstatic.net%2F20241012_164%2F17286810000829YIPM_JPEG%2Fimage.jpg']","서울특별시 마포구 월드컵북로7길 34, 1층 (서교동)",유알티,76.0,192521.5754,450612.6208,0507-1343-1826,수: 10:30 - 21:00; 목: 10:30 - 21:00; 금: 10:30 - 21:00; 토: 10:30 - 21:00; 일: 10:30 - 21:00; 월: 정기휴무 (매주 월요일); 화: 정기휴무 (매주 화요일),285,"['글루텐프리 메뉴', '비건 메뉴', '유기농 메뉴', '콜키지 가능', '포장', '반려동물 동반', '무선 인터넷', '유아의자', '단체 이용 가능', '예약', '배달', '장애인 휠체어 이용가능', '장애인 휠체어 이용가능']",주차 불가,"['특별한 메뉴가 있어요', '음식이 맛있어요', '친절해요', '디저트가 맛있어요']",[],"[[""팟타이"", 15000], [""빵과버터"", 6000], [""햄치즈 크루아상 샌드위치"", 10000], [""미트볼 토마토스튜와 사워도우"", 16000], [""고사리 들기름 파스타"", 20000], [""바질 크림 뇨끼"", 18000], [""채소피클"", 2000], [""공정무역 드립커피"", 5000], [""디카페인 드립커피"", 5000], [""하동 무농약 라임에이드"", 8000], [""100% 의성 유기농 사과주스"", 7500], [""100% 오렌지주스"", 6000], [""화덕채소구이와 사워도우"", 23000], [""비온뒤맥주"", 10000], [""딸기 금귤 리코타 샐러드"", 17000], [""화덕 버섯구이와 토종콩 후무스"", 24000], [""냉이 오일 파스타"", 18000], [""트러플 머쉬룸 크루아상 샌드위치"", 10000], [""햄치즈 치아바타 샌드위치"", 13000], [""트러플 머쉬룸 치아바타샌드위치"", 13000]]",양식
73,"['https://search.pstatic.net/common/?autoRotate=true&type=w560_sharpen&src=https%3A%2F%2Fnaverbooking-phinf.pstatic.net%2F20230710_57%2F1688973885769vPBYU_JPEG%2FIMG_0540.jpg', 'https://search.pstatic.net/common/?autoRotate=true&type=w278_sharpen&src=https%3A%2F%2Fnaverbooking-phinf.pstatic.net%2F20230710_49%2F1688973886651gzDrK_JPEG%2FIMG_0545.jpg', 'https://search.pstatic.net/common/?autoRotate=true&type=w278_sharpen&src=https%3A%2F%2Fnaverbooking-phinf.pstatic.net%2F20230710_203%2F1688973888575cUf0g_JPEG%2F%25BC%25D2%25B0%25ED%25B1%25E2%25C5%25C1%25B8%25E9.jpg']","서울특별시 마포구 독막로7길 21, 2층 (서교동)",신서울전,64.17,192765.9713,449627.097,0507-1386-1447,화: 16:00 - 01:00; 수: 16:00 - 01:00; 목: 16:00 - 01:00; 금: 16:00 - 04:00; 토: 16:00 - 04:00; 일: 정기휴무 (매주 일요일); 월: 16:00 - 01:00,681,['생일 혜택'],유료 주차 가능,"['음식이 맛있어요', '기본 안주가 좋아요', '술이 다양해요', '인테리어가 멋져요']","['단체석', '연인석', '루프탑']","[[""서울보쌈"", 28000], [""새둥지전"", 16000], [""새우둥지전"", 21000], [""전찌개"", 26000], [""소고기탕면"", 28000], [""모듬전"", 25000], [""미나리새우전"", 25000], [""통새우김치전"", 20000], [""육전"", 19000], [""소곱창전골"", 28000], [""오돌뼈주먹밥"", 21000], [""순살옛날간장치킨"", 16000], [""낙지볶음"", 25000], [""순살순대볶음"", 26000], [""신선로망고빙수"", 28000]]",한식
74,"['https://search.pstatic.net/common/?autoRotate=true&type=w560_sharpen&src=https%3A%2F%2Fldb-phinf.pstatic.net%2F20240711_283%2F17206693515404EYLY_JPEG%2FIMG_6916.jpg', 'https://search.pstatic.net/common/?autoRotate=true&type=w278_sharpen&src=https%3A%2F%2Fldb-phinf.pstatic.net%2F20240626_70%2F171937334833537Oaq_PNG%2F%25B8%25F0%25B5%25EB.png', 'https://search.pstatic.net/common/?autoRotate=true&type=w278_sharpen&src=https%3A%2F%2Fldb-phinf.pstatic.net%2F20241007_34%2F1728264618904291iL_JPEG%2FKakaoTalk_20241006_152741462.jpg']","서울특별시 마포구 월드컵북로 19, 대상빌딩 1층 (서교동)",대서리,324.21,192834.6537,450457.7126,0507-1341-8064,화: 11:30 - 24:00; 수: 11:30 - 24:00; 목: 11:30 - 24:00; 금: 11:30 - 24:00; 토: 16:00 - 24:00; 일: 11:30 - 24:00; 월: 11:30 - 24:00,334,"['단체 이용 가능', '무선 인터넷']",주차 불가,"['음식이 맛있어요', '고기 질이 좋아요', '매장이 넓어요', '특별한 메뉴가 있어요']","['단체석', '입식']","[[""육회(200g)"", 23000], [""오꼬노미계란찜"", 8000], [""열무냉국수"", 6000], [""김치찌개"", 7000], [""된장술밥"", 7000], [""테라"", 6000], [""비빔열무국수"", 6000], [""치즈볶음밥"", 8000], [""대서리모듬(450g)."", 51000], [""태극살(150g)"", 20000], [""삼겹살(150g)"", 17000], [""목살(150g)"", 17000], [""얇은삼겹살(150g)"", 17000], [""짜계치"", 5000], [""통수육 쌈치찌개 정식"", 12000], [""한우사골 설렁탕"", 10000], [""돼지불고기"", 13000], [""뚝배기 제육볶음"", 11000], [""계란말이"", 8000]]",주점
75,"['https://search.pstatic.net/common/?autoRotate=true&type=w560_sharpen&src=https%3A%2F%2Fldb-phinf.pstatic.net%2F20230112_17%2F1673534887748N2r4U_JPEG%2F%25B8%25DE%25C0%25CE1.jpg', 'https://search.pstatic.net/common/?autoRotate=true&type=w560_sharpen&src=https%3A%2F%2Fldb-phinf.pstatic.net%2F20230112_208%2F1673534892184nhzeb_PNG%2F%25B8%25DE%25C0%25CE2.png', 'https://search.pstatic.net/common/?autoRotate=true&type=w278_sharpen&src=https%3A%2F%2Fpup-review-phinf.pstatic.net%2FMjAyMzA1MjFfMjQ3%2FMDAxNjg0NjU0MDk0MzM4.gYSsd2bdi-XgHrXS8-Zh8cogmvFegKLeMb0cwfyyUV0g.cC-S1HMCFXh3KtrvVQY-Jtw7BFCtDoiIPBEalVRXWFUg.JPEG%2F373A3B3E-1837-4409-8386-7E4D81A06C26.jpeg']","서울특별시 마포구 와우산로29길 4-13, 2,3층 (서교동)",데이원,74.0,193692.5169,450313.8823,0507-1377-9973,,45,[],주차 불가,"['커피가 맛있어요', '디저트가 맛있어요', '음료가 맛있어요', '친절해요']",[],"[[""딸기 라떼"", 6500]]",주점
76,"['https://search.pstatic.net/common/?autoRotate=true&type=w560_sharpen&src=https%3A%2F%2Fldb-phinf.pstatic.net%2F20241118_105%2F1731914984628cC0zo_JPEG%2FDSC08170_-_%25BA%25B9%25BB%25E7%25BA%25BB.jpg', 'https://search.pstatic.net/common/?autoRotate=true&type=w278_sharpen&src=https%3A%2F%2Fldb-phinf.pstatic.net%2F20240312_145%2F1710209372870KH9eT_JPEG%2FKakaoTalk_20240312_110812176_01.jpg', 'https://search.pstatic.net/common/?autoRotate=true&type=w278_sharpen&src=https%3A%2F%2Fldb-phinf.pstatic.net%2F20240306_149%2F1709713571408wBCPq_JPEG%2FKakaoTalk_20240306_155730506_01.jpg']","서울특별시 마포구 홍익로3길 44, 호곡빌딩 4층 (서교동)",추파,306.72,192984.7094,450043.4181,0507-1303-5582,화: 18:00 - 02:00; 수: 18:00 - 02:00; 목: 18:00 - 02:00; 금: 18:00 - 02:00; 토: 17:00 - 02:00; 일: 17:00 - 02:00; 월: 18:00 - 02:00,148,"['생일 혜택', '단체 이용 가능']",주차 불가,"['음식이 맛있어요', '인테리어가 멋져요', '단체모임 하기 좋아요', '매장이 넓어요']","['단체석', '룸']","[[""크림닭강정"", 22000], [""구운삼겹플레이트"", 22000], [""돼지고기김치찌개"", 18000], [""된장술밥"", 15000], [""치즈감자전"", 15000], [""명란크림파스타"", 18000], [""차돌들깨파스타"", 18000], [""콘튀김"", 8000], [""스팸계란후라이"", 8000], [""닭껍질말이"", 8000], [""짜계치"", 6000], [""치즈라면"", 6000]]",한식
77,"['https://search.pstatic.net/common/?autoRotate=true&type=w560_sharpen&src=https%3A%2F%2Fldb-phinf.pstatic.net%2F20210606_278%2F1622913650200RGMoP_JPEG%2FXZ0a0EM2dXXG-IA5Di2mPHWi.jpg', 'https://search.pstatic.net/common/?autoRotate=true&type=w278_sharpen&src=https%3A%2F%2Fldb-phinf.pstatic.net%2F20210606_194%2F16229136749294A3DS_JPEG%2FhxI2EmbikvvKDMyBN8nz9SiO.jpg', 'https://search.pstatic.net/common/?autoRotate=true&type=w278_sharpen&src=https%3A%2F%2Fldb-phinf.pstatic.net%2F20210312_5%2F1615482425135IpORp_JPEG%2FLEHieWhAP1nqsIjQJuv2DTH8.jpg']","서울특별시 마포구 잔다리로 12, 홍석빌딩 1층 (서교동)",슈퍼방구 홍대점,141.71,193025.1374,449867.8312,0507-1349-7402,,177,[],,"['음식이 맛있어요', '음악이 좋아요', '인테리어가 멋져요', '가성비가 좋아요']",[],"[[""엄마가해준삼겹김치찌개"", 17000], [""강냉이턴매콤오돌뼈"", 17000], [""큰손 두부김치"", 15000], [""황도화채"", 14000], [""옛날빙수(feat.캔모아)"", 15000]]",한식
78,"['https://search.pstatic.net/common/?autoRotate=true&type=w560_sharpen&src=https%3A%2F%2Fldb-phinf.pstatic.net%2F20231229_146%2F1703851531006Qgh4j_JPEG%2F%25C8%25A6%25BB%25E7%25C1%25F8.JPG', 'https://search.pstatic.net/common/?autoRotate=true&type=w278_sharpen&src=https%3A%2F%2Fldb-phinf.pstatic.net%2F20231229_244%2F17038515272556OjtW_JPEG%2F%25B4%25DC%25C3%25BC%25BC%25AE_%25BB%25E7%25C1%25F8.JPG', 'https://search.pstatic.net/common/?autoRotate=true&type=w278_sharpen&src=https%3A%2F%2Fnaverbooking-phinf.pstatic.net%2F20231122_86%2F1700655185358ivg6B_JPEG%2F%25B8%25C5%25C0%25E5_%25BF%25DC%25BA%25CE.JPG']","서울특별시 마포구 와우산로29마길 16, 지1층 좌측호 (서교동)",만휘군상,49.57,193428.6493,450360.5491,0507-1317-6754,화: 17:00 - 01:00; 수: 17:00 - 01:00; 목: 17:00 - 01:00; 금: 17:00 - 01:00; 토: 17:00 - 01:00; 일: 정기휴무 (매주 일요일); 월: 17:00 - 01:00,98,"['콜키지 가능', '예약', '단체 이용 가능', '무선 인터넷']",주차 불가,"['음식이 맛있어요', '술이 다양해요', '특별한 메뉴가 있어요', '인테리어가 멋져요']",['단체석'],"[[""그릴드포크"", 27000], [""명태튀김 깽쏨소스"", 30000], [""고노와다 파스타"", 19000], [""돼지부속 탕수육"", 19000], [""김짬뽕"", 25000], [""닭무침"", 21000], [""한치 물회"", 21000], [""닭전골"", 24000], [""멕시코식 라구파스타"", 19000], [""돼지고기 장조림과 메쉬포테이토"", 19000], [""한치 통찜"", 26000], [""새우튀김 코코넛크림커리"", 24000]]",일식
79,"['https://search.pstatic.net/common/?autoRotate=true&type=w560_sharpen&src=https%3A%2F%2Fldb-phinf.pstatic.net%2F20240607_189%2F1717751638505jXi2k_JPEG%2FIMG_9222.jpeg', 'https://search.pstatic.net/common/?autoRotate=true&type=w278_sharpen&src=https%3A%2F%2Fldb-phinf.pstatic.net%2F20240318_137%2F1710762463799hWM69_JPEG%2FIMG_8984.jpeg', 'https://search.pstatic.net/common/?autoRotate=true&type=w278_sharpen&src=https%3A%2F%2Fldb-phinf.pstatic.net%2F20240318_97%2F1710762464053nHII9_JPEG%2FIMG_8990.jpeg']","서울특별시 마포구 양화로6길 91, 1층 (서교동)",무제,114.73,192793.6028,449585.7304,0507-1326-7630,,228,"['콜키지 가능', '생일 혜택', '단체 이용 가능', '예약', '무선 인터넷', '노키즈존']",주차 불가,"['음식이 맛있어요', '인테리어가 멋져요', '특별한 메뉴가 있어요', '술이 다양해요']","['룸', '단체석', '바테이블', '1인석', '테라스', '입식']","[[""사시미 모리아와세"", 39000], [""메로구이"", 26000], [""에비후라이"", 8000], [""코보레 스시"", 27000], [""나폴리탄"", 16000], [""바질 바지락찜"", 14000], [""닭구이"", 14000], [""세세리"", 16000], [""건 표고 튀김"", 11000], [""이소베마끼"", 22000], [""팥양갱"", 6000], [""네기도로 타베루"", 21000], [""우니"", 70000], [""전복 내장 파스타"", 24000], [""토마토스튜"", 19000], [""치킨 가라아게"", 14000], [""가지 튀김"", 11000]]",일식
80,"['https://search.pstatic.net/common/?autoRotate=true&type=w560_sharpen&src=https%3A%2F%2Fldb-phinf.pstatic.net%2F20240716_151%2F17210922379807pL3n_JPEG%2F20240708_165353_001.jpg', 'https://search.pstatic.net/common/?autoRotate=true&type=w278_sharpen&src=https%3A%2F%2Fldb-phinf.pstatic.net%2F20240716_92%2F1721092227826VS0pa_JPEG%2F20240708_162531_006.jpg', 'https://search.pstatic.net/common/?autoRotate=true&type=w278_sharpen&src=https%3A%2F%2Fldb-phinf.pstatic.net%2F20240630_28%2F1719714679762ScgWI_JPEG%2FDSC_7637.JPG']","서울특별시 마포구 독막로3길 29, 2층 (서교동)",선비다이닝,83.0,192603.2283,449717.1817,0507-1414-7018,화: 16:00 - 01:30; 수: 16:00 - 01:30; 목: 16:00 - 01:30; 금: 16:00 - 01:30; 토: 16:00 - 01:30; 일: 16:00 - 01:30; 월: 16:00 - 01:30,587,"['콜키지 가능', '단체 이용 가능', '무선 인터넷', '대기공간', '예약', '노키즈존']",주차 불가,"['음식이 맛있어요', '술이 다양해요', '기본 안주가 좋아요', '특별한 메뉴가 있어요']",['단체석'],"[[""치즈감자채전"", 7000], [""불잡채와납작만두"", 11000], [""해물떡라면"", 8000], [""김치전"", 7000], [""떡구이"", 5000]]",한식
81,"['https://search.pstatic.net/common/?autoRotate=true&type=w560_sharpen&src=https%3A%2F%2Fldb-phinf.pstatic.net%2F20240425_227%2F171400655479148yms_JPEG%2FKakaoTalk_20230509_210150243_01.jpg', 'https://search.pstatic.net/common/?autoRotate=true&type=w278_sharpen&src=https%3A%2F%2Fldb-phinf.pstatic.net%2F20240425_11%2F1714006557425El2Fq_JPEG%2FKakaoTalk_20230509_212135445.jpg', 'https://search.pstatic.net/common/?autoRotate=true&type=w278_sharpen&src=https%3A%2F%2Fldb-phinf.pstatic.net%2F20240425_76%2F1714006662531CjtUr_JPEG%2FKakaoTalk_20230509_212135445_01.jpg']","서울특별시 마포구 잔다리로 35, 1층 101호 (서교동)",솥돈 홍대점,92.0,192798.7317,449918.6079,0507-1470-2779,화: 11:00 - 22:30; 수: 11:00 - 22:30; 목: 11:00 - 22:30; 금: 11:00 - 22:30; 토: 12:00 - 22:30; 일: 12:00 - 22:30; 월: 11:00 - 22:30,535,"['콜키지 가능', '단체 이용 가능', '무선 인터넷']",,"['음식이 맛있어요', '고기 질이 좋아요', '친절해요', '직접 잘 구워줘요']",['단체석'],"[[""솥돈 삼겹살"", 16000], [""솥돈 목살"", 16000], [""솥 김치칼국수"", 8000], [""솥 김치알밥"", 4000]]",한식
82,"['https://search.pstatic.net/common/?autoRotate=true&type=w560_sharpen&src=https%3A%2F%2Fldb-phinf.pstatic.net%2F20240618_121%2F1718722600970wJS44_JPEG%2F%25C5%25A9%25B1%25E2%25BA%25AF%25C8%25AF%25B4%25EB%25C7%25A51.jpg', 'https://search.pstatic.net/common/?autoRotate=true&type=w278_sharpen&src=https%3A%2F%2Fldb-phinf.pstatic.net%2F20240618_63%2F17187226009480avTe_JPEG%2F%25C5%25A9%25B1%25E2%25BA%25AF%25C8%25AF%25B4%25EB%25C7%25A52.jpg', 'https://search.pstatic.net/common/?autoRotate=true&type=w278_sharpen&src=https%3A%2F%2Fldb-phinf.pstatic.net%2F20240122_79%2F1705891496545V1fov_JPEG%2FIMG_3554.jpeg']","서울특별시 마포구 와우산로29라길 7, 지하1층 일부 1호 (서교동)",밍키친,46.2,193515.2652,450352.9273,0507-1411-6411,화: 정기휴무 (매주 화요일); 수: 17:00 - 02:00; 목: 17:00 - 02:00; 금: 17:00 - 02:00; 토: 17:00 - 02:00; 일: 17:00 - 02:00; 월: 17:00 - 02:00,41,"['콜키지 가능', '단체 이용 가능', '포장', '무선 인터넷', '예약']",무료 주차 가능,"['음식이 맛있어요', '가성비가 좋아요', '친절해요', '기본 안주가 좋아요']","['바테이블', '연인석', '1인석']","[[""미나리 초무침"", 16000], [""갓김치 파스타"", 16500], [""갈치속젓 오일 파스타"", 16500], [""차돌된장 (술) 찌개"", 18000], [""바지락 술찜"", 16000], [""해장짬뽕라면"", 8500], [""볶음김치전"", 8500], [""김치커리계란말이"", 14500], [""치즈김치볶음밥"", 8000], [""파닭전"", 16000], [""치즈구이&차돌육전"", 17000], [""닭치찌개"", 18000], [""타이소스수육냉채"", 19500], [""부채살큐브야채볶음"", 19000], [""아이스요거트&아이스크림"", 13000], [""중국식오이탕탕이"", 8500]]",한식
83,"['https://search.pstatic.net/common/?autoRotate=true&type=w560_sharpen&src=https%3A%2F%2Fldb-phinf.pstatic.net%2F20240325_257%2F17113685778159fPNL_JPEG%2FKakaoTalk_20240325_210438284_12.jpg', 'https://search.pstatic.net/common/?autoRotate=true&type=w278_sharpen&src=https%3A%2F%2Fldb-phinf.pstatic.net%2F20240325_3%2F1711368584830sTE0g_JPEG%2FKakaoTalk_20240325_210438284_11.jpg', 'https://search.pstatic.net/common/?autoRotate=true&type=w278_sharpen&src=https%3A%2F%2Fldb-phinf.pstatic.net%2F20240325_36%2F17113685905807jsKG_JPEG%2FKakaoTalk_20240325_210438284_10.jpg']","서울특별시 마포구 어울마당로 58-1, 2층 (서교동)",불간짬뽕,80.9,192982.3766,449782.4797,0507-1395-3772,화: 11:00 - 21:00; 수: 11:00 - 21:00; 목: 11:00 - 21:00; 금: 11:00 - 22:00; 토: 11:00 - 22:00; 일: 12:00 - 21:00; 월: 정기휴무 (매주 월요일),360,"['무한 리필', '포장', '무선 인터넷', '단체 이용 가능', '예약', '유아의자', '배달']",주차 불가,"['음식이 맛있어요', '재료가 신선해요', '양이 많아요', '친절해요']","['연인석', '입식', '단체석']","[[""간짬뽕(1,2,3단)"", 12000], [""소고기해물짬뽕(일반,매운)"", 12000], [""유니짜장"", 8000], [""탕수육(소)"", 17000], [""탕수육(중)"", 22000], [""탕수육(대)"", 27000], [""반만두"", 5000], [""군만두"", 8000], [""세트1 짜장+짬뽕(선택가능1)+탕수육(소)"", 35000], [""세트2 짜장+짬뽕(선택가능1)+탕수육(중)"", 40000], [""세트3 짬뽕(선택가능1)+짬뽕(선택가능1)+탕수육(소)"", 39000], [""세트4 짬뽕(선택가능1)+짬뽕(선택가능1)+탕수육(중)"", 44000]]",중식
84,"['https://search.pstatic.net/common/?autoRotate=true&type=w560_sharpen&src=https%3A%2F%2Fldb-phinf.pstatic.net%2F20250209_93%2F1739083091463VvXlo_JPEG%2F6BF677F5-4A45-41DE-BC3C-BFF19EF0EFC1.jpeg', 'https://search.pstatic.net/common/?autoRotate=true&type=w278_sharpen&src=https%3A%2F%2Fldb-phinf.pstatic.net%2F20250209_144%2F1739083092992l5CDc_JPEG%2FIMG_1371.jpeg', 'https://search.pstatic.net/common/?autoRotate=true&type=w278_sharpen&src=https%3A%2F%2Fldb-phinf.pstatic.net%2F20250209_58%2F1739083093034RHFTo_JPEG%2FIMG_1361.jpeg']","서울특별시 마포구 동교로 140, 1층 우측호 (서교동)",우미토부,45.43,192651.2187,450314.1156,0507-1439-5452,화: 11:30 - 21:00; 수: 11:30 - 21:00; 목: 11:30 - 21:00; 금: 11:30 - 21:00; 토: 정기휴무 (매주 토요일); 일: 정기휴무 (매주 일요일); 월: 11:30 - 21:00,54,['무선 인터넷'],주차 불가,"['음식이 맛있어요', '재료가 신선해요', '특별한 메뉴가 있어요', '혼밥하기 좋아요']","['좌식', '카운터석', '바테이블']","[[""아지후라이정식"", 13000], [""아지에비타마동"", 12000], [""아지MIX후라이정식"", 15000], [""아지사케후라이정식"", 12000], [""사케동"", 16000], [""치킨가라아게정식"", 11000], [""아지사시미동"", 12000], [""아지에비후라이정식"", 12000], [""아지에지타마돈부리"", 12000]]",일식
85,"['https://search.pstatic.net/common/?autoRotate=true&type=w560_sharpen&src=https%3A%2F%2Fldb-phinf.pstatic.net%2F20240531_166%2F1717116120567SQTws_PNG%2F8.PNG', 'https://search.pstatic.net/common/?autoRotate=true&type=w278_sharpen&src=https%3A%2F%2Fldb-phinf.pstatic.net%2F20240531_157%2F1717116120736iolK9_PNG%2F4.PNG', 'https://search.pstatic.net/common/?autoRotate=true&type=w278_sharpen&src=https%3A%2F%2Fldb-phinf.pstatic.net%2F20240530_248%2F17170592275272kgbq_JPEG%2F%25BF%25DC%25BA%25CE.jpg']","서울특별시 마포구 월드컵북로5길 12, 도경빌딩 1층 (서교동)",소담촌,389.35,192677.7665,450573.6321,02-332-3008,,173,['무한 리필'],무료 주차 가능,"['음식이 맛있어요', '재료가 신선해요', '양이 많아요', '가성비가 좋아요']","['룸', '좌식', '입식']","[[""월남쌈해물샤브정식"", 19000], [""명품한우샤브정식"", 19000], [""월남쌈버섯샤브"", 21900], [""월남쌈명품한우샤브"", 24500], [""월남쌈와규샤브정식"", 16000], [""월남쌈샤브정식"", 14900], [""월남쌈샤브"", 16900], [""월남쌈와규샤브"", 21000], [""월남쌈스페셜샤브"", 26000], [""우삼겹구이&샤브"", 20000], [""돈삼겹구이&샤브"", 21000], [""와규구이&샤브"", 22900], [""월남쌈버섯샤브정식"", 16500], [""주먹밥(소불고기,간장버터치즈,참치마요)"", 2500], [""떡볶이"", 5000]]",한식
86,"['https://search.pstatic.net/common/?autoRotate=true&type=w560_sharpen&src=https%3A%2F%2Fldb-phinf.pstatic.net%2F20241031_35%2F1730361922646JloOI_JPEG%2FCHOI8934_2.jpeg', 'https://search.pstatic.net/common/?autoRotate=true&type=w278_sharpen&src=https%3A%2F%2Fldb-phinf.pstatic.net%2F20241031_286%2F1730361886221xPY6N_JPEG%2FCHOI8925.jpeg', 'https://search.pstatic.net/common/?autoRotate=true&type=w278_sharpen&src=https%3A%2F%2Fldb-phinf.pstatic.net%2F20241031_215%2F1730361826557A1zCL_JPEG%2FCHOI8858.jpeg']","서울특별시 마포구 와우산로27길 26, 지하1층 일부호 (서교동)",타코베이커,40.0,193484.2028,450242.5771,0507-1338-4085,화: 정기휴무 (매주 화요일); 수: 15:00 - 24:00; 목: 15:00 - 24:00; 금: 15:00 - 24:00; 토: 12:00 - 24:00; 일: 12:00 - 24:00; 월: 15:00 - 24:00,61,[],,"['음식이 맛있어요', '친절해요', '재료가 신선해요', '인테리어가 멋져요']",[],"[[""베이커타코"", 6500], [""대파타코"", 7500], [""치즈타코"", 7500], [""치폴레타코"", 7500]]",일식
87,"['https://search.pstatic.net/common/?autoRotate=true&type=w278_sharpen&src=https%3A%2F%2Fldb-phinf.pstatic.net%2F20250219_263%2F17399530119612GPIx_JPEG%2F250211%25C1%25D6%25B6%25F4%25B0%25A33445.jpg', 'https://search.pstatic.net/common/?autoRotate=true&type=w278_sharpen&src=https%3A%2F%2Fldb-phinf.pstatic.net%2F20250219_185%2F1739953012652YL1e3_JPEG%2F250211%25C1%25D6%25B6%25F4%25B0%25A33446.jpg', 'https://search.pstatic.net/common/?autoRotate=true&type=w278_sharpen&src=https%3A%2F%2Fldb-phinf.pstatic.net%2F20250219_262%2F1739953011793ltUKo_JPEG%2F250211%25C1%25D6%25B6%25F4%25B0%25A33451.jpg']","서울특별시 마포구 독막로3길 27, 1층 우측호 (서교동)",주락간,66.1,192602.7823,449705.5851,0507-1408-9096,화: 17:00 - 01:00; 수: 17:00 - 01:00; 목: 17:00 - 01:00; 금: 17:00 - 02:00; 토: 16:00 - 02:00; 일: 16:00 - 01:00; 월: 17:00 - 01:00,258,"['생일 혜택', '단체 이용 가능', '무선 인터넷', '예약']",주차 불가,"['음식이 맛있어요', '기본 안주가 좋아요', '친절해요', '인테리어가 멋져요']","['단체석', '입식']","[[""민물새우가득한 얼큰 매운탕"", 20000], [""수비드로 조리한 항정살 제철나물무침"", 22000], [""시나몬 크런치 토스트"", 8900], [""김치메밀전병"", 8900], [""꿀고구마튀김"", 8900], [""주문즉시 튀긴 김부각"", 8900], [""고기가득 시장국물떡볶이"", 14000], [""우삼겹알배추찜"", 15000], [""고기가득 한장 계란육전"", 18000], [""포두부김치쌈"", 19000], [""<당일배송> 바지락술찜"", 21000], [""매콤한 알곤이비빔칼국수"", 21000], [""매콤한 낙지볶음with(고수or깻잎)"", 22000], [""100%닭다리살 순살 닭볶음탕"", 26000], [""매일삶는 아롱사태 샤브샤브"", 28000], [""고기넣고 만든 강된장 비빔밥"", 8000], [""웰컴 식전주 무료"", null]]",한식
88,"['https://search.pstatic.net/common/?autoRotate=true&type=w560_sharpen&src=https%3A%2F%2Fldb-phinf.pstatic.net%2F20240509_33%2F1715242222980hb3XL_JPEG%2Fimage.jpg', 'https://search.pstatic.net/common/?autoRotate=true&type=w278_sharpen&src=https%3A%2F%2Fldb-phinf.pstatic.net%2F20210908_199%2F1631027884774pOTyX_JPEG%2F6sG9zLXx8jduyYofvj6ZfN4l.jpeg.jpg', 'https://search.pstatic.net/common/?autoRotate=true&type=w278_sharpen&src=https%3A%2F%2Fldb-phinf.pstatic.net%2F20240710_194%2F1720609767806UzD9j_JPEG%2FIMG_6435.jpeg']","서울특별시 마포구 월드컵북로5나길 18, 1층 105호 (서교동, 서교동 대우미래사랑)",우리동네연탄고기,106.25,192577.9908,450569.6705,0507-1433-3482,화: 16:00 - 22:30; 수: 16:00 - 22:30; 목: 16:00 - 22:30; 금: 16:00 - 22:30; 토: 16:00 - 22:30; 일: 16:00 - 22:30; 월: 16:00 - 22:30,128,"['무선 인터넷', '단체 이용 가능', '예약']",,"['음식이 맛있어요', '친절해요', '매장이 청결해요', '재료가 신선해요']",[],"[[""뚱돼지 삼겹살"", 15000], [""두툼 뚱목살"", 15000], [""그 시절 연탄 생갈비"", 15000], [""등심덧살 가브리"", 16000], [""항정살"", 17000], [""단짠단짝 돼지갈비"", 16000], [""꼬들한 꼬들살"", 16000], [""꼬수운 초벌막창"", 15000], [""쫄깃 껍데기"", 7000]]",한식
89,"['https://search.pstatic.net/common/?autoRotate=true&type=w560_sharpen&src=https%3A%2F%2Fldb-phinf.pstatic.net%2F20240913_84%2F1726233665113hcCcy_JPEG%2F24%25A1%25DA.jpg', 'https://search.pstatic.net/common/?autoRotate=true&type=w278_sharpen&src=https%3A%2F%2Fldb-phinf.pstatic.net%2F20250114_164%2F1736783471289UP3FI_JPEG%2F1000007898.jpg', 'https://search.pstatic.net/common/?autoRotate=true&type=w278_sharpen&src=https%3A%2F%2Fldb-phinf.pstatic.net%2F20240913_236%2F1726233665189M6EPF_JPEG%2F3.jpg']","서울특별시 마포구 양화로6길 91, 2층 (서교동)",주도,98.0,192793.6028,449585.7304,0507-1416-7504,화: 17:00 - 02:00; 수: 17:00 - 02:00; 목: 17:00 - 02:00; 금: 17:00 - 04:00; 토: 17:00 - 04:00; 일: 17:00 - 02:00; 월: 17:00 - 02:00,151,"['생일 혜택', '단체 이용 가능', '예약', '포장', '무선 인터넷']",주차 불가,"['음식이 맛있어요', '인테리어가 멋져요', '친절해요', '대화하기 좋아요']","['룸', '테라스', '단체석']","[[""항정 & 바지락 술찜"", 33000], [""한우 아보카도 육회"", 26000], [""한우 육사시미 플레이트"", 24000], [""수비드 냉 제육"", 25000], [""빼쉐"", 26000], [""빠네 로제 떡볶이"", 23000], [""닭 목살 구이"", 23000], [""화끈 불 돼지꼬랑지"", 25000], [""추억의 경양식 왕 돈까스"", 21000], [""주도 해장 라면"", 7000], [""트러플 짜파게티"", 9000], [""통새우 미나리전"", 19000], [""주도 항정 수육"", 26000], [""주도 반반 수육"", 28000], [""삼겹 & 바지락 술찜"", 31000]]",한식
90,"['https://search.pstatic.net/common/?autoRotate=true&type=w560_sharpen&src=https%3A%2F%2Fldb-phinf.pstatic.net%2F20240304_28%2F1709563017471pAurb_JPEG%2FKakaoTalk_20240304_233547325.jpg', 'https://search.pstatic.net/common/?autoRotate=true&type=w278_sharpen&src=https%3A%2F%2Fldb-phinf.pstatic.net%2F20240304_31%2F1709563103609hmBhC_JPEG%2FKakaoTalk_20240304_233735494.jpg', 'https://search.pstatic.net/common/?autoRotate=true&type=w278_sharpen&src=https%3A%2F%2Fldb-phinf.pstatic.net%2F20240304_33%2F1709563017468t9exU_JPEG%2FKakaoTalk_20240304_233500773.jpg']","서울특별시 마포구 동교로22길 38, 1층 일부호 (서교동)",나스 서교,66.0,192677.4899,450231.7505,0507-1380-9144,수: 18:00 - 01:00; 목: 18:00 - 01:00; 금: 18:00 - 01:00; 토: 18:00 - 01:00; 일: 정기휴무 (매주 일요일); 월: 정기휴무 (매주 월요일); 화: 18:00 - 01:00,106,"['콜키지 가능', '단체 이용 가능', '반려동물 동반', '예약']",무료 주차 가능,"['음식이 맛있어요', '친절해요', '특별한 메뉴가 있어요', '술이 다양해요']",[],"[[""2인사시미"", 34000], [""고등어봉초밥"", 28000]]",일식
91,"['https://search.pstatic.net/common/?autoRotate=true&type=w560_sharpen&src=https%3A%2F%2Fldb-phinf.pstatic.net%2F20240805_222%2F1722866049635y0Nkg_JPEG%2FKakaoTalk_20240805_223730593.jpg', 'https://search.pstatic.net/common/?autoRotate=true&type=w278_sharpen&src=https%3A%2F%2Fldb-phinf.pstatic.net%2F20240805_248%2F1722866125214Ck8Q5_JPEG%2FKakaoTalk_20240805_223730593_02.jpg', 'https://search.pstatic.net/common/?autoRotate=true&type=w278_sharpen&src=https%3A%2F%2Fldb-phinf.pstatic.net%2F20240805_80%2F1722866130721OaNEs_JPEG%2FKakaoTalk_20240805_223743962_05.jpg']","서울특별시 마포구 양화로6길 57-22, 1층 (서교동)",불막열삼 합정점,89.92,192689.0107,449682.0286,0507-1360-9376,화: 17:00 - 01:00; 수: 17:00 - 01:00; 목: 17:00 - 01:00; 금: 17:00 - 02:00; 토: 17:00 - 02:00; 일: 17:00 - 02:00; 월: 정기휴무 (매주 월요일),233,"['글루텐프리 메뉴', '콜키지 가능', '예약', '무선 인터넷', '단체 이용 가능']",주차 불가,"['음식이 맛있어요', '고기 질이 좋아요', '친절해요', '가성비가 좋아요']","['입식', '단체석']","[[""냉삼겹"", null], [""무뼈불닭발"", null], [""땡초라면"", null], [""우삼겹 된장찌개"", null], [""소곱창전골"", null], [""우삼겹"", null], [""파막창"", null], [""소곱창"", null], [""소대창"", null], [""생막창"", null], [""불막창"", null], [""소막창"", null], [""꼬들살"", null], [""생삼겹"", null], [""왕갈비"", null], [""흑미쌀냉면"", null], [""계란찜"", null], [""돼지껍데기"", null]]",한식
92,"['https://search.pstatic.net/common/?autoRotate=true&type=w560_sharpen&src=https%3A%2F%2Fldb-phinf.pstatic.net%2F20240424_287%2F1713932228356XprVg_JPEG%2FKakaoTalk_20240424_131530241_01.jpg', 'https://search.pstatic.net/common/?autoRotate=true&type=w278_sharpen&src=https%3A%2F%2Fldb-phinf.pstatic.net%2F20240410_123%2F1712734228047SxmVl_JPEG%2F20240410_091328.jpg', 'https://search.pstatic.net/common/?autoRotate=true&type=w278_sharpen&src=https%3A%2F%2Fldb-phinf.pstatic.net%2F20240424_204%2F1713932358117AYJTl_JPEG%2F%25C0%25B0%25C0%25FC%25BA%25CE%25C4%25A1%25B1%25E2%25BF%25F8%25BA%25BB-%25C4%25C3%25B7%25AF.jpg']","서울특별시 마포구 월드컵북로 9-1, 1층 (서교동)",육전국밥 서교점,148.0,192896.8542,450392.8418,02-322-6364,수: 00:00 - 24:00; 목: 00:00 - 24:00; 금: 00:00 - 24:00; 토: 00:00 - 24:00; 일: 00:00 - 24:00; 월: 00:00 - 24:00,166,"['포장', '단체 이용 가능', '예약']",무료 주차 가능,"['음식이 맛있어요', '매장이 넓어요', '혼밥하기 좋아요', '재료가 신선해요']","['룸', '1인석', '바테이블', '입식']","[[""육전소고기국밥"", 10000], [""소고기국밥"", 9000]]",한식
93,"['https://search.pstatic.net/common/?autoRotate=true&type=w560_sharpen&src=https%3A%2F%2Fldb-phinf.pstatic.net%2F20240412_289%2F1712910438713bKszX_JPEG%2FIMG_4484.jpeg', 'https://search.pstatic.net/common/?autoRotate=true&type=w278_sharpen&src=https%3A%2F%2Fldb-phinf.pstatic.net%2F20240416_18%2F171323376902814A7D_JPEG%2FIMG_4523.jpeg', 'https://search.pstatic.net/common/?autoRotate=true&type=w278_sharpen&src=https%3A%2F%2Fldb-phinf.pstatic.net%2F20240416_56%2F1713233769180uzgmF_JPEG%2FIMG_4521.jpeg']","서울특별시 마포구 잔다리로7길 5, 1층 (서교동)",오성국수,45.21,192632.2418,450071.2744,02-336-5453,화: 11:00 - 20:00; 수: 11:00 - 20:00; 목: 11:00 - 20:00; 금: 11:00 - 20:00; 토: 정기휴무 (매주 토요일); 일: 11:00 - 20:00; 월: 11:00 - 20:00,104,"['비건 메뉴', '포장', '무선 인터넷', '대기공간', '단체 이용 가능']",주차 불가,"['음식이 맛있어요', '혼밥하기 좋아요', '재료가 신선해요', '친절해요']","['바테이블', '1인석', '좌식']","[[""멸치국수"", 6500], [""멸고국수"", 8500], [""소불고기비빔국수"", 10000], [""비빔국수"", 7500], [""고기비빔국수"", 9500], [""크래미김밥"", 3500], [""매콤어묵국수"", 7500], [""참치김밥"", 3500], [""일미김밥"", 3500], [""불고기김밥"", 4500], [""고기만두"", 4000], [""미니고기덮밥"", 4500]]",한식
94,"['https://search.pstatic.net/common/?autoRotate=true&type=w560_sharpen&src=https%3A%2F%2Fldb-phinf.pstatic.net%2F20240423_190%2F1713847000422N0g5D_JPEG%2FKakaoTalk_20240423_133040555_10.jpg', 'https://search.pstatic.net/common/?autoRotate=true&type=w278_sharpen&src=https%3A%2F%2Fldb-phinf.pstatic.net%2F20240423_225%2F17138479422963QCth_JPEG%2FKakaoTalk_20240423_133040555_05.jpg', 'https://search.pstatic.net/common/?autoRotate=true&type=w278_sharpen&src=https%3A%2F%2Fldb-phinf.pstatic.net%2F20240423_121%2F1713847405931UN0jM_JPEG%2FKakaoTalk_20240423_133040555_04.jpg']","서울특별시 마포구 와우산로15길 33, 1층 (서교동)",이크,51.42,193007.4909,449650.4372,0507-1439-1466,화: 11:30 - 24:00; 수: 11:30 - 24:00; 목: 11:30 - 24:00; 금: 11:30 - 01:00; 토: 18:00 - 01:00; 일: 18:00 - 24:00; 월: 11:30 - 24:00,181,"['콜키지 가능', '콜키지 가능', '단체 이용 가능', '무선 인터넷', '예약']",주차 불가,"['음식이 맛있어요', '인테리어가 멋져요', '친절해요', '특별한 메뉴가 있어요']","['단체석', '바테이블', '좌식']","[[""야키토리 5종"", 17000], [""야키토리 7종"", 23000]]",일식
95,"['https://search.pstatic.net/common/?autoRotate=true&type=w560_sharpen&src=https%3A%2F%2Fldb-phinf.pstatic.net%2F20241115_143%2F1731650974104hUw0g_JPEG%2FIMG_6735.jpeg', 'https://search.pstatic.net/common/?autoRotate=true&type=w278_sharpen&src=https%3A%2F%2Fldb-phinf.pstatic.net%2F20240430_34%2F1714478301836SY2Ee_PNG%2FKakaoTalk_20240430_185337152_10.png', 'https://search.pstatic.net/common/?autoRotate=true&type=w278_sharpen&src=https%3A%2F%2Fldb-phinf.pstatic.net%2F20240430_139%2F1714478301604h8c21_PNG%2FKakaoTalk_20240430_185337152_08.png']","서울특별시 마포구 와우산로19길 27, 2층 (서교동)",무제 홍대점,99.75,193007.6748,449883.8158,0507-1361-6840,화: 18:00 - 03:00; 수: 18:00 - 03:00; 목: 18:00 - 03:00; 금: 18:00 - 04:00; 토: 18:00 - 04:00; 일: 정기휴무 (매주 일요일); 월: 정기휴무 (매주 월요일),129,"['생일 혜택', '콜키지 가능', '단체 이용 가능', '무선 인터넷', '노키즈존', '예약', '반려동물 동반']",무료 주차 가능,"['음식이 맛있어요', '인테리어가 멋져요', '음악이 좋아요', '특별한 메뉴가 있어요']","['단체석', '카운터석', '좌식', '바테이블', '연인석']","[[""묵은지 들기름 냉 파스타"", 9000], [""소고기 토마토 스튜"", 19000], [""비스큐 (새우) 오일 파스타"", 12000], [""갈릭 쉬림프 라이스"", 10000], [""냉 보쌈"", 16000], [""갈빗살구이"", 18000], [""국물 해물 떡볶이"", 17000], [""가라유린기"", 16000], [""감바스"", 16000], [""치즈 폭탄 나쵸쓰"", 10900], [""무제 스크렘블 에그"", 10900], [""파인샤베트"", 8000], [""스지탕"", 19000], [""해물꽃게탕"", 21000], [""연어샐러드"", 14000], [""가라아게"", 13000]]",한식
96,"['https://search.pstatic.net/common/?autoRotate=true&type=w560_sharpen&src=https%3A%2F%2Fldb-phinf.pstatic.net%2F20240925_60%2F1727270290212UknyJ_JPEG%2F%25C5%25E6%25C7%25D54.jpg', 'https://search.pstatic.net/common/?autoRotate=true&type=w278_sharpen&src=https%3A%2F%2Fldb-phinf.pstatic.net%2F20240925_70%2F1727270316161Sr5kb_JPEG%2F%25C5%25E6%25C7%25D53.jpg', 'https://search.pstatic.net/common/?autoRotate=true&type=w278_sharpen&src=https%3A%2F%2Fldb-phinf.pstatic.net%2F20240925_14%2F1727270316124jloep_JPEG%2F%25C5%25E6%25C7%25D55.jpg']","서울특별시 마포구 독막로7길 56, 1층 좌측호 (서교동)",톤토로,54.12,192880.5061,449767.969,0507-1498-5959,수: 17:00 - 02:00; 목: 17:00 - 02:00; 금: 17:00 - 02:00; 토: 17:00 - 02:00; 일: 17:00 - 02:00; 월: 17:00 - 02:00; 화: 17:00 - 02:00,89,"['콜키지 가능', '무선 인터넷', '단체 이용 가능']",주차 불가,"['음식이 맛있어요', '인테리어가 멋져요', '특별한 메뉴가 있어요', '친절해요']",[],"[[""톤토로(항정살)"", 3000], [""목살"", 3500], [""꼬들살"", 3800], [""뽈살"", 3500], [""톤츠쿠네"", 4000], [""닭날개"", 3500], [""닭목살"", 2500], [""닭염통"", 1500], [""톤스키야키"", 15500], [""흑후추오돌튀김"", 9000], [""연유치즈토마토"", 4500]]",일식
97,"['https://search.pstatic.net/common/?autoRotate=true&type=w560_sharpen&src=https%3A%2F%2Fldb-phinf.pstatic.net%2F20240722_61%2F1721622809758z50cl_JPEG%2F20240719_201018.jpg', 'https://search.pstatic.net/common/?autoRotate=true&type=w278_sharpen&src=https%3A%2F%2Fldb-phinf.pstatic.net%2F20240722_96%2F17216227926494fGnG_JPEG%2F20240719_200452.jpg', 'https://search.pstatic.net/common/?autoRotate=true&type=w278_sharpen&src=https%3A%2F%2Fldb-phinf.pstatic.net%2F20240722_83%2F1721611185643lz011_JPEG%2F20240719_202924.jpg']","서울특별시 마포구 와우산로27길 6, 1층 (서교동)",돼동여지도,91.4,193566.1133,450185.3744,0507-1443-0604,화: 11:00 - 23:00; 수: 11:00 - 23:00; 목: 11:00 - 23:00; 금: 11:00 - 23:00; 토: 11:00 - 23:00; 일: 정기휴무 (매주 일요일); 월: 11:00 - 23:00,153,"['단체 이용 가능', '예약', '무선 인터넷']",주차 불가,"['음식이 맛있어요', '고기 질이 좋아요', '양이 많아요', '가성비가 좋아요']",[],"[[""냉동삼겹살"", 10900], [""차돌박이"", 13900]]",한식
98,"['https://search.pstatic.net/common/?autoRotate=true&type=w560_sharpen&src=https%3A%2F%2Fldb-phinf.pstatic.net%2F20240528_92%2F1716865852979zzgE2_PNG%2F%25B8%25DE1.PNG', 'https://search.pstatic.net/common/?autoRotate=true&type=w278_sharpen&src=https%3A%2F%2Fldb-phinf.pstatic.net%2F20240528_250%2F1716865856903vzOmh_PNG%2F%25B8%25DE2.PNG', 'https://search.pstatic.net/common/?autoRotate=true&type=w278_sharpen&src=https%3A%2F%2Fldb-phinf.pstatic.net%2F20240507_20%2F1715022420169eRxdR_JPEG%2FKakaoTalk_20240507_040557120.jpg']","서울특별시 마포구 와우산로29바길 18, 지하1층 일부호 (서교동)",홍대하녹,13.42,193375.8789,450384.2268,,,113,"['글루텐프리 메뉴', '포장', '배달', '예약', '단체 이용 가능', '무선 인터넷', '대기공간']",주차 불가,"['음식이 맛있어요', '친절해요', '인테리어가 멋져요', '특별한 메뉴가 있어요']",['바테이블'],"[[""흑임자 찹쌀떡"", 1500], [""아몬드 찹쌀떡"", 1500], [""호박 찹쌀떡"", 1500], [""바나나 찹쌀떡"", 1500], [""쑥 찹쌀떡"", 2000], [""오리지널 찹쌀떡"", 2000], [""카스테라 찹쌀떡"", 3000], [""돼지바 찹쌀떡"", 3000], [""백년초 찹쌀떡"", 3000], [""오메기떡"", 3000], [""인절미 크림떡"", 3000]]",한식
99,"['https://search.pstatic.net/common/?autoRotate=true&type=w560_sharpen&src=https%3A%2F%2Fldb-phinf.pstatic.net%2F20241217_44%2F1734410079395yp0Tj_JPEG%2F44.%25B4%25DC%25C3%25BC%25C4%25C62.jpg', 'https://search.pstatic.net/common/?autoRotate=true&type=w278_sharpen&src=https%3A%2F%2Fldb-phinf.pstatic.net%2F20241217_63%2F1734410139917mBYnv_JPEG%2F43.%25B4%25DC%25C3%25BC%25C4%25C61.jpg', 'https://search.pstatic.net/common/?autoRotate=true&type=w278_sharpen&src=https%3A%2F%2Fldb-phinf.pstatic.net%2F20241217_96%2F1734410097327z2nTf_JPEG%2F48.%25BD%25A13.jpg']","서울특별시 마포구 양화로6길 73, 2층 (서교동)",목벌,147.35,192711.3815,449598.0041,0507-1387-8729,화: 12:00 - 23:00; 수: 12:00 - 23:00; 목: 12:00 - 23:00; 금: 12:00 - 23:00; 토: 12:00 - 23:00; 일: 12:00 - 23:00; 월: 정기휴무 (매주 월요일),39,"['콜키지 가능', '생일 혜택', '단체 이용 가능', '예약', '무선 인터넷', '대기공간', '장애인 휠체어 이용가능']",유료 주차 가능,"['음식이 맛있어요', '고기 질이 좋아요', '인테리어가 멋져요', '친절해요']","['테라스', '연인석']","[[""목벌 한우모둠세트"", 87000], [""목벌 한우 눈꽃갈비"", 27000], [""한우 소갈비살 (생/양념)"", 19000], [""목벌 한우 등심"", 25000], [""목벌 하이볼"", 8000], [""한우 고기말이"", 20000], [""목벌 한우 육사시미 1++"", 28000], [""목벌 한우 육회 1++"", 25000], [""한우 달래 된장찌개"", 9000], [""목벌 육회비빔밥"", 13000], [""한우 소고기 강된장 (점심 메뉴)"", 12000], [""돌판 차돌 누룽지 볶음밥"", 12000], [""돌판 트러플 짜파게티"", 8000], [""차돌박이 라면"", 10000], [""목벌 얼칡이 냉면 (물/비빔)"", 9000], [""미국식 떡갈비 정식"", 14000], [""뚝배기 불고기"", 13000], [""목벌 한우 된장 술밥"", 11000], [""콜키지 프리"", 1]]",한식
100,"['https://search.pstatic.net/common/?autoRotate=true&type=w560_sharpen&src=https%3A%2F%2Fnaverbooking-phinf.pstatic.net%2F20250106_158%2F1736168094760ocxA7_PNG%2F041.png', 'https://search.pstatic.net/common/?autoRotate=true&type=w278_sharpen&src=https%3A%2F%2Fnaverbooking-phinf.pstatic.net%2F20250106_113%2F1736167975597VB9qD_PNG%2F24.png', 'https://search.pstatic.net/common/?autoRotate=true&type=w278_sharpen&src=https%3A%2F%2Fnaverbooking-phinf.pstatic.net%2F20250106_176%2F1736167974674fdWpX_PNG%2F%25B4%25EB%25B9%25AE_01.png']","서울특별시 마포구 양화로8길 16-22, 1층 (서교동)",안목가돈,105.9,192440.4988,449683.1882,0507-1378-4459,,191,"['콜키지 가능', '단체 이용 가능', '무선 인터넷', '예약', '대기공간']",주차 불가,"['음식이 맛있어요', '고기 질이 좋아요', '인테리어가 멋져요', '친절해요']","['단체석', '룸', '입식', '테라스']","[[""돼지한판(500g)"", 50000], [""삼각살(150g) *한정판매*"", 16000], [""가브리살(150g)"", 16000], [""꼬들살(150g)"", 16000], [""오겹살(150g)"", 16000], [""치즈계란찜"", 5000], [""파김치볶음밥"", 6000], [""꽃게된장찌개"", 6000], [""김치말이국수"", 7000], [""차돌된장국수"", 8000]]",한식
101,"['https://search.pstatic.net/common/?autoRotate=true&type=w560_sharpen&src=https%3A%2F%2Fldb-phinf.pstatic.net%2F20240907_164%2F1725716409594j6Vll_JPEG%2FKakaoTalk_20240907_223826051.jpg', 'https://search.pstatic.net/common/?autoRotate=true&type=w278_sharpen&src=https%3A%2F%2Fpup-review-phinf.pstatic.net%2FMjAyNTAxMDFfMTQ1%2FMDAxNzM1NzI0OTE2MTU2.XP7M2Sw3BAQV4yapAwu_z_bVLcyXoMgKOYYjw18-dfYg.Qwxr-UoMNr6vDc2QNZE5F6wg_Xc0RTi-EU72QPb8ZZQg.JPEG%2F1000054987.jpg.jpg', 'https://search.pstatic.net/common/?autoRotate=true&type=w278_sharpen&src=https%3A%2F%2Fpup-review-phinf.pstatic.net%2FMjAyNDExMDNfMjA2%2FMDAxNzMwNjExMTU2MDU1.mzr5VG3_wUsj6D2vIbX1QLE_yiAchgIGfVh6A6FAc3Ig.5oLfSc_5DawQb_l3Y5tCpDAi6vcbyWaqthyr1etIGdMg.JPEG%2F1000003987.jpg.jpg']","서울특별시 마포구 양화로16길 26, 성화빌딩 1층 (서교동)",홍대맛집 해삼,60.34,192947.336,450081.215,0507-1431-1833,,131,[],,"['음식이 맛있어요', '양이 많아요', '재료가 신선해요', '가성비가 좋아요']",[],"[[""제육볶음"", 10900], [""치즈제육"", 10900], [""김치제육"", 10900], [""제육돌솥"", 10900], [""오징어&삼겹살"", 13000], [""LA갈비"", 27000], [""해장국"", 10900], [""소불고기(달콤) (2인분 이상)"", 13900], [""돼재불고기(매콤) (2인분 이상)"", 11900]]",한식
102,"['https://search.pstatic.net/common/?autoRotate=true&type=w560_sharpen&src=https%3A%2F%2Fldb-phinf.pstatic.net%2F20240621_87%2F1718932410349D9ACn_JPEG%2FF482F18E-8E01-4C71-846F-DCD0CD730DCA.jpeg', 'https://search.pstatic.net/common/?autoRotate=true&type=w278_sharpen&src=https%3A%2F%2Fldb-phinf.pstatic.net%2F20240621_159%2F17189324104004QrjN_JPEG%2FD2D65188-CA5A-439C-A65E-6536C59B98BA.jpeg', 'https://search.pstatic.net/common/?autoRotate=true&type=w278_sharpen&src=https%3A%2F%2Fpup-review-phinf.pstatic.net%2FMjAyMjEwMjFfMTIg%2FMDAxNjY2MzU1NTA0MTkx.3LQkYX9Zz44sTbZnry-MVbH2H8Mhz4OsqEsQhEVz9zcg.bRm2vlpyfcrJh7PiHYIR8LmgtgSSCxw-yrHYYAFNpIgg.JPEG%2F168837F8-9FC3-4624-9D33-1039D330F453.jpeg']","서울특별시 마포구 동교로12안길 51, 코람데오빌리지 1층 101호 (서교동)",담택,67.83,192433.6851,450248.2936,0507-1347-4561,수: 11:30 - 21:00; 목: 11:30 - 21:00; 금: 11:30 - 21:00; 토: 11:30 - 21:00; 일: 정기휴무 (매주 일요일); 화: 11:30 - 21:00,901,[],주차 불가,"['음식이 맛있어요', '특별한 메뉴가 있어요', '혼밥하기 좋아요', '친절해요']",['카운터석'],"[[""시오라멘"", 9500], [""유즈시오라멘"", 10500], [""레몬시오라멘"", 10500], [""와사비시오라멘"", 11500], [""새우시오라멘"", 11500], [""목살추가"", 2500], [""삼겹살추가"", 3000], [""계란추가"", 1500], [""버터추가"", 2500], [""에비시오라멘"", 11500], [""히야시탄탄멘"", 12000]]",일식
103,"['https://search.pstatic.net/common/?autoRotate=true&type=w560_sharpen&src=https%3A%2F%2Fldb-phinf.pstatic.net%2F20241017_53%2F17291402854953nO4u_JPEG%2F1.jpg', 'https://search.pstatic.net/common/?autoRotate=true&type=w278_sharpen&src=https%3A%2F%2Fldb-phinf.pstatic.net%2F20241017_10%2F172914028562113JbJ_JPEG%2F2.jpg', 'https://search.pstatic.net/common/?autoRotate=true&type=w278_sharpen&src=https%3A%2F%2Fldb-phinf.pstatic.net%2F20241017_132%2F1729140286002XqQPa_JPEG%2F3.jpg']","서울특별시 마포구 월드컵북로 15, 아도디아빌딩 1층 (서교동)",스시이안앤 홍대입구역점,129.0,192854.7731,450437.4747,0507-1326-8253,,62,"['단체 이용 가능', '예약', '무선 인터넷']",무료 주차 가능,"['음식이 맛있어요', '가성비가 좋아요', '재료가 신선해요', '친절해요']",['단체석'],"[[""회전초밥 전문점 전시당 균일가"", 1990]]",일식
104,"['https://search.pstatic.net/common/?autoRotate=true&type=w560_sharpen&src=https%3A%2F%2Fldb-phinf.pstatic.net%2F20241211_207%2F17338432691164hMko_JPEG%2FKakaoTalk_20241208_230552015_01.jpg', 'https://search.pstatic.net/common/?autoRotate=true&type=w278_sharpen&src=https%3A%2F%2Fldb-phinf.pstatic.net%2F20241211_189%2F1733843269188xyuaC_JPEG%2FKakaoTalk_20241208_230552015.jpg', 'https://search.pstatic.net/common/?autoRotate=true&type=w278_sharpen&src=https%3A%2F%2Fldb-phinf.pstatic.net%2F20241211_19%2F1733843269346Ww7Dg_JPEG%2FKakaoTalk_20241208_230552015_11.jpg']","서울특별시 마포구 독막로3길 28, 3층 (서교동)",오로시,67.32,192619.935,449688.8054,0507-1316-3029,수: 17:00 - 24:00; 목: 17:00 - 24:00; 금: 17:00 - 24:00; 토: 17:00 - 24:00; 일: 17:00 - 23:00; 월: 정기휴무 (매주 월요일),449,"['생일 혜택', '콜키지 가능', '단체 이용 가능', '예약', '무선 인터넷', '포장', '배달']",주차 불가,"['음식이 맛있어요', '인테리어가 멋져요', '특별한 메뉴가 있어요', '친절해요']",[],"[[""고등어 봉초밥"", 25000], [""숙성 대방어 사시미 (2인)"", 49000], [""오늘의 사시미 (2인)"", 31000], [""왕새우 후토마끼 (5p)"", 19000], [""고등어 이소베 마끼"", 19000], [""항정살 간장조림"", 23000], [""카다이프 새우튀김 (5p)"", 19000], [""치킨 난반"", 17000], [""오뎅 덴뿌라"", 12000], [""차돌 우동 샐러드"", 18000], [""오뎅 나베"", 20000], [""바지락 술찜"", 19000], [""나가사키 짬뽕"", 21000], [""포테토 사라다"", 9900]]",일식
105,"['https://search.pstatic.net/common/?autoRotate=true&type=w560_sharpen&src=https%3A%2F%2Fldb-phinf.pstatic.net%2F20240423_122%2F1713845484853IAT8Y_JPEG%2F%25B8%25DE%25C0%25CE%25BB%25E7%25C1%25F86.jpg', 'https://search.pstatic.net/common/?autoRotate=true&type=w278_sharpen&src=https%3A%2F%2Fldb-phinf.pstatic.net%2F20240423_10%2F1713845480787rTR7N_JPEG%2F%25B8%25DE%25C0%25CE%25BB%25E7%25C1%25F81.jpg', 'https://search.pstatic.net/common/?autoRotate=true&type=w278_sharpen&src=https%3A%2F%2Fldb-phinf.pstatic.net%2F20240423_146%2F1713845491378aNLXb_JPEG%2F%25B8%25DE%25C0%25CE%25BB%25E7%25C1%25F84.jpg']","서울특별시 마포구 독막로3길 38, 지층2호 (서교동)",한라맥주 합정점,32.78,192644.9038,449730.8002,0507-1431-2092,화: 18:00 - 02:00; 수: 18:00 - 02:00; 목: 18:00 - 02:00; 금: 18:00 - 03:00; 토: 18:00 - 03:00; 일: 18:00 - 02:00; 월: 18:00 - 02:00,316,"['단체 이용 가능', '예약', '대기공간', '무선 인터넷']",주차 불가,"['음식이 맛있어요', '기본 안주가 좋아요', '술이 다양해요', '인테리어가 멋져요']","['테라스', '좌식', '단체석']","[[""수제닭다리살튀김"", 13500], [""크림파스타"", 12500], [""30cm치즈롤카츠"", 10000], [""돈코츠수제비만두"", 10900], [""청양크림파스타"", 12500], [""목살스테이크"", 13900], [""김치우동"", 10500], [""얼큰짬뽕탕"", 12500], [""얼큰조개탕"", 9900], [""나가사끼짬뽕탕"", 12500], [""오뎅탕"", 9900], [""육포"", 9900], [""오징어입"", 8900], [""가문어통족"", 9900], [""한치"", 9900], [""버터구이오징어"", 9900], [""바베큐오징어"", 9900], [""반건조오징어"", 11500], [""튀김쥐포"", 4000], [""참쥐포"", 7500], [""먹태"", 14500]]",한식
106,"['https://search.pstatic.net/common/?autoRotate=true&type=w560_sharpen&src=https%3A%2F%2Fldb-phinf.pstatic.net%2F20240621_82%2F17188963010427BLIV_JPEG%2FKakaoTalk_20240621_001028372.jpg', 'https://search.pstatic.net/common/?autoRotate=true&type=w278_sharpen&src=https%3A%2F%2Fldb-phinf.pstatic.net%2F20240409_279%2F1712655219569PsIE2_JPEG%2FKakaoTalk_20240409_171704855.jpg', 'https://search.pstatic.net/common/?autoRotate=true&type=w278_sharpen&src=https%3A%2F%2Fldb-phinf.pstatic.net%2F20240409_89%2F1712655219639pNBw7_JPEG%2FKakaoTalk_20240409_171704855_01.jpg']","서울특별시 마포구 독막로7길 27, 1층 일부 좌측호 (서교동)",바코주막,93.6,192776.6871,449657.6746,0507-1490-5884,,225,"['단체 이용 가능', '예약', '반려동물 동반', '무선 인터넷']",무료 주차 가능,"['음식이 맛있어요', '특별한 메뉴가 있어요', '기본 안주가 좋아요', '인테리어가 멋져요']","['단체석', '연인석', '입식']","[[""메뉴"", null]]",한식
107,"['https://search.pstatic.net/common/?autoRotate=true&type=w560_sharpen&src=https%3A%2F%2Fldb-phinf.pstatic.net%2F20240613_226%2F171827700690983LhM_JPEG%2FIMG_4630.jpeg', 'https://search.pstatic.net/common/?autoRotate=true&type=w278_sharpen&src=https%3A%2F%2Fldb-phinf.pstatic.net%2F20240606_166%2F1717653472595oDcoE_JPEG%2F%25B1%25B8%25BA%25B9%25B8%25B8%25B5%25CE_%25C1%25BE%25C7%25D5%25C4%25C6_%25C0%25DB%25B0%25D4.jpg', 'https://search.pstatic.net/common/?autoRotate=true&type=w278_sharpen&src=https%3A%2F%2Fldb-phinf.pstatic.net%2F20240613_132%2F1718276943376ab65r_JPEG%2FIMG_0333.jpeg']","서울특별시 마포구 양화로 72, 101동 1층 126호 (서교동, 서교동 효성 해링턴 타워)",구복만두 홍대합정본사직영점,53.12,192571.3982,449840.2342,02-323-5565,수: 10:00 - 21:00; 목: 10:00 - 21:00; 금: 10:00 - 21:00; 토: 10:00 - 21:00; 일: 10:00 - 21:00; 월: 10:00 - 21:00; 화: 10:00 - 21:00,325,"['포장', '배달', '무선 인터넷', '장애인 휠체어 이용가능']",무료 주차 가능,"['음식이 맛있어요', '친절해요', '혼밥하기 좋아요', '재료가 신선해요']","['바테이블', '1인석', '좌식']","[[""구복 전통만두"", 7500], [""구복 김치만두"", 7500], [""구복 통새우만두"", 8500], [""구복 샤오롱바오"", 8500]]",중식
108,"['https://search.pstatic.net/common/?autoRotate=true&type=w560_sharpen&src=https%3A%2F%2Fldb-phinf.pstatic.net%2F20241127_243%2F1732705067060esNJE_GIF%2FIMG_1914_%25281%2529.g', 'https://search.pstatic.net/common/?autoRotate=true&type=w278_sharpen&src=https%3A%2F%2Fldb-phinf.pstatic.net%2F20241206_134%2F1733468243306Ywxay_JPEG%2FKakaoTalk_20241206_155501598.jpg', 'https://search.pstatic.net/common/?autoRotate=true&type=w278_sharpen&src=https%3A%2F%2Fldb-phinf.pstatic.net%2F20241206_244%2F1733468243123EG0DB_JPEG%2FIMG_6613.jpeg']","서울특별시 마포구 동교로12안길 36, 모드 1층 (서교동)",오므상칼칼데스 합정본점,100.96,192360.9257,450207.5834,0507-1392-8040,수: 11:30 - 21:30; 목: 11:30 - 21:30; 금: 11:30 - 21:30; 토: 11:30 - 20:30; 일: 정기휴무 (매주 일요일); 월: 11:30 - 21:30; 화: 11:30 - 21:30,471,"['콜키지 가능', '무한 리필', '포장', '무선 인터넷', '단체 이용 가능', '장애인 휠체어 이용가능']",주차 불가,"['음식이 맛있어요', '양이 많아요', '인테리어가 멋져요', '재료가 신선해요']","['단체석', '입식']","[[""오므상 하이볼"", 7500], [""돈카츠 오므카레"", 12900], [""함박 오므카레"", 12900], [""스테이크 오므카레"", 16900], [""이태리 오므카레"", 14500], [""모둠튀김 오므카레"", 13900], [""가라아게 오므카레"", 12500], [""레몬소바"", 8500], [""새우튀김 우동"", 7500], [""오므 크림 파스타"", 14000], [""돈카츠 정식"", 12900], [""치즈돈카츠 정식"", 15900], [""함박 정식"", 14500], [""스테키동"", 14900], [""한입 스테이크"", 9500], [""김치교자튀김"", 4900], [""버터갈릭 감자튀김"", 4900], [""오므상 시그니처 세트"", 34500], [""미트 러버스 함박 오븐카레"", 19000], [""미트 러버스 스테이크 오븐카레"", 23000]]",일식
109,"['https://search.pstatic.net/common/?autoRotate=true&type=w560_sharpen&src=https%3A%2F%2Fnaverbooking-phinf.pstatic.net%2F20241015_100%2F1728995926484IpTUK_PNG%2F%25B5%25B5%25B6%25F5%25B5%25B5%25B6%25F5.png', 'https://search.pstatic.net/common/?autoRotate=true&type=w278_sharpen&src=https%3A%2F%2Fldb-phinf.pstatic.net%2F20241018_295%2F1729178015975x1wQD_JPEG%2FIMG_1384.jpeg', 'https://search.pstatic.net/common/?autoRotate=true&type=w278_sharpen&src=https%3A%2F%2Fldb-phinf.pstatic.net%2F20241018_62%2F17292409893591qAfE_JPEG%2FIMG_1413.jpeg']","서울특별시 마포구 와우산로29길 40-18, 지층 왼쪽호 (서교동)",도란도란,32.6,193584.9949,450385.0873,0507-1380-2819,수: 10:00 - 21:50; 목: 10:00 - 21:50; 금: 10:00 - 21:50; 토: 10:00 - 21:50; 일: 10:00 - 21:50; 월: 10:00 - 21:50; 화: 10:00 - 21:50,595,"['포장', '예약']",주차 불가,"['음식이 맛있어요', '아늑해요', '컨셉이 독특해요', '인테리어가 멋져요']",['좌식'],"[[""타코야끼 만들기(2인)"", 30000], [""타코야끼 만들기(3인)"", 40000], [""메론소다"", 4500], [""크림소다"", 4500], [""아메리카노"", 3000], [""카페라떼"", 3500], [""콜라"", 3000]]",일식
110,"['https://search.pstatic.net/common/?autoRotate=true&type=w560_sharpen&src=https%3A%2F%2Fldb-phinf.pstatic.net%2F20240928_125%2F1727517072734QSbwp_JPEG%2FE108EB94-210F-49A6-9B69-46B3BD561DCA.jpeg', 'https://search.pstatic.net/common/?autoRotate=true&type=w278_sharpen&src=https%3A%2F%2Fldb-phinf.pstatic.net%2F20241006_203%2F1728199162792VKVFI_JPEG%2FIMG_5497.jpeg', 'https://search.pstatic.net/common/?autoRotate=true&type=w278_sharpen&src=https%3A%2F%2Fldb-phinf.pstatic.net%2F20240928_272%2F1727517617716q636d_JPEG%2FDB730D8B-666D-42D8-B0A4-1D2287789719.jpeg']","서울특별시 마포구 와우산로15길 37, 지층 일부호 (서교동)",록집,51.54,192992.707,449638.9682,0507-1467-9099,수: 14:00 - 24:00; 목: 12:00 - 24:00; 금: 12:00 - 24:00; 토: 12:00 - 24:00; 일: 12:00 - 24:00; 월: 14:00 - 22:00; 화: 정기휴무 (매주 화요일),54,"['테이크아웃 할인', '생일 혜택', '단체 이용 가능', '무선 인터넷', '포장', '반려동물 동반']",주차 불가,"['인테리어가 멋져요', '커피가 맛있어요', '디저트가 맛있어요', '음료가 맛있어요']","['단체석', '카운터석', '입식', '연인석', '바테이블', '1인석', '테라스']","[[""록라떼"", 6500], [""집라떼"", 6500], [""파이3종"", 4000], [""애플에이드"", 6500], [""피치에이드"", 6500], [""리치커렌트릴렉서"", 6500]]",한식
111,"['https://search.pstatic.net/common/?autoRotate=true&type=w560_sharpen&src=https%3A%2F%2Fldb-phinf.pstatic.net%2F20240904_160%2F1725434687103kP4Yq_JPEG%2FIMG_0715.jpeg', 'https://search.pstatic.net/common/?autoRotate=true&type=w278_sharpen&src=https%3A%2F%2Fldb-phinf.pstatic.net%2F20240724_1%2F1721789618608lPp56_JPEG%2FKakaoTalk_20240723_190516165_06.jpg', 'https://search.pstatic.net/common/?autoRotate=true&type=w278_sharpen&src=https%3A%2F%2Fldb-phinf.pstatic.net%2F20240904_278%2F1725434686807q502K_JPEG%2FIMG_0709.jpeg']","서울특별시 마포구 와우산로 162-14, 1층 일부(좌측)1호 (서교동)",재지패티,36.0,193839.2175,450301.1276,0507-1342-7227,수: 11:00 - 21:30; 목: 11:00 - 21:30; 금: 11:00 - 21:30; 토: 11:00 - 21:30; 일: 11:00 - 21:30; 월: 11:00 - 21:30; 화: 11:00 - 21:30,220,"['배달', '포장', '무선 인터넷']",주차 불가,"['음식이 맛있어요', '재료가 신선해요', '친절해요', '혼밥하기 좋아요']","['바테이블', '입식']","[[""치즈 도프"", 11900], [""할라피뇨 밤"", 12900], [""초코 케이크 쉐이크"", 11900]]",양식
112,"['https://search.pstatic.net/common/?autoRotate=true&type=w560_sharpen&src=https%3A%2F%2Fldb-phinf.pstatic.net%2F20250210_137%2F1739150728466CkmJW_PNG%2F%25BF%25AA%25C0%25FC%25BF%25EC%25B5%25BF_%25BE%25DB%25B9%25E8%25B3%25CA_2024%25B1%25E2%25B9%25B0%25B8%25AE%25B4%25BA%25BE%25F3_%25B8%25DE%25B4%25BA%25B8%25F0%25C0%25BD_%25B9%25E8%25B4%25DE%25C0%25C7%25B9%25CE%25C1%25B7_1280x960px.png', 'https://search.pstatic.net/common/?autoRotate=true&type=w278_sharpen&src=https%3A%2F%2Fldb-phinf.pstatic.net%2F20250210_286%2F1739151592063yxses_JPEG%2F%25BF%25AA%25C0%25FC_%25B3%25D7%25C0%25CC%25B9%25F6%25B5%25EE%25B7%25CF%25B7%25CE%25B0%25ED.jpg', 'https://search.pstatic.net/common/?autoRotate=true&type=w278_sharpen&src=https%3A%2F%2Fpup-review-phinf.pstatic.net%2FMjAyNTAxMjBfNyAg%2FMDAxNzM3MzQxNjA4MDA2.Qm_zo_P4PsCxof149DeSdn6Aw02THq-TLdVq6_gXR-wg.HtKmX3mK_WEb4y1Hw8pORkLH7vYRukRWhROiSnPw5qUg.JPEG%2F1000016391.jpg.jpg']","서울특별시 마포구 월드컵로 86, 1층 일부호 (서교동)",역전우동0410 망원역점,43.7,191977.5169,450474.7574,0507-1372-2082,수: 11:00 - 22:00; 목: 11:00 - 22:00; 금: 11:00 - 22:00; 토: 11:00 - 22:00; 일: 11:00 - 22:00; 월: 11:00 - 22:00; 화: 11:00 - 22:00,92,[],,"['음식이 맛있어요', '가성비가 좋아요', '혼밥하기 좋아요', '재료가 신선해요']",[],"[[""옛날우동"", 4500]]",한식
113,"['https://search.pstatic.net/common/?autoRotate=true&type=w560_sharpen&src=https%3A%2F%2Fldb-phinf.pstatic.net%2F20250115_120%2F1736932815490KpC0W_JPEG%2Fgodo3.jpg', 'https://search.pstatic.net/common/?autoRotate=true&type=w278_sharpen&src=https%3A%2F%2Fldb-phinf.pstatic.net%2F20250115_207%2F1736932820656OPl34_JPEG%2Fgodo4.jpg', 'https://search.pstatic.net/common/?autoRotate=true&type=w278_sharpen&src=https%3A%2F%2Fldb-phinf.pstatic.net%2F20250115_98%2F17369326424876MGqO_JPEG%2Fgodo1.jpg']","서울특별시 마포구 양화로6길 73, 1층 102,103호 (서교동)",이자카야 고도리,54.0,192711.3815,449598.0041,,화: 18:00 - 05:00; 수: 18:00 - 05:00; 목: 18:00 - 05:00; 금: 18:00 - 05:00; 토: 18:00 - 05:00; 일: 18:00 - 23:55; 월: 정기휴무 (매주 월요일),172,"['단체 이용 가능', '예약', '무선 인터넷', '장애인 휠체어 이용가능', '장애인 휠체어 이용가능']",주차 불가,"['음식이 맛있어요', '술이 다양해요', '인테리어가 멋져요', '특별한 메뉴가 있어요']","['카운터석', '1인석', '바테이블', '단체석', '룸']","[[""가쓰오우동"", 9000], [""고기우동"", 12000], [""부타동"", 9000], [""규동"", 11000], [""카라아게동"", 11000], [""오야코동"", 12000], [""육즙가득카라아게"", 10000], [""매콤달콤 깐풍 카라아게"", 13000], [""꾸덕뚜덕 풍미 크림 카라아게"", 14000], [""바삭바삭 닭껍질 카라아게"", 10000], [""닭 다리살 데리야끼"", 13000], [""닭 다리살 소금구이"", 13000], [""나라타마(부추계란볶음)"", 10000], [""아게다시 도후(4개)(두부튀김)"", 10000], [""나스야끼(가지구이)"", 12000], [""쇼가야끼(돼지고기생강구이)"", 13000], [""돼지고기 숙주 볶음"", 12000], [""우삼겹 숙주볶음"", 13000], [""토마토 모짜렐라 카프레제"", 15000], [""오뎅탕"", 15000], [""나가사키 짬뽕"", 18000]]",일식
114,"['https://search.pstatic.net/common/?autoRotate=true&type=w278_sharpen&src=https%3A%2F%2Fldb-phinf.pstatic.net%2F20241218_30%2F1734509745958o0K3E_JPEG%2F%25B8%25DE%25C0%25CE_01_%25281%2529.jpg', 'https://search.pstatic.net/common/?autoRotate=true&type=w278_sharpen&src=https%3A%2F%2Fldb-phinf.pstatic.net%2F20250107_183%2F1736237746386uJGHt_JPEG%2F%25BE%25C8%25BD%25C9.jpg', 'https://search.pstatic.net/common/?autoRotate=true&type=w278_sharpen&src=https%3A%2F%2Fldb-phinf.pstatic.net%2F20250107_107%2F1736237732367zaNjx_JPEG%2F%25B8%25F0%25B5%25EB%25B3%25C3.jpg']","서울특별시 마포구 잔다리로 66, 1층 (서교동)",카가와,84.87,192621.0612,450169.4038,0507-1421-1434,,296,"['비건 메뉴', '무한 리필', '유기농 메뉴', '단체 이용 가능', '포장', '배달', '무선 인터넷', '예약', '대기공간', '반려동물 동반', '장애인 휠체어 이용가능']",무료 주차 가능,"['음식이 맛있어요', '재료가 신선해요', '친절해요', '양이 많아요']","['단체석', '입식', '바테이블', '1인석']","[[""뚝배기직화소고기숙주우동"", 12900], [""모리아와세텐푸라냉/온우동"", 13000], [""우엉튀김우동"", 10000], [""등심카츠정식"", 12000], [""안심카츠정식"", 13000], [""모듬카츠정식"", 13000], [""카케우동"", 8000], [""붓카케우동"", 8000], [""니꾸카레밥"", 11000], [""돈카츠카레밥"", 12000], [""모리아와세모듬텐푸라튀김"", 6000], [""감태유부초밥(2pc)"", 3000], [""니꾸추가"", 2500], [""유부추가"", 1500], [""온센타마고추가"", 1000], [""한잔맥주"", 2500]]",일식
115,"['https://search.pstatic.net/common/?autoRotate=true&type=w278_sharpen&src=https%3A%2F%2Fldb-phinf.pstatic.net%2F20240905_51%2F17255272497683pS0B_JPEG%2F2%25C0%25CE%25BC%25BC%25C6%25AE.jpg', 'https://search.pstatic.net/common/?autoRotate=true&type=w278_sharpen&src=https%3A%2F%2Fldb-phinf.pstatic.net%2F20240905_8%2F1725527249655Tx5w4_JPEG%2FKakaoTalk_20240805_115603986_19.jpg', 'https://search.pstatic.net/common/?autoRotate=true&type=w278_sharpen&src=https%3A%2F%2Fldb-phinf.pstatic.net%2F20240905_222%2F1725527249550aQfwn_JPEG%2FKakaoTalk_20240805_115603986_20.jpg']","서울특별시 마포구 와우산로 104, 2층 (서교동)",면식당 홍익대점,108.6,193301.7261,450082.2633,0507-1344-2548,수: 10:30 - 21:00; 목: 10:30 - 21:00; 금: 10:30 - 21:00; 토: 10:30 - 21:00; 일: 10:30 - 21:00; 월: 10:30 - 21:00; 화: 10:30 - 21:00,506,"['글루텐프리 메뉴', '단체 이용 가능', '포장', '배달', '예약', '무선 인터넷']",주차 불가,"['음식이 맛있어요', '혼밥하기 좋아요', '매장이 넓어요', '양이 많아요']","['단체석', '바테이블', '입식', '1인석']","[[""돈코츠라멘"", 8400], [""매운돈코츠라멘"", 8900], [""쇼유라멘"", 7900], [""에비돈코츠라멘"", 10400], [""큰부타동"", 8500], [""큰김치부타동"", 8900], [""마제소밥(면대신밥)"", 8500], [""마제소바"", 9400], [""카제소바"", 10000], [""냉소바 (계절메뉴)"", 8500], [""판소바"", 8400], [""김치마제소바"", 10000], [""샤브쌀국수"", 8900], [""매운샤브쌀국수"", 9500], [""수제등심카츠"", 10500], [""매운파돈카츠"", 11500], [""더블체다카츠"", 11900], [""반반카츠"", 11900], [""모짜치즈카츠"", 12500], [""매콤카레카츠"", 13500]]",일식
116,"['https://search.pstatic.net/common/?autoRotate=true&type=w560_sharpen&src=https%3A%2F%2Fldb-phinf.pstatic.net%2F20241111_188%2F1731319788471k6O4N_JPEG%2FIMG_4850_%25BC%25F6%25C1%25A4.jpg', 'https://search.pstatic.net/common/?autoRotate=true&type=w278_sharpen&src=https%3A%2F%2Fldb-phinf.pstatic.net%2F20241111_299%2F1731319804343EQf3S_JPEG%2FIMG_4803_%25BC%25F6%25C1%25A4.jpg', 'https://search.pstatic.net/common/?autoRotate=true&type=w278_sharpen&src=https%3A%2F%2Fldb-phinf.pstatic.net%2F20241111_245%2F1731319791865stk8b_JPEG%2FIMG_4776_%25BC%25F6%25C1%25A4.jpg']","서울특별시 마포구 성미산로2길 33, 城廣빌딩 1층 (서교동)",서부청기와감자탕 망원역점,142.0,191991.1511,450528.9459,0507-1432-1809,목: 00:00 - 24:00; 금: 00:00 - 24:00; 토: 00:00 - 24:00; 일: 00:00 - 24:00; 월: 00:00 - 24:00; 화: 00:00 - 24:00,135,"['무한 리필', '단체 이용 가능', '포장', '무선 인터넷', '대기공간']",주차 불가,"['음식이 맛있어요', '양이 많아요', '재료가 신선해요', '매장이 넓어요']",[],"[[""감자탕(소)"", 36000], [""뼈해장국"", 10000]]",한식
117,"['https://search.pstatic.net/common/?autoRotate=true&type=w560_sharpen&src=https%3A%2F%2Fldb-phinf.pstatic.net%2F20240817_97%2F1723862774164ceonQ_PNG%2F1723097004062.png', 'https://search.pstatic.net/common/?autoRotate=true&type=w278_sharpen&src=https%3A%2F%2Fldb-phinf.pstatic.net%2F20241017_182%2F1729136721610kBGrI_JPEG%2F1000008591.jpg', 'https://search.pstatic.net/common/?autoRotate=true&type=w278_sharpen&src=https%3A%2F%2Fldb-phinf.pstatic.net%2F20241017_269%2F1729136721321myJDe_JPEG%2F1000008592.jpg']","서울특별시 마포구 와우산로29마길 6, 1층 (서교동)",멘타쿠,43.08,193454.9977,450399.4894,0507-1374-5247,수: 11:00 - 21:00; 목: 11:00 - 21:00; 금: 11:00 - 21:00; 토: 11:00 - 21:00; 일: 11:00 - 21:00; 월: 11:00 - 21:00; 화: 11:00 - 21:00,147,[],주차 불가,"['음식이 맛있어요', '혼밥하기 좋아요', '특별한 메뉴가 있어요', '재료가 신선해요']",['바테이블'],"[[""기본츠케멘"", 10500], [""매운츠케멘"", 11000], [""들깨 츠케멘"", 11500], [""매운들깨츠케멘"", 12000]]",일식
118,"['https://search.pstatic.net/common/?autoRotate=true&type=w560_sharpen&src=https%3A%2F%2Fldb-phinf.pstatic.net%2F20250121_183%2F1737426264906CoAgx_JPEG%2F1-2.%25BA%25F1%25BA%25F6%25B1%25B9%25BC%25F6.jpg', 'https://search.pstatic.net/common/?autoRotate=true&type=w278_sharpen&src=https%3A%2F%2Fldb-phinf.pstatic.net%2F20250121_60%2F17374262647468nIkS_JPEG%2F2-2.%25B8%25EA%25C4%25A1%25B1%25B9%25BC%25F6_%25BF%25AC%25B1%25E2.jpg', 'https://search.pstatic.net/common/?autoRotate=true&type=w278_sharpen&src=https%3A%2F%2Fldb-phinf.pstatic.net%2F20250121_288%2F17374262647591Y5KL_JPEG%2F4-2.%25BA%25CE%25C3%25DF%25B1%25B9%25BC%25F6.jpg']","서울특별시 마포구 양화로 72, 1층 125호 (서교동, 서교동 효성 해링턴 타워)",온복비빔국수,49.25,192571.3982,449840.2342,0507-1424-2583,수: 10:30 - 21:00; 목: 10:30 - 21:00; 금: 10:30 - 21:00; 토: 10:30 - 21:00; 일: 10:30 - 21:00; 월: 10:30 - 21:00; 화: 10:30 - 21:00,323,"['포장', '배달']",무료 주차 가능,"['음식이 맛있어요', '혼밥하기 좋아요', '양이 많아요', '재료가 신선해요']",[],[],한식
119,"['https://search.pstatic.net/common/?autoRotate=true&type=w560_sharpen&src=https%3A%2F%2Fldb-phinf.pstatic.net%2F20241212_260%2F1733999458339JDYMb_JPEG%2FIMG_1483.jpeg', 'https://search.pstatic.net/common/?autoRotate=true&type=w278_sharpen&src=https%3A%2F%2Fldb-phinf.pstatic.net%2F20241209_291%2F1733748405235Wixkj_JPEG%2F84D42D96-FAE0-4C71-AAB8-CA9BFEDF5BA0.jpeg', 'https://search.pstatic.net/common/?autoRotate=true&type=w278_sharpen&src=https%3A%2F%2Fldb-phinf.pstatic.net%2F20241212_86%2F1733999457994iD3Yc_JPEG%2FIMG_1400.jpeg']","서울특별시 마포구 잔다리로 30-18, 지1층 (서교동)",잔향,56.42,192866.2285,449931.3502,0507-1434-0946,화: 17:00 - 01:00; 수: 17:00 - 01:00; 목: 17:00 - 01:00; 금: 17:00 - 02:00; 토: 17:00 - 02:00; 일: 17:00 - 01:00; 월: 정기휴무 (매주 월요일),59,"['무선 인터넷', '단체 이용 가능', '예약']",주차 불가,"['음식이 맛있어요', '친절해요', '대화하기 좋아요', '인테리어가 멋져요']","['좌식', '단체석']","[[""치즈김치전"", null], [""두부김치"", null]]",한식
120,"['https://search.pstatic.net/common/?autoRotate=true&type=w560_sharpen&src=https%3A%2F%2Fldb-phinf.pstatic.net%2F20241213_188%2F1734079430432NIwsm_JPEG%2F%25C5%25A9%25B1%25E2%25BA%25AF%25C8%25AFDSC_2554.jpg', 'https://search.pstatic.net/common/?autoRotate=true&type=w278_sharpen&src=https%3A%2F%2Fldb-phinf.pstatic.net%2F20241213_100%2F1734079430147yPx8k_JPEG%2F%25C5%25A9%25B1%25E2%25BA%25AF%25C8%25AFDSC_2542.jpg', 'https://search.pstatic.net/common/?autoRotate=true&type=w278_sharpen&src=https%3A%2F%2Fldb-phinf.pstatic.net%2F20241213_13%2F1734079430637IWVRG_JPEG%2F%25C5%25A9%25B1%25E2%25BA%25AF%25C8%25AFDSC_2513.jpg']","서울특별시 마포구 어울마당로 122, 2층 (서교동)",태초갈비,91.57,193201.642,450344.5878,0507-1337-4590,,42,"['단체 이용 가능', '무선 인터넷', '대기공간', '예약']",주차 불가,"['음식이 맛있어요', '고기 질이 좋아요', '친절해요', '인테리어가 멋져요']","['연인석', '좌식']","[[""한우갈비살(1인분)"", 38000], [""우대갈비(최소주문2인분)"", 73000], [""한우육회비빔밥"", 8000], [""육회물냉면"", 8000], [""육회비빔냉면"", 8000], [""육회빙수"", 19000]]",한식
121,"['https://search.pstatic.net/common/?autoRotate=true&type=w560_sharpen&src=https%3A%2F%2Fldb-phinf.pstatic.net%2F20241112_298%2F1731385655156Wae8c_JPEG%2F%25B3%25D7%25C0%25CC%25B9%25F6_%25BD%25E6%25B3%25D7%25C0%25CF.jpg', 'https://search.pstatic.net/common/?autoRotate=true&type=w278_sharpen&src=https%3A%2F%2Fldb-phinf.pstatic.net%2F20241205_65%2F1733394944948Rgwgc_JPEG%2F%25BA%25EA%25B7%25A3%25B5%25E5%25C0%25CC%25B9%25CC%25C1%25F601_%25281%2529.jpg', 'https://search.pstatic.net/common/?autoRotate=true&type=w278_sharpen&src=https%3A%2F%2Fldb-phinf.pstatic.net%2F20241205_193%2F1733394964318woBss_JPEG%2F%25BA%25EA%25B7%25A3%25B5%25E5%25C0%25CC%25B9%25CC%25C1%25F603_%25282%2529.jpg']","서울특별시 마포구 홍익로 25, 지1층 일부호 (서교동)",프레퍼스 다이어트 푸드 홍대직영점,108.75,193048.4631,450243.5707,02-3144-0992,,720,[],,"['음식이 맛있어요', '재료가 신선해요', '혼밥하기 좋아요', '매장이 넓어요']",[],"[[""곰탕메뉴1"", 17900], [""곰탕메뉴2"", 9900], [""곰탕메뉴3"", 11900], [""곰탕메뉴4"", 8900]]",한식
122,"['https://search.pstatic.net/common/?autoRotate=true&type=w278_sharpen&src=https%3A%2F%2Fldb-phinf.pstatic.net%2F20250210_123%2F1739151927576TOYT2_JPEG%2FKakaoTalk_Photo_2025-02-10-09-03-35_009.jpeg', 'https://search.pstatic.net/common/?autoRotate=true&type=w278_sharpen&src=https%3A%2F%2Fldb-phinf.pstatic.net%2F20250210_193%2F1739151927505fQC16_JPEG%2FKakaoTalk_Photo_2025-02-10-09-03-33_005.jpeg', 'https://search.pstatic.net/common/?autoRotate=true&type=w278_sharpen&src=https%3A%2F%2Fldb-phinf.pstatic.net%2F20250210_267%2F1739151927508yQDHE_JPEG%2FKakaoTalk_Photo_2025-02-10-09-03-32_004.jpeg']","서울특별시 마포구 와우산로29라길 21, 지층 102호 (서교동)",헬로팬 홍대점,43.0,193471.6257,450289.6728,0507-1401-0781,수: 11:00 - 22:00; 목: 11:00 - 22:00; 금: 11:00 - 22:00; 토: 11:00 - 22:00; 일: 11:00 - 22:00; 월: 11:00 - 22:00; 화: 11:00 - 22:00,57,"['콜키지 가능', '생일 혜택', '테이크아웃 할인', '포장', '배달', '무선 인터넷']",주차 불가,"['음식이 맛있어요', '친절해요', '양이 많아요', '고기 질이 좋아요']",['룸'],[],한식
123,"['https://search.pstatic.net/common/?autoRotate=true&type=w560_sharpen&src=https%3A%2F%2Fldb-phinf.pstatic.net%2F20230317_59%2F1679029314325xC8iW_JPEG%2FKakaoTalk_20230317_135113276_28.jpg', 'https://search.pstatic.net/common/?autoRotate=true&type=w278_sharpen&src=https%3A%2F%2Fldb-phinf.pstatic.net%2F20240103_297%2F1704266184594I3tTi_JPEG%2FKakaoTalk_20231213_001400690.jpg', 'https://search.pstatic.net/common/?autoRotate=true&type=w278_sharpen&src=https%3A%2F%2Fldb-phinf.pstatic.net%2F20240103_288%2F17042661841447iY6c_JPEG%2FKakaoTalk_20231213_001400690_13.jpg']","서울특별시 마포구 어울마당로 49, 2층 (서교동)",에이셉피자 홍대점,94.77,192918.5876,449703.5976,,수: 12:00 - 00:30; 목: 12:00 - 00:30; 금: 12:00 - 01:30; 토: 12:00 - 01:30; 일: 12:00 - 00:30; 월: 12:00 - 00:30; 화: 12:00 - 00:30,366,"['포장', '배달', '단체 이용 가능', '무선 인터넷', '예약']",주차 불가,"['음식이 맛있어요', '인테리어가 멋져요', '특별한 메뉴가 있어요', '친절해요']",[],"[[""에이셉 (싱글)"", 14900], [""코리안 플레이버 (싱글)"", 16900], [""더블 페퍼로니 (싱글)"", 15900], [""핫 치킨 크림 (싱글)"", 15900], [""치즈 (싱글)"", 12900], [""하와이안 (싱글)"", 15900], [""스위트 고구마 (싱글)"", 15900], [""베이컨 체다 (싱글)"", 15900], [""베이컨 포테이토 (싱글)"", 16900], [""불고기 (싱글)"", 16900], [""오리지널 (싱글)"", 17900], [""버팔로 윙 (9조각)"", 12000], [""버팔로스틱 (9조각)"", 12000], [""치킨텐더 (9조각)"", 12000], [""새우링 (9조각)"", 13000], [""감자튀김"", 5000], [""오지치즈감자튀김"", 9000], [""나쵸"", 5000], [""토마토 / 크림 스파게티"", 9000], [""토마토 / 크림 리조또"", 9000], [""우유빙수"", 13900]]",양식
124,"['https://search.pstatic.net/common/?autoRotate=true&type=w560_sharpen&src=https%3A%2F%2Fldb-phinf.pstatic.net%2F20240530_103%2F1717067480613zdEv8_JPEG%2FKakaoTalk_20240530_200229342_26.jpg', 'https://search.pstatic.net/common/?autoRotate=true&type=w278_sharpen&src=https%3A%2F%2Fldb-phinf.pstatic.net%2F20240530_85%2F1717067480648eh8Hd_JPEG%2FKakaoTalk_20240530_200229342.jpg', 'https://search.pstatic.net/common/?autoRotate=true&type=w278_sharpen&src=https%3A%2F%2Fldb-phinf.pstatic.net%2F20240530_67%2F1717067480136OaJiJ_JPEG%2FKakaoTalk_20240530_200229342_19.jpg']","서울특별시 마포구 와우산로29길 69, 1층 101호 (서교동)",황금복돼지,63.58,193430.8653,450431.6233,0507-1482-9402,,209,"['예약', '단체 이용 가능', '무선 인터넷', '배달', '포장']",주차 불가,"['음식이 맛있어요', '가성비가 좋아요', '양이 많아요', '친절해요']","['단체석', '좌식']","[[""치즈삼겹살(200g)"", 15000], [""삼겹살(200g)"", 12000], [""항정살(200g)"", 12000], [""차돌박이(200g)"", 16000]]",한식
125,"['https://search.pstatic.net/common/?autoRotate=true&type=w560_sharpen&src=https%3A%2F%2Fldb-phinf.pstatic.net%2F20230828_103%2F1693228168506MqX3s_JPEG%2FKakaoTalk_Photo_2023-08-28-22-08-50.jpeg', 'https://search.pstatic.net/common/?autoRotate=true&type=w278_sharpen&src=https%3A%2F%2Fldb-phinf.pstatic.net%2F20230828_171%2F1693228169358zYE2S_JPEG%2FIMG_0525.JPG', 'https://search.pstatic.net/common/?autoRotate=true&type=w278_sharpen&src=https%3A%2F%2Fldb-phinf.pstatic.net%2F20230828_89%2F16932281693318AEfo_JPEG%2FIMG_0522.JPG']","서울특별시 마포구 독막로3길 18, 302호 (서교동)",안트로,50.2,192587.2384,449648.9957,0507-1357-6407,수: 정기휴무 (매주 수요일); 목: 17:00 - 23:00; 금: 17:00 - 24:00; 토: 17:00 - 24:00; 일: 정기휴무 (매주 일요일); 월: 17:00 - 23:00; 화: 17:00 - 23:00,102,"['무선 인터넷', '예약', '배달', '포장']",,"['음식이 맛있어요', '친절해요', '재료가 신선해요', '현지 맛에 가까워요']",[],"[[""치미창가"", 17000]]",기타
126,"['https://search.pstatic.net/common/?autoRotate=true&type=w560_sharpen&src=https%3A%2F%2Fldb-phinf.pstatic.net%2F20240904_81%2F1725377936636TuxND_JPEG%2FIMG_9272.jpeg', 'https://search.pstatic.net/common/?autoRotate=true&type=w278_sharpen&src=https%3A%2F%2Fldb-phinf.pstatic.net%2F20230705_59%2F1688533632886mwJAD_JPEG%2FD54F3790-9023-4CDB-828C-4A1201508601.jpeg', 'https://search.pstatic.net/common/?autoRotate=true&type=w278_sharpen&src=https%3A%2F%2Fldb-phinf.pstatic.net%2F20240904_176%2F1725377935200Rinlo_JPEG%2F46D25921-329E-4EBA-A31F-5133F16A4508.jpeg']","서울특별시 마포구 성미산로2길 43, 1층 201호 (서교동)",성립,89.09,192029.075,450483.5877,,수: 18:00 - 24:00; 목: 18:00 - 24:00; 금: 18:00 - 24:00; 토: 17:00 - 24:00; 일: 17:00 - 24:00; 월: 정기휴무 (매주 월요일); 화: 18:00 - 24:00,80,"['콜키지 가능', '예약', '단체 이용 가능', '무선 인터넷']",무료 주차 가능,"['음식이 맛있어요', '친절해요', '술이 다양해요', '특별한 메뉴가 있어요']","['카운터석', '바테이블']","[[""사시미 모리아와세 2인"", 36000], [""오늘의 봉초밥"", 25000], [""초당 옥수수 튀김 (여름한정)"", 17000], [""스키야키"", 25000], [""이소베마끼"", 17000], [""부타노 가쿠니"", 17000]]",일식
127,"['https://search.pstatic.net/common/?autoRotate=true&type=w560_sharpen&src=https%3A%2F%2Fldb-phinf.pstatic.net%2F20240929_94%2F1727574506806OmvjS_JPEG%2FIMG_4676.jpeg', 'https://search.pstatic.net/common/?autoRotate=true&type=w278_sharpen&src=https%3A%2F%2Fldb-phinf.pstatic.net%2F20230322_210%2F1679487751691o9L1k_JPEG%2F6E4268E9-6330-45CB-AE60-D7177504CEC0.jpeg', 'https://search.pstatic.net/common/?autoRotate=true&type=w278_sharpen&src=https%3A%2F%2Fldb-phinf.pstatic.net%2F20240929_121%2F1727574490160XRfUH_JPEG%2FC10217BC-677D-4F02-87C8-EE6DCBDF95D7.jpeg']","서울특별시 마포구 잔다리로3안길 27, b03호 (서교동)",넨네,25.55,192843.3694,449795.3289,0507-1347-9339,화: 16:30 - 02:00; 수: 16:30 - 02:00; 목: 16:30 - 02:00; 금: 16:30 - 02:00; 토: 16:30 - 02:00; 일: 16:30 - 01:00; 월: 정기휴무 (매주 월요일),118,"['콜키지 가능', '반려동물 동반', '노키즈존']",주차 불가,"['음식이 맛있어요', '가성비가 좋아요', '혼술하기 좋아요', '친절해요']","['좌식', '테라스', '입식', '1인석']","[[""오이시"", 4000], [""안키모띠"", 9000], [""도테야끼"", 9000], [""유부냠우동"", 7000], [""건조가오리지느러미"", 8000], [""오뎅모리"", 9900], [""마시멜로"", 4000], [""야끼소바"", 8500], [""돈코츠신라멘"", 7500], [""캬베츠사라다"", 4000], [""메론미니빙수"", 4000], [""트러플타코뇨끼"", 12009], [""게우파스타"", 9500], [""카레우동"", 9500], [""들깨크림나베"", 15000]]",일식
128,"['https://search.pstatic.net/common/?autoRotate=true&type=w560_sharpen&src=https%3A%2F%2Fpup-review-phinf.pstatic.net%2FMjAyMzA2MzBfMzYg%2FMDAxNjg4MTMzODc3OTkw.Hgqi_xmokHbLGINDA761_E4X0PLmaVzEccuQ_Apwd9sg.kUhTGF77VjTYqWwUrzulaEyhfpO2tvBnODqKil1-DiIg.JPEG%2F20230630_223803.jpg', 'https://search.pstatic.net/common/?autoRotate=true&type=w278_sharpen&src=https%3A%2F%2Fpup-review-phinf.pstatic.net%2FMjAyMzA5MDdfMjI5%2FMDAxNjk0MDk3OTIyMzI5.E-f_y_ETshuTrlEyAJrh3PgRaBfmVRMvcz_HftV4ZHYg.0gM24RJn03lFCfPFF2a7RDpt3-nYT6i4a2Z4BG23E3og.JPEG%2F20230907_222636.jpg', 'https://search.pstatic.net/common/?autoRotate=true&type=w278_sharpen&src=https%3A%2F%2Fpup-review-phinf.pstatic.net%2FMjAyMzA5MDdfMTE0%2FMDAxNjk0MDk3ODk1ODg4.krHQXm-Y0HUPz1HdLikplWy6ijNTst9pkeESTt0GDW4g.UE-REN-zJVo667y32naBvQgEC490u8nTzz4flF_i-MIg.JPEG%2F20230907_215649.jpg.jpg']","서울특별시 마포구 동교로19길 48 (서교동, 1층일부)",송가네정육식당,115.5,192622.0878,450584.4138,02-323-7469,,160,[],,"['음식이 맛있어요', '고기 질이 좋아요', '친절해요', '양이 많아요']",[],"[[""생삼겹살"", null], [""생목살"", null], [""생항정살"", null], [""껍데기"", null], [""돼지고기"", null], [""한우등심"", null], [""한우육회"", null], [""한우모듬"", null], [""한우갈비살"", null], [""한우차돌박이"", null], [""돼지고기김치찌개"", null], [""돼지왕갈비"", null]]",한식
129,"['https://search.pstatic.net/common/?autoRotate=true&type=w560_sharpen&src=https%3A%2F%2Fldb-phinf.pstatic.net%2F20220510_34%2F1652150237784qqMLo_JPEG%2F823F5A46-BF5F-45B7-97BA-5C51AAF3A771.jpeg', 'https://search.pstatic.net/common/?autoRotate=true&type=w278_sharpen&src=https%3A%2F%2Fldb-phinf.pstatic.net%2F20220510_79%2F1652150237673g3eQe_JPEG%2FA3ED883C-45E1-4DC9-869F-FFB6AE88C8E4.jpeg', 'https://search.pstatic.net/common/?autoRotate=true&type=w278_sharpen&src=https%3A%2F%2Fldb-phinf.pstatic.net%2F20220510_193%2F1652150238237AEF1x_JPEG%2F85DD55FA-C741-4A00-B6C1-DBFCDD5B17E7.jpeg']","서울특별시 마포구 와우산로29바길 12, 1층 (서교동)",오제키,79.35,193392.0153,450406.9112,,화: 16:00 - 03:00; 수: 정기휴무 (매주 수요일); 목: 16:00 - 03:00; 금: 16:00 - 03:00; 토: 16:00 - 03:00; 일: 16:00 - 03:00; 월: 16:00 - 03:00,182,"['단체 이용 가능', '예약', '무선 인터넷']",,"['음식이 맛있어요', '친절해요', '가성비가 좋아요', '대화하기 좋아요']",[],"[[""참치 사시미"", 35000], [""밀퓌유 나베"", 23000], [""치킨 가라아게"", 18000], [""야끼소바 + 빵"", 18000]]",일식
130,"['https://search.pstatic.net/common/?autoRotate=true&type=w560_sharpen&src=https%3A%2F%2Fldb-phinf.pstatic.net%2F20220920_229%2F1663669295944IEQsJ_JPEG%2FCDAA44B3-ADA7-42A1-B6A6-8085784A27FC.jpeg', 'https://search.pstatic.net/common/?autoRotate=true&type=w278_sharpen&src=https%3A%2F%2Fpup-review-phinf.pstatic.net%2FMjAyMzA3MDlfMTIz%2FMDAxNjg4ODcxOTkzMDAz.a8L75tE4gB6ppYPE3Ka9EDSpbAu9l-pGHLb1gxGQ6sIg.InyIm9IkDfuqkgVfuWwBJz0MMlzrNns1_yxJCnzie0Yg.JPEG%2FB74946AB-12CC-4792-88E5-13E7A89EC285.jpeg', 'https://search.pstatic.net/common/?autoRotate=true&type=w278_sharpen&src=https%3A%2F%2Fpup-review-phinf.pstatic.net%2FMjAyMjExMDJfMTkw%2FMDAxNjY3MzYwMDcwOTAx.6b8mR4KhLy5Fu0N0UhaM_Gpv70zmY7V5NWUYBX2x7z8g.Y8Kdre0dIob-eil_g6c-lGC1d7A9crI1ruphLo-u0q0g.JPEG%2FB5FF4790-7EAA-4347-88AD-9710A9092C5D.jpeg']","서울특별시 마포구 양화로6길 57-13 (서교동, 2층201호)",블루먼데이,59.24,192660.3599,449669.3333,,수: 18:30 - 24:00; 목: 18:30 - 24:00; 금: 18:30 - 01:00; 토: 18:30 - 01:00; 일: 18:30 - 23:00; 월: 18:30 - 24:00; 화: 18:30 - 24:00,45,"['무선 인터넷', '단체 이용 가능', '예약']",,"['음악이 좋아요', '친절해요', '술이 다양해요', '대화하기 좋아요']",[],"[[""Limeto"", 17000], [""Jin&tonic"", 15000], [""Vodca&tonic"", 15000]]",한식
131,"['https://search.pstatic.net/common/?autoRotate=true&type=w560_sharpen&src=https%3A%2F%2Fldb-phinf.pstatic.net%2F20211127_261%2F1638020327827FKRFF_JPEG%2FTP-1.jpg', 'https://search.pstatic.net/common/?autoRotate=true&type=w278_sharpen&src=https%3A%2F%2Fldb-phinf.pstatic.net%2F20211127_144%2F1638020326908rJKPD_JPEG%2FTP-2.jpg', 'https://search.pstatic.net/common/?autoRotate=true&type=w278_sharpen&src=https%3A%2F%2Fldb-phinf.pstatic.net%2F20211127_179%2F1638020328105CUID9_JPEG%2FTP-3.jpg']","서울특별시 마포구 와우산로21길 36-4, 2층 (서교동)",티퍼프,74.76,193038.609,450034.0331,0507-1353-0302,수: 18:00 - 02:00; 목: 18:00 - 02:00; 금: 18:00 - 03:00; 토: 18:00 - 03:00; 일: 18:00 - 02:00; 월: 18:00 - 02:00; 화: 정기휴무 (매주 화요일),47,[],,"['친절해요', '음식이 맛있어요', '인테리어가 멋져요', '매장이 청결해요']",[],"[[""후카"", 24000], [""이벤트세트"", 75000]]",한식
132,"['https://search.pstatic.net/common/?autoRotate=true&type=w560_sharpen&src=https%3A%2F%2Fldb-phinf.pstatic.net%2F20230317_128%2F16790473668615pqCK_JPEG%2F0332079E-EF17-4146-BC4A-0443DBA4F92D.jpeg', 'https://search.pstatic.net/common/?autoRotate=true&type=w278_sharpen&src=https%3A%2F%2Fldb-phinf.pstatic.net%2F20210812_227%2F16287537862318T3mP_JPEG%2FKVqw6gjPzpOgm5LfmqLqSIF6.jpg', 'https://search.pstatic.net/common/?autoRotate=true&type=w278_sharpen&src=https%3A%2F%2Fldb-phinf.pstatic.net%2F20210812_50%2F1628753791468DJy54_JPEG%2FPyx40o_WQc3DY6QECqqyYpnp.jpg']","서울특별시 마포구 성미산로2길 43, 지하1층 (서교동)",서울미트볼,63.9,192029.075,450483.5877,02-337-4391,수: 11:00 - 21:00; 목: 11:00 - 21:00; 금: 11:00 - 21:00; 토: 11:00 - 21:00; 일: 정기휴무 (매주 일요일); 월: 11:00 - 21:00; 화: 11:00 - 21:00,343,"['단체 이용 가능', '포장', '무선 인터넷']",주차 가능,"['음식이 맛있어요', '양이 많아요', '가성비가 좋아요', '특별한 메뉴가 있어요']",[],"[[""서울미트볼 + 라이스"", 11500], [""그레이비 미트볼 + 라이스"", 11500], [""머쉬룸 크림 미트볼 + 라이스"", 11500], [""엔초비 파스타 + 미트볼"", 11500], [""서울 크리미 + 미트볼"", 11500], [""서울 알리오 + 미트볼"", 11500], [""스파이시 토마토 + 미트볼"", 11500], [""명란 바질 파스타 + 미트볼"", 11900], [""카레크림 파스타"", 11900], [""엔초비 머쉬룸 파스타"", 11900], [""날치알 로제 파스타"", 11900], [""서울 비빔밥"", 9500], [""서울 카레밥"", 9500], [""토마토 베이컨 필라프"", 9500], [""머쉬룸 크림 리조또"", 9500], [""감자 프라이"", 6500], [""허니 고구마 스틱"", 7500], [""바질 샐러드"", 9500], [""서울 샐러드"", 9500]]",양식
133,"['https://search.pstatic.net/common/?autoRotate=true&type=w560_sharpen&src=https%3A%2F%2Fldb-phinf.pstatic.net%2F20231006_56%2F1696586776139nztPF_JPEG%2FKakaoTalk_20231004_165848409.jpg', 'https://search.pstatic.net/common/?autoRotate=true&type=w278_sharpen&src=https%3A%2F%2Fldb-phinf.pstatic.net%2F20231006_223%2F1696586776070JViM1_JPEG%2FKakaoTalk_20231004_165848409_01.jpg', 'https://search.pstatic.net/common/?autoRotate=true&type=w278_sharpen&src=https%3A%2F%2Fldb-phinf.pstatic.net%2F20230912_59%2F1694507340137nu4WB_JPEG%2F5.jpg']","서울특별시 마포구 와우산로21길 20-11, 철록헌 1층 좌측호 (서교동)",호요 홍대점,179.6,193101.7423,450067.4562,0507-1471-0827,화: 17:00 - 02:00; 수: 17:00 - 02:00; 목: 17:00 - 02:00; 금: 17:00 - 02:00; 토: 13:00 - 02:00; 일: 13:00 - 23:50; 월: 17:00 - 02:00,357,[],,"['음식이 맛있어요', '친절해요', '술이 다양해요', '인테리어가 멋져요']",[],"[[""히로시마 오꼬노미야끼"", 16000], [""살치살 스테이크"", 28000], [""규타다끼"", 23000], [""연어사시미"", 25000], [""야끼소바"", 11000]]",일식
134,"['https://search.pstatic.net/common/?autoRotate=true&type=w560_sharpen&src=https%3A%2F%2Fldb-phinf.pstatic.net%2F20241204_187%2F1733280345979KztIK_JPEG%2F%25BF%25DC%25BA%25CE%25BD%25BA%25C5%25C4%25B5%25E5%25B8%25DE%25B4%25BA%25C6%25C7-1232%25C2%25F7.jpg', 'https://search.pstatic.net/common/?autoRotate=true&type=w278_sharpen&src=https%3A%2F%2Fldb-phinf.pstatic.net%2F20241009_244%2F1728460839492EzNYy_JPEG%2F5.%25B9%25AC%25C0%25BA%25C1%25F6%25B1%25E8%25B9%25E4%25B0%25FA%25C6%25AF%25C1%25A6%25C0%25B0%25C8%25B8.jpg', 'https://search.pstatic.net/common/?autoRotate=true&type=w278_sharpen&src=https%3A%2F%2Fldb-phinf.pstatic.net%2F20241207_195%2F17335476415389iqz6_JPEG%2F%25C0%25B0%25C8%25B8_%25B1%25A4%25BE%25EE_%25BB%25E7%25BD%25C3%25B9%25CC.jpg']","서울특별시 마포구 양화로6길 57-16, 지1층 (서교동)",고엔,64.7,192675.1936,449658.6687,0507-1383-4516,수: 17:00 - 01:00; 목: 17:00 - 01:00; 금: 17:00 - 02:00; 토: 17:00 - 02:00; 일: 17:00 - 01:00; 월: 17:00 - 01:00; 화: 17:00 - 01:00,108,"['콜키지 가능', '단체 이용 가능', '예약', '무선 인터넷']",주차 불가,"['음식이 맛있어요', '친절해요', '술이 다양해요', '인테리어가 멋져요']","['룸', '단체석', '바테이블']","[[""명란치즈감자"", 18500], [""투뿔육회와감태김밥"", 25000], [""매콤해물파스타전골"", 25000], [""나가사끼하얀짬뽕"", 23000], [""생연어 사시미와 특제 육회"", 34000]]",한식
135,"['https://search.pstatic.net/common/?autoRotate=true&type=w560_sharpen&src=https%3A%2F%2Fldb-phinf.pstatic.net%2F20240405_279%2F17123002335979CWl2_JPEG%2F%25B9%25AE%25BE%25EE%25BF%25CD%25C4%25A3%25B1%25B8%25B5%25E9.jpg', 'https://search.pstatic.net/common/?autoRotate=true&type=w278_sharpen&src=https%3A%2F%2Fldb-phinf.pstatic.net%2F20240405_59%2F17123002334743ydoG_JPEG%2F%25B4%25EB%25C7%25A5%25BB%25E7%25C1%25F85.jpg', 'https://search.pstatic.net/common/?autoRotate=true&type=w278_sharpen&src=https%3A%2F%2Fldb-phinf.pstatic.net%2F20240405_134%2F1712300233578OkszR_JPEG%2F%25B4%25EB%25C7%25A5%25BB%25E7%25C1%25F81.jpg']","서울특별시 마포구 와우산로 76, 2층 (서교동)",한성짬뽕,166.0,193169.7092,449877.0128,0507-1397-5745,수: 11:30 - 21:00; 목: 11:30 - 21:00; 금: 11:30 - 21:00; 토: 11:30 - 15:00; 일: 정기휴무 (매주 일요일); 월: 11:30 - 21:00; 화: 11:30 - 21:00,164,"['콜키지 가능', '무선 인터넷', '포장', '배달']",주차 불가,"['음식이 맛있어요', '양이 많아요', '친절해요', '재료가 신선해요']",['1인석'],"[[""소고기짬뽕"", 12000], [""꼬막짬뽕"", 12000], [""한방냉짬뽕"", 15000], [""볶음밥"", 8000], [""자장면"", 8000], [""문어와친구들"", 28000], [""하얀소고기짬뽕"", 13000]]",중식
136,"['https://search.pstatic.net/common/?autoRotate=true&type=w560_sharpen&src=https%3A%2F%2Fldb-phinf.pstatic.net%2F20221229_142%2F1672309413079gFevc_JPEG%2F75F953FD-E65F-4B69-925C-4670940199B4.jpeg', 'https://search.pstatic.net/common/?autoRotate=true&type=w278_sharpen&src=https%3A%2F%2Fldb-phinf.pstatic.net%2F20221229_281%2F1672309413065jAcHf_JPEG%2F5C187BE2-3196-43DF-B851-83F4BA5A57BB.jpeg', 'https://search.pstatic.net/common/?autoRotate=true&type=w278_sharpen&src=https%3A%2F%2Fldb-phinf.pstatic.net%2F20221229_216%2F1672309413074f4DiB_JPEG%2F2DD8CC76-4396-4B06-AD23-4A625F42CFBF.jpeg']","서울특별시 마포구 독막로7길 23, 1,2층 (서교동)",대동,343.81,192766.7976,449640.4631,0507-1362-2494,,185,"['콜키지 가능', '예약', '단체 이용 가능', '무선 인터넷', '노키즈존', '대기공간']",주차 불가,"['음식이 맛있어요', '대화하기 좋아요', '인테리어가 멋져요', '친절해요']","['좌식', '연인석', '1인석']","[[""점보오뎅탕"", 32000], [""명란구이"", 12000], [""떡구이"", 12000]]",일식
137,"['https://search.pstatic.net/common/?autoRotate=true&type=w560_sharpen&src=https%3A%2F%2Fldb-phinf.pstatic.net%2F20230219_209%2F1676805550160knYPH_JPEG%2FKakaoTalk_Photo_2023-02-19-20-15-39.jpeg', 'https://search.pstatic.net/common/?autoRotate=true&type=w278_sharpen&src=https%3A%2F%2Fldb-phinf.pstatic.net%2F20230219_266%2F1676805549476QvCNI_JPEG%2FKakaoTalk_Photo_2023-02-19-20-15-48.jpeg', 'https://search.pstatic.net/common/?autoRotate=true&type=w278_sharpen&src=https%3A%2F%2Fldb-phinf.pstatic.net%2F20230219_45%2F16768055492848ufjX_JPEG%2FKakaoTalk_Photo_2023-02-19-20-15-57_002.jpeg']","서울특별시 마포구 와우산로17길 24-4, 1층 (서교동)",퍼블릭,42.58,193000.7234,449794.7063,0507-1315-2069,화: 19:00 - 03:00; 수: 19:00 - 03:00; 목: 19:00 - 03:00; 금: 19:00 - 05:00; 토: 19:00 - 05:00; 일: 19:00 - 02:00; 월: 19:00 - 03:00,45,['단체 이용 가능'],,"['인테리어가 멋져요', '친절해요', '음식이 맛있어요', '특별한 메뉴가 있어요']",[],"[[""후카"", 24000]]",양식
138,"['https://search.pstatic.net/common/?autoRotate=true&type=w560_sharpen&src=https%3A%2F%2Fldb-phinf.pstatic.net%2F20220601_14%2F1654011413116TvUfW_JPEG%2F34D46A56-9A65-4081-A2FF-064E69F01F15.jpeg', 'https://search.pstatic.net/common/?autoRotate=true&type=w278_sharpen&src=https%3A%2F%2Fldb-phinf.pstatic.net%2F20220802_235%2F1659403830641eil6w_JPEG%2FScreenshot_20220802-102915_Instagram.jpg', 'https://search.pstatic.net/common/?autoRotate=true&type=w278_sharpen&src=https%3A%2F%2Fpup-review-phinf.pstatic.net%2FMjAyMjExMjRfMTQ2%2FMDAxNjY5MjU2NzYzNDIz.quMo71N-N9EeXj19FQksDiaJfgGcbM9W9UOdLCL3cUYg.JyMIBmNk4Q4Zgu3lZIqgL16uc8SPp11fntAvhayRxmgg.JPEG%2F238453E7-C9ED-4E9E-8891-7EC32AE722BF.jpeg']","서울특별시 마포구 양화로6길 99-9, 지하1층 (서교동)",이츠야,46.95,192855.2158,449613.6518,02-336-9244,수: 정기휴무 (매주 수요일); 목: 11:30 - 15:00; 금: 11:30 - 15:00; 토: 11:30 - 15:00; 일: 11:30 - 15:00; 월: 정기휴무 (매주 월요일); 화: 정기휴무 (매주 화요일),125,"['무선 인터넷', '단체 이용 가능', '포장']",,"['음식이 맛있어요', '고기 질이 좋아요', '친절해요', '재료가 신선해요']",[],"[[""등심"", 15000], [""안심"", 17000], [""특등심"", 18000]]",일식
139,"['https://search.pstatic.net/common/?autoRotate=true&type=w560_sharpen&src=https%3A%2F%2Fldb-phinf.pstatic.net%2F20241104_62%2F1730714090304IkFat_JPEG%2F1000002943.jpg', 'https://search.pstatic.net/common/?autoRotate=true&type=w278_sharpen&src=https%3A%2F%2Fldb-phinf.pstatic.net%2F20241112_171%2F17314175006442WFXu_JPEG%2F1000002975.jpg', 'https://search.pstatic.net/common/?autoRotate=true&type=w278_sharpen&src=https%3A%2F%2Fldb-phinf.pstatic.net%2F20191123_47%2F1574443727011cdQ7R_JPEG%2Fnuh5mkYWy6lPmFjp2B5lwYN7.jpg']","서울특별시 마포구 동교로18길 4, A동 1층 (서교동)",바다애,141.16,192546.9623,450285.8967,02-335-1003,수: 14:00 - 23:00; 목: 14:00 - 23:00; 금: 14:00 - 23:00; 토: 14:00 - 23:00; 일: 14:00 - 22:30; 월: 14:00 - 22:30; 화: 14:00 - 23:00,269,"['포장', '배달', '무선 인터넷']",주차 불가,"['음식이 맛있어요', '재료가 신선해요', '친절해요', '양이 많아요']",['입식'],"[[""대방어+참돔(4인)"", 130000], [""대방어+광어(4인)"", 105000], [""대방어 (4인)"", 105000], [""대방어 (3인)"", 85000], [""대방어 (2인)"", 65000], [""대방어+연어(2인)"", 60000]]",일식
140,"['https://search.pstatic.net/common/?autoRotate=true&type=w560_sharpen&src=https%3A%2F%2Fldb-phinf.pstatic.net%2F20231206_39%2F1701853707371wVLL2_JPEG%2F%25B4%25DC%25C3%25BC%25C4%25C6_01.jpg', 'https://search.pstatic.net/common/?autoRotate=true&type=w278_sharpen&src=https%3A%2F%2Fldb-phinf.pstatic.net%2F20231206_195%2F1701853733526nFk8D_JPEG%2F%25B4%25DC%25C3%25BC%25C4%25C6_05.jpg', 'https://search.pstatic.net/common/?autoRotate=true&type=w278_sharpen&src=https%3A%2F%2Fldb-phinf.pstatic.net%2F20231206_183%2F1701853725326v2p9q_JPEG%2F%25B4%25DC%25C3%25BC%25C4%25C6_03.jpg']","서울특별시 마포구 홍익로5안길 32, 2층 (서교동, 홍대가자Ⅰ빌딩)",테즈쿠리,175.48,192958.3682,450137.6193,0507-1367-2707,,544,"['단체 이용 가능', '포장', '예약', '무선 인터넷', '배달']",유료 주차 가능,"['음식이 맛있어요', '양이 많아요', '매장이 넓어요', '인테리어가 멋져요']","['단체석', '연인석', '1인석', '좌식', '카운터석']","[[""연어카츠정식"", 20900], [""연어냉모밀정식"", 20900], [""연어판모밀정식"", 20900], [""우동정식"", 14900], [""냉모밀정식"", 14900], [""판모밀정식"", 14900], [""토마토파스타정식"", 17900], [""크림파스타정식"", 17900], [""로제파스타정식"", 17900], [""카레덮밥정식"", 14900], [""생선카츠정식"", 14900], [""등심카츠정식"", 14900], [""통베이컨카레덮밥"", 12900], [""가라아게카레덮밥"", 11900], [""고로케카레덮밥"", 11900], [""등심카츠카레덮밥"", 11900], [""생선카츠카레덮밥"", 11900], [""치킨카츠카레덮밥"", 11900], [""스테이크덮밥"", 10900], [""우삼겹덮밥"", 10900], [""차슈덮밥"", 10900]]",일식
141,"['https://search.pstatic.net/common/?autoRotate=true&type=w560_sharpen&src=https%3A%2F%2Fldb-phinf.pstatic.net%2F20250124_259%2F1737717565946nnQSX_JPEG%2F%25C0%25BD%25BD%25C4_%25B8%25F0%25B5%25EB_%25BA%25A3%25BD%25BA%25C6%25AE_%25C4%25C6.jpg', 'https://search.pstatic.net/common/?autoRotate=true&type=w278_sharpen&src=https%3A%2F%2Fldb-phinf.pstatic.net%2F20240906_163%2F1725601757092fYa9q_JPEG%2F%25C4%25DA%25C1%25A9%25B4%25D9%25C5%25A9_%25BD%25C3%25B3%25AA%25B8%25F3_2024%25B3%25E2__%25281%2529.jpg', 'https://search.pstatic.net/common/?autoRotate=true&type=w278_sharpen&src=https%3A%2F%2Fldb-phinf.pstatic.net%2F20241107_139%2F1730984828243tBgHy_JPEG%2F%25B5%25A5%25BD%25BA%25C6%25E4%25B6%25F3%25B5%25B5_%25B3%25BB%25BA%25CE_%25BB%25E7%25C1%25F8_%25286%2529.jpg']","서울특별시 마포구 독막로9길 43 (서교동,2층)",데스페라도,116.0,192904.9434,449767.6819,0507-1435-5835,화: 19:00 - 03:00; 수: 19:00 - 03:00; 목: 19:00 - 03:00; 금: 19:00 - 04:30; 토: 19:00 - 04:30; 일: 18:30 - 02:00; 월: 19:00 - 03:00,86,"['무선 인터넷', '대기공간', '단체 이용 가능', '포장', '배달', '예약']",주차 불가,"['술이 다양해요', '음식이 맛있어요', '음악이 좋아요', '친절해요']","['단체석', '바테이블', '카운터석']","[[""올라 감바스"", 24900], [""기네스 생맥주"", 11900], [""코젤다크 생맥주"", 8900], [""파울라너 생맥주"", 7900], [""쉬림프 칵테일"", 9900], [""씨푸드 외국 짬뽕"", 26900], [""크리미 술찜"", 22900], [""쿠반 모히또 &피냐 콜라다"", 19900], [""하우스 상그리아"", 12900], [""과카몰레 나초스"", 24900], [""기네스 석화 세트"", 33000], [""베이컨 크림 파스타"", 22900], [""해산물 토마토 파스타"", 21900], [""해산물 크림 파스타"", 22900]]",양식
142,"['https://search.pstatic.net/common/?autoRotate=true&type=w560_sharpen&src=https%3A%2F%2Fldb-phinf.pstatic.net%2F20241226_22%2F1735221376438oeJX0_PNG%2FIMG_2172.png', 'https://search.pstatic.net/common/?autoRotate=true&type=w278_sharpen&src=https%3A%2F%2Fldb-phinf.pstatic.net%2F20240403_103%2F1712138476586RzVcY_JPEG%2FIMG_0528.jpeg', 'https://search.pstatic.net/common/?autoRotate=true&type=w278_sharpen&src=https%3A%2F%2Fldb-phinf.pstatic.net%2F20240826_67%2F1724681395605yyMlK_JPEG%2FIMG_1408.jpeg']","서울특별시 마포구 양화로6길 57-22, 지층 101호 (서교동)",지하102호 3호점,39.06,192689.0107,449682.0286,0507-1369-4568,화: 16:00 - 04:00; 수: 16:00 - 04:00; 목: 16:00 - 04:00; 금: 14:00 - 06:00; 토: 14:00 - 06:00; 일: 16:00 - 04:00; 월: 16:00 - 04:00,141,"['콜키지 가능', '생일 혜택', '반려동물 동반', '예약', '단체 이용 가능', '무선 인터넷']",무료 주차 가능,"['음식이 맛있어요', '친절해요', '기본 안주가 좋아요', '술이 다양해요']","['단체석', '좌식', '테라스']","[[""오늘의사시미"", 37000], [""차돌박이마늘짬뽕"", 22000], [""나가사끼짬뽕"", 25000], [""일본식오뎅탕"", 20000], [""얼큰바지락탕"", 18000], [""매운해물국물떡볶이"", 18000], [""2종사시미"", 41000], [""생연어사시미"", 30000], [""생연어샐러드"", 30000], [""참치타다끼"", 25000], [""육사시미"", 30000], [""한우육회 (200g)"", 25000], [""돌문어숙회"", 30000], [""숯불닭구이"", 20000], [""닭모듬꼬치구이"", 24000], [""일본식야끼교자"", 18000], [""야끼소바"", 18000], [""차돌숙주볶음"", 18000], [""명란구이"", 18000], [""모듬소시지구이"", 18000]]",양식
143,"['https://search.pstatic.net/common/?autoRotate=true&type=w278_sharpen&src=https%3A%2F%2Fldb-phinf.pstatic.net%2F20250206_170%2F1738831787395rWsU9_PNG%2F001.png', 'https://search.pstatic.net/common/?autoRotate=true&type=w278_sharpen&src=https%3A%2F%2Fldb-phinf.pstatic.net%2F20250206_224%2F17388317874788VPhi_PNG%2F002.png', 'https://search.pstatic.net/common/?autoRotate=true&type=w278_sharpen&src=https%3A%2F%2Fldb-phinf.pstatic.net%2F20250206_286%2F1738831787452RqcxG_PNG%2F003.png']","서울특별시 마포구 양화로6길 45 (서교동, 1층 101호 일부)",해정집,58.0,192578.6986,449635.2088,0507-1427-9042,수: 10:00 - 23:00; 목: 10:00 - 23:00; 금: 10:00 - 23:00; 토: 10:00 - 23:00; 일: 10:00 - 23:00; 월: 10:00 - 23:00; 화: 10:00 - 23:00,458,"['콜키지 가능', '단체 이용 가능', '예약', '무선 인터넷', '포장', '장애인 주차구역']",유료 주차 가능,"['음식이 맛있어요', '인테리어가 멋져요', '재료가 신선해요', '친절해요']","['룸', '단체석', '입식', '연인석']","[[""맑은 해정국밥"", 12000], [""진한 해정국밥"", 12000], [""얼큰 해정국밥"", 13000], [""스지국밥"", 15000], [""들기름항정수육면"", 20000], [""스지수육"", 27000], [""얼큰만두전골"", 32000], [""매운 불스지"", 26000], [""항정보쌈"", 35000], [""해정전골"", 45000]]",한식
144,"['https://search.pstatic.net/common/?autoRotate=true&type=w560_sharpen&src=https%3A%2F%2Fldb-phinf.pstatic.net%2F20241127_41%2F17327172944768Hqmx_JPEG%2FIMG_1833.jpeg', 'https://search.pstatic.net/common/?autoRotate=true&type=w278_sharpen&src=https%3A%2F%2Fldb-phinf.pstatic.net%2F20241127_45%2F1732715002766Afe4y_JPEG%2FIMG_1386.jpeg', 'https://search.pstatic.net/common/?autoRotate=true&type=w278_sharpen&src=https%3A%2F%2Fldb-phinf.pstatic.net%2F20240911_59%2F1726042773994LEOxz_JPEG%2FIMG_0996.jpeg']","서울특별시 마포구 양화로6길 57-10, 1층 (서교동)",장미장,77.97,192677.3194,449642.042,0507-1410-4655,수: 17:30 - 02:00; 목: 17:30 - 02:00; 금: 17:30 - 02:00; 토: 17:30 - 02:00; 일: 17:30 - 02:00; 월: 정기휴무 (매주 월요일); 화: 17:30 - 02:00,48,"['단체 이용 가능', '예약', '무선 인터넷']",주차 불가,"['음식이 맛있어요', '기본 안주가 좋아요', '음악이 좋아요', '대화하기 좋아요']","['단체석', '좌식', '테라스']","[[""존슨탕"", 23000], [""연유토스트"", 10000], [""장미꿀토마토"", 9000], [""육회"", 23000], [""가라야게&감튀"", 18000], [""묵은지김치찌갸"", 23000]]",한식
145,"['https://search.pstatic.net/common/?autoRotate=true&type=w560_sharpen&src=https%3A%2F%2Fldb-phinf.pstatic.net%2F20230905_28%2F1693916825970gL5fG_JPEG%2F%25C0%25B0%25B4%25DE.jpg', 'https://search.pstatic.net/common/?autoRotate=true&type=w278_sharpen&src=https%3A%2F%2Fldb-phinf.pstatic.net%2F20230905_110%2F1693916830370u6hEj_JPEG%2FKakaoTalk_20230806_005139554_07.jpg', 'https://search.pstatic.net/common/?autoRotate=true&type=w278_sharpen&src=https%3A%2F%2Fldb-phinf.pstatic.net%2F20230905_249%2F1693916849744myy8C_JPEG%2FKakaoTalk_20230314_150646066_03.jpg']","서울특별시 마포구 어울마당로 136-13, 1층 102호 (서교동)",더6회,41.0,193365.88,450391.2187,0507-1444-1818,수: 17:00 - 24:00; 목: 17:00 - 24:00; 금: 17:00 - 24:00; 토: 17:00 - 24:00; 일: 17:00 - 24:00; 월: 17:00 - 24:00; 화: 17:00 - 24:00,175,"['생일 혜택', '포장', '배달']",주차 불가,"['음식이 맛있어요', '재료가 신선해요', '친절해요', '매장이 청결해요']",['단체석'],"[[""육사시미(200g)"", 36000], [""육회(180g)"", 26000], [""매콤육회(160g)"", 24000], [""육전"", 24000], [""육반달무침"", 26000], [""차돌숙주볶음"", 18000]]",한식
146,"['https://search.pstatic.net/common/?autoRotate=true&type=w560_sharpen&src=https%3A%2F%2Fldb-phinf.pstatic.net%2F20231125_108%2F1700919334125mixfu_JPEG%2FIMG_7027.jpeg', 'https://search.pstatic.net/common/?autoRotate=true&type=w278_sharpen&src=https%3A%2F%2Fldb-phinf.pstatic.net%2F20241213_266%2F1734086696557CSpY8_JPEG%2FIMG_4302.jpeg', 'https://search.pstatic.net/common/?autoRotate=true&type=w278_sharpen&src=https%3A%2F%2Fldb-phinf.pstatic.net%2F20231125_178%2F1700919488179DbDV2_JPEG%2FIMG_7058.jpeg']","서울특별시 마포구 와우산로29바길 11-5, 1층 (서교동)",훌리건,96.77,193422.2892,450387.2361,0507-1365-0341,수: 11:00 - 20:10; 목: 11:00 - 20:10; 금: 11:00 - 20:10; 토: 11:00 - 21:10; 일: 11:00 - 21:10; 월: 11:00 - 20:10; 화: 11:00 - 20:10,737,"['테이크아웃 할인', '단체 이용 가능', '무선 인터넷', '포장', '반려동물 동반']",주차 불가,"['인테리어가 멋져요', '디저트가 맛있어요', '커피가 맛있어요', '친절해요']","['단체석', '테라스', '바테이블', '연인석']","[[""아메리카노"", 5000]]",양식
147,"['https://search.pstatic.net/common/?autoRotate=true&type=w278_sharpen&src=https%3A%2F%2Fldb-phinf.pstatic.net%2F20230630_35%2F1688100929250lJJQ7_JPEG%2FIMG_0174.jpeg', 'https://search.pstatic.net/common/?autoRotate=true&type=w278_sharpen&src=https%3A%2F%2Fldb-phinf.pstatic.net%2F20230314_271%2F1678774620590w0Y73_JPEG%2F4925E0CA-FDBF-4B04-8DA2-E65C9346F801.jpeg', 'https://search.pstatic.net/common/?autoRotate=true&type=w278_sharpen&src=https%3A%2F%2Fldb-phinf.pstatic.net%2F20230314_209%2F1678768431643tjDwo_JPEG%2F%25B8%25DE%25B4%25BA%25BA%25B8%25C1%25A4.jpg']","서울특별시 마포구 월드컵로10길 15, 1층 좌측호 (서교동)",잡을손,39.9,192203.125,450285.5285,02-322-7967,수: 11:30 - 23:00; 목: 11:30 - 23:00; 금: 11:30 - 23:00; 토: 11:30 - 23:00; 일: 정기휴무 (매주 일요일); 월: 11:30 - 23:00; 화: 11:30 - 23:00,133,"['콜키지 가능', '무선 인터넷', '예약', '단체 이용 가능', '포장']",유료 주차 가능,"['음식이 맛있어요', '재료가 신선해요', '특별한 메뉴가 있어요', '친절해요']",['바테이블'],"[[""닭개장"", 12000], [""항정수육"", 29000], [""달고기전"", 23500], [""전복비빔국수"", 17000]]",한식
148,"['https://search.pstatic.net/common/?autoRotate=true&type=w560_sharpen&src=https%3A%2F%2Fldb-phinf.pstatic.net%2F20221230_291%2F1672398486808Cmu3o_JPEG%2FAD9356F2-81E4-4EAC-9262-2B12F47903CC.jpeg', 'https://search.pstatic.net/common/?autoRotate=true&type=w278_sharpen&src=https%3A%2F%2Fldb-phinf.pstatic.net%2F20221031_211%2F1667208022464ONKOr_JPEG%2F7FBF3986-CA69-4381-9ABC-24025B4B09BE.jpeg', 'https://search.pstatic.net/common/?autoRotate=true&type=w278_sharpen&src=https%3A%2F%2Fldb-phinf.pstatic.net%2F20221119_269%2F1668866451930eNpw6_JPEG%2FAE9448E1-0E2E-4D17-9E11-65DC47D1A1F0.jpeg']","서울특별시 마포구 와우산로27길 28, 1층 (서교동)",샤브로21 서교,110.43,193473.9273,450249.4868,02-333-4951,수: 10:30 - 22:00; 목: 10:30 - 22:00; 금: 10:30 - 22:00; 토: 10:30 - 22:00; 일: 10:30 - 22:00; 월: 10:30 - 22:00; 화: 10:30 - 22:00,300,"['무선 인터넷', '대기공간']",주차 불가,"['음식이 맛있어요', '가성비가 좋아요', '혼밥하기 좋아요', '재료가 신선해요']",[],"[[""샤브로21 샤브샤브"", 7500], [""얼큰 샤브샤브"", 8500], [""마라 샤브샤브"", 8800], [""미소 샤브샤브"", 8500], [""포 샤브샤브"", 8500], [""반반 샤브샤브"", 9000], [""스키야키"", 8500], [""규동"", 6500], [""부타동"", 6500], [""카라이 규동"", 6800], [""카라이 부타동"", 6800]]",한식
149,"['https://search.pstatic.net/common/?autoRotate=true&type=w560_sharpen&src=https%3A%2F%2Fldb-phinf.pstatic.net%2F20221108_215%2F1667890730483Aovu2_JPEG%2F123444.JPG', 'https://search.pstatic.net/common/?autoRotate=true&type=w278_sharpen&src=https%3A%2F%2Fldb-phinf.pstatic.net%2F20221108_48%2F1667890726970hJDD8_JPEG%2F12134.JPG', 'https://search.pstatic.net/common/?autoRotate=true&type=w278_sharpen&src=https%3A%2F%2Fldb-phinf.pstatic.net%2F20221108_48%2F1667890738162rPWRY_JPEG%2F230984259.JPG']","서울특별시 마포구 양화로6길 57, 3층 (서교동)",먼로,92.9,192632.0867,449620.7473,,,42,"['포장', '무선 인터넷']",,"['음료가 맛있어요', '인테리어가 멋져요', '디저트가 맛있어요', '친절해요']",[],"[[""아메리카노"", 4000], [""카페라떼"", 5000], [""바닐라라떼"", 5500], [""연유라떼"", 5500], [""카라멜 마끼아또"", 5500]]",양식
150,"['https://search.pstatic.net/common/?autoRotate=true&type=w560_sharpen&src=https%3A%2F%2Fldb-phinf.pstatic.net%2F20221228_58%2F1672218144116ePGMG_JPEG%2FKakaoTalk_20221228_175702257_02.jpg', 'https://search.pstatic.net/common/?autoRotate=true&type=w278_sharpen&src=https%3A%2F%2Fldb-phinf.pstatic.net%2F20221228_35%2F1672218144152uVwUQ_JPEG%2FKakaoTalk_20221228_175702257_05.jpg', 'https://search.pstatic.net/common/?autoRotate=true&type=w278_sharpen&src=https%3A%2F%2Fldb-phinf.pstatic.net%2F20221228_164%2F1672218144072TBRDP_JPEG%2FKakaoTalk_20221228_175702257_10.jpg']","서울특별시 마포구 와우산로19길 19, 1층 (서교동)",킹케밥,104.61,193040.2828,449882.2149,0507-1375-0300,,202,"['단체 이용 가능', '포장', '배달', '무선 인터넷']",주차 가능,"['음식이 맛있어요', '친절해요', '매장이 넓어요', '특별한 메뉴가 있어요']",[],"[[""치킨케밥"", 6900], [""램 케밥"", 7900], [""믹스 케밥"", 8900], [""비프 케밥"", 9900], [""팔라펠 랩"", 7500], [""크리스피 치킨"", 8500], [""킹치킨케밥"", 8900], [""킹 믹스 케밥"", 10900], [""킹 비프케밥"", 11900], [""킹 팔라펠케밥"", 9500], [""킹 고등어케밥"", 10000], [""킹케밥 덮밥 닭고기"", 10500], [""킹케밥 덮밥 양고기"", 11500], [""치킨 케밥 치킨"", 8900], [""치즈 케밥 램"", 9900], [""치즈 케밥 비프"", 11900], [""치즈 케밥 믹스"", 10500], [""아다나 비프 스테이크"", 18500], [""박스 케밥 치킨"", 8900], [""박스 케밥 램"", 9900]]",양식
151,"['https://search.pstatic.net/common/?autoRotate=true&type=w560_sharpen&src=https%3A%2F%2Fldb-phinf.pstatic.net%2F20241101_206%2F1730430691767vVk4G_JPEG%2FScreenshot_20241101_120826_NAVER_Map.jpg', 'https://search.pstatic.net/common/?autoRotate=true&type=w278_sharpen&src=https%3A%2F%2Fldb-phinf.pstatic.net%2F20220917_140%2F1663389107627gHdiz_JPEG%2FKakaoTalk_20200910_142156489.jpg', 'https://search.pstatic.net/common/?autoRotate=true&type=w278_sharpen&src=https%3A%2F%2Fldb-phinf.pstatic.net%2F20221024_68%2F1666591519484eHKUm_JPEG%2F016E9055-E5A2-4D0C-B6AC-C84FCC2DA1F1.jpeg']","서울특별시 마포구 와우산로21길 28, 2층 (서교동)",타오,89.0,193072.0193,450026.4245,0507-1427-1209,수: 11:30 - 21:00; 목: 11:30 - 21:00; 금: 11:30 - 21:00; 토: 11:30 - 21:00; 일: 11:30 - 21:00; 월: 11:30 - 21:00; 화: 11:30 - 21:00,285,"['포장', '무선 인터넷', '반려동물 동반']",,"['음식이 맛있어요', '재료가 신선해요', '친절해요', '매장이 청결해요']",[],"[[""마라탕"", 2000], [""마라샹궈"", 3000]]",중식
152,"['https://search.pstatic.net/common/?autoRotate=true&type=w560_sharpen&src=https%3A%2F%2Fldb-phinf.pstatic.net%2F20231210_216%2F1702160768026Uf48V_JPEG%2FScreenshot_20231121_002815_Instagram.jpg', 'https://search.pstatic.net/common/?autoRotate=true&type=w278_sharpen&src=https%3A%2F%2Fldb-phinf.pstatic.net%2F20230810_205%2F1691656834029rdPhN_JPEG%2FIMG_20230622_130501_839.jpg', 'https://search.pstatic.net/common/?autoRotate=true&type=w278_sharpen&src=https%3A%2F%2Fldb-phinf.pstatic.net%2F20240128_132%2F1706394256240tY4Qa_JPEG%2FIMG_20240110_075433_645.jpg']","서울특별시 마포구 양화로6길 13, 2층 (서교동)",88노가리 합정점,91.21,192427.201,449674.7358,0507-1446-5030,수: 18:00 - 02:00; 목: 18:00 - 02:00; 금: 18:00 - 03:00; 토: 18:00 - 03:00; 일: 18:00 - 01:00; 월: 18:00 - 02:00; 화: 18:00 - 02:00,84,['생일 혜택'],주차 불가,"['음식이 맛있어요', '가성비가 좋아요', '친절해요', '기본 안주가 좋아요']",[],"[[""먹태"", 16000], [""떡볶이"", 10000]]",양식
153,"['https://search.pstatic.net/common/?autoRotate=true&type=w560_sharpen&src=https%3A%2F%2Fldb-phinf.pstatic.net%2F20250122_159%2F1737518658476w5Dvw_PNG%2F00%25BA%25F1%25BA%25F6%25B9%25E4_%25B0%25A5%25BA%25F1%25C2%25F2.png', 'https://search.pstatic.net/common/?autoRotate=true&type=w278_sharpen&src=https%3A%2F%2Fldb-phinf.pstatic.net%2F20250122_187%2F1737524112962uzV3h_JPEG%2F00_%25BA%25F1%25BA%25F6%25B9%25E4%25BC%25BC%25C6%25AE_%25B0%25A5%25BA%25F1%25C2%25F2.jpg', 'https://search.pstatic.net/common/?autoRotate=true&type=w278_sharpen&src=https%3A%2F%2Fldb-phinf.pstatic.net%2F20250122_233%2F1737524111015w0E49_JPEG%2F00%25BA%25F1%25BA%25F6%25B9%25E4%25C7%25D1%25BB%25F3_%25BA%25F1%25B0%25C701.jpg']","서울특별시 마포구 홍익로2길 43, 1층 4호 (서교동)",비밥,45.2,193263.3986,450357.5865,0507-1394-6333,수: 11:00 - 20:00; 목: 11:00 - 20:00; 금: 11:00 - 20:00; 토: 11:00 - 20:00; 일: 11:00 - 20:00; 월: 정기휴무 (매주 월요일); 화: 11:00 - 20:00,173,"['비건 메뉴', '포장']",주차 불가,"['음식이 맛있어요', '재료가 신선해요', '가성비가 좋아요', '혼밥하기 좋아요']","['단체석', '좌식']","[[""차돌박이비빔밥"", 9500], [""소불고기비빔밥(소)"", 7000], [""소불고기비빔밥(대)"", 9000], [""두부야채비빔밥(소)"", 6500], [""두부야채비빔밥(대)"", 8000], [""비밥비빔밥(소)"", 6000], [""비밥비빔밥(대)"", 7500], [""두부(채식)비빔밥+김치전"", 7500]]",한식
154,"['https://search.pstatic.net/common/?autoRotate=true&type=w560_sharpen&src=https%3A%2F%2Fldb-phinf.pstatic.net%2F20240930_192%2F1727671582687lx6GN_JPEG%2F1000016761.jpg', 'https://search.pstatic.net/common/?autoRotate=true&type=w278_sharpen&src=https%3A%2F%2Fldb-phinf.pstatic.net%2F20240930_194%2F1727671582647FJTI8_JPEG%2F1000016768.jpg', 'https://search.pstatic.net/common/?autoRotate=true&type=w278_sharpen&src=https%3A%2F%2Fldb-phinf.pstatic.net%2F20240930_294%2F1727671582614FP7FS_JPEG%2F1000016645.jpg']","서울특별시 마포구 와우산로29마길 27, 디자인카운티 2층 (서교동)",스아게 K,96.18,193412.3853,450304.1655,02-336-1029,수: 11:30 - 21:30; 목: 11:30 - 21:30; 금: 11:30 - 21:30; 토: 12:00 - 21:00; 일: 12:00 - 21:00; 월: 정기휴무 (매주 월요일); 화: 11:30 - 21:30,779,"['무선 인터넷', '포장', '배달']",주차 불가,"['음식이 맛있어요', '특별한 메뉴가 있어요', '재료가 신선해요', '혼밥하기 좋아요']","['바테이블', '테라스']","[[""하와이안 카레"", 14000], [""가쿠니 카레"", 12000], [""닭꼬치 카레"", 11000], [""야채 카레"", 11000], [""닭다리 카레"", 10000]]",일식
155,"['https://search.pstatic.net/common/?autoRotate=true&type=w560_sharpen&src=https%3A%2F%2Fnaverbooking-phinf.pstatic.net%2F20230524_44%2F1684915974512rstpK_JPEG%2F%25C1%25A6%25B8%25F1-%25BE%25F8%25C0%25BD-2.jpg', 'https://search.pstatic.net/common/?autoRotate=true&type=w278_sharpen&src=https%3A%2F%2Fnaverbooking-phinf.pstatic.net%2F20230524_211%2F1684915974831L67on_JPEG%2FKakaoTalk_20230524_152151979.jpg', 'https://search.pstatic.net/common/?autoRotate=true&type=w278_sharpen&src=https%3A%2F%2Fnaverbooking-phinf.pstatic.net%2F20230524_84%2F1684915974649l9LAd_JPEG%2F22.jpg']","서울특별시 마포구 독막로3길 35, 지상1층 (서교동)",바코포차,123.88,192621.8162,449740.0899,0507-1368-1337,,221,"['단체 이용 가능', '예약', '무선 인터넷', '반려동물 동반']",,"['음식이 맛있어요', '기본 안주가 좋아요', '단체모임 하기 좋아요', '가성비가 좋아요']",[],"[[""한우산낙지탕탕이 (소)"", 29000], [""한우통삼겹한판 (소) (300g)"", 19000], [""생조개탕"", 19000], [""한우육사시미 (소)"", 19000], [""고추장삼겹살"", 19000], [""연포탕"", 33000], [""꾼겨안꾼겨"", 21000], [""막창과껍데기"", 19000], [""한우스지탕(백탕)"", 25000], [""한우육회"", 33000], [""껍데기야채볶음"", 19000], [""누룽지백숙"", 22000], [""오징어순대 (소)"", 20000], [""김치전"", 18000], [""얼큰차돌짬뽕탕"", 21000], [""한돈오겹수육 (소)"", 19000], [""해물부추전"", 18000], [""누룽지김치찌개"", 20000], [""산낙지탕탕이"", 21000], [""바코알찜"", 23000], [""오뎅탕"", 21000]]",주점
156,"['https://search.pstatic.net/common/?autoRotate=true&type=w278_sharpen&src=https%3A%2F%2Fldb-phinf.pstatic.net%2F20250221_187%2F1740120295852TCxR4_JPEG%2F%25B9%25D9%25C5%25C1.jpg', 'https://search.pstatic.net/common/?autoRotate=true&type=w278_sharpen&src=https%3A%2F%2Fldb-phinf.pstatic.net%2F20250208_96%2F173899262892683Jn0_JPEG%2F%25C5%25C2%25BB%25EA_%25B0%25F8%25BD%25C9%25C3%25A4.jpg', 'https://search.pstatic.net/common/?autoRotate=true&type=w278_sharpen&src=https%3A%2F%2Fldb-phinf.pstatic.net%2F20250208_95%2F173899261298385YUU_JPEG%2F%25C8%25AD%25BB%25EA_%25C4%25A5%25B8%25AE.jpg']","서울특별시 마포구 양화로6길 57-13, 지1층 (서교동, 동궁빌리지)",호계 합정본점,55.82,192660.3599,449669.3333,0507-1305-6797,수: 16:00 - 24:00; 목: 16:00 - 24:00; 금: 16:00 - 24:00; 토: 16:00 - 24:00; 일: 16:00 - 24:00; 월: 16:00 - 24:00; 화: 16:00 - 24:00,237,"['생일 혜택', '콜키지 가능', '포장', '예약', '무선 인터넷']",주차 불가,"['음식이 맛있어요', '특별한 메뉴가 있어요', '인테리어가 멋져요', '친절해요']","['단체석', '연인석']","[[""모닝글로리 태산 통닭"", 32000], [""화산 칠리오일 새우 통닭"", 32000], [""(시그니처)모닝글로리 통닭"", 25000], [""칠리오일 통닭"", 24000], [""마그마 크림통닭"", 28000], [""사천식 비빔면"", 8000], [""쯔란 감자튀김"", 8000], [""마라사리곰탕(소컵)"", 5000], [""회오리 오이냉채"", 6500], [""고기짬뽕 라면"", 6000], [""충칭 라지즈"", 16000], [""마장면"", 9000], [""건두부 무침"", 8000]]",한식
157,"['https://search.pstatic.net/common/?autoRotate=true&type=w560_sharpen&src=https%3A%2F%2Fldb-phinf.pstatic.net%2F20230908_243%2F1694175580868Nrkde_JPEG%2Ftemp_file.jpg', 'https://search.pstatic.net/common/?autoRotate=true&type=w278_sharpen&src=https%3A%2F%2Fldb-phinf.pstatic.net%2F20201022_171%2F1603357128775Ydm5l_JPEG%2F8N_uXKAk3nBH82lIylQuTVYN.jpg', 'https://search.pstatic.net/common/?autoRotate=true&type=w278_sharpen&src=https%3A%2F%2Fldb-phinf.pstatic.net%2F20210819_196%2F16293021905161O1cD_JPEG%2Fwqzvy2K8CojBYZ1R94staMKd.jpg']","서울특별시 마포구 와우산로29나길 7, 1층 (서교동)",바다생고기,40.0,193605.0836,450283.9517,02-6052-9098,수: 15:30 - 02:00; 목: 15:30 - 02:00; 금: 15:30 - 02:00; 토: 15:30 - 02:30; 일: 15:30 - 01:00; 월: 15:30 - 02:00; 화: 15:30 - 02:00,931,"['예약', '무선 인터넷']",주차 불가,"['음식이 맛있어요', '재료가 신선해요', '양이 많아요', '친절해요']",[],"[[""소고기대창전골"", 29000], [""알마니명품알탕"", 18000], [""스지오뎅탕 (소)"", 10000], [""제철생선 짚불구이와 마라소스"", 18000], [""소꼬리와 스지 짚불구이"", 18000]]",한식
158,"['https://search.pstatic.net/common/?autoRotate=true&type=w560_sharpen&src=https%3A%2F%2Fldb-phinf.pstatic.net%2F20240322_44%2F1711095458870MMsBS_JPEG%2FKakaoTalk_20240322_162712459_21.jpg', 'https://search.pstatic.net/common/?autoRotate=true&type=w278_sharpen&src=https%3A%2F%2Fldb-phinf.pstatic.net%2F20240512_181%2F1715477120287C55wP_JPEG%2FKakaoTalk_20240507_095831017_08.jpg', 'https://search.pstatic.net/common/?autoRotate=true&type=w278_sharpen&src=https%3A%2F%2Fldb-phinf.pstatic.net%2F20240512_227%2F1715477120452km4rj_JPEG%2FKakaoTalk_20240507_095831017_06.jpg']","서울특별시 마포구 어울마당로5길 3, 1층 (서교동)",도적,94.0,192877.1003,449619.4424,0507-1348-6746,수: 16:00 - 00:30; 목: 16:00 - 00:30; 금: 16:00 - 00:30; 토: 16:00 - 00:30; 일: 16:00 - 00:30; 월: 16:00 - 00:30; 화: 16:00 - 00:30,746,"['콜키지 가능', '예약', '단체 이용 가능', '무선 인터넷']",무료 주차 가능,"['음식이 맛있어요', '고기 질이 좋아요', '친절해요', '양이 많아요']",['단체석'],"[[""칼삼겹살"", 18000], [""고추장 삼겹살"", 18000], [""가브리살"", 20000], [""항정살"", 21000], [""김치칼국수"", 7000], [""비빔국수"", 7000]]",한식
159,"['https://search.pstatic.net/common/?autoRotate=true&type=w560_sharpen&src=https%3A%2F%2Fldb-phinf.pstatic.net%2F20250113_142%2F1736731548009E8O5W_JPEG%2F%25B8%25DE%25C0%25CE%25BB%25E7%25C1%25F8.jpg', 'https://search.pstatic.net/common/?autoRotate=true&type=w278_sharpen&src=https%3A%2F%2Fldb-phinf.pstatic.net%2F20250113_53%2F1736731543040pOpGX_JPEG%2F%25C2%25F7%25B5%25B9.jpg', 'https://search.pstatic.net/common/?autoRotate=true&type=w278_sharpen&src=https%3A%2F%2Fldb-phinf.pstatic.net%2F20250113_88%2F1736731543010N2Rxr_JPEG%2F%25B5%25FE%25B1%25E2%25B8%25B7%25B0%25C9%25B8%25AE.jpg']","서울특별시 마포구 양화로8길 38, 서교동빌딩 1층 (서교동)",김숙성 합정점,72.72,192562.5169,449653.9181,0507-1397-0770,수: 16:00 - 01:00; 목: 16:00 - 01:00; 금: 16:00 - 01:00; 토: 13:00 - 01:00; 일: 13:00 - 01:00; 월: 16:00 - 01:00; 화: 16:00 - 01:00,194,"['단체 이용 가능', '예약']",,"['음식이 맛있어요', '고기 질이 좋아요', '친절해요', '직접 잘 구워줘요']","['입식', '연인석', '테라스']","[[""김숙성 스페셜 1"", 54000], [""김숙성 삼겹살"", 16000], [""김숙성 가브리살"", 18000], [""김숙성 특목살"", 16000]]",한식
160,"['https://search.pstatic.net/common/?autoRotate=true&type=w560_sharpen&src=https%3A%2F%2Fnaverbooking-phinf.pstatic.net%2F20241024_261%2F1729759982500u0mrK_JPEG%2FKakaoTalk_20241024_170946577.jpg', 'https://search.pstatic.net/common/?autoRotate=true&type=w278_sharpen&src=https%3A%2F%2Fldb-phinf.pstatic.net%2F20241024_255%2F1729760296921BDxRc_JPEG%2FKakaoTalk_20241024_175703209_03.jpg', 'https://search.pstatic.net/common/?autoRotate=true&type=w278_sharpen&src=https%3A%2F%2Fldb-phinf.pstatic.net%2F20241024_111%2F1729760304693kT9g6_JPEG%2FKakaoTalk_20241024_174131587_01.jpg']","서울특별시 마포구 양화로16길 18, B01호 (서교동)",홍대족발,85.0,192901.9554,450100.5986,,,347,"['단체 이용 가능', '무선 인터넷', '포장']",주차 불가,"['음식이 맛있어요', '고기 질이 좋아요', '양이 많아요', '친절해요']",['테라스'],"[[""족발 한상차림"", 38000], [""불족발"", 41000], [""홍대막국수"", 8000], [""반반 한상차림"", 43000], [""꿀참외 막걸리"", 13000], [""델몬트 포도소주"", 8000]]",양식
161,"['https://search.pstatic.net/common/?autoRotate=true&type=w560_sharpen&src=https%3A%2F%2Fldb-phinf.pstatic.net%2F20231211_200%2F1702274312028SvJDO_JPEG%2FKakaoTalk_20231211_145805572.jpg', 'https://search.pstatic.net/common/?autoRotate=true&type=w278_sharpen&src=https%3A%2F%2Fldb-phinf.pstatic.net%2F20240517_176%2F1715913617194gWLlq_JPEG%2FIMG_0018.jpeg', 'https://search.pstatic.net/common/?autoRotate=true&type=w278_sharpen&src=https%3A%2F%2Fldb-phinf.pstatic.net%2F20240910_254%2F1725933400581DMD9V_JPEG%2FIMG_1695.jpeg']","서울특별시 마포구 월드컵로10길 13, 1층 좌측호 (서교동)",피오리,46.0,192190.5837,450278.3313,0507-1330-9427,수: 11:30 - 21:00; 목: 11:30 - 21:00; 토: 11:30 - 21:00; 일: 12:00 - 21:00; 월: 정기휴무 (매주 월요일); 화: 11:30 - 21:00,462,"['콜키지 가능', '무선 인터넷', '예약']",주차 불가,"['음식이 맛있어요', '친절해요', '인테리어가 멋져요', '특별한 메뉴가 있어요']",[],"[[""할라피뇨 화이트라구"", 18000], [""포르치니 버섯 리소또"", 16000], [""크리스피 오겹살"", 27000]]",양식
162,"['https://search.pstatic.net/common/?autoRotate=true&type=w560_sharpen&src=https%3A%2F%2Fldb-phinf.pstatic.net%2F20250221_51%2F1740131788166FFxt0_PNG%2F1000005952.png', 'https://search.pstatic.net/common/?autoRotate=true&type=w278_sharpen&src=https%3A%2F%2Fldb-phinf.pstatic.net%2F20250221_247%2F1740131787168vL1OQ_PNG%2F1000005953.png', 'https://search.pstatic.net/common/?autoRotate=true&type=w278_sharpen&src=https%3A%2F%2Fldb-phinf.pstatic.net%2F20240701_57%2F1719815737035TRDj4_JPEG%2FIMG_3158.jpeg']","서울특별시 마포구 와우산로21길 19-11, 지하1층 (서교동)",꼬치록록,97.0,193120.1728,449957.9635,0507-1369-2109,화: 18:30 - 04:30; 수: 18:30 - 04:30; 목: 18:30 - 04:30; 금: 18:30 - 04:30; 토: 18:30 - 04:30; 일: 정기휴무 (매주 일요일); 월: 정기휴무 (매주 월요일),32,"['단체 이용 가능', '무선 인터넷', '포장', '반려동물 동반', '장애인 휠체어 이용가능', '장애인 휠체어 이용가능']",주차 불가,"['음식이 맛있어요', '가성비가 좋아요', '친절해요', '인테리어가 멋져요']","['단체석', '좌식', '연인석']","[[""매운 삼겹 라면"", 5000], [""록록 마니스 떡볶이"", 8900], [""삼겹 라면세트"", 7000]]",양식
163,"['https://search.pstatic.net/common/?autoRotate=true&type=w560_sharpen&src=https%3A%2F%2Fldb-phinf.pstatic.net%2F20220510_126%2F165211512147937FuT_JPEG%2F0268EDA4-BA0B-4AF1-A3BF-9BE3CD4234F4.jpeg', 'https://search.pstatic.net/common/?autoRotate=true&type=w278_sharpen&src=https%3A%2F%2Fldb-phinf.pstatic.net%2F20220315_108%2F1647331023658p72cx_JPEG%2FKakaoTalk_20220315_113914539_02.jpg', 'https://search.pstatic.net/common/?autoRotate=true&type=w278_sharpen&src=https%3A%2F%2Fldb-phinf.pstatic.net%2F20220315_64%2F1647331029662Xg9Gl_JPEG%2FKakaoTalk_20220315_113914539_03.jpg']","서울특별시 마포구 와우산로17길 19-8, 1,2층 (서교동)",라루즈,388.69,192990.5064,449740.9647,0507-1309-3605,화: 17:00 - 06:00; 수: 17:00 - 06:00; 목: 17:00 - 06:00; 금: 17:00 - 06:00; 토: 17:00 - 06:00; 일: 17:00 - 06:00; 월: 17:00 - 06:00,140,"['반려동물 동반', '단체 이용 가능']",,"['술이 다양해요', '인테리어가 멋져요', '음악이 좋아요', '음식이 맛있어요']","['바테이블', '루프탑', '테라스', '연인석', '카운터석', '1인석']","[[""바베큐 콤보 (S)"", 30000], [""브리스킷 플레이트 (소)"", 18000], [""풀드포크 플레이트 (돼지)"", 12000], [""스페어 립 풀 (돼지)"", 29000], [""양갈비 스테이크 (2조각)"", 18000], [""페페로니피자"", 29000], [""페페로니피자 (슬라이스)"", 4000], [""치즈피자"", 29000], [""치즈피자 (슬라이스)"", 4000], [""하프&하프피자"", 29000], [""풀드포크피자"", 18000], [""핫크림 파스타"", 10000], [""쉬림프 로제 파스타"", 10000], [""맥앤치즈"", 9000], [""그릴시저샐러드"", 9000], [""고기칠리감자튀김"", 12000], [""어니언링"", 10000], [""감자튀김"", 8000], [""버팔로 윙"", 11000], [""화이트 버팔로 윙"", 11000], [""페퍼 윙"", 11000]]",양식
164,"['https://search.pstatic.net/common/?autoRotate=true&type=w560_sharpen&src=https%3A%2F%2Fldb-phinf.pstatic.net%2F20250215_298%2F1739598307579nf28o_JPEG%2FKakaoTalk_20241206_141733264_03.jpg', 'https://search.pstatic.net/common/?autoRotate=true&type=w278_sharpen&src=https%3A%2F%2Fldb-phinf.pstatic.net%2F20250215_143%2F1739598307615NuO7Q_JPEG%2FKakaoTalk_20241206_141733264_01.jpg', 'https://search.pstatic.net/common/?autoRotate=true&type=w278_sharpen&src=https%3A%2F%2Fldb-phinf.pstatic.net%2F20250215_3%2F1739598290132bU673_JPEG%2FKakaoTalk_20250121_133511947_01.jpg']","서울특별시 마포구 와우산로21길 31-11, 1층 (서교동)",육산장,138.43,193046.4921,449970.9685,0507-1428-7226,수: 16:00 - 23:00; 목: 16:00 - 23:00; 금: 16:00 - 23:00; 토: 16:00 - 23:00; 일: 16:00 - 23:00; 월: 16:00 - 23:00; 화: 16:00 - 23:00,498,"['생일 혜택', '단체 이용 가능', '예약', '무선 인터넷', '반려동물 동반']",무료 주차 가능,"['음식이 맛있어요', '고기 질이 좋아요', '인테리어가 멋져요', '야외공간이 멋져요']","['테라스', '단체석']","[[""산장우대갈비(1인)(280g)"", 32000], [""산장삼겹한판 2인"", 32000], [""우대갈비 된장찌개"", 12000], [""삼겹듬뿍 김치찌개"", 6000], [""물냉면"", 6000], [""비빔냉면"", 6000], [""해장라면"", 5000], [""김치볶음밥"", 5000], [""산장목살한판 2인"", 32000], [""산장삼겹목살한판 2인"", 32000], [""스지마라탕"", 19000], [""된장술밥"", 7000], [""된장찌개"", 6000], [""한우육회"", 23000], [""한우육회 비빔냉면"", 10000], [""불닭볶음면"", 5000], [""공기밥"", 1000]]",한식
165,"['https://search.pstatic.net/common/?autoRotate=true&type=w560_sharpen&src=https%3A%2F%2Fldb-phinf.pstatic.net%2F20220414_177%2F1649911047434S7cjV_JPEG%2F2020_%25BA%25CF%25C3%25CC%25BC%25D5%25B8%25B8%25B5%25CE_logo_b-01.jpg', 'https://search.pstatic.net/common/?autoRotate=true&type=w278_sharpen&src=https%3A%2F%2Fpup-review-phinf.pstatic.net%2FMjAyMzA0MDNfNTUg%2FMDAxNjgwNDgyNDkzMDAz.7RrFUO0-VSDZUs7_U1lr3X6zlAySTyv1KnPsfuoEUtMg.VFwPkg4XDVnbti9j6n0DTA7Z92toFuqimjKIwXMpAo8g.JPEG%2F8C021F66-5211-4E6B-9BE4-DE1F80BB4BBF.jpeg', 'https://search.pstatic.net/common/?autoRotate=true&type=w278_sharpen&src=https%3A%2F%2Fpup-review-phinf.pstatic.net%2FMjAyMjExMjNfMTAx%2FMDAxNjY5MTY2MTk0NDA3.RIuh2R2D6d-Oh2Z-_LGjxTOiXaBhopedD_doadg2cYog.1PjkcdGT3LHVW6tSKyGd4EMPGGhb_DzxnGJbcbOV7E0g.JPEG%2F9D31970C-B2FD-4A3A-AEBB-AC842CEF0C15.jpeg']","서울특별시 마포구 어울마당로 57, 1층 (서교동)",북촌손만두 홍대로데오점,20.0,192947.074,449784.0944,02-337-1282,수: 10:30 - 24:00; 목: 10:30 - 24:00; 금: 10:30 - 05:00; 토: 10:30 - 05:00; 일: 10:30 - 24:00; 월: 10:30 - 24:00; 화: 10:30 - 24:00,208,"['예약', '포장', '배달', '무선 인터넷']",,"['음식이 맛있어요', '혼밥하기 좋아요', '가성비가 좋아요', '친절해요']",[],"[[""만두짬뽕밥"", null], [""만두곰탕"", null], [""만두육개장"", null], [""얼큰만둣국"", null], [""북촌용모밀"", null], [""새끼만두"", null], [""새우만두"", null], [""새우튀김만두"", null], [""모둠만두"", null], [""큰모둠만두"", null], [""굴림만두"", null], [""북촌튀김만두"", null], [""마늘새끼튀김만두"", null], [""마늘튀김만두"", null], [""고추장튀김만두"", null], [""매운고추장튀김만두"", null], [""찐만두"", null], [""갈비만두"", null], [""북촌피냉면"", null], [""북촌만둣국"", null]]",한식
166,"['https://search.pstatic.net/common/?autoRotate=true&type=w560_sharpen&src=https%3A%2F%2Fldb-phinf.pstatic.net%2F20150901_1%2F1441083619047Ss2fb_JPEG%2F21289890_0.jpg', 'https://search.pstatic.net/common/?autoRotate=true&type=w278_sharpen&src=https%3A%2F%2Fldb-phinf.pstatic.net%2F20150901_9%2F1441083619501ic93R_JPEG%2F21289890_1.jpg', 'https://search.pstatic.net/common/?autoRotate=true&type=w278_sharpen&src=https%3A%2F%2Fldb-phinf.pstatic.net%2F20150901_31%2F1441083619718EEGW9_JPEG%2F21289890_2.jpg']","서울특별시 마포구 잔다리로 20-13, 지하1층 (서교동)",정든집,75.72,192924.9487,449909.9995,02-333-0907,수: 18:00 - 24:00; 금: 18:00 - 24:00; 토: 18:00 - 24:00; 일: 정기휴무 (매주 일요일); 월: 18:00 - 24:00; 화: 18:00 - 24:00,95,[],,"['음식이 맛있어요', '대화하기 좋아요', '친절해요', '혼술하기 좋아요']",[],"[[""부산어묵"", 1500], [""새우볼"", 7500], [""떡구이"", 6500], [""교자"", 8500], [""새우완탕"", 8500], [""명란밥"", 9000], [""새우튀김"", 9000], [""시샤모"", 9000], [""오징어다리튀김"", 10000], [""닭꼬치구이"", 12000], [""버섯구이"", 12000], [""닭껍질말이튀김"", 13500], [""규스지조림"", 15000], [""대하구이"", 15000], [""문어튀김"", 16000], [""참소라"", 20000], [""레몬"", 2500]]",주점
167,"['https://search.pstatic.net/common/?autoRotate=true&type=w560_sharpen&src=https%3A%2F%2Fldb-phinf.pstatic.net%2F20240718_127%2F1721280199373pHLi2_JPEG%2F1.jpg', 'https://search.pstatic.net/common/?autoRotate=true&type=w278_sharpen&src=https%3A%2F%2Fldb-phinf.pstatic.net%2F20240718_116%2F17212802016368i665_JPEG%2F2.jpg', 'https://search.pstatic.net/common/?autoRotate=true&type=w278_sharpen&src=https%3A%2F%2Fldb-phinf.pstatic.net%2F20240718_205%2F1721280203560x3m64_JPEG%2F3.jpg']","서울특별시 마포구 어울마당로 40, 1층 102호,103호 (서교동)",뉴욕버거,77.29,192918.1256,449588.7689,02-332-8989,,154,"['포장', '단체 이용 가능', '배달', '예약']",,"['음식이 맛있어요', '가성비가 좋아요', '재료가 신선해요', '혼밥하기 좋아요']",[],"[[""어니언링"", null], [""플레인스콘"", null], [""제로미트너겟"", null], [""아메리칸데미원버거"", null], [""오찡버거"", null], [""뉴욕버거"", null], [""리얼딥치즈버거"", null], [""빅후렌치후라이"", null], [""빈스미트핫도그"", null], [""순살치킨"", null], [""스위트핫도그"", null], [""에그포테이토버거"", null], [""치킨텐더"", null], [""치킹버거(갈릭)"", null], [""치킹버거(칠리)"", null], [""크리스피 윙&봉"", null], [""통새우버거"", null], [""바베큐버거"", null], [""대왕치즈스틱"", null], [""더블치즈프라이즈"", null]]",양식
168,"['https://search.pstatic.net/common/?autoRotate=true&type=w560_sharpen&src=https%3A%2F%2Fldb-phinf.pstatic.net%2F20241101_141%2F1730402372932uHAVE_JPEG%2FScreenshot_20241101_034947_Samsung_Internet.jpg', 'https://search.pstatic.net/common/?autoRotate=true&type=w278_sharpen&src=https%3A%2F%2Fldb-phinf.pstatic.net%2F20241101_157%2F1730402462028iwKDI_JPEG%2F20240524_182929.jpg', 'https://search.pstatic.net/common/?autoRotate=true&type=w278_sharpen&src=https%3A%2F%2Fldb-phinf.pstatic.net%2F20241101_241%2F1730402608650KAgVy_JPEG%2F20231204_162141.jpg']","서울특별시 마포구 독막로3길 28-7, 1층 (서교동)",우미사치,49.1,192641.3168,449696.3174,0507-1363-7443,수: 16:30 - 23:00; 목: 16:30 - 23:00; 금: 16:30 - 23:00; 토: 16:30 - 23:00; 일: 16:30 - 23:00; 월: 정기휴무 (매주 월요일); 화: 16:30 - 23:00,188,"['콜키지 가능', '무선 인터넷', '단체 이용 가능', '예약', '포장']",주차 불가,"['음식이 맛있어요', '재료가 신선해요', '친절해요', '특별한 메뉴가 있어요']",['단체석'],"[[""모듬초밥(10pc)"", 19000], [""우미초밥(12pc)"", 24000], [""숙성회플레이트(1~2인)"", 32000], [""크림치즈왕새우후토마끼(6pc)"", 20000], [""고등어봉초밥"", 24000], [""시메사바"", 20000], [""런치특선초밥(10p)(점심특선)"", 15000], [""한우대창구이"", 20000], [""오다리가라아게"", 16000], [""깐풍치킨"", 17000], [""게살크림고로케&명란마요"", 12000], [""카다이프새우튀김2p"", 9000], [""꼬치모듬오뎅탕"", 18000], [""해물폭탄짬뽕탕"", 25000], [""한우대창모츠나베"", 25000], [""한우트러플육회"", 25000]]",한식
169,"['https://search.pstatic.net/common/?autoRotate=true&type=w560_sharpen&src=https%3A%2F%2Fldb-phinf.pstatic.net%2F20190825_74%2F15667246226141Bvvm_JPEG%2FvYrXPIZL07Eq3vR0JU9EkdPA.jpg', 'https://search.pstatic.net/common/?autoRotate=true&type=w278_sharpen&src=https%3A%2F%2Fldb-phinf.pstatic.net%2F20170612_179%2F1497239038222RiO09_JPEG%2F186559583645705_0.jpeg', 'https://search.pstatic.net/common/?autoRotate=true&type=w278_sharpen&src=https%3A%2F%2Fldb-phinf.pstatic.net%2F20170612_195%2F1497239038299Ljrlp_JPEG%2F186559583645705_1.jpeg']","서울특별시 마포구 와우산로29마길 7 (서교동, 지하1층 일부)",히메시야,50.5,193461.7957,450375.2018,0507-1410-4562,수: 11:40 - 21:30; 목: 11:40 - 21:30; 금: 11:40 - 21:30; 토: 11:40 - 21:30; 일: 11:40 - 21:30; 월: 11:40 - 21:30; 화: 11:40 - 21:30,155,"['포장', '무선 인터넷', '배달']",,"['음식이 맛있어요', '혼밥하기 좋아요', '친절해요', '재료가 신선해요']",[],"[[""카츠동"", 7000], [""히라메쯔께동"", 12000], [""히라메사케동"", 11500], [""치라시스시"", 12500], [""카레"", 5000]]",일식
170,"['https://search.pstatic.net/common/?autoRotate=true&type=w560_sharpen&src=https%3A%2F%2Fldb-phinf.pstatic.net%2F20200214_51%2F158166848954983lgB_JPEG%2F7LjX4ZBKQYA5cY-hxdDjxKUd.jpg', 'https://search.pstatic.net/common/?autoRotate=true&type=w278_sharpen&src=https%3A%2F%2Fldb-phinf.pstatic.net%2F20200214_111%2F15816684696149Iuwa_JPEG%2F_VSYAFAHDGNlhac8Qgie4op3.jpg', 'https://search.pstatic.net/common/?autoRotate=true&type=w278_sharpen&src=https%3A%2F%2Fldb-phinf.pstatic.net%2F20200214_179%2F15816684694822Pjzo_JPEG%2F_gwbOUEIxQJeBVwvHY2kRusk.jpg']","서울특별시 마포구 독막로3길 17, 1층 (서교동)",얼맥당 홍대카페거리점,83.23,192573.803,449666.24,,수: 16:00 - 02:00; 목: 16:00 - 02:00; 금: 17:00 - 03:00; 토: 17:00 - 03:00; 일: 16:00 - 02:00; 월: 16:00 - 02:00; 화: 16:00 - 02:00,331,"['포장', '무선 인터넷']",주차 불가,"['음식이 맛있어요', '가성비가 좋아요', '기본 안주가 좋아요', '친절해요']",[],"[[""감자튀김"", 6000], [""황태부각"", 6900], [""모둠 소세지"", 11900], [""쥐포"", 6900], [""먹태"", 12000]]",양식
171,"['https://search.pstatic.net/common/?autoRotate=true&type=w560_sharpen&src=https%3A%2F%2Fldb-phinf.pstatic.net%2F20220308_133%2F1646695745033gdh8v_JPEG%2F1645889983139.jpg', 'https://search.pstatic.net/common/?autoRotate=true&type=w278_sharpen&src=https%3A%2F%2Fldb-phinf.pstatic.net%2F20191024_295%2F1571921458895FFPKw_JPEG%2FVw2qn1B7_o0yVRg96LcI7r2u.jpg', 'https://search.pstatic.net/common/?autoRotate=true&type=w278_sharpen&src=https%3A%2F%2Fldb-phinf.pstatic.net%2F20191112_78%2F1573563140447zyA8T_JPEG%2FwjZdxJo4LWS1B9Pb7GjgGEAg.jpg']","서울특별시 마포구 와우산로21길 28-6 (서교동, 1층)",홍대씨부엉,58.0,193070.9535,450037.1101,0507-1378-5253,수: 11:00 - 23:00; 목: 11:00 - 23:00; 금: 11:00 - 23:00; 토: 11:00 - 23:00; 일: 11:00 - 23:00; 월: 11:00 - 23:00; 화: 11:00 - 23:00,562,"['단체 이용 가능', '무선 인터넷', '반려동물 동반', '포장']",주차 불가,"['음식이 맛있어요', '특별한 메뉴가 있어요', '친절해요', '재료가 신선해요']",[],"[[""미트 볶이 (2-3인)"", 14000], [""씨 볶이 (2-3인)"", 20000], [""미니크랩 가라아게"", 5000], [""치킨 가라아게"", 8000], [""퉁마늘 똥집 가라아게"", 8000]]",한식
172,"['https://search.pstatic.net/common/?autoRotate=true&type=w560_sharpen&src=https%3A%2F%2Fldb-phinf.pstatic.net%2F20230111_34%2F1673445436006oNGuu_JPEG%2F20220423_201818.jpg', 'https://search.pstatic.net/common/?autoRotate=true&type=w278_sharpen&src=https%3A%2F%2Fldb-phinf.pstatic.net%2F20230111_135%2F1673445435767uirmT_JPEG%2F20220423_201644.jpg', 'https://search.pstatic.net/common/?autoRotate=true&type=w278_sharpen&src=https%3A%2F%2Fldb-phinf.pstatic.net%2F20180207_290%2F1517998407391kFL6j_JPEG%2F15sMyvBeFlG-bGjdi7yTV7KW.jpg']","서울특별시 마포구 양화로6길 57-5 (서교동, 지하1층 일부)",더쿠포차,41.85,192637.266,449633.1011,0507-1303-2676,수: 16:00 - 02:00; 목: 16:00 - 02:00; 금: 16:00 - 05:00; 토: 16:00 - 05:00; 일: 16:00 - 02:00; 월: 16:00 - 02:00; 화: 16:00 - 02:00,54,"['무선 인터넷', '포장', '예약']",,"['음식이 맛있어요', '기본 안주가 좋아요', '가성비가 좋아요', '친절해요']",[],"[[""더쿠사태핫해"", 16000], [""국물 떡볶이"", 16000], [""매콤치즈 오돌뼈"", 17000], [""더쿠 감자전"", 15000], [""더쿠 오삼 볶음"", 17000]]",한식
173,"['https://search.pstatic.net/common/?autoRotate=true&type=w560_sharpen&src=https%3A%2F%2Fldb-phinf.pstatic.net%2F20201111_197%2F1605063171837fY5FG_JPEG%2FhXL3Xww9fMUIcXK4ZwAQB77a.jpg', 'https://search.pstatic.net/common/?autoRotate=true&type=w278_sharpen&src=https%3A%2F%2Fldb-phinf.pstatic.net%2F20201111_185%2F1605063171756v9W0p_JPEG%2FR6QYS7Oph2EWl1djJQerbn7-.jpg', 'https://search.pstatic.net/common/?autoRotate=true&type=w278_sharpen&src=https%3A%2F%2Fldb-phinf.pstatic.net%2F20220717_44%2F165806096180847gyN_JPEG%2FScreenshot_20220717-212816_Samsung_Internet.jpg']","서울특별시 마포구 동교로 156-5 (서교동, 1층)",들풀,134.98,192841.4197,450359.1898,02-325-7224,수: 11:00 - 22:00; 목: 11:00 - 22:00; 금: 11:00 - 22:00; 토: 11:00 - 21:00; 일: 정기휴무 (매주 일요일); 월: 11:00 - 22:00; 화: 11:00 - 22:00,481,"['단체 이용 가능', '무선 인터넷', '예약', '포장', '배달']",주차 가능,"['음식이 맛있어요', '재료가 신선해요', '친절해요', '매장이 청결해요']",[],"[[""매운 수비드 돼지갈비찜"", 36000], [""수비드 소갈비찜"", 53000], [""백합 바지락술찜"", 22000], [""불고기 떡볶이"", 22000], [""오리고기와 야채볶음"", 35000], [""제육볶음(요리)"", 18000]]",한식
174,"['https://search.pstatic.net/common/?autoRotate=true&type=w560_sharpen&src=https%3A%2F%2Fldb-phinf.pstatic.net%2F20250220_146%2F1740041660527kWjWY_JPEG%2FIMG_5007.jpeg', 'https://search.pstatic.net/common/?autoRotate=true&type=w278_sharpen&src=https%3A%2F%2Fldb-phinf.pstatic.net%2F20250220_158%2F1740041829798F2Dpp_JPEG%2FIMG_4274.jpeg', 'https://search.pstatic.net/common/?autoRotate=true&type=w278_sharpen&src=https%3A%2F%2Fldb-phinf.pstatic.net%2F20250220_229%2F1740041942829L8BnJ_JPEG%2FIMG_5074.jpeg']","서울특별시 마포구 독막로3길 27 (서교동, 지하1층)",만월당 합정점,91.05,192602.7823,449705.5851,0507-1306-3732,수: 11:00 - 02:00; 목: 11:00 - 02:00; 금: 11:00 - 02:00; 토: 16:00 - 02:00; 일: 16:00 - 02:00; 월: 11:00 - 02:00; 화: 11:00 - 02:00,414,"['단체 이용 가능', '예약', '무선 인터넷', '대기공간']",주차 불가,"['음식이 맛있어요', '기본 안주가 좋아요', '인테리어가 멋져요', '술이 다양해요']",['입식'],"[[""모듬전+김치찌개"", 31000], [""치즈감자전"", 19000], [""차돌버섯샤브"", 22000], [""한우육회"", 24000], [""돼지김치두루치기"", 22000], [""나가사끼짬뽕"", 20000], [""김치어묵우동"", 19000], [""속풀이조개탕"", 18000], [""어묵탕"", 17000], [""운수좋은날"", 20000], [""모듬전"", 26000], [""치즈김치전"", 19000], [""소고기육전"", 19000], [""해물부추전"", 18000], [""감자전"", 17000], [""김치전"", 17000], [""깻잎제육볶음"", 19000], [""골뱅이소면"", 20000], [""매콤오돌뼈"", 18000], [""바지락술찜"", 18000], [""도토리묵무침"", 16000]]",양식
175,"['https://search.pstatic.net/common/?autoRotate=true&type=w560_sharpen&src=https%3A%2F%2Fldb-phinf.pstatic.net%2F20200616_132%2F1592317045336jwJqP_JPEG%2FAP595bN5K1Z0pvat1aydJ91i.jpg', 'https://search.pstatic.net/common/?autoRotate=true&type=w278_sharpen&src=https%3A%2F%2Fldb-phinf.pstatic.net%2F20200617_105%2F1592397704217o30ew_JPEG%2FWs2bu30GnMb7cR0iy9rWQNF-.jpg', 'https://search.pstatic.net/common/?autoRotate=true&type=w278_sharpen&src=https%3A%2F%2Fldb-phinf.pstatic.net%2F20200616_62%2F1592317057899fiChj_JPEG%2F730hJExaCXZaSB3HelKChqCd.jpg']","서울특별시 마포구 어울마당로 86, 2-4층 (서교동)",오렌지,324.74,193025.0931,450048.9995,02-335-3113,화: 16:00 - 04:00; 수: 16:00 - 04:00; 목: 16:00 - 04:00; 금: 16:00 - 06:00; 토: 16:00 - 06:00; 일: 16:00 - 04:00; 월: 16:00 - 04:00,85,"['단체 이용 가능', '예약']",주차 불가,"['음식이 맛있어요', '대화하기 좋아요', '단체모임 하기 좋아요', '오래 머무르기 좋아요']",[],"[[""칠리치즈 새우 포테이토"", 20000], [""쏘세지야채볶음"", 13000], [""제주도 골뱅이 쫄면 무침"", 19000], [""통마늘 똥집"", 19000]]",양식
176,"['https://search.pstatic.net/common/?autoRotate=true&type=w278_sharpen&src=https%3A%2F%2Fldb-phinf.pstatic.net%2F20240809_298%2F17231968490192T5Fh_JPEG%2FIMG_1412.jpeg', 'https://search.pstatic.net/common/?autoRotate=true&type=w278_sharpen&src=https%3A%2F%2Fldb-phinf.pstatic.net%2F20241016_189%2F1729072021143o1k4H_JPEG%2F1R0A1398.jpg', 'https://search.pstatic.net/common/?autoRotate=true&type=w278_sharpen&src=https%3A%2F%2Fldb-phinf.pstatic.net%2F20240826_204%2F17246480229031JUre_JPEG%2FDSC02069.jpeg']","서울특별시 마포구 양화로6길 57-7 (서교동, 1층 일부)",터틀탭스,49.0,192642.4115,449642.2865,0507-1468-9579,수: 17:00 - 24:00; 목: 17:00 - 24:00; 금: 17:00 - 24:00; 토: 16:00 - 24:00; 일: 16:00 - 24:00; 화: 정기휴무 (매주 화요일),129,"['테이크아웃 할인', '반려동물 동반', '예약', '무선 인터넷']",주차 불가,"['술이 다양해요', '음식이 맛있어요', '친절해요', '인테리어가 멋져요']","['단체석', '카운터석', '바테이블', '1인석', '연인석']","[[""미국 전통 오리지널 버팔로윙"", 15000], [""DAD레시피 풀드포크버거"", 15000], [""트러플 감자튀김"", 11000], [""스윗포테이토 프라이즈"", 12000]]",한식
177,"['https://search.pstatic.net/common/?autoRotate=true&type=w560_sharpen&src=https%3A%2F%2Fldb-phinf.pstatic.net%2F20250116_273%2F1737009798092Rq06m_JPEG%2FIMG_1770.jpeg', 'https://search.pstatic.net/common/?autoRotate=true&type=w278_sharpen&src=https%3A%2F%2Fldb-phinf.pstatic.net%2F20160304_290%2F1457077215912eHAYb_JPEG%2F176177614856336_0.jpeg', 'https://search.pstatic.net/common/?autoRotate=true&type=w278_sharpen&src=https%3A%2F%2Fldb-phinf.pstatic.net%2F20160304_67%2F14570772159999CLEC_JPEG%2F176177614856336_1.jpeg']","서울특별시 마포구 독막로9길 6, 1층 (서교동)",더피자보이즈,69.3,192829.6462,449592.9627,02-322-9896,수: 12:00 - 21:00; 목: 12:00 - 21:00; 금: 12:00 - 21:30; 토: 12:00 - 21:30; 일: 12:00 - 21:00; 월: 12:00 - 21:00; 화: 12:00 - 21:00,201,"['단체 이용 가능', '포장', '무선 인터넷']",주차 불가,"['음식이 맛있어요', '친절해요', '특별한 메뉴가 있어요', '양이 많아요']",[],"[[""super supreme"", 23000], [""pepperoni"", 19000], [""4 kinds of cheese"", 19000], [""hawiian"", 22000], [""potato"", 22000], [""Corn Cheese"", 22000], [""Bacon&Cheese"", 23000], [""Bulgogi"", 23000], [""Creamy Chicken"", 24000], [""Triple Mushroom"", 22000], [""Garlic Shrimp"", 25000], [""Soft Drink"", 2500], [""Half & Half - R"", 25000], [""Quarter - L"", 30000]]",양식
178,"['https://search.pstatic.net/common/?autoRotate=true&type=w278_sharpen&src=https%3A%2F%2Fldb-phinf.pstatic.net%2F20230730_96%2F1690691395969GXrtN_JPEG%2FIMG_3973.jpeg', 'https://search.pstatic.net/common/?autoRotate=true&type=w278_sharpen&src=https%3A%2F%2Fldb-phinf.pstatic.net%2F20240313_167%2F1710258813920lMk6s_JPEG%2FIMG_6215.jpeg', 'https://search.pstatic.net/common/?autoRotate=true&type=w278_sharpen&src=https%3A%2F%2Fldb-phinf.pstatic.net%2F20240313_221%2F1710258457080mOOcQ_JPEG%2FIMG_6211.jpeg']","서울특별시 마포구 월드컵북로5길 68, 1층 104,105호 (서교동, 광남벨라스2차아파트)",식신매운갈비찜,124.9,192429.0042,450436.0821,0507-1319-8587,수: 11:00 - 23:00; 목: 11:00 - 23:00; 금: 11:00 - 23:00; 토: 11:00 - 23:00; 일: 11:00 - 23:00; 월: 11:00 - 23:00; 화: 정기휴무 (매주 화요일),731,"['콜키지 가능', '예약', '단체 이용 가능', '무선 인터넷', '포장', '유아의자', '장애인 주차구역']",무료 주차 가능,"['음식이 맛있어요', '친절해요', '양이 많아요', '고기 질이 좋아요']","['입식', '단체석']","[[""매운소갈비찜세트(2인세트)"", 45000], [""매운돼지갈비찜세트(2인세트)"", 35000], [""매운 소갈비찜 (1인분)"", 20000], [""매운 돼지갈비찜 (1인분)"", 15000], [""장금이 전통소갈비찜 (1인분)"", 20000], [""크림이 눈꽃 소갈비찜 (1인분)"", 20000], [""크림이면돼지 로제갈비찜"", 16000], [""하얀 (수제)순두부&비빔밥"", 9500], [""얼큰 (수제)순두부&비빔밥"", 9500], [""들깨 (수제)순두부&비빔밥"", 9500], [""차돌 (수제)순두부&비빔밥"", 9500], [""굴 (수제)순두부&비빔밥(11-2월)"", 10000], [""생고기김치찜"", 9000], [""부대김치찜"", 9500]]",한식
179,"['https://search.pstatic.net/common/?autoRotate=true&type=w560_sharpen&src=https%3A%2F%2Fldb-phinf.pstatic.net%2F20200606_147%2F1591412267580Ksbx1_JPEG%2FyBB_04xJP6kmHHScgshk6jFX.jpg', 'https://search.pstatic.net/common/?autoRotate=true&type=w278_sharpen&src=https%3A%2F%2Fpup-review-phinf.pstatic.net%2FMjAyMjExMjdfMTE2%2FMDAxNjY5NTU2OTU1MDUy.CFvWvqmC8uBdukygX34rlma01ct4oKGBb1ZYekzmEOAg.07EHMHYym-Qpo9mHWcmX6rdKDqADr8_z7V3_Y45nI_8g.JPEG%2F7F114D3A-076C-4732-90C4-DAAE52518A2E.jpeg', 'https://search.pstatic.net/common/?autoRotate=true&type=w278_sharpen&src=https%3A%2F%2Fpup-review-phinf.pstatic.net%2FMjAyMzEyMTNfNzEg%2FMDAxNzAyNDM4MzcyNzg4.PvLGexNgHnKR0o8oPxVBJ7KRdn1179WW8AtF6-uM5BQg.cRm0ufNWAmrsQCaMz65lzobYRW-OTdHWlbnpOu9rGWEg.JPEG%2FEA85841A-D426-4C5B-87B1-C05D2AFF0511.jpeg']","서울특별시 마포구 월드컵북로5길 21, 1층 (서교동)",장독대,50.0,192661.5565,450515.9701,02-333-4761,수: 10:00 - 21:00; 목: 10:00 - 21:00; 금: 10:00 - 21:00; 토: 정기휴무 (매주 토요일); 일: 정기휴무 (매주 일요일); 월: 10:00 - 21:00; 화: 10:00 - 21:00,97,[],,"['음식이 맛있어요', '친절해요', '재료가 신선해요', '가성비가 좋아요']",[],"[[""순두부찌개"", 8000], [""청국장찌개"", 8000], [""김치찌개"", 8000], [""제육덮밥"", 8000], [""오삼덮밥"", 8000], [""쌈밥정식"", 10000], [""오징어정식"", 10000]]",한식
180,"['https://search.pstatic.net/common/?autoRotate=true&type=w560_sharpen&src=https%3A%2F%2Fldb-phinf.pstatic.net%2F20220808_119%2F1659963371690uV73V_JPEG%2F%25B8%25F0%25B4%25DF%25B8%25F0%25B4%25DF_tv_%25C3%25E2%25BF%25AC_%25BB%25E7%25C1%25F8.jpg', 'https://search.pstatic.net/common/?autoRotate=true&type=w278_sharpen&src=https%3A%2F%2Fldb-phinf.pstatic.net%2F20220808_122%2F1659963396662BluA6_JPEG%2FKakaoTalk_20220808_215525979_01.jpg', 'https://search.pstatic.net/common/?autoRotate=true&type=w278_sharpen&src=https%3A%2F%2Fldb-phinf.pstatic.net%2F20241119_148%2F17319830773524sVeC_JPEG%2FKakaoTalk_20241114_112949482.jpg']","서울특별시 마포구 와우산로27길 24, 뉴빌503 지층 102호 (서교동)",모닭모닭,47.85,193500.3217,450232.6132,0507-1487-9930,수: 16:00 - 01:00; 목: 16:00 - 01:00; 금: 16:00 - 02:00; 토: 16:00 - 02:00; 일: 16:00 - 24:00; 월: 16:00 - 01:00; 화: 16:00 - 01:00,92,"['단체 이용 가능', '포장', '무선 인터넷']",,"['음식이 맛있어요', '친절해요', '가성비가 좋아요', '특별한 메뉴가 있어요']",[],"[[""파닭(4꼬치)"", 16500], [""닭 맑은탕"", 23000], [""삼겹살 김치전골"", 17000], [""매콤 골뱅이와 쫄면사리"", 19000], [""먹태"", 15000]]",양식
181,"['https://search.pstatic.net/common/?autoRotate=true&type=w560_sharpen&src=https%3A%2F%2Fldb-phinf.pstatic.net%2F20240319_168%2F1710847916595SfT0e_JPEG%2FKakaoTalk_20240319_203106904_11.jpg', 'https://search.pstatic.net/common/?autoRotate=true&type=w278_sharpen&src=https%3A%2F%2Fldb-phinf.pstatic.net%2F20200617_8%2F1592326390261ta5T1_JPEG%2F2909LY1I_QXwJQkFzoZROwAV.jpg', 'https://search.pstatic.net/common/?autoRotate=true&type=w278_sharpen&src=https%3A%2F%2Fldb-phinf.pstatic.net%2F20200617_35%2F1592326378769eAqNr_JPEG%2F7OCpQREmUuama-AoWRMZF3mr.jpg']","서울특별시 마포구 잔다리로3길 29 (서교동,지하1층)",하랑,102.6,192714.6355,449831.7618,,수: 12:00 - 01:00; 목: 12:00 - 01:00; 금: 12:00 - 01:00; 토: 17:00 - 02:00; 일: 정기휴무 (매주 일요일); 월: 12:00 - 01:00; 화: 12:00 - 01:00,39,"['반려동물 동반', '무선 인터넷', '단체 이용 가능', '포장']",주차 불가,"['음식이 맛있어요', '친절해요', '가성비가 좋아요', '대화하기 좋아요']","['바테이블', '연인석', '좌식']","[[""일본식 카레라이스"", 6000], [""베이컨 데리야끼 덮밥"", 8000], [""나가사키 짬뽕"", 7000], [""일본식 간장 우동"", 7000], [""오뎅 나베"", null]]",한식
182,"['https://search.pstatic.net/common/?autoRotate=true&type=w278_sharpen&src=https%3A%2F%2Fldb-phinf.pstatic.net%2F20240322_157%2F1711082386041MMy6e_JPEG%2Ffood_lee___418000762_253706651073932_8516741576432683707_n.jpg', 'https://search.pstatic.net/common/?autoRotate=true&type=w278_sharpen&src=https%3A%2F%2Fldb-phinf.pstatic.net%2F20240409_227%2F1712632184288cMoPr_PNG%2F%25B4%25D9%25BF%25EE%25B7%25CE%25B5%25E5_%25283%2529.png', 'https://search.pstatic.net/common/?autoRotate=true&type=w278_sharpen&src=https%3A%2F%2Fldb-phinf.pstatic.net%2F20240227_263%2F1708997350258hpQXH_JPEG%2F%25B4%25D9%25BF%25EE%25B7%25CE%25B5%25E5_%252813%2529.jpg']",서울 마포구 독막로 31-3,토리비,40.88,192508.7966,450322.7345,0507-1363-4597,,671,"['콜키지 가능', '테이크아웃 할인', '단체 이용 가능', '무선 인터넷', '포장', '예약']",무료 주차 가능,"['음식이 맛있어요', '기본 안주가 좋아요', '가성비가 좋아요', '친절해요']","['입식', '테라스', '1인석', '연인석']","[[""토리나베 오리지널(1인)(2인이상)"", 16900], [""토리나베 얼큰마라(1인)(2인이상)"", 17900]]",일식
183,"['https://search.pstatic.net/common/?autoRotate=true&type=w560_sharpen&src=https%3A%2F%2Fldb-phinf.pstatic.net%2F20230503_300%2F1683090974374wdewA_JPEG%2F%25B5%25CE%25C2%25F2%25B7%25CE%25B0%25ED.jpg', 'https://search.pstatic.net/common/?autoRotate=true&type=w278_sharpen&src=https%3A%2F%2Fpup-review-phinf.pstatic.net%2FMjAyMzA3MTFfMjk5%2FMDAxNjg5MDc3NDc4OTE5.git5ei_nYt0KqIXw6b58Sd8JhCW0Dwfz3-dTbVdiykgg.YYeN6m8MG7zcRcWimv2FH-6V5tE3zEsf_BMZWjCJxekg.JPEG%2F1689077160770.jpg', 'https://search.pstatic.net/common/?autoRotate=true&type=w278_sharpen&src=https%3A%2F%2Fpup-review-phinf.pstatic.net%2FMjAyMzA3MjNfMTcg%2FMDAxNjkwMTAzNzM4MTY1.Y1c2npAHvGn1Fkg1LxniX8mLhJFOmAKe9Jlaz_YDYfQg.HbC3Ii6So5sGQ3Hn8yeirZqHFEbn7V9oERvQcq_uwFwg.JPEG%2F9A676C6A-3421-4632-973E-B41C9EAA245E.jpeg']","서울특별시 마포구 월드컵북로7길 11, 1층 (서교동)",두찜 홍대입구역점,47.0,192617.2652,450646.3182,02-322-6799,,161,"['배달', '포장', '예약']",무료 주차 가능,"['음식이 맛있어요', '양이 많아요', '친절해요', '가성비가 좋아요']",[],"[[""불닭로제찜닭"", null], [""가지튀김"", null], [""까만찜닭"", null], [""납작만두"", null], [""닭볶음탕"", null], [""로제닭발"", null], [""로제찜닭"", null], [""로제찜닭게티"", null], [""마라로제찜닭"", null], [""매콤찜닭게티"", null], [""묵은지찜닭"", null], [""빨간찜닭"", null], [""스팸부대찜닭"", null], [""시래기찜닭"", null], [""치즈몽땅찜닭(까만)"", null], [""치즈몽땅찜닭(빨간)"", null], [""치즈볼"", null], [""통등심돈까스"", null], [""튀김만두"", null], [""트러플크림찜닭"", null], [""트러플크림찜닭게티"", null]]",한식
184,"['https://search.pstatic.net/common/?autoRotate=true&type=w560_sharpen&src=https%3A%2F%2Fldb-phinf.pstatic.net%2F20220112_74%2F1641954553127f8aAb_JPEG%2F1639299289876-3.jpg', 'https://search.pstatic.net/common/?autoRotate=true&type=w278_sharpen&src=https%3A%2F%2Fldb-phinf.pstatic.net%2F20220112_172%2F1641954554145W4Wtv_JPEG%2F20211115_172117.jpg', 'https://search.pstatic.net/common/?autoRotate=true&type=w278_sharpen&src=https%3A%2F%2Fldb-phinf.pstatic.net%2F20220112_227%2F1641954553128MqmeX_JPEG%2F1639299288206-1.jpg']","서울특별시 마포구 양화로6길 57-24, 1층 (서교동, 엘림빌라)",나베공방,95.64,192697.4344,449692.5417,,수: 15:00 - 01:00; 목: 15:00 - 01:00; 금: 15:00 - 02:00; 토: 15:00 - 02:00; 일: 15:00 - 01:00; 월: 15:00 - 01:00; 화: 15:00 - 01:00,364,[],,"['음식이 맛있어요', '친절해요', '대화하기 좋아요', '특별한 메뉴가 있어요']",[],"[[""미즈타키나베"", 29000], [""두유나베"", 29000], [""모쯔나베"", 29000], [""매콤두반장나베"", 29000], [""창코나베"", 29000], [""통베이컨과 양배추쌈"", 17000], [""가지쯔꾸네튀김"", 17000]]",일식
185,"['https://search.pstatic.net/common/?autoRotate=true&type=w560_sharpen&src=https%3A%2F%2Fldb-phinf.pstatic.net%2F20220827_27%2F16615781410012DaBI_JPEG%2F1655368977367.jpg', 'https://search.pstatic.net/common/?autoRotate=true&type=w278_sharpen&src=https%3A%2F%2Fldb-phinf.pstatic.net%2F20240623_270%2F17191126308464aDUW_JPEG%2FKakaoTalk_20240621_212638757_03.jpg', 'https://search.pstatic.net/common/?autoRotate=true&type=w278_sharpen&src=https%3A%2F%2Fldb-phinf.pstatic.net%2F20220119_269%2F1642559966550mV70p_JPEG%2F1642559867843.jpg']","서울특별시 마포구 독막로3길 18, 5층 (서교동)",디껨,59.18,192587.2384,449648.9957,0507-1363-7304,수: 17:00 - 04:00; 목: 17:00 - 04:00; 금: 17:00 - 04:00; 토: 17:00 - 05:00; 일: 15:00 - 05:00; 월: 17:00 - 04:00; 화: 17:00 - 04:00,518,"['콜키지 가능', '생일 혜택', '와인 페어링', '무선 인터넷', '예약', '단체 이용 가능']",주차 불가,"['음식이 맛있어요', '인테리어가 멋져요', '친절해요', '대화하기 좋아요']","['테라스', '바테이블', '좌식', '루프탑']","[[""트러플 뇨끼"", 19000], [""바베큐 플레이트"", 27000]]",주점
186,"['https://search.pstatic.net/common/?autoRotate=true&type=w560_sharpen&src=https%3A%2F%2Fldb-phinf.pstatic.net%2F20211109_106%2F1636440947214l50dD_JPEG%2FQxo0dGorEEbOLWxIM_4Bftxd.jpg', 'https://search.pstatic.net/common/?autoRotate=true&type=w278_sharpen&src=https%3A%2F%2Fpup-review-phinf.pstatic.net%2FMjAyNDAxMTNfMTcz%2FMDAxNzA1MTQ1MDgwMDEz.QGJZEn6DU5Baxj6Ru2G76K5kM5EuyMRUzz2vpnTG_9Ug.qCCK5Bq0KTzVWnPvkEuPf_2V7mjxqJraY7jWS22nxE8g.JPEG%2F0560F3D7-B952-43E7-83DE-D5DCE8C9F6D2.jpeg', 'https://search.pstatic.net/common/?autoRotate=true&type=w278_sharpen&src=https%3A%2F%2Fpup-review-phinf.pstatic.net%2FMjAyMzAxMDZfMjkg%2FMDAxNjcyOTkwOTk0OTAy.pfubDJd8K7f1qmpMnwHPvuJgQMHghmaNfCs0wghQE8wg.xzYexBUzQWcELjyZMMCG5LMwNOqJEhOZ-7YgpwcQHB0g.JPEG%2F2CF32C86-9C1F-493C-B120-B2A487ECEC76.jpeg']","서울특별시 마포구 잔다리로 30-32, 지1층 B01호 (서교동)",카츠하루 홍대점,26.0,192869.8215,449967.6276,,수: 11:30 - 21:00; 목: 11:30 - 21:00; 금: 11:30 - 21:00; 토: 12:00 - 21:00; 일: 12:00 - 21:00; 월: 11:30 - 21:00; 화: 정기휴무 (매주 화요일),39,[],,"['음식이 맛있어요', '가성비가 좋아요', '재료가 신선해요', '친절해요']",[],"[[""로스세트"", 12500], [""히레세트"", 13500], [""생선세트"", 13500], [""믹스세트"", 13500], [""통치즈세트"", 15500], [""히레특선(점심특선)"", 10000], [""생선특선(점심특선)"", 10000], [""로스카츠정식"", 10000], [""히레카츠(안심)"", 11000], [""생선카츠정식"", 11000], [""믹스카츠"", 11000], [""통치즈카츠"", 13000], [""유부유동"", 7500], [""김치우동"", 7000], [""어묵우동"", 8000], [""에비우동"", 8500], [""냉소바"", 7000]]",일식
187,"['https://search.pstatic.net/common/?autoRotate=true&type=w560_sharpen&src=https%3A%2F%2Fldb-phinf.pstatic.net%2F20210927_265%2F1632685155236uLo2G_JPEG%2FCu_inEzu2VW-Id2_8mdjuV36.jpeg.jpg', 'https://search.pstatic.net/common/?autoRotate=true&type=w278_sharpen&src=https%3A%2F%2Fldb-phinf.pstatic.net%2F20211107_25%2F1636278170119MwS5A_JPEG%2FhqrFks6sLxkFzo0ESBpNT6Aw.jpeg.jpg', 'https://search.pstatic.net/common/?autoRotate=true&type=w278_sharpen&src=https%3A%2F%2Fldb-phinf.pstatic.net%2F20211005_27%2F1633431129587avlQb_JPEG%2FwExV-Jy-kCLR0jFBCBUFBmlk.jpeg.jpg']","서울특별시 마포구 월드컵로14길 17, 지층 (서교동)",이담쌀롱,51.31,192098.4141,450433.5316,,,142,"['예약', '무선 인터넷', '단체 이용 가능']",,"['음식이 맛있어요', '친절해요', '대화하기 좋아요', '특별한 메뉴가 있어요']",[],"[[""특 와규 철판구이"", 29000], [""담이나베 (모츠나베) (소고기)"", 29000], [""담이네 토마토 스튜"", 29000], [""가리비 관자 버터구이"", 23000], [""우육 짬뽕"", 24000], [""이담쌀롱st. 스키야키"", 24000], [""이담쌀롱st. 유린기"", 22000], [""페퍼로니 치즈 감자전"", 24000], [""고추잡채"", 29000], [""유산슬"", 29000], [""라구돈패야끼"", 24000], [""오꼬노미야키"", 18000]]",일식
188,"['https://search.pstatic.net/common/?autoRotate=true&type=w560_sharpen&src=https%3A%2F%2Fldb-phinf.pstatic.net%2F20211220_286%2F1639927359583m4fi9_PNG%2F020E1DF8-B600-4E1D-AF19-B26DC8A41C75.png', 'https://search.pstatic.net/common/?autoRotate=true&type=w278_sharpen&src=https%3A%2F%2Fldb-phinf.pstatic.net%2F20211228_292%2F1640672160031au8kH_JPEG%2FKakaoTalk_20211228_151246602.jpg', 'https://search.pstatic.net/common/?autoRotate=true&type=w278_sharpen&src=https%3A%2F%2Fldb-phinf.pstatic.net%2F20211228_41%2F16406721598640TfKy_JPEG%2FKakaoTalk_20211228_151246602_06.jpg']","서울특별시 마포구 와우산로29라길 11, 지하1층 102호 (서교동)",시장냉면,48.0,193497.5767,450326.9787,02-332-6606,수: 정기휴무 (매주 수요일); 목: 11:00 - 21:00; 금: 11:00 - 21:00; 토: 11:00 - 21:00; 일: 11:00 - 21:00; 월: 11:00 - 21:00; 화: 11:00 - 21:00,200,"['포장', '무선 인터넷']",,"['음식이 맛있어요', '친절해요', '가성비가 좋아요', '혼밥하기 좋아요']",[],"[[""얼큰냉면"", 7500], [""가락국수"", 7500], [""비빔냉면"", 7000], [""물냉면"", 6500], [""찐만두 한판(10개)"", 4000], [""튀김만두 한판(10개)"", 5000], [""곱배기"", 1000], [""음료"", 1000], [""찐만두 4개 세트"", 2000], [""튀김만두 4개 세트"", 2500]]",한식
189,"['https://search.pstatic.net/common/?autoRotate=true&type=w560_sharpen&src=https%3A%2F%2Fldb-phinf.pstatic.net%2F20240609_42%2F1717863878196cj9kl_JPEG%2F3.jpg', 'https://search.pstatic.net/common/?autoRotate=true&type=w278_sharpen&src=https%3A%2F%2Fldb-phinf.pstatic.net%2F20240411_238%2F171280904867504LJX_PNG%2F0002.png', 'https://search.pstatic.net/common/?autoRotate=true&type=w278_sharpen&src=https%3A%2F%2Fldb-phinf.pstatic.net%2F20240609_80%2F1717863874518mpOOX_JPEG%2F2.jpg']","서울특별시 마포구 독막로7길 63, 지송재 1층 (서교동)",금별맥주 홍대점,145.42,192867.6123,449820.0652,02-335-7771,수: 16:00 - 05:00; 목: 16:00 - 05:00; 금: 15:00 - 05:00; 토: 15:00 - 05:00; 일: 15:00 - 05:00; 월: 16:00 - 03:00; 화: 16:00 - 05:00,454,"['예약', '단체 이용 가능', '무선 인터넷']",무료 주차 가능,"['음식이 맛있어요', '가성비가 좋아요', '인테리어가 멋져요', '친절해요']","['단체석', '연인석']",[],양식
190,"['https://search.pstatic.net/common/?autoRotate=true&type=w560_sharpen&src=https%3A%2F%2Fldb-phinf.pstatic.net%2F20221006_229%2F1665049236996sdod0_JPEG%2F1665049200014.jpg', 'https://search.pstatic.net/common/?autoRotate=true&type=w278_sharpen&src=https%3A%2F%2Fldb-phinf.pstatic.net%2F20221006_95%2F1665049297114ntW7o_JPEG%2F1665049285370.jpg', 'https://search.pstatic.net/common/?autoRotate=true&type=w278_sharpen&src=https%3A%2F%2Fldb-phinf.pstatic.net%2F20221006_99%2F1665049243512CbHNR_JPEG%2F1665049204772.jpg']","서울특별시 마포구 어울마당로 94-7, 대유빌딩 1층 (서교동)",루디스,141.39,193071.6502,450114.5453,0507-1328-1581,수: 18:00 - 06:00; 목: 18:00 - 06:00; 금: 18:00 - 06:00; 토: 18:00 - 06:00; 일: 18:00 - 06:00; 월: 18:00 - 06:00; 화: 정기휴무 (매주 화요일),58,"['와인 페어링', '와인 페어링', '생일 혜택', '콜키지 가능', '테이크아웃 할인', '유기농 메뉴', '무선 인터넷', '예약', '노키즈존']",주차 불가,"['음식이 맛있어요', '친절해요', '인테리어가 멋져요', '대화하기 좋아요']","['단체석', '바테이블', '연인석']","[[""홍차"", 9000]]",양식
191,"['https://search.pstatic.net/common/?autoRotate=true&type=w560_sharpen&src=https%3A%2F%2Fldb-phinf.pstatic.net%2F20250211_39%2F1739258403297wlcmc_JPEG%2FIMG_9348.jpeg', 'https://search.pstatic.net/common/?autoRotate=true&type=w278_sharpen&src=https%3A%2F%2Fldb-phinf.pstatic.net%2F20250211_22%2F1739258404150wd3uz_JPEG%2FIMG_9337.jpeg', 'https://search.pstatic.net/common/?autoRotate=true&type=w278_sharpen&src=https%3A%2F%2Fldb-phinf.pstatic.net%2F20250211_156%2F1739258404416cbk7P_JPEG%2FIMG_9298.jpeg']","서울특별시 마포구 동교로 112, 1층 (서교동)",오로촌,64.96,192364.7484,450256.8076,0507-1394-4811,,455,"['콜키지 가능', '포장', '단체 이용 가능']",무료 주차 가능,"['음식이 맛있어요', '친절해요', '가성비가 좋아요', '특별한 메뉴가 있어요']","['좌식', '1인석', '테라스']","[[""해장라멘"", 9000], [""닭고기편유"", 7000], [""흑돼지냉제육"", 7000], [""중화잡채"", 10000], [""계란볶음밥"", 9000], [""땅콩초계무침"", 7000], [""야채강된장"", 7000], [""쫄멘"", 7000]]",일식
192,"['https://search.pstatic.net/common/?autoRotate=true&type=w560_sharpen&src=https%3A%2F%2Fldb-phinf.pstatic.net%2F20240119_16%2F1705635179235wFMa6_JPEG%2FIMG_2927.jpeg', 'https://search.pstatic.net/common/?autoRotate=true&type=w278_sharpen&src=https%3A%2F%2Fldb-phinf.pstatic.net%2F20240626_277%2F1719393986457RTJbx_JPEG%2FIMG_7474.jpeg', 'https://search.pstatic.net/common/?autoRotate=true&type=w278_sharpen&src=https%3A%2F%2Fpup-review-phinf.pstatic.net%2FMjAyMzA2MjVfMzMg%2FMDAxNjg3NzAyNTA0NDAy.9xgw7RA4OBrEwDoLKKiscVYf8vWVwtOSvVd-X4Md5-8g.brMAgp9RLDUktsUHomiGlmUs2qp1FmT5qRMzXZ7gaAQg.JPEG%2F20230624_195837.jpg']","서울특별시 마포구 월드컵로14길 16, 1층 101호 (서교동)",끼토,56.11,192103.9186,450409.1302,,수: 18:00 - 01:00; 목: 18:00 - 01:00; 금: 18:00 - 02:00; 토: 18:00 - 02:00; 일: 18:00 - 01:00; 월: 18:00 - 01:00; 화: 정기휴무 (매주 화요일),164,"['무선 인터넷', '노키즈존', '장애인 휠체어 이용가능', '장애인 휠체어 이용가능']",주차 불가,"['음식이 맛있어요', '친절해요', '대화하기 좋아요', '혼술하기 좋아요']","['카운터석', '바테이블', '1인석']","[[""닭꼬치5종세트"", 17500], [""추천7종"", 25500], [""추천9종"", 32500], [""토리완탕"", 15000], [""나폴리탄"", 15000], [""명란버터감자"", 12000], [""야키오니기리"", 6000], [""토마토매실절임"", 6000], [""오이미소절임"", 6000], [""치킨난반"", 15000], [""카키후라이"", 12000], [""커리와구운바게트"", 12000], [""낫또히야얏코"", 11000], [""크림치즈와창란젓"", 10000], [""시나몬바닐라아이스"", 6000], [""오뎅모리와세"", 15000], [""우동"", 10000], [""돈테키"", 15000]]",일식
193,"['https://search.pstatic.net/common/?autoRotate=true&type=w560_sharpen&src=https%3A%2F%2Fldb-phinf.pstatic.net%2F20240110_280%2F1704872949193uUhb0_JPEG%2FKakaoTalk_20240110_164800634_28.jpg', 'https://search.pstatic.net/common/?autoRotate=true&type=w278_sharpen&src=https%3A%2F%2Fldb-phinf.pstatic.net%2F20220517_185%2F1652777762123c7hyL_JPEG%2FKakaoTalk_20220517_175534285_02.jpg', 'https://search.pstatic.net/common/?autoRotate=true&type=w278_sharpen&src=https%3A%2F%2Fldb-phinf.pstatic.net%2F20220517_58%2F1652784306684ALygP_JPEG%2F%25B3%25D7%25C0%25CC%25B9%25F6%25B5%25EE%25B7%25CF%25BB%25E7%25C1%25F83.jpg']","서울특별시 마포구 양화로6길 39, 2층 202호 (서교동)",블랑루즈,83.0,192548.2927,449643.3377,0507-1340-5152,수: 15:00 - 03:00; 목: 15:00 - 03:00; 금: 15:00 - 03:00; 토: 15:00 - 03:00; 일: 15:00 - 24:00; 월: 15:00 - 03:00; 화: 15:00 - 03:00,475,"['콜키지 가능', '와인 페어링', '콜키지 가능']",무료 주차 가능,"['음식이 맛있어요', '대화하기 좋아요', '친절해요', '기본 안주가 좋아요']","['단체석', '바테이블', '연인석', '입식', '1인석']","[[""구운 밤과 새송이 버섯"", 14000], [""브리치즈 멜란자네"", 13000], [""시나몬 고구마 탕후루"", 13000], [""토마토 홍합찜"", 22000], [""블루 치즈 홍합찜"", 22000], [""블랑루즈 감바스"", 22000], [""생양송이 루꼴라 샐러드(W. 그뤼에르 치즈)"", 16000], [""이베리코 살치촌햄과 샐러리 스틱"", 17000], [""통닭다리살 청양 크림 파스타"", 22000], [""치즈&샤퀴테리(S)"", 25000], [""스모크 치즈와 올리브 절임"", 18000], [""브리치즈 오븐 구이 (W. 군고구마)"", 18000], [""매생이 홍합 크림 파스타, 근데 이제 들기름을 곁들인"", 20000], [""블랑루즈 아이스크림(AKA. 세미프레도)"", 6000], [""호두 곶감 말이(4조각)"", 5500], [""로제 떡볶이"", 15000], [""블랑루즈 안심 스테이크"", 42000], [""명란 꽈리고추 오일 파스타"", 20000], [""아삭아삭 샐러리샐러드"", 13000], [""당근 라페와 마스카포네 치즈"", 13000]]",양식
194,"['https://search.pstatic.net/common/?autoRotate=true&type=w278_sharpen&src=https%3A%2F%2Fldb-phinf.pstatic.net%2F20240503_2%2F1714706606545DGcRs_PNG%2FIMG_6119%25281500x1500%2529.png', 'https://search.pstatic.net/common/?autoRotate=true&type=w278_sharpen&src=https%3A%2F%2Fldb-phinf.pstatic.net%2F20240503_244%2F1714706606487I2zJz_PNG%2FIMG_4544%25281500x1500%2529.png', 'https://search.pstatic.net/common/?autoRotate=true&type=w278_sharpen&src=https%3A%2F%2Fldb-phinf.pstatic.net%2F20240503_285%2F1714706606371hHzzB_PNG%2FIMG_6173%25281500x1500%2529.png']","서울특별시 마포구 독막로3길 21, 1층 (서교동)",우규,83.73,192580.2195,449677.1121,0507-1448-3465,수: 17:00 - 02:00; 목: 17:00 - 02:00; 금: 17:00 - 02:00; 토: 16:00 - 02:00; 일: 16:00 - 02:00; 월: 17:00 - 02:00; 화: 17:00 - 02:00,738,"['무선 인터넷', '포장']",주차 불가,"['음식이 맛있어요', '친절해요', '대화하기 좋아요', '인테리어가 멋져요']",[],"[[""[A세트] 연어 + 육회"", 39000], [""연어사시미"", 21000], [""육회"", 21000], [""[B세트] 육회 + 육사시미"", 36000], [""[C세트] 연어 + 육회 + 육사시미"", 55000], [""오뎅탕"", 18000], [""알탕"", 18000], [""치킨 가라아게"", 12000]]",한식
195,"['https://search.pstatic.net/common/?autoRotate=true&type=w560_sharpen&src=https%3A%2F%2Fldb-phinf.pstatic.net%2F20210901_266%2F1630425488748XdsTu_PNG%2Fv3qv0DxwAGFlHLAauMqfyXBU.png', 'https://search.pstatic.net/common/?autoRotate=true&type=w278_sharpen&src=https%3A%2F%2Fldb-phinf.pstatic.net%2F20241207_71%2F1733556612801TrXYz_JPEG%2F2bc17daa4k15f04d8df2f7c8ff92e4a1.jpeg', 'https://search.pstatic.net/common/?autoRotate=true&type=w278_sharpen&src=https%3A%2F%2Fldb-phinf.pstatic.net%2F20241207_148%2F1733556612785Hpxfx_JPEG%2Fb49563565qea0f159841b2a6e5eca8fc.jpeg']","서울특별시 마포구 독막로3길 33-5, 지1층 (서교동)",이양권반상,44.19,192596.252,449739.1349,0507-1436-4830,수: 11:00 - 21:00; 목: 11:00 - 21:00; 금: 11:00 - 21:00; 토: 11:00 - 21:00; 일: 11:00 - 21:00; 월: 11:00 - 21:00; 화: 11:00 - 21:00,833,"['포장', '배달', '무선 인터넷']",주차 불가,"['음식이 맛있어요', '양이 많아요', '혼밥하기 좋아요', '친절해요']","['1인석', '바테이블']","[[""중국인 친구가 가르쳐준 볶음밥 + 제육볶음"", 10900], [""오레오튀김"", 4900], [""제육볶음면"", 10900], [""제육볶음마요면"", 10900], [""차돌강된장덮밥"", 10900], [""차돌숙주볶음덮밥"", 9900], [""로제육 (면)"", 11500], [""로제또 (밥)"", 11500], [""파스타면 없는 샐러드 파스타"", 10900], [""제육볶음마요덮밥"", 9900], [""제육볶음덮밥"", 9900], [""이양권샐러드"", 7900], [""고로케 (4p + 수제소스)"", 4500], [""마제소바가 되고 싶은 차돌숙주볶음면"", 11500], [""하이볼 (레몬,자몽,얼그레이)"", 5000], [""수제청에이드"", 4000], [""코카콜라 355ml"", 2000], [""스프라이트 355ml"", 2000], [""환타(오렌지) 355ml"", 2000], [""코카제로 355ml"", 2000]]",한식
196,"['https://search.pstatic.net/common/?autoRotate=true&type=w560_sharpen&src=https%3A%2F%2Fldb-phinf.pstatic.net%2F20230112_61%2F16734800451990MvOY_JPEG%2F230103_%25C7%25C7%25C0%25DA%25B8%25B6%25BD%25BA%25C5%25CD_%25C3%25A7%25B8%25B0%25C1%25F6_%25C8%25AB%25B4%25EB%25BC%25AD%25B1%25B3%25C1%25A1.jpg', 'https://search.pstatic.net/common/?autoRotate=true&type=w278_sharpen&src=https%3A%2F%2Fldb-phinf.pstatic.net%2F20230112_14%2F1673479928248CpCar_JPEG%2F186566497674403_0.jpeg', 'https://search.pstatic.net/common/?autoRotate=true&type=w278_sharpen&src=https%3A%2F%2Fldb-phinf.pstatic.net%2F20230328_48%2F1679985536669IXaKC_JPEG%2F2023%25B3%25E2_K-BPI_%25C6%25C4%25BF%25F6%25BA%25EA%25B7%25A3%25B5%25E5_%25BF%25A5%25BA%25ED%25B7%25B3.jpg']","서울특별시 마포구 동교로 114, 태복빌딩 1층 101호 (서교동)",한국피자헛 홍대서교점,98.34,192387.5364,450259.0493,02-3141-4053,,163,"['포장', '배달']",주차 가능,"['음식이 맛있어요', '친절해요', '재료가 신선해요', '가성비가 좋아요']",[],"[[""립스테이크 L"", 36900], [""매콤연유 팝콘치킨(20ea)"", 3400], [""판타스틱 콤보"", 9300], [""리치 치즈 파스타"", 7900], [""알로하 하와이 L"", 27900], [""콤비네이션 L"", 27900], [""직화불고기 L"", 33900], [""베이컨포테이토 L"", 33900], [""멜팅치즈 포테이토 L"", 27900], [""소이갈릭 윙 4조각"", 4200], [""수퍼슈프림 L"", 33900], [""씨푸드킹 L"", 36900], [""직화불고기 L"", 33900], [""코울슬로"", 1600], [""콤비네이션&페페로니러버 L"", 27900], [""페페로니 러버 L"", 25900], [""치즈 러버 L"", 23900]]",양식
197,"['https://search.pstatic.net/common/?autoRotate=true&type=w278_sharpen&src=https%3A%2F%2Fldb-phinf.pstatic.net%2F20211001_225%2F1633080213780QCcdj_JPEG%2FlzhHyD9L-4FWGstb5er7TXjC.jpeg.jpg', 'https://search.pstatic.net/common/?autoRotate=true&type=w278_sharpen&src=https%3A%2F%2Fldb-phinf.pstatic.net%2F20240412_218%2F17129231423997srmb_JPEG%2FKakaoTalk_20240412_205727722_01.jpg', 'https://search.pstatic.net/common/?autoRotate=true&type=w278_sharpen&src=https%3A%2F%2Fldb-phinf.pstatic.net%2F20240412_239%2F1712923142101puoyM_JPEG%2FKakaoTalk_20240412_205727722.jpg']","서울특별시 마포구 와우산로29바길 11-3, 1층 102호 (서교동)",화담,46.0,193414.9333,450393.6371,0507-1325-2822,수: 16:30 - 01:00; 목: 16:30 - 01:00; 금: 16:30 - 03:00; 토: 16:30 - 03:00; 일: 16:30 - 01:00; 월: 16:30 - 01:00; 화: 16:30 - 01:00,299,"['콜키지 가능', '무선 인터넷', '단체 이용 가능', '예약']",주차 불가,"['음식이 맛있어요', '친절해요', '인테리어가 멋져요', '특별한 메뉴가 있어요']","['카운터석', '좌식']","[[""우삼겹해물짬뽕"", 19900], [""토마토 홍합스튜"", 18900], [""감바스알아히요"", 12900], [""계란게살새우완자탕"", 17900], [""우삼겹숙주볶음"", 17900], [""마파두부"", 16900], [""칠리가지 새우튀김"", 18900], [""돼지꼬리갈비"", 23900], [""중화 삼겹간장볶음"", 19900], [""어향 가지 새우튀김"", 18900], [""망고크림 가지새우"", 19900], [""모듬어묵탕"", 18900], [""삼겹 뿌링클"", 21900], [""꿀토마토"", 8900]]",한식
198,"['https://search.pstatic.net/common/?autoRotate=true&type=w560_sharpen&src=https%3A%2F%2Fldb-phinf.pstatic.net%2F20210903_232%2F1630651040590Ikdsn_JPEG%2Fd173n0LENOTBVKJvztfz1gq4.jpg', 'https://search.pstatic.net/common/?autoRotate=true&type=w278_sharpen&src=https%3A%2F%2Fldb-phinf.pstatic.net%2F20210903_166%2F1630651040471Vd7mx_JPEG%2F9VvO9N8P2VtXBcWMQ-b5KbOV.jpg', 'https://search.pstatic.net/common/?autoRotate=true&type=w278_sharpen&src=https%3A%2F%2Fldb-phinf.pstatic.net%2F20210903_49%2F1630651040509S8lAs_JPEG%2FvtcswLZjJNJebnmaJQ6_jJWe.jpg']","서울특별시 마포구 와우산로21길 28-12, 1층 (서교동)",또보겠지떡볶이집 깐따삐아점,69.3,193079.1341,450062.2288,0507-1394-8645,수: 11:30 - 21:00; 목: 11:30 - 21:00; 금: 11:30 - 21:00; 토: 11:30 - 21:00; 일: 11:30 - 21:00; 월: 정기휴무 (매주 월요일); 화: 11:30 - 21:00,456,['포장'],주차 불가,"['음식이 맛있어요', '친절해요', '특별한 메뉴가 있어요', '가성비가 좋아요']",[],"[[""또보겠지 즉석 떡볶이 (2인분)"", 14000]]",한식
199,"['https://search.pstatic.net/common/?autoRotate=true&type=w560_sharpen&src=https%3A%2F%2Fldb-phinf.pstatic.net%2F20220511_247%2F1652208042636PRCOK_JPEG%2FKakaoTalk_20220105_032814797.jpg', 'https://search.pstatic.net/common/?autoRotate=true&type=w278_sharpen&src=https%3A%2F%2Fldb-phinf.pstatic.net%2F20210803_201%2F1628002015029fhfnV_JPEG%2FSkyYUBTh_MNwyd8mS_xH6xsI.jpg', 'https://search.pstatic.net/common/?autoRotate=true&type=w278_sharpen&src=https%3A%2F%2Fldb-phinf.pstatic.net%2F20210803_243%2F1628001996694Oscn5_JPEG%2FO29KoJLURMlmjFnWQDLVdXLx.jpg']","서울특별시 마포구 와우산로21길 31-12, 1층 202호 (서교동)",카페 꼬모,82.64,193023.9533,449964.4656,0507-1373-9237,,192,"['포장', '예약', '반려동물 동반']",주차 가능,"['음료가 맛있어요', '커피가 맛있어요', '친절해요', '디저트가 맛있어요']",[],"[[""카페라떼"", 5800], [""딸기라떼"", 6000], [""아메리카노"", 5500], [""아이스티"", 5500], [""쿠키세트"", 5500], [""현상쿠키"", 45000], [""현상마카롱"", 4500], [""복숭아아이스티"", 5000], [""자몽티"", 5500], [""블루레몬에이드"", 6000], [""콜드브루(아메리카노)"", 5500], [""바닐라라떼"", 5800]]",한식
200,"['https://search.pstatic.net/common/?autoRotate=true&type=w560_sharpen&src=https%3A%2F%2Fldb-phinf.pstatic.net%2F20210627_130%2F1624765974472dAbl7_JPEG%2Fg8_XvfNFA45VnfIEhLzFpnNh.jpg', 'https://search.pstatic.net/common/?autoRotate=true&type=w278_sharpen&src=https%3A%2F%2Fldb-phinf.pstatic.net%2F20210627_79%2F1624766237246oYu8v_JPEG%2FcasERoXFZAbXOo3rpwf9T595.jpg', 'https://search.pstatic.net/common/?autoRotate=true&type=w278_sharpen&src=https%3A%2F%2Fldb-phinf.pstatic.net%2F20210627_276%2F1624766036705weJ4K_JPEG%2F60v3LQbaRU_jwyiXpo5FDKoZ.jpeg.jpg']","서울특별시 마포구 와우산로15길 50, 2층 (서교동)",카페 라스플라미아,65.01,192937.789,449610.8106,0507-1438-1349,수: 15:00 - 23:00; 목: 15:00 - 23:00; 금: 12:30 - 24:00; 토: 12:30 - 24:00; 일: 15:30 - 22:00; 월: 정기휴무 (매주 월요일); 화: 15:00 - 19:00,140,"['무선 인터넷', '단체 이용 가능', '예약']",,"['친절해요', '인테리어가 멋져요', '음식이 맛있어요', '특별한 메뉴가 있어요']",[],"[[""하몽 with 부라타치즈"", 15000], [""카페 데 라 까사"", 7000], [""하몽&치즈 플래터"", 21000], [""상그리아"", 8000], [""바스크 치즈케이크"", 6000], [""로사마레(에이드/보드카 택1)"", 7000], [""모히또 블랑카(칵테일)"", 12000], [""라 또마띠나(에이드only)"", 7000], [""레부히또(Tio PEPE only)"", 12000], [""세뇨르 그레이(진only)"", 12000], [""가스파초"", 8000], [""파스타"", 16000], [""기네스 생맥주"", 11000]]",기타
201,"['https://search.pstatic.net/common/?autoRotate=true&type=w560_sharpen&src=https%3A%2F%2Fpup-review-phinf.pstatic.net%2FMjAyMzA0MTlfOTEg%2FMDAxNjgxOTAzODU5NDQ3.N9vyRHqewxnda-inhiQyfryrukvXw1nkBejnfd_-YPkg.crWClBTeI2m48Pt39MFOKqa7JSlcKtNCQtkJSqiXuDUg.JPEG%2F20230419_191357.jpg', 'https://search.pstatic.net/common/?autoRotate=true&type=w278_sharpen&src=https%3A%2F%2Fpup-review-phinf.pstatic.net%2FMjAyNDA0MTVfMTc1%2FMDAxNzEzMTUwODU2OTM4.6Bbu7M0wPKCM58R6FmZnZvamnm254Qbwt9H0q8glndgg.oRQvTNn2Wsbp4VzWRyl84G7MQoO4-a4TLl07PaIkEQkg.JPEG%2FE7445A06-FC85-43F4-98AD-2C7C7E0CE53F.jpeg', 'https://search.pstatic.net/common/?autoRotate=true&type=w278_sharpen&src=https%3A%2F%2Fpup-review-phinf.pstatic.net%2FMjAyMjEwMjhfNTYg%2FMDAxNjY2OTUxOTgzNjE1.LUBoPvWuRxHcUU8W8bRplnsff1IUawpTxiZwxcwpN78g.-RV3wXc268iYfJWUegYwS2QBmjrOLDXsqD00X8wUOosg.JPEG%2F20221028_182258.jpg']","서울특별시 마포구 월드컵북로7길 11, 1층 110호 (서교동)",이모네,61.7,192617.2652,450646.3182,02-336-0131,,68,[],,"['음식이 맛있어요', '양이 많아요', '친절해요', '혼밥하기 좋아요']",[],"[[""닭도리탕 (소)"", 25000], [""감자탕"", 25000], [""꼬막데침"", 20000], [""감자전"", 10000], [""계란말이"", 10000], [""닭볶음탕"", 9000]]",한식
202,"['https://search.pstatic.net/common/?autoRotate=true&type=w560_sharpen&src=https%3A%2F%2Fldb-phinf.pstatic.net%2F20240725_93%2F1721886424781k48Kz_PNG%2F%25B4%25D9%25C6%25AE%25C7%25C3%25B7%25BA%25BD%25BA_%25B8%25D3%25BD%25C5_%25C0%25CC%25B9%25CC%25C1%25F6.png', 'https://search.pstatic.net/common/?autoRotate=true&type=w278_sharpen&src=https%3A%2F%2Fldb-phinf.pstatic.net%2F20240705_76%2F17201575041046HAgz_PNG%2F3%25C3%25FE%25C0%25CC%25B9%25CC%25C1%25F6.png', 'https://search.pstatic.net/common/?autoRotate=true&type=w278_sharpen&src=https%3A%2F%2Fldb-phinf.pstatic.net%2F20240705_179%2F1720157462136Wv7aR_PNG%2F%25C0%25D4%25B1%25B8%25BB%25E7%25C1%25F8.png']","서울특별시 마포구 어울마당로 74, 금광빌딩 1,2층 (서교동)",다트플렉스,428.0,193005.5075,449927.3402,02-336-7770,수: 16:00 - 01:00; 목: 16:00 - 01:00; 금: 16:00 - 02:00; 토: 13:00 - 02:00; 일: 13:00 - 01:00; 월: 16:00 - 01:00; 화: 16:00 - 01:00,167,"['포장', '배달', '무선 인터넷']",주차 불가,"['친절해요', '음식이 맛있어요', '인테리어가 멋져요', '단체모임 하기 좋아요']",[],"[[""다트 세트"", 38500], [""칵테일 세트"", 31500], [""병맥주 세트"", 50000], [""바틀 세트"", 107000], [""다트(1시간)"", 20000], [""다트(30분)"", 12000], [""아메리칸치즈 피자"", 10900], [""크레이지 미트치즈 피자"", 11900], [""속쓰리라차 피자"", 12900], [""허니 고르곤졸라 피자"", 12900], [""달콤고구마 피자"", 12900], [""스트릿 콘치즈 피자"", 12900], [""슈퍼콤비네이션 피자"", 13900], [""매니악 페퍼로니 피자"", 13900], [""베이컨포테이토 피자"", 13900], [""페퍼로니&포테이토 피자"", 14900], [""치킨앤콘 반반피자"", 14900], [""미트치즈 파스타"", 11900], [""토마토 치즈 파스타"", 11900], [""베이컨 로제 파스타"", 11900], [""포테이토앤치즈볼"", 11900], ["""", null], ["""", null], ["""", null]]",양식
203,"['https://search.pstatic.net/common/?autoRotate=true&type=w560_sharpen&src=https%3A%2F%2Fldb-phinf.pstatic.net%2F20241220_135%2F1734660469905nUh2W_JPEG%2F1.jpg', 'https://search.pstatic.net/common/?autoRotate=true&type=w278_sharpen&src=https%3A%2F%2Fldb-phinf.pstatic.net%2F20241220_248%2F1734660470834I216L_JPEG%2F2.jpg', 'https://search.pstatic.net/common/?autoRotate=true&type=w278_sharpen&src=https%3A%2F%2Fldb-phinf.pstatic.net%2F20241220_160%2F17346604706188piuS_JPEG%2F3.jpg']","서울특별시 마포구 어울마당로 136, 2층 (서교동)",금별맥주 홍대입구역점,69.83,193299.6228,450414.0699,02-3333-6633,,74,"['단체 이용 가능', '무선 인터넷']",주차 불가,"['인테리어가 멋져요', '술이 다양해요', '음식이 맛있어요', '친절해요']","['좌식', '루프탑']",[],양식
204,"['https://search.pstatic.net/common/?autoRotate=true&type=w560_sharpen&src=https%3A%2F%2Fldb-phinf.pstatic.net%2F20240625_267%2F1719314281956NXfl3_PNG%2Fmoijung_logo_nemo.png', 'https://search.pstatic.net/common/?autoRotate=true&type=w278_sharpen&src=https%3A%2F%2Fldb-phinf.pstatic.net%2F20240625_212%2F1719314386499teb2y_JPEG%2Fyakitori.jpg', 'https://search.pstatic.net/common/?autoRotate=true&type=w278_sharpen&src=https%3A%2F%2Fldb-phinf.pstatic.net%2F20240625_16%2F1719314383342vwWD0_JPEG%2Fmotsu.jpeg']","서울특별시 마포구 독막로7길 60, 2층 (서교동)",모이정,97.25,192882.9505,449785.8767,02-336-2885,수: 18:00 - 02:00; 목: 18:00 - 02:00; 금: 18:00 - 02:00; 토: 18:00 - 02:00; 일: 18:00 - 02:00; 월: 정기휴무 (매주 월요일); 화: 18:00 - 02:00,62,"['콜키지 가능', '생일 혜택', '무선 인터넷', '반려동물 동반', '단체 이용 가능', '포장']",주차 불가,"['음식이 맛있어요', '친절해요', '기본 안주가 좋아요', '대화하기 좋아요']","['단체석', '좌식', '바테이블', '1인석']","[[""명란아보카도샌드구이"", 20000], [""우설 숯불구이"", 22000], [""에이히레"", 16000], [""타이거새우 숯불구이"", 20000], [""통감자버터구이"", 9000], [""옥수수버터구이"", 9000], [""통마늘숯불구이"", 9000], [""모츠나베"", 30000], [""모이전골"", 30000], [""나가사키짬뽕"", 30000], [""오뎅나베"", 26000], [""오코노미야키"", 18000], [""돈가츠나베"", 16000], [""야키우동"", 20000], [""모모가츠"", 20000], [""치킨 가라아게"", 22000], [""문어가라아게"", 20000], [""난코츠가라아게"", 17000], [""쭈꾸미가라아게"", 13000], [""마제소바"", 12000]]",한식
205,"['https://search.pstatic.net/common/?autoRotate=true&type=w560_sharpen&src=https%3A%2F%2Fldb-phinf.pstatic.net%2F20250107_54%2F1736257556075nBLmt_JPEG%2FIMG_0245.jpeg', 'https://search.pstatic.net/common/?autoRotate=true&type=w278_sharpen&src=https%3A%2F%2Fldb-phinf.pstatic.net%2F20250107_211%2F1736257556133sOzUa_JPEG%2FIMG_0246.jpeg', 'https://search.pstatic.net/common/?autoRotate=true&type=w278_sharpen&src=https%3A%2F%2Fldb-phinf.pstatic.net%2F20250107_161%2F1736257556020Nvo0i_JPEG%2FIMG_0188.jpeg']","서울특별시 마포구 어울마당로5길 46, 지상2층 (서교동)",제이케이,67.78,192702.8101,449744.2091,0507-1308-7305,수: 17:00 - 01:00; 목: 17:00 - 01:00; 금: 16:00 - 02:00; 토: 16:00 - 02:00; 일: 16:00 - 01:00; 월: 17:00 - 01:00; 화: 17:00 - 01:00,485,"['콜키지 가능', '생일 혜택', '단체 이용 가능', '반려동물 동반', '예약', '장애인 휠체어 이용가능', '장애인 휠체어 이용가능']",무료 주차 가능,"['음식이 맛있어요', '술이 다양해요', '친절해요', '인테리어가 멋져요']","['좌식', '단체석']","[[""감바스"", 20000], [""제이케이로제파스타"", 18000], [""불닭까르보나라"", 18000], [""제이케이엽떡"", 18000], [""진짜 리얼 짜장떡볶이"", 18000], [""에그인헬"", 18000], [""이베리코 목살 스테끼"", 25000], [""각종 칵테일"", 8000], [""찐 코젤시나몬"", 8000]]",주점
206,"['https://search.pstatic.net/common/?autoRotate=true&type=w560_sharpen&src=https%3A%2F%2Fldb-phinf.pstatic.net%2F20240327_131%2F1711524785804hlxP9_JPEG%2F%25B4%25EB%25C7%25A5%25BB%25E7%25C1%25F8%25284%2529.jpg', 'https://search.pstatic.net/common/?autoRotate=true&type=w278_sharpen&src=https%3A%2F%2Fldb-phinf.pstatic.net%2F20231107_220%2F1699355362597orjr5_JPEG%2F%25B8%25F0%25B8%25F0%25C0%25AF%25BA%25CE1.jpg', 'https://search.pstatic.net/common/?autoRotate=true&type=w278_sharpen&src=https%3A%2F%2Fldb-phinf.pstatic.net%2F20240327_122%2F1711524786192aw6jH_JPEG%2F%25B4%25EB%25C7%25A5%25BB%25E7%25C1%25F8.jpg']","서울특별시 마포구 홍익로 10, 101동 지1층 140호 (서교동, 서교푸르지오)",모모유부 홍대점,44.97,193187.803,450172.1789,02-334-8583,수: 11:00 - 21:00; 목: 11:00 - 21:00; 금: 11:00 - 21:00; 토: 11:00 - 21:00; 일: 11:00 - 21:00; 월: 11:00 - 21:00; 화: 11:00 - 21:00,511,"['무선 인터넷', '배달', '포장', '예약', '단체 이용 가능']",유료 주차 가능,"['음식이 맛있어요', '혼밥하기 좋아요', '재료가 신선해요', '친절해요']",[],[],한식
207,"['https://search.pstatic.net/common/?autoRotate=true&type=w560_sharpen&src=https%3A%2F%2Fldb-phinf.pstatic.net%2F20210704_211%2F1625372751161sfPIP_JPEG%2FZUiCX1vPEfKjsRJFbBForeEG.jpg', 'https://search.pstatic.net/common/?autoRotate=true&type=w278_sharpen&src=https%3A%2F%2Fpup-review-phinf.pstatic.net%2FMjAyNDExMjBfOTgg%2FMDAxNzMyMDM2MjI1ODM3.S1Zwi6lMC9asY9fODtdvTJBFLlx9zu6jV6IydOG7mPIg.V2qaY_YFlC4KRAmAMaudA93I08ZH6i2LFCKP-oYCc7wg.JPEG%2F801FAAD6-1FCE-4200-A5D1-9E3B99DAB256.jpeg', 'https://search.pstatic.net/common/?autoRotate=true&type=w278_sharpen&src=https%3A%2F%2Fpup-review-phinf.pstatic.net%2FMjAyNDExMjBfMjAy%2FMDAxNzMyMDM2MjI1Mzgz.QHF54bO--oi1HMTUzTxE5ufLquyZ7wxNRJXZzvHYqgAg.AF0Bcxkd6woD-MBcT8CEWWG3mOO670y10eeQJkBihNwg.JPEG%2FFE3708FD-5EDE-44AD-8C41-A7EF60C29848.jpeg']","서울특별시 마포구 양화로 120, 1층 102호 (서교동)",3일한우국밥,84.09,192893.8191,450188.2679,02-336-0107,,237,"['단체 이용 가능', '포장', '배달', '무선 인터넷']",,"['음식이 맛있어요', '혼밥하기 좋아요', '친절해요', '양이 많아요']",[],"[[""갈비만두 8개"", 6000], [""한우국밥"", 11000], [""한우곰탕"", 9000], [""한우국밥(특)"", 14000], [""매운갈비찜(소)"", 20000]]",한식
208,"['https://search.pstatic.net/common/?autoRotate=true&type=w560_sharpen&src=https%3A%2F%2Fldb-phinf.pstatic.net%2F20201106_57%2F1604656840564K6EQy_JPEG%2FcxI3GoTWzzoUhaKYCogKKcoe.jpg', 'https://search.pstatic.net/common/?autoRotate=true&type=w278_sharpen&src=https%3A%2F%2Fldb-phinf.pstatic.net%2F20201104_248%2F1604480782402jIngR_JPEG%2FFXkgIlZ8iAS7eUvZayvtlh-6.jpg', 'https://search.pstatic.net/common/?autoRotate=true&type=w278_sharpen&src=https%3A%2F%2Fldb-phinf.pstatic.net%2F20201104_239%2F1604482039367n1Q0K_PNG%2F46EyO7D7p51OCtMJ7-Qnc3CI.png']","서울특별시 마포구 월드컵북로 49, 1층 (서교동)",마포구이마당 서교직영점,98.0,192633.9888,450702.5337,02-3144-2417,수: 16:00 - 22:30; 목: 16:00 - 22:30; 금: 16:00 - 22:30; 토: 16:00 - 22:30; 일: 16:00 - 22:30; 월: 16:00 - 22:30; 화: 16:00 - 22:30,226,"['예약', '단체 이용 가능', '무선 인터넷', '유아의자']",무료 주차 가능,"['음식이 맛있어요', '고기 질이 좋아요', '친절해요', '양이 많아요']",[],"[[""냉동삼겹(200g)"", 8000], [""우삼겹(200g)"", 10000], [""통삼겹살(200g)"", 12000], [""통목살(200g)"", 14000], [""통막창(200g)"", 12000]]",한식
209,"['https://search.pstatic.net/common/?autoRotate=true&type=w560_sharpen&src=https%3A%2F%2Fldb-phinf.pstatic.net%2F20241210_240%2F1733816899162Vtbbg_JPEG%2FKakaoTalk_20241210_164205810_01.jpg', 'https://search.pstatic.net/common/?autoRotate=true&type=w278_sharpen&src=https%3A%2F%2Fldb-phinf.pstatic.net%2F20220113_102%2F1642062540919ttlRx_JPEG%2FKakaoTalk_20210510_225820082.jpg', 'https://search.pstatic.net/common/?autoRotate=true&type=w278_sharpen&src=https%3A%2F%2Fldb-phinf.pstatic.net%2F20220316_271%2F1647412359463c72VV_JPEG%2FKakaoTalk_20220316_150314365_02.jpg']","서울특별시 마포구 잔다리로 74, 1층 101호 (서교동)",서오릉피자 서교점,77.63,192576.446,450217.6011,02-6460-0016,수: 11:00 - 23:30; 목: 11:00 - 23:30; 금: 11:00 - 23:50; 토: 11:00 - 23:50; 일: 15:00 - 22:30; 월: 11:00 - 23:30; 화: 11:00 - 23:30,330,"['배달', '예약', '포장', '무선 인터넷']",,"['음식이 맛있어요', '재료가 신선해요', '가성비가 좋아요', '친절해요']",[],"[[""한마리 훈제치킨"", 14000], [""갈릭피뇨치즈오븐스파게티"", 9000], [""핫칠리 킹쉬림프 (L)"", 28000], [""서오릉갈비 (L)"", 26000], [""채소 콤비네이션(L)"", 21000], [""12첩 콤비네이션(L)"", 21000], [""왕릉 불고기(L)"", 22000], [""왕릉 고추 불고기(L)"", 23000], [""홍페퍼치노(L)"", 23000], [""치즈왕창(L)"", 21000], [""포테이토(L)"", 21000], [""베이컨 포테이토(L)"", 23000], [""고르곤졸라 씬(L)"", 21000], [""킹쉬림프(L)"", 27000], [""베이컨 치즈오븐 스파게티"", 9000], [""치즈오븐 스파게티"", 8000]]",기타
210,"['https://search.pstatic.net/common/?autoRotate=true&type=w560_sharpen&src=https%3A%2F%2Fldb-phinf.pstatic.net%2F20201203_247%2F1606956664422e6PdG_JPEG%2FIYo7NQ0WiQs1IFvCBHf_KruA.jpg', 'https://search.pstatic.net/common/?autoRotate=true&type=w278_sharpen&src=https%3A%2F%2Fpup-review-phinf.pstatic.net%2FMjAyMzAxMDhfMjAg%2FMDAxNjczMTY4NjYwOTIw.WW8dL72SKaVSZ5TJdXmgKxJl8p_CfuFpwZi1z8P7LMMg.CrLldN5QKQjlxuVihaNDvz7YPELJNhSODCef_kLZiUMg.JPEG%2F20210716_184053_%25281%2529.jpg', 'https://search.pstatic.net/common/?autoRotate=true&type=w278_sharpen&src=https%3A%2F%2Fpup-review-phinf.pstatic.net%2FMjAyNDA2MjFfMTYw%2FMDAxNzE4OTU2MzczNTcx.yHzJxYc6mItpRXtrrqrtas6u0JFElaWzeC075dItff0g.0i9Wp-4v3N2joD0hgQFwzPI5FLdWz24ZPincANt3k8sg.JPEG%2F20240621_122244.jpg.jpg']","서울특별시 마포구 월드컵로 40, 1층 101호 (서교동)",장수멸치국수,64.23,192196.2645,450075.1178,02-6406-9818,수: 11:00 - 21:00; 목: 11:00 - 21:00; 금: 11:00 - 21:00; 토: 11:00 - 15:00; 일: 정기휴무 (매주 일요일); 월: 11:00 - 21:00; 화: 11:00 - 21:00,201,[],,"['음식이 맛있어요', '가성비가 좋아요', '혼밥하기 좋아요', '양이 많아요']",[],"[[""멸치국수"", 7000], [""비빔국수"", 8000], [""냉모밀"", 9000], [""비빔모밀"", 9000], [""열무국수 (계절메뉴)"", 8000], [""콩국수 (계절메뉴)"", 10000], [""떡만두국 (계절메뉴)"", 9000]]",한식
211,"['https://search.pstatic.net/common/?autoRotate=true&type=w560_sharpen&src=https%3A%2F%2Fldb-phinf.pstatic.net%2F20240317_40%2F1710671870413Gov9m_JPEG%2FIMG_9996.jpeg', 'https://search.pstatic.net/common/?autoRotate=true&type=w278_sharpen&src=https%3A%2F%2Fldb-phinf.pstatic.net%2F20240317_277%2F1710671971601iTY07_JPEG%2FIMG_9986.jpeg', 'https://search.pstatic.net/common/?autoRotate=true&type=w278_sharpen&src=https%3A%2F%2Fldb-phinf.pstatic.net%2F20240411_21%2F1712839504827xETqc_JPEG%2FIMG_0047.jpeg']","서울특별시 마포구 양화로6길 99-5, 지하1층 (서교동)",포리포리텐진,58.59,192845.5826,449597.9808,,일: 정기휴무 (매주 일요일); 월: 정기휴무 (매주 월요일); 화: 17:00 - 24:00,167,[],,"['음식이 맛있어요', '가성비가 좋아요', '대화하기 좋아요', '친절해요']",[],"[[""야끼교자"", 5500], [""가라아게"", 7500], [""레몬크림새우"", 7000], [""깐쇼새우"", 7000], [""마보도후"", 8000], [""새우마늘찜"", 9000], [""칠리가지"", 6500], [""치즈 크림 감자"", 6500], [""허니 버터 고구마"", 6500], [""야끼메시"", 6500], [""방방지"", 6500], [""텐진하이볼"", 6000], [""레몬하이볼"", 6000], [""진저하이볼"", 6000], [""산토리하이볼"", 8000]]",일식
212,"['https://search.pstatic.net/common/?autoRotate=true&type=w560_sharpen&src=https%3A%2F%2Fldb-phinf.pstatic.net%2F20150831_140%2F1441016510637VBLEs_JPEG%2F11675084_0.jpg', 'https://search.pstatic.net/common/?autoRotate=true&type=w278_sharpen&src=https%3A%2F%2Fpup-review-phinf.pstatic.net%2FMjAyMzAxMjdfNDYg%2FMDAxNjc0ODI2NTA3ODcw.SzV81-HHLnvKkWmqXz8YyO-zfNVdmfNnaldqJ1ysbkog.hZRD4Yj-QGCwFG01RpMpIb_LjmmnTkbeeuvuJ0c8KIEg.JPEG%2F46553297-A806-49DB-963C-2229B05D2B81.jpeg', 'https://search.pstatic.net/common/?autoRotate=true&type=w278_sharpen&src=https%3A%2F%2Fpup-review-phinf.pstatic.net%2FMjAyMzA2MDdfMzMg%2FMDAxNjg2MTIzMTY1MTQ2.rS7SQlbcT64srrjUQh_2iBpHOD163bOi1wxftupD96Ug.zX1f57HdzBbDsdigOfA8eRQX3bOiLv4ZVG1zipqAkfwg.JPEG%2F20230607_121724.jpg']","서울특별시 마포구 홍익로5길 57, 1층 (서교동)",영빈,140.47,192844.395,450065.3919,02-325-3259,수: 11:00 - 21:00; 목: 11:00 - 21:00; 금: 11:00 - 21:00; 토: 11:00 - 21:00; 일: 정기휴무 (매주 일요일); 월: 11:00 - 21:00; 화: 11:00 - 21:00,175,"['단체 이용 가능', '배달']",,"['음식이 맛있어요', '친절해요', '가성비가 좋아요', '양이 많아요']",[],"[[""짜장면"", 7000], [""짬뽕"", 8000], [""간짜장"", 8000], [""삼선우동"", 10000], [""삼선짜장"", 10000], [""삼선짬뽕"", 10000], [""굴짬뽕"", 10000], [""차돌박이짬뽕"", 10000], [""고추짬뽕"", 10000], [""쟁반짜장"", 18000], [""볶음밥"", 8000], [""짬뽕밥"", 8000], [""잡채밥"", 10000], [""마파두부밥"", 10000], [""삼선볶음밥"", 10000], [""잡탕밥"", 15000], [""유산슬밥"", 15000], [""만두"", 7000], [""물만두"", 7000], [""탕수육(소)"", 15000], [""깐풍기(소)"", 22000]]",중식
213,"['https://search.pstatic.net/common/?autoRotate=true&type=w560_sharpen&src=https%3A%2F%2Fldb-phinf.pstatic.net%2F20230907_238%2F16940512382226eITA_JPEG%2F9EB75033-B610-4C0B-975D-9092C2053F8E.jpeg', 'https://search.pstatic.net/common/?autoRotate=true&type=w278_sharpen&src=https%3A%2F%2Fldb-phinf.pstatic.net%2F20230907_286%2F1694051238433Dtin2_JPEG%2FIMG_4229.jpeg', 'https://search.pstatic.net/common/?autoRotate=true&type=w278_sharpen&src=https%3A%2F%2Fldb-phinf.pstatic.net%2F20230907_235%2F1694051237301hsHcE_JPEG%2FIMG_4226.jpeg']","서울특별시 마포구 어울마당로 112-3, 2층 (서교동)",어리라운지,76.9,193155.7933,450285.6311,0507-1489-3315,,231,"['무선 인터넷', '단체 이용 가능', '예약']",,"['술이 다양해요', '음식이 맛있어요', '인테리어가 멋져요', '친절해요']",[],"[[""칵테일들"", 10000], [""안주"", 8000], [""4잔세트 칵테일"", 27000], [""6잔세트 칵테일"", 42000]]",양식
214,"['https://search.pstatic.net/common/?autoRotate=true&type=w560_sharpen&src=https%3A%2F%2Fldb-phinf.pstatic.net%2F20250210_46%2F1739188990703rSslf_JPEG%2F%25C7%25D1%25C7%25D5_%25BB%25E7%25C1%25F82.jpg', 'https://search.pstatic.net/common/?autoRotate=true&type=w278_sharpen&src=https%3A%2F%2Fnaverbooking-phinf.pstatic.net%2F20241101_229%2F1730453635687IpuW3_JPEG%2Fimage.jpg', 'https://search.pstatic.net/common/?autoRotate=true&type=w278_sharpen&src=https%3A%2F%2Fldb-phinf.pstatic.net%2F20250210_77%2F1739188990767N8M2l_JPEG%2F%25C7%25D1%25C7%25D5-%25BB%25E7%25C1%25F84.jpg']","서울특별시 마포구 동교로 108, 고니빌딩 1층 (서교동)",한합,75.06,192336.5405,450250.6059,0507-1339-2362,수: 18:00 - 01:00; 목: 18:00 - 01:00; 금: 17:30 - 01:00; 토: 17:30 - 01:00; 월: 18:00 - 01:00; 화: 18:00 - 01:00,164,"['콜키지 가능', '생일 혜택', '와인 페어링', '단체 이용 가능', '무선 인터넷', '예약', '노키즈존']",주차 불가,"['음식이 맛있어요', '술이 다양해요', '인테리어가 멋져요', '특별한 메뉴가 있어요']","['바테이블', '1인석', '카운터석', '입식']",[],양식
215,"['https://search.pstatic.net/common/?autoRotate=true&type=w560_sharpen&src=https%3A%2F%2Fldb-phinf.pstatic.net%2F20241204_43%2F1733276152459hsj5M_JPEG%2FKakaoTalk_20241203_170811735_03.jpg', 'https://search.pstatic.net/common/?autoRotate=true&type=w278_sharpen&src=https%3A%2F%2Fldb-phinf.pstatic.net%2F20241204_1%2F17332761822712Um6i_PNG%2F20240426_153056.png', 'https://search.pstatic.net/common/?autoRotate=true&type=w278_sharpen&src=https%3A%2F%2Fldb-phinf.pstatic.net%2F20241204_203%2F173327616791983ajl_PNG%2F7_%25281%2529.png']","서울특별시 마포구 양화로 128, 1층 (서교동)",청기와타운,231.4,192949.572,450232.3091,0507-1340-8145,수: 11:30 - 22:00; 목: 11:30 - 22:00; 금: 11:30 - 22:00; 토: 11:30 - 22:00; 일: 11:30 - 22:00; 월: 11:30 - 22:00; 화: 11:30 - 22:00,795,"['콜키지 가능', '콜키지 가능', '생일 혜택', '단체 이용 가능', '포장', '예약', '무선 인터넷', '유아의자', '장애인 휠체어 이용가능']",주차 불가,"['음식이 맛있어요', '고기 질이 좋아요', '친절해요', '매장이 넓어요']","['룸', '좌식', '연인석']","[[""수원왕갈비"", 29000], [""LA양념갈비"", 26000], [""육회"", 28000], [""무생채볶음밥"", 12000], [""돼지갈비"", 22000], [""돼지갈비정식"", 22000], [""타우너스 갈비"", 24000], [""빗살로스"", 28000], [""안창살"", 24000], [""수원양념갈비"", 26000], [""양념게장"", 9000], [""LA순두부찌개"", 8000], [""토장찌개"", 8000], [""육회비빔밥"", 12000], [""양곰탕"", 12000], [""우설"", 34000], [""생갈비"", 36000]]",일식
216,"['https://search.pstatic.net/common/?autoRotate=true&type=w560_sharpen&src=https%3A%2F%2Fldb-phinf.pstatic.net%2F20230920_13%2F1695161177821Q6EC8_JPEG%2FIMG_9199.jpeg', 'https://search.pstatic.net/common/?autoRotate=true&type=w278_sharpen&src=https%3A%2F%2Fldb-phinf.pstatic.net%2F20230920_125%2F1695161065782XV1qG_JPEG%2FIMG_9205.jpeg', 'https://search.pstatic.net/common/?autoRotate=true&type=w278_sharpen&src=https%3A%2F%2Fldb-phinf.pstatic.net%2F20230920_111%2F1695168622141M11Cr_JPEG%2FIMG_9235.jpeg']","서울특별시 마포구 잔다리로 109, 이지스빌딩 1층 (서교동)",몽그로페페,93.88,192339.6726,450490.8075,0507-1337-6750,수: 11:30 - 22:00; 목: 11:30 - 22:00; 금: 11:30 - 22:00; 토: 11:00 - 22:00; 일: 정기휴무 (매주 일요일); 월: 정기휴무 (매주 월요일); 화: 11:30 - 22:00,33,"['와인 페어링', '콜키지 가능', '단체 이용 가능', '무선 인터넷', '포장', '예약']",주차 불가,"['음식이 맛있어요', '친절해요', '재료가 신선해요', '특별한 메뉴가 있어요']",[],"[[""비프 부르기뇽"", 25000], [""비프 스테이크"", 35000], [""아쉬 파르망티에"", 18000]]",양식
217,"['https://search.pstatic.net/common/?autoRotate=true&type=w560_sharpen&src=https%3A%2F%2Fpup-review-phinf.pstatic.net%2FMjAyMzA1MDZfMTk1%2FMDAxNjgzMzQ2Mzk5MzUx.BbUmF4LQdV1zv7KRvsuCcJPT2MzKWDYArtjfBdXX5rkg.5Xw05ZiREWoEpdGO2fAAoq5N5gxVLJE0nOTQvfIu0e4g.JPEG%2FIMG_7652.jpeg', 'https://search.pstatic.net/common/?autoRotate=true&type=w278_sharpen&src=https%3A%2F%2Fpup-review-phinf.pstatic.net%2FMjAyMzA1MTlfMjM3%2FMDAxNjg0NDk4NTEzNzgy.uoca2wfBGS8RFamOkL649Sj1LbklziKHEvxOCFzbMNwg.H-uUmdtyvIciSOOBDmbhFbbKzo6INQf5VEkRXHTEeOMg.JPEG%2F20230519_121304.jpg', 'https://search.pstatic.net/common/?autoRotate=true&type=w278_sharpen&src=https%3A%2F%2Fpup-review-phinf.pstatic.net%2FMjAyMzA0MDlfMjI4%2FMDAxNjgxMDM4ODMzMjkx.R1ZzxlyH67Dxl3x3XHJvWHsaYrMJunGG4OsXrG-vgqIg._j6jRMEy_wsx-7ezr_EJQ7lCTFMSeTvnqiJOE6qhGfEg.JPEG%2FAECF0F45-C749-48A4-A5C3-472E4E181046.jpeg']","서울특별시 마포구 잔다리로 83 (서교동, 1층)",서교가든숯불갈비,95.0,192480.317,450273.3657,0507-1393-8310,수: 11:30 - 22:00; 목: 11:30 - 22:00; 금: 11:30 - 22:00; 토: 13:00 - 22:00; 일: 13:00 - 22:00; 월: 11:30 - 22:00; 화: 11:30 - 22:00,132,[],,"['음식이 맛있어요', '친절해요', '재료가 신선해요', '가성비가 좋아요']",[],"[[""돼지갈비 (200g)"", 15000], [""한우 특등심(150g)"", 49000], [""생삼겹 (180g)"", 15000], [""생목살 (180g)"", 15000], [""생갈매기살 (180g)"", 15000], [""껍데기 (150g)"", 8000], [""육회(150g)"", 29000]]",한식
218,"['https://search.pstatic.net/common/?autoRotate=true&type=w560_sharpen&src=https%3A%2F%2Fldb-phinf.pstatic.net%2F20180111_242%2F1515659244307RpzId_JPEG%2FvfTURSgB_mnVHx4YjjSnv6PY.jpg', 'https://search.pstatic.net/common/?autoRotate=true&type=w278_sharpen&src=https%3A%2F%2Fpup-review-phinf.pstatic.net%2FMjAyMzA0MDJfNjIg%2FMDAxNjgwMzY0MTE5MDk2.rH1MosMBdfC7qTKVLkW9J0QJJ4QJlB8DnKnf_2QwjBMg.JHy9vJk5NV-l6xGtmu06Nve-6_EFtZY2xpeGo7LsMJUg.JPEG%2F7BF0CAD4-9ED4-4A3D-BDED-4A636A66485C.jpeg', 'https://search.pstatic.net/common/?autoRotate=true&type=w278_sharpen&src=https%3A%2F%2Fpup-review-phinf.pstatic.net%2FMjAyMzA0MTNfMTM4%2FMDAxNjgxMzQ1MzgyMzIy.7mlAy_p2Eyat5Gdk3fsz8xNFB9TcD0h2njEHBRLvEB0g.c784r54GF2SK8mUBuK3_jZ0UbBfM_bfdXYby8CCDuMUg.JPEG%2F1681345282029.jpg']","서울특별시 마포구 양화로8길 32-15, 1층 (서교동)",무니,25.0,192483.3951,449680.3628,,수: 17:00 - 01:00; 목: 17:00 - 01:00; 금: 17:00 - 01:00; 토: 16:00 - 01:00; 일: 정기휴무 (매주 일요일); 월: 17:00 - 01:00; 화: 17:00 - 01:00,67,"['예약', '무선 인터넷']",,"['음식이 맛있어요', '특별한 메뉴가 있어요', '친절해요', '대화하기 좋아요']",[],"[[""참치회"", 52000], [""우니+사시미"", 45000], [""숙성모듬회"", 38000], [""칠리새우"", 19000], [""안키모"", 10000]]",일식
219,"['https://search.pstatic.net/common/?autoRotate=true&type=w560_sharpen&src=https%3A%2F%2Fldb-phinf.pstatic.net%2F20240829_130%2F1724892269105W61R3_PNG%2F%25BF%25AC%25BE%25EE%25B9%25E4%25BB%25F3_%25C4%25C1%25BC%25C1.png', 'https://search.pstatic.net/common/?autoRotate=true&type=w278_sharpen&src=https%3A%2F%2Fldb-phinf.pstatic.net%2F20240829_163%2F17248922641206OxMF_PNG%2F%25BF%25AC%25BE%25EE_%25C4%25C1%25BC%25C1.png', 'https://search.pstatic.net/common/?autoRotate=true&type=w278_sharpen&src=https%3A%2F%2Fldb-phinf.pstatic.net%2F20240829_295%2F1724892260514RHW6J_PNG%2F%25BB%25F5%25BF%25EC%25C6%25A2%25B1%25E8_%25BA%25D7%25C4%25AB%25B0%25D4_%25BF%25EC%25B5%25BF_%25C4%25C1%25BC%25C1.png']","서울특별시 마포구 잔다리로2길 13, 지1층,1층,2층,3층 (서교동)",토끼정,457.56,193003.6396,449813.5333,02-333-0638,수: 11:30 - 22:00; 목: 11:30 - 22:00; 금: 11:30 - 22:00; 토: 11:30 - 22:00; 일: 11:30 - 22:00; 월: 11:30 - 22:00; 화: 11:30 - 22:00,945,['예약'],주차 불가,"['음식이 맛있어요', '친절해요', '양이 많아요', '특별한 메뉴가 있어요']",[],"[[""쿠시카츠 정식"", null], [""날치알 토끼밥"", null], [""산더미 양배추 샐러드"", null], [""명란 크림 파스타"", null], [""프레시 바질 파스타"", null], [""일본풍 토마토 파스타"", null], [""큐브 스테이크 카레"", null], [""토끼정 크림 카레 우동"", null], [""카레우동"", null], [""스테이크 덮밥"", null], [""반반 덮밥"", null], [""갈비맛 삼겹 덮밥"", null], [""매콤한 고기 덮밥"", null], [""오꼬노미-야끼 파스타"", null], [""치즈 카츠 정식"", null], [""프리미엄 카츠 정식"", null], [""철판 큐브 스테이크 정식"", null], [""촌두부 크림치즈와 빵과 크래커"", null], [""간장닭튀김"", null], [""함밤 스테-끼 밥"", null]]",한식
220,"['https://search.pstatic.net/common/?autoRotate=true&type=w560_sharpen&src=https%3A%2F%2Fldb-phinf.pstatic.net%2F20240307_162%2F17097863859643GL6J_JPEG%2FKakaoTalk_20240307_133445941.jpg', 'https://search.pstatic.net/common/?autoRotate=true&type=w278_sharpen&src=https%3A%2F%2Fldb-phinf.pstatic.net%2F20240307_245%2F1709786385946E8B9y_JPEG%2FKakaoTalk_20240307_133445941_01.jpg', 'https://search.pstatic.net/common/?autoRotate=true&type=w278_sharpen&src=https%3A%2F%2Fldb-phinf.pstatic.net%2F20240307_60%2F1709786385934RQNrU_JPEG%2FKakaoTalk_20240307_133445941_13.jpg']","서울특별시 마포구 와우산로32길 13, 1층 (서교동)",최고집,65.04,193823.8492,450285.3453,0507-1402-0532,수: 16:00 - 01:00; 목: 16:00 - 01:00; 금: 16:00 - 01:00; 토: 16:00 - 01:00; 일: 16:00 - 01:00; 월: 16:00 - 01:00; 화: 16:00 - 01:00,409,[],,"['음식이 맛있어요', '고기 질이 좋아요', '친절해요', '양이 많아요']",[],"[[""냉동삼겹살"", 12000], [""돼지껍데기"", 10000], [""고추장찌개"", 7000], [""짜파게티"", 5000], [""비빔면"", 5000], [""계란찜"", 4000], [""볶음밥"", 4000], [""공기밥"", 1000]]",양식
221,"['https://search.pstatic.net/common/?autoRotate=true&type=w560_sharpen&src=https%3A%2F%2Fldb-phinf.pstatic.net%2F20200605_105%2F1591347165390Dfmxm_JPEG%2F4JZwosBNmbzzRM2Z9-AsLoeN.jpg', 'https://search.pstatic.net/common/?autoRotate=true&type=w278_sharpen&src=https%3A%2F%2Fpup-review-phinf.pstatic.net%2FMjAyMzA3MTNfOTEg%2FMDAxNjg5MjQ0MDczOTc2.NZ6tKK0PvbVkJfScs5em_Co6QAQrb2VOku-8s7DwnJYg.mPX9eKm3O00fs3HU7TAgvngwbYW6TA1NNbUf5GBl3P0g.JPEG%2FIMG_3450.jpeg', 'https://search.pstatic.net/common/?autoRotate=true&type=w278_sharpen&src=https%3A%2F%2Fpup-review-phinf.pstatic.net%2FMjAyMzA2MDZfMjQ2%2FMDAxNjg1OTc5MDg0MTEw.lwvSZkF5i9CGAEWeTVSak4BKZTCV7BqoNGEvZa4Eee0g.uXXzf_JJ00DxqY_TnM7mLMy8GaXoxS7AIOnfg2Luh6og.JPEG%2FEDA8A8FA-6998-4669-8777-354A75B172B6.jpeg']","서울특별시 마포구 동교로 125 (서교동, 1층일부)",달빛소굴,46.0,192508.7966,450322.7345,02-336-8988,수: 17:00 - 03:00; 목: 17:00 - 03:00; 금: 17:00 - 03:00; 토: 17:00 - 03:00; 일: 정기휴무 (매주 일요일); 월: 17:00 - 03:00; 화: 17:00 - 03:00,59,[],,"['음식이 맛있어요', '친절해요', '가성비가 좋아요', '단체모임 하기 좋아요']",[],"[[""프라이드 치킨"", 23000], [""닭껍질 튀김"", 15000], [""닭똥집튀김"", 15000], [""케이준 샐러드"", 18000], [""모듬소세지"", 19000], [""멘보샤 or 감자튀김"", 17000], [""골뱅이소면"", 20000], [""감자튀김"", 15000], [""과일"", 28000], [""화채"", 25000], [""먹태"", 18000], [""육포"", 20000], [""문어 or 노가리"", 18000], [""가오리 날개"", 18000], [""훈제족발"", 23000], [""훈제 오리무침"", 25000], [""알탕"", 18000], [""번데기탕"", 13000], [""해물누룽지탕"", 20000], [""어묵탕"", 15000], [""나가사키짬뽕"", 18000], ["""", null]]",양식
222,"['https://search.pstatic.net/common/?autoRotate=true&type=w560_sharpen&src=https%3A%2F%2Fldb-phinf.pstatic.net%2F20250115_149%2F1736916703365U8rUQ_JPEG%2FKakaoTalk_20250104_220638741_07.jpg', 'https://search.pstatic.net/common/?autoRotate=true&type=w278_sharpen&src=https%3A%2F%2Fldb-phinf.pstatic.net%2F20250115_206%2F17369167031596qmV8_JPEG%2FKakaoTalk_20250114_105542882.jpg', 'https://search.pstatic.net/common/?autoRotate=true&type=w278_sharpen&src=https%3A%2F%2Fldb-phinf.pstatic.net%2F20250115_145%2F17369167032267hAkQ_JPEG%2FKakaoTalk_20250114_105542882_01.jpg']","서울특별시 마포구 독막로7길 57, 1,2층 (서교동)",허밍벨라,203.01,192856.2174,449788.1427,0507-1478-7050,수: 11:00 - 22:00; 목: 11:00 - 22:00; 금: 11:00 - 23:00; 토: 11:00 - 23:00; 일: 11:00 - 22:00; 월: 11:00 - 22:00; 화: 11:00 - 22:00,454,['테이크아웃 할인'],무료 주차 가능,"['디저트가 맛있어요', '커피가 맛있어요', '인테리어가 멋져요', '음료가 맛있어요']","['테라스', '좌식', '연인석', '바테이블']","[[""피스타치오 크림라떼"", 6500], [""티(TEA)"", 6000], [""에이드(ADE)"", 6500], [""아메리카노"", 5000], [""카페라떼"", 6000], [""바닐라라떼"", 6500], [""카푸치노"", 6000], [""아이스크림 라떼"", 7000], [""더치커피"", 6000], [""바나나 라떼"", 6500], [""복숭아 아이스티"", 5500], [""로얄 밀크티"", 6500], [""초코라떼"", 6000], [""딸기라떼(ICE)"", 7000], [""우유 팥빙수"", 10000], [""망고 우유빙수"", 11000], [""딸기청 우유빙수"", 12000]]",양식
223,"['https://search.pstatic.net/common/?autoRotate=true&type=w560_sharpen&src=https%3A%2F%2Fldb-phinf.pstatic.net%2F20180119_49%2F1516355582852vCBTI_JPEG%2FXRKk05WT4kJvoJ5acANf5NKS.jpg', 'https://search.pstatic.net/common/?autoRotate=true&type=w278_sharpen&src=https%3A%2F%2Fldb-phinf.pstatic.net%2F20211229_130%2F1640777968136vfQdG_JPEG%2F1621234431333.jpg', 'https://search.pstatic.net/common/?autoRotate=true&type=w278_sharpen&src=https%3A%2F%2Fldb-phinf.pstatic.net%2F20211229_233%2F1640771939432Wm2Ug_JPEG%2Fimage.jpg']","서울특별시 마포구 와우산로29길 48-6 (서교동, 지1층일부)",탐탐오향족발,64.44,193543.8492,450406.4304,02-392-3989,수: 14:30 - 23:30; 목: 14:30 - 23:30; 금: 14:30 - 23:30; 토: 14:30 - 23:30; 일: 14:30 - 23:30; 월: 14:30 - 23:30; 화: 정기휴무 (매주 화요일),256,"['예약', '단체 이용 가능', '포장', '배달', '무선 인터넷']",주차 가능,"['음식이 맛있어요', '친절해요', '고기 질이 좋아요', '양이 많아요']",[],"[[""오향족발(뒷다리)"", 39000], [""오향족발(앞다리)"", 44000], [""오향족발(특대(앞다리))"", 57000], [""마늘족발(뒷다리)"", 42000], [""마늘족발(앞다리)"", 46000], [""마늘족발(특대(앞다리))"", 59000], [""양념족발(뒷다리)"", 42000], [""양념족발(앞다리)"", 46000], [""냉채족발(앞다리(중))"", 42000], [""냉채족발(앞다리(대))"", 46000], [""냉채족발(특대(앞다리))"", 59000], [""오향반마늘반(뒷다리)"", 42000], [""오향반마늘반(앞다리)"", 46000], [""오향반마늘반(특대(앞다리))"", 59000], [""오향반양념반(뒷다리)"", 42000], [""오향반양념반(앞다리)"", 46000], [""오향반양념반(특대(앞다리))"", 59000], [""마늘반양념반(뒷다리)"", 44000], [""마늘반양념반(앞다리)"", 48000], [""마늘반양념반(특대(앞다리))"", 60000]]",한식
224,"['https://search.pstatic.net/common/?autoRotate=true&type=w560_sharpen&src=https%3A%2F%2Fldb-phinf.pstatic.net%2F20200315_229%2F1584224320770KeVfH_JPEG%2F6v6T8QPi2g3dPdZMiOMzQZIJ.jpeg.jpg', 'https://search.pstatic.net/common/?autoRotate=true&type=w278_sharpen&src=https%3A%2F%2Fpup-review-phinf.pstatic.net%2FMjAyMzAzMjNfMzQg%2FMDAxNjc5NTQ3ODI3NjM4._5KBR5QcjYtnf0h9WrrN-m_3E8Fj4OC6QayQizzGKvsg.9B3NvF9HQIwYz_PTV5-7vgto0I91G6G19jF-GTcXr7Yg.JPEG%2FD0804C72-D4CC-47A7-83A8-0DDABF09D5DC.jpeg', 'https://search.pstatic.net/common/?autoRotate=true&type=w278_sharpen&src=https%3A%2F%2Fpup-review-phinf.pstatic.net%2FMjAyMjA4MDFfMTA5%2FMDAxNjU5MzQwOTI3NDQy.hEPRJyoPPcEnrmd87seCFVfukbSgQVwny8Nogt3kQ7Ig.KmR_aaIn0Nm0DrPFyL7jsETuawlQ6m-BSFi7Nv2Tp2Eg.JPEG%2Fupload_99d653b213fb3aa5528f4849761859d0.jpg']","서울특별시 마포구 와우산로21길 36-4 (서교동, 1층일부)",천사곱창,39.0,193038.609,450034.0331,02-337-9297,,186,['포장'],,"['음식이 맛있어요', '친절해요', '가성비가 좋아요', '양이 많아요']",[],"[[""모듬 (220g)"", 17900], [""소곱창 (200g)"", 16900], [""소막창 (200g)"", 16900], [""소대창 (200g)"", 16900], [""천사국수"", 3500]]",한식
225,"['https://search.pstatic.net/common/?autoRotate=true&type=w560_sharpen&src=https%3A%2F%2Fldb-phinf.pstatic.net%2F20170216_252%2F1487224198198MvES3_JPEG%2F186165577741665_0.jpeg', 'https://search.pstatic.net/common/?autoRotate=true&type=w278_sharpen&src=https%3A%2F%2Fldb-phinf.pstatic.net%2F20170216_251%2F1487224198242SkI9e_JPEG%2F186165577741665_1.jpeg', 'https://search.pstatic.net/common/?autoRotate=true&type=w278_sharpen&src=https%3A%2F%2Fldb-phinf.pstatic.net%2F20170216_28%2F1487224198309Gl4kI_JPEG%2F186165577741665_2.jpeg']","서울특별시 마포구 독막로5길 23 (서교동, 1층)",빼레,123.06,192705.1637,449650.8839,02-3144-1015,수: 18:00 - 02:00; 목: 18:00 - 02:00; 금: 18:00 - 02:00; 토: 18:00 - 02:00; 일: 정기휴무 (매주 일요일); 월: 18:00 - 02:00; 화: 18:00 - 02:00,75,"['콜키지 가능', '예약', '단체 이용 가능', '포장', '무선 인터넷', '장애인 휠체어 이용가능', '장애인 휠체어 이용가능']",주차 불가,"['음식이 맛있어요', '특별한 메뉴가 있어요', '친절해요', '대화하기 좋아요']","['단체석', '좌식', '바테이블']","[[""바지락술밥"", 28000], [""흑임자가라아게"", 25000], [""매콤바지락스튜"", 28000], [""갈릭 새우버터구이"", 28000], [""빼레 안주세트"", 85000]]",일식
226,"['https://search.pstatic.net/common/?autoRotate=true&type=w560_sharpen&src=https%3A%2F%2Fldb-phinf.pstatic.net%2F20210502_294%2F1619956456254CwIzg_JPEG%2FX16H7yA6c8FIq11jTC3bgjLe.jpg', 'https://search.pstatic.net/common/?autoRotate=true&type=w278_sharpen&src=https%3A%2F%2Fldb-phinf.pstatic.net%2F20210502_116%2F1619956464514G4507_JPEG%2FDYXr7dQwxgZ4I8I48PdXJ5mC.jpg', 'https://search.pstatic.net/common/?autoRotate=true&type=w278_sharpen&src=https%3A%2F%2Fldb-phinf.pstatic.net%2F20210502_106%2F1619956476206m80oe_JPEG%2FHWnsJ5YGW_HVPVHTxZegTR_Y.jpg']","서울특별시 마포구 와우산로29바길 20, 1층 (서교동)",누바,66.36,193365.4714,450367.6018,,수: 18:10 - 01:00; 목: 18:10 - 01:00; 금: 17:10 - 02:00; 토: 13:10 - 02:00; 일: 13:10 - 24:00; 월: 18:10 - 01:00; 화: 18:10 - 01:00,41,"['무선 인터넷', '예약']",,"['술이 다양해요', '음식이 맛있어요', '인테리어가 멋져요', '친절해요']",[],"[[""클로버 진 칵테일"", 15000], [""꼬냑 하이볼"", 15000], [""꼬냑 위트 칵테일"", 15000], [""에스프레소"", 3000], [""아메리카노"", 5000], [""아포가토"", 8000], [""카페 코레토"", 8000]]",양식
227,"['https://search.pstatic.net/common/?autoRotate=true&type=w560_sharpen&src=https%3A%2F%2Fldb-phinf.pstatic.net%2F20210323_12%2F1616487347174CT6LN_JPEG%2FODlOpOnGuSPDGtD-08D_t-X9.jpeg.jpg', 'https://search.pstatic.net/common/?autoRotate=true&type=w278_sharpen&src=https%3A%2F%2Fldb-phinf.pstatic.net%2F20210323_184%2F1616487364310B6pEU_JPEG%2FndPBJT3GQRbUES6u9oMf2t5Z.jpeg.jpg', 'https://search.pstatic.net/common/?autoRotate=true&type=w278_sharpen&src=https%3A%2F%2Fldb-phinf.pstatic.net%2F20210323_87%2F1616487375108XdgBf_JPEG%2FikAe2trlwzwK7aVX0UpXZFmX.jpeg.jpg']","서울특별시 마포구 와우산로29바길 6 (서교동, 지하1층)",키즈나,45.0,193409.4737,450431.772,0507-1432-6676,수: 17:00 - 02:00; 목: 17:00 - 02:00; 금: 17:00 - 02:00; 토: 17:00 - 02:00; 일: 17:00 - 02:00; 월: 정기휴무 (매주 월요일); 화: 17:00 - 02:00,231,"['예약', '단체 이용 가능']",,"['음식이 맛있어요', '대화하기 좋아요', '기본 안주가 좋아요', '인테리어가 멋져요']",[],"[[""모듬꼬치구이 (10종)"", 29000], [""명란삼겹비빔멘"", 16000], [""나가사키짬뽕"", 19000], [""간사이오뎅"", 18000], [""소고기타다끼(살치살)"", 25000], [""명란계란말이"", 15000], [""메로구이"", 25000], [""모듬가라아게"", 23000], [""토리가라아게"", 16000], [""닭껍질튀김"", 12000], [""생연어사시미 (중)"", 29000], [""생연어사시미 (소)"", 15000]]",일식
228,"['https://search.pstatic.net/common/?autoRotate=true&type=w560_sharpen&src=https%3A%2F%2Fldb-phinf.pstatic.net%2F20161129_248%2F1480376568913oIjrQ_JPEG%2F177079487266188_0.jpeg', 'https://search.pstatic.net/common/?autoRotate=true&type=w278_sharpen&src=https%3A%2F%2Fldb-phinf.pstatic.net%2F20161119_207%2F1479546724153JPjeT_JPEG%2F177069584223270_3.jpeg', 'https://search.pstatic.net/common/?autoRotate=true&type=w278_sharpen&src=https%3A%2F%2Fldb-phinf.pstatic.net%2F20161119_75%2F1479546724072Rg2fV_JPEG%2F177069584223270_2.jpeg']","서울특별시 마포구 독막로9길 43, 3층 (서교동)",옥탑방 부엉이,89.38,192904.9434,449767.6819,02-332-6603,수: 18:00 - 01:00; 목: 18:00 - 01:00; 금: 18:00 - 01:00; 토: 18:00 - 01:00; 일: 18:00 - 01:00; 월: 정기휴무 (매주 월요일); 화: 18:00 - 01:00,36,"['예약', '단체 이용 가능', '포장', '무선 인터넷']",,"['음악이 좋아요', '음식이 맛있어요', '친절해요', '인테리어가 멋져요']",[],"[[""메뉴1"", null], [""메뉴2"", null], [""메뉴3"", null], [""애플 바베큐 보쌈 - 대 28,00원 / 소 19,000원"", null], [""갈비찜 떡볶이 - 대 28,000원 / 소 19,000원"", null], [""배싸메 육회 무쳐 - 25,000원"", null], [""바삭 누룽지 닭강정 -16,000원"", null], [""레몬 간장 치킨 - 16,000원"", null], [""슈림프 앤 칩스 -16,000원"", null], [""골뱅이와 오색 야채 물회 - 15,000원"", null], [""가지 스테이크 - 15,000원"", null], [""버섯과 그라나파다노 치즈 샐러드 - 15,000원"", null], [""방울방울 토마토-모짜렐라 샐러드 - 13,000원"", null], [""냉수육과 중화풍 살사 소르 - 13,000원"", null], [""새우부추전 - 13,000원"", null], [""치즈와 곶감정과 - 15,000원"", null], [""마른안주 플레이트 - 13,000원"", null], [""흑미계란밥 - 3,000원"", null], [""돼지통살 김치 전골 - 17,000원"", null], [""조개 듬뿍 클램차우더 - 13,000원"", null]]",한식
229,"['https://search.pstatic.net/common/?autoRotate=true&type=w560_sharpen&src=https%3A%2F%2Fldb-phinf.pstatic.net%2F20180119_49%2F1516355582852vCBTI_JPEG%2FXRKk05WT4kJvoJ5acANf5NKS.jpg', 'https://search.pstatic.net/common/?autoRotate=true&type=w278_sharpen&src=https%3A%2F%2Fldb-phinf.pstatic.net%2F20211229_130%2F1640777968136vfQdG_JPEG%2F1621234431333.jpg', 'https://search.pstatic.net/common/?autoRotate=true&type=w278_sharpen&src=https%3A%2F%2Fldb-phinf.pstatic.net%2F20211229_233%2F1640771939432Wm2Ug_JPEG%2Fimage.jpg']","서울특별시 마포구 와우산로29길 48-6, 1층 (서교동)",탐탐오향족발2,91.44,193543.8492,450406.4304,02-392-3989,수: 14:30 - 23:30; 목: 14:30 - 23:30; 금: 14:30 - 23:30; 토: 14:30 - 23:30; 일: 14:30 - 23:30; 월: 14:30 - 23:30; 화: 정기휴무 (매주 화요일),256,"['예약', '단체 이용 가능', '포장', '배달', '무선 인터넷']",주차 가능,"['음식이 맛있어요', '친절해요', '고기 질이 좋아요', '양이 많아요']",[],"[[""오향족발(뒷다리)"", 39000], [""오향족발(앞다리)"", 44000], [""오향족발(특대(앞다리))"", 57000], [""마늘족발(뒷다리)"", 42000], [""마늘족발(앞다리)"", 46000], [""마늘족발(특대(앞다리))"", 59000], [""양념족발(뒷다리)"", 42000], [""양념족발(앞다리)"", 46000], [""냉채족발(앞다리(중))"", 42000], [""냉채족발(앞다리(대))"", 46000], [""냉채족발(특대(앞다리))"", 59000], [""오향반마늘반(뒷다리)"", 42000], [""오향반마늘반(앞다리)"", 46000], [""오향반마늘반(특대(앞다리))"", 59000], [""오향반양념반(뒷다리)"", 42000], [""오향반양념반(앞다리)"", 46000], [""오향반양념반(특대(앞다리))"", 59000], [""마늘반양념반(뒷다리)"", 44000], [""마늘반양념반(앞다리)"", 48000], [""마늘반양념반(특대(앞다리))"", 60000]]",한식
230,"['https://search.pstatic.net/common/?autoRotate=true&type=w560_sharpen&src=https%3A%2F%2Fldb-phinf.pstatic.net%2F20240929_293%2F17276081514621DxSS_JPEG%2F%25B9%25AB%25BC%25E8%25B1%25E8%25C4%25A1%25BB%25EF%25B0%25E32.jpeg', 'https://search.pstatic.net/common/?autoRotate=true&type=w278_sharpen&src=https%3A%2F%2Fldb-phinf.pstatic.net%2F20240929_207%2F1727608122390FoXSQ_JPEG%2FIMG_7541.jpeg', 'https://search.pstatic.net/common/?autoRotate=true&type=w278_sharpen&src=https%3A%2F%2Fldb-phinf.pstatic.net%2F20240929_280%2F1727608115214hBFWv_JPEG%2FIMG_6900.jpeg']","서울특별시 마포구 와우산로21길 20-5 (서교동, 1층일부)",무쇠김치삼겹,149.12,193097.9719,450044.7958,02-332-2290,,503,"['단체 이용 가능', '무선 인터넷', '대기공간']",주차 불가,"['음식이 맛있어요', '매장이 넓어요', '친절해요', '고기 질이 좋아요']",[],"[[""무쇠김치삼겹(130g)"", 12500], [""김치전골한판"", 5000], [""김치전골 고기추가"", 5000], [""생칼국수사리"", 3000], [""두부추가"", 2000], [""미나리김치삼겹"", 14000]]",한식
231,"['https://search.pstatic.net/common/?autoRotate=true&type=w278_sharpen&src=https%3A%2F%2Fnaverbooking-phinf.pstatic.net%2F20250106_250%2F1736098342520e7Wvr_JPEG%2Fimage.jpg', 'https://search.pstatic.net/common/?autoRotate=true&type=w278_sharpen&src=https%3A%2F%2Fnaverbooking-phinf.pstatic.net%2F20240408_174%2F17125866988586tQ6E_JPEG%2Fimage.jpg', 'https://search.pstatic.net/common/?autoRotate=true&type=w278_sharpen&src=https%3A%2F%2Fnaverbooking-phinf.pstatic.net%2F20240408_89%2F1712586946490A6zg7_JPEG%2Fimage.jpg']","서울특별시 마포구 와우산로29길 14-19 (서교동, 지하1층)",아씨시,31.17,193639.3233,450342.3871,0507-1399-1526,수: 11:30 - 22:00; 목: 11:30 - 22:00; 금: 11:30 - 22:00; 토: 11:30 - 22:00; 일: 11:30 - 22:00; 월: 11:30 - 22:00; 화: 정기휴무 (매주 화요일),595,"['콜키지 가능', '콜키지 가능', '와인 페어링', '무선 인터넷', '예약', '단체 이용 가능']",주차 불가,"['음식이 맛있어요', '친절해요', '인테리어가 멋져요', '재료가 신선해요']",[],"[[""알리오올리오"", 11000], [""뽀모도로파스타"", 12000], [""크림까르보나라"", 13000], [""아마트리치아나"", 16000], [""이베리코플루마스테이크"", 33000], [""새우루꼴라오일파스타"", 15000], [""트러플크림뇨끼"", 17000], [""봉골레오일파스타"", 16000], [""카프레제"", 9000], [""고르곤졸라피자"", 17000], [""마르게리따"", 17000], [""페퍼로니피자"", 17000], [""먹물치즈아란치니"", 5000], [""라구파스타"", 17000], [""새우관자오일파스타"", 17000], [""바질페스토콜드파스타"", 19000], [""이천쌀 통오징어 먹물리조또"", 19000]]",양식
232,"['https://search.pstatic.net/common/?autoRotate=true&type=w560_sharpen&src=https%3A%2F%2Fpup-review-phinf.pstatic.net%2FMjAyMzEwMTZfMjk4%2FMDAxNjk3NDQyNTc4NTg2.Fju1m2B2j_RYeGkQgj20LLmo5JsrzV2WldmBFTZnkQ8g.wm-DvcbFAyMo2Njkq8A3IiqqMtr3ozk9XnzHNs9WeCsg.JPEG%2Fupload_53d09cb2b8d2446a46df4be67372d603.jpeg', 'https://search.pstatic.net/common/?autoRotate=true&type=w278_sharpen&src=https%3A%2F%2Fpup-review-phinf.pstatic.net%2FMjAyMjExMTZfMzYg%2FMDAxNjY4NjA3NzgyOTQy.PRTC8khXYY4heuFhaDUmxMXLR-Z8DdgFU3b9FRK4_QEg.0_JG4MR8Tkwb5JpkWrZdgipCe8EgH_SxE7UBrmiQL2gg.JPEG%2FBAC9666E-B8D8-4A70-AF8C-62D5D0452FD2.jpeg', 'https://search.pstatic.net/common/?autoRotate=true&type=w278_sharpen&src=https%3A%2F%2Fpup-review-phinf.pstatic.net%2FMjAyMzA0MTVfMTQ2%2FMDAxNjgxNTMxNjQwMjU4.xZwRPqjA4HXgEX7ZXwYQJWT_xeUyAX02onCXboqhapgg.MAPC1YZqcPJ_2d2dFf1LWYJksvKqT9Tz_ODjOegDED0g.JPEG%2F20230414_142902.jpg']","서울특별시 마포구 어울마당로 51-1 (서교동, B1층)",섬마을,78.03,192928.7222,449730.2253,02-332-5518,수: 11:30 - 23:00; 목: 11:30 - 23:00; 금: 11:30 - 23:00; 토: 11:30 - 23:00; 일: 11:30 - 23:00; 월: 11:30 - 23:00; 화: 11:30 - 23:00,105,"['포장', '무선 인터넷']",,"['음식이 맛있어요', '재료가 신선해요', '양이 많아요', '가성비가 좋아요']",[],"[[""섬마을초밥"", 13000], [""모듬초밥"", 20000], [""특모듬초밥"", 24000], [""생연어초밥"", 25000], [""냉모밀"", 9000], [""새우튀김우동"", 9000], [""매운치즈돈카츠"", 16000], [""모듬 회덮밥"", 13000], [""연어회덮밥"", 15000], [""연어롤"", 15000], [""활어초밥"", 30000]]",일식
233,"['https://search.pstatic.net/common/?autoRotate=true&type=w560_sharpen&src=https%3A%2F%2Fldb-phinf.pstatic.net%2F20240715_138%2F1721042428126hXJQK_JPEG%2FKakaoTalk_20240715_183423958_15.jpg', 'https://search.pstatic.net/common/?autoRotate=true&type=w278_sharpen&src=https%3A%2F%2Fldb-phinf.pstatic.net%2F20240715_92%2F1721042428152wFULO_JPEG%2FKakaoTalk_20240715_183423958_14.jpg', 'https://search.pstatic.net/common/?autoRotate=true&type=w278_sharpen&src=https%3A%2F%2Fldb-phinf.pstatic.net%2F20240715_150%2F1721042428101EJ5LG_JPEG%2FKakaoTalk_20240715_183423958.jpg']","서울특별시 마포구 독막로3길 28, 2층 (서교동)",아초바,72.6,192619.935,449688.8054,0507-1418-9320,수: 19:00 - 03:00; 목: 19:00 - 03:00; 금: 19:00 - 03:00; 토: 18:00 - 03:00; 일: 18:00 - 03:00; 월: 19:00 - 03:00; 화: 19:00 - 03:00,598,"['와인 페어링', '와인 페어링', '생일 혜택', '무선 인터넷', '예약', '단체 이용 가능']",주차 불가,"['술이 다양해요', '친절해요', '대화하기 좋아요', '특별한 메뉴가 있어요']","['단체석', '입식', '좌식', '바테이블', '연인석', '1인석', '카운터석']","[[""포테이토 또띠아 피자"", 18000], [""감자튀김"", 10000], [""햄&치즈 플레이트 (2인)"", 22000], [""나초"", 10000], [""치킨가라아게"", 13000], [""감바스"", 18000], [""육포"", 20000], [""모듬소세지"", 20000], [""과일"", 22000]]",일식
234,"['https://search.pstatic.net/common/?autoRotate=true&type=w560_sharpen&src=https%3A%2F%2Fldb-phinf.pstatic.net%2F20231102_157%2F1698936551169YciBm_JPEG%2F%25BF%25CD%25C0%25CE%25BE%25EE%25C5%25AC%25B6%25F41_231102.jpg', 'https://search.pstatic.net/common/?autoRotate=true&type=w278_sharpen&src=https%3A%2F%2Fldb-phinf.pstatic.net%2F20231102_270%2F1698936612356QnCOy_JPEG%2F%25BF%25CD%25C0%25CE%25BE%25EE%25C5%25AC%25B6%25F42_231102.jpg', 'https://search.pstatic.net/common/?autoRotate=true&type=w278_sharpen&src=https%3A%2F%2Fldb-phinf.pstatic.net%2F20231102_165%2F1698936620126xweXQ_JPEG%2F%25BF%25CD%25C0%25CE%25BE%25EE%25C5%25AC%25B6%25F43_231102.jpg']","서울특별시 마포구 독막로7길 26, 3층 (서교동)",와인어클락,50.0,192795.952,449635.8505,0507-1345-3404,수: 18:00 - 01:00; 목: 18:00 - 01:00; 금: 18:00 - 01:00; 토: 17:00 - 01:00; 일: 17:00 - 01:00; 월: 정기휴무 (매주 월요일); 화: 18:00 - 01:00,86,"['와인 페어링', '테이크아웃 할인', '예약', '무선 인터넷', '포장', '단체 이용 가능']",주차 불가,"['인테리어가 멋져요', '술이 다양해요', '친절해요', '음식이 맛있어요']","['단체석', '루프탑', '테라스', '바테이블']","[[""와인어클락 플래터"", 35000], [""샤퀴테리 플래터"", 30000], [""치즈 플래터"", 28000], [""잠봉 드 파리"", 14000], [""잠봉뵈르 샌드위치"", 15000], [""이베리코 베요타 하몽"", 35000], [""빠떼 엉 크루트"", 13000], [""부라타 & 토마토"", 19000], [""끌로미에 치즈구이"", 19000], [""보코치니 카프레제"", 12000], [""엔다이브 브루스케타"", 15000], [""에그 프리터"", 13000], [""리코타 곶감머스캣"", 15000], [""꿀밤"", 13000]]",양식
235,"['https://search.pstatic.net/common/?autoRotate=true&type=w560_sharpen&src=https%3A%2F%2Fldb-phinf.pstatic.net%2F20190705_12%2F1562309214491OKI98_JPEG%2F9EBv4sem3Q6q_Q_dvdi9LQsL.jpeg.jpg', 'https://search.pstatic.net/common/?autoRotate=true&type=w278_sharpen&src=https%3A%2F%2Fldb-phinf.pstatic.net%2F20190705_287%2F1562309221428Acywb_JPEG%2FYX9qwqDPKrBcEJQKX_Tn5hjZ.jpeg.jpg', 'https://search.pstatic.net/common/?autoRotate=true&type=w278_sharpen&src=https%3A%2F%2Fldb-phinf.pstatic.net%2F20190705_250%2F1562309349799lqvwC_JPEG%2FEAwESi8d10TiSqd65UwaBDI9.jpeg.jpg']","서울특별시 마포구 월드컵북로1길 50 (서교동, 1층일부)",시골순대,112.87,192754.1561,450209.3313,0507-1330-1730,수: 10:00 - 21:30; 목: 10:00 - 21:30; 금: 10:00 - 21:30; 토: 10:00 - 21:30; 일: 정기휴무 (매주 일요일); 월: 10:00 - 21:30; 화: 10:00 - 21:30,274,[],,"['음식이 맛있어요', '양이 많아요', '혼밥하기 좋아요', '매장이 넓어요']",[],"[[""막창순대(대)"", 30000], [""오소리한접시"", 15000], [""술국"", 20000], [""순대전골"", 35000], [""순대모듬"", 35000], [""머리고기"", 15000], [""순대국밥"", 9000], [""돼지국밥"", 9000], [""오소리국밥"", 9000], [""순대만국밥"", 9000], [""국밥 특"", 11000]]",한식
236,"['https://search.pstatic.net/common/?autoRotate=true&type=w560_sharpen&src=https%3A%2F%2Fldb-phinf.pstatic.net%2F20200505_165%2F1588689147773ClaNl_JPEG%2FopS_HviBZ2Y15vCYkAtE7TrL.jpeg.jpg', 'https://search.pstatic.net/common/?autoRotate=true&type=w278_sharpen&src=https%3A%2F%2Fpup-review-phinf.pstatic.net%2FMjAyMzAyMTFfMTI1%2FMDAxNjc2MTEwMTg1Nzky.wM6VjDyYQDTveomMUWcrj6zBGbEaPt_FHqHnImkjGrUg.qKgGNlYjwVCwIUIrQ3KWdTSp7uexRwXpR0GtYT1oNIQg.JPEG%2F3BBE2E83-0803-48C2-BA3D-4EFF1E557074.jpeg', 'https://search.pstatic.net/common/?autoRotate=true&type=w278_sharpen&src=https%3A%2F%2Fpup-review-phinf.pstatic.net%2FMjAyMzA3MTlfMTM2%2FMDAxNjg5NzQ3ODExNTU3.dfcdrUxNbYTRfe8t33vOJK95aLqu01hW9UNhDGen0G4g.2ZIZO1x317F-wICgjA_rUNl0OtFJEcnfVu62Q5E8g2sg.JPEG%2F1689747672591.jpg.jpg']","서울특별시 마포구 잔다리로 97, 1층 (서교동)",육향,80.07,192399.6751,450399.3081,02-6349-6060,수: 10:00 - 22:00; 목: 10:00 - 22:00; 금: 10:00 - 22:00; 토: 정기휴무 (매주 토요일); 일: 정기휴무 (매주 일요일); 월: 10:00 - 22:00; 화: 10:00 - 22:00,64,"['단체 이용 가능', '포장']",,"['음식이 맛있어요', '친절해요', '재료가 신선해요', '특별한 메뉴가 있어요']",[],"[[""돔베고기정식"", 9000], [""한방갈비탕"", 12000], [""흑돼지비빔막국수"", 7000], [""목살(200g)"", 14000], [""오겹살(200g)"", 15000]]",한식
237,"['https://search.pstatic.net/common/?autoRotate=true&type=w560_sharpen&src=https%3A%2F%2Fldb-phinf.pstatic.net%2F20220807_134%2F16598703540370zT2e_JPEG%2F1659007224090.jpg', 'https://search.pstatic.net/common/?autoRotate=true&type=w278_sharpen&src=https%3A%2F%2Fpup-review-phinf.pstatic.net%2FMjAyMjEwMDlfNTcg%2FMDAxNjY1MzIwNjAyMjMw.j313Ro2JPwktGq6Uxx-oXrQRoT7qObcEI00mYhh4urcg.WW3dGPZ0JzxV8vBVw3goMpr2Z1DLC67cxiEpP0rROKgg.JPEG%2F1665320548939.jpg', 'https://search.pstatic.net/common/?autoRotate=true&type=w278_sharpen&src=https%3A%2F%2Fpup-review-phinf.pstatic.net%2FMjAyMzA0MjBfMjI5%2FMDAxNjgxOTM5MDU3NTQ4.catetwfZ1omfjWESUrjuH-GI6acHEP7MDnH8nRV75JMg.PNkiLFJc4wGTBWIl_uwxsIrkcjVbBNYQt2Qs_V62MtAg.JPEG%2F80B0867D-4EDD-49D1-8BED-3B085E497699.jpg']","서울특별시 마포구 와우산로15길 40 (서교동, 지1층일부)",주문포차,49.0,192965.9959,449641.769,0507-1335-5618,수: 18:00 - 02:00; 목: 18:00 - 02:00; 금: 18:00 - 02:00; 토: 18:00 - 02:00; 일: 정기휴무 (매주 일요일); 월: 18:00 - 02:00; 화: 18:00 - 02:00,39,"['예약', '무선 인터넷', '단체 이용 가능']",,"['음식이 맛있어요', '친절해요', '대화하기 좋아요', '음악이 좋아요']",[],"[[""돼지듬뿍두부찌개"", 20000], [""버터갈릭쉬림프"", 17000], [""한통스팸찌개"", 20000], [""케이준치킨로제파스타"", 17000]]",한식
238,"['https://search.pstatic.net/common/?autoRotate=true&type=w560_sharpen&src=https%3A%2F%2Fldb-phinf.pstatic.net%2F20241121_80%2F1732120042780GmYwQ_JPEG%2Ftemp_picture.jpg', 'https://search.pstatic.net/common/?autoRotate=true&type=w278_sharpen&src=https%3A%2F%2Fldb-phinf.pstatic.net%2F20191214_190%2F1576314184886o8ijY_JPEG%2FhuolrBe5e3ocW-BeArBMxCLn.jpg', 'https://search.pstatic.net/common/?autoRotate=true&type=w278_sharpen&src=https%3A%2F%2Fldb-phinf.pstatic.net%2F20191214_245%2F15763141989136XLp2_JPEG%2FZQibL7TUyXrV56vTNUX0krKh.jpg']","서울특별시 마포구 와우산로29바길 6 (서교동,1층)",홍대 수족관,84.36,193409.4737,450431.772,,,37,"['콜키지 가능', '단체 이용 가능', '예약', '무선 인터넷', '포장']",주차 불가,"['음식이 맛있어요', '재료가 신선해요', '친절해요', '특별한 메뉴가 있어요']","['입식', '단체석']","[[""모둠회(소)"", 40000], [""광어회(소)"", 40000], [""연어(소)"", 40000], [""방어회(중)"", 55000], [""전복숙회(대)"", 35000], [""소라숙회(대)"", 39000], [""문어숙회"", 25000], [""키조개관자구이"", 24000], [""새무튀김"", 18000], [""오징어튀김"", 18000], [""어묵탕"", 18000], [""매운탕"", 18000], [""백합탕"", 18000], [""알탕"", 18000]]",양식
239,"['https://search.pstatic.net/common/?autoRotate=true&type=w560_sharpen&src=https%3A%2F%2Fldb-phinf.pstatic.net%2F20191118_43%2F1574069599992CyHEt_JPEG%2FGe0qxy9Rrg42Lej0U47KVXMV.jpeg.jpg', 'https://search.pstatic.net/common/?autoRotate=true&type=w278_sharpen&src=https%3A%2F%2Fldb-phinf.pstatic.net%2F20161208_37%2F1481195154326WgJwK_JPEG%2F177158603574221_0.jpeg', 'https://search.pstatic.net/common/?autoRotate=true&type=w278_sharpen&src=https%3A%2F%2Fldb-phinf.pstatic.net%2F20161208_35%2F1481195154384GWNUO_JPEG%2F177158603574221_1.jpeg']","서울특별시 마포구 양화로7길 6-4 (서교동, 1층,2층)",주식회사로켓치킨,195.82,192454.9798,449896.6983,02-335-7723,수: 17:00 - 01:00; 목: 17:00 - 01:00; 금: 17:00 - 01:00; 토: 16:00 - 01:00; 일: 16:00 - 24:00; 월: 17:00 - 01:00; 화: 17:00 - 01:00,169,"['예약', '단체 이용 가능', '포장', '무선 인터넷', '노키즈존']",주차 불가,"['음식이 맛있어요', '매장이 넓어요', '단체모임 하기 좋아요', '친절해요']",['단체석'],"[[""세트A"", 42000], [""세트B"", 44000], [""세트C"", 38000], [""순살 후라이드 치킨"", 22000], [""순살 꽈리간장치킨"", 23000], [""순살 까르보치킨"", 27000], [""순살 로제치킨"", 27000], [""순살 크리스피 치킨"", 23000], [""순살 데리야끼 치킨"", 24000], [""순살 파닭"", 23000], [""순살 양념"", 23000], [""순살 The 매운치킨"", 23000], [""후라이드치킨"", 22000], [""양념치킨"", 23000], [""부산어묵탕"", 20000], [""나가사끼 짬뽕탕"", 20000], [""해물 짬뽕탕"", 20000], [""먹태구이"", 17000], [""반건조오징어"", 17000], [""버터구이 오징어"", 19000]]",양식
240,"['https://search.pstatic.net/common/?autoRotate=true&type=w560_sharpen&src=https%3A%2F%2Fldb-phinf.pstatic.net%2F20220622_229%2F1655824397189dSv4z_JPEG%2FC868B5C3-6C1C-438F-8352-1AA499540396.jpeg', 'https://search.pstatic.net/common/?autoRotate=true&type=w278_sharpen&src=https%3A%2F%2Fpup-review-phinf.pstatic.net%2FMjAyMzA4MjJfMTIy%2FMDAxNjkyNjY2Mzk0NjM1.nuhpMJmupkCfIWZHIittmVD4hwQ_1q7e_gobabpekNog.hPDQxTTSObV50t0091hLtAdszX2sbwAzR7Jkq8NH7usg.JPEG%2FIMG_20230821_105042_106.jpg', 'https://search.pstatic.net/common/?autoRotate=true&type=w278_sharpen&src=https%3A%2F%2Fpup-review-phinf.pstatic.net%2FMjAyMjA3MjdfMTA2%2FMDAxNjU4OTAxMDEzNDgz.Uza8udvW6PGT0xReVasfJWbkBHWGyYSSDjh7TrtaaHsg.7i0pjc_NqyOWPVhhCqO-QmXFVk9PfrHG4z_J58T7PDMg.JPEG%2Fupload_17b751e9277128e2561a8b2cf234bc62.jpeg']","서울특별시 마포구 독막로9길 37 (서교동, 101호)",항방양꼬치,35.82,192894.9764,449741.4553,02-322-8892,수: 16:00 - 24:00; 목: 16:00 - 24:00; 금: 16:00 - 02:00; 토: 16:00 - 02:00; 일: 16:00 - 24:00; 월: 정기휴무 (매주 월요일); 화: 16:00 - 24:00,104,[],주차 불가,"['음식이 맛있어요', '친절해요', '고기 질이 좋아요', '특별한 메뉴가 있어요']",[],"[[""양등심갈비 (1인분)"", 28000], [""양갈비살 (1인분)"", 16000], [""양꼬치 (1인분)"", 14000], [""소갈비살"", 20000]]",양식
241,"['https://search.pstatic.net/common/?autoRotate=true&type=w560_sharpen&src=https%3A%2F%2Fldb-phinf.pstatic.net%2F20240122_42%2F1705906962418pMbQF_JPEG%2Fimage.jpg', 'https://search.pstatic.net/common/?autoRotate=true&type=w278_sharpen&src=https%3A%2F%2Fldb-phinf.pstatic.net%2F20190331_1%2F1554030554048caXby_JPEG%2Fj152OtF8hZZo9BodLH874mwb.jpeg.jpg', 'https://search.pstatic.net/common/?autoRotate=true&type=w278_sharpen&src=https%3A%2F%2Fldb-phinf.pstatic.net%2F20190331_254%2F1554030569567n6uJ3_JPEG%2FfuRuPSpke7WVkzN-uHRGUwq0.jpeg.jpg']","서울특별시 마포구 독막로9길 9 (서교동, 1층)",바다포차,130.54,192819.722,449620.9704,0507-1329-8117,,92,"['콜키지 가능', '포장', '단체 이용 가능', '배달', '예약']",주차 불가,"['음식이 맛있어요', '친절해요', '대화하기 좋아요', '기본 안주가 좋아요']",[],"[[""조개탕"", 20000], [""막회무침"", 25000], [""막회"", 25000], [""홍새우구이"", 18000], [""피문어숙회"", 25000]]",한식
242,"['https://search.pstatic.net/common/?autoRotate=true&type=w560_sharpen&src=https%3A%2F%2Fldb-phinf.pstatic.net%2F20240206_70%2F1707215153847wuL1n_JPEG%2F1000011731.jpg', 'https://search.pstatic.net/common/?autoRotate=true&type=w278_sharpen&src=https%3A%2F%2Fldb-phinf.pstatic.net%2F20231226_225%2F1703591708389gazI0_JPEG%2F1000011261.jpg', 'https://search.pstatic.net/common/?autoRotate=true&type=w278_sharpen&src=https%3A%2F%2Fldb-phinf.pstatic.net%2F20231226_141%2F1703591698361fAryR_JPEG%2F1000011251.jpg']","서울특별시 마포구 와우산로29라길 19, 지하1층 (서교동)",돈나무,48.91,193480.2227,450302.0868,0507-1354-6277,수: 11:00 - 22:00; 목: 11:00 - 22:00; 금: 11:00 - 22:00; 토: 11:00 - 22:00; 일: 11:00 - 22:00; 월: 정기휴무 (매주 월요일); 화: 11:00 - 22:00,57,"['콜키지 가능', '와인 페어링', '예약', '무선 인터넷', '포장', '단체 이용 가능', '반려동물 동반']",주차 불가,"['음식이 맛있어요', '친절해요', '양이 많아요', '고기 질이 좋아요']","['테라스', '1인석']","[[""돈나무 모둠 편백찜 (우삼겹)"", 16000], [""돈나무 모둠 편백찜 (차돌박이)"", 19000], [""돈나무 모둠 철판 (차돌박이)"", 19000], [""스페셜 편백찜 샤브세트 (우삼겹) (2인 기준)"", 45000], [""스페셜 편백찜 샤브세트 (차돌박이) (2인 기준)"", 50000], [""뚝배기 샤브 (점심특선)"", 10000], [""소고기 뭇국 백반 (점심특선)"", 9000], [""소불고기 덮밥 (점심특선)"", 9000]]",중식
243,"['https://search.pstatic.net/common/?autoRotate=true&type=w560_sharpen&src=https%3A%2F%2Fnaverbooking-phinf.pstatic.net%2F20241105_112%2F17307758328754Hmco_JPEG%2Fimage.jpg', 'https://search.pstatic.net/common/?autoRotate=true&type=w278_sharpen&src=https%3A%2F%2Fldb-phinf.pstatic.net%2F20250214_288%2F1739519296347C6von_JPEG%2F%25C7%25C7%25C7%25C1%25C6%25BC%25C7%25C7%25C7%25C1%25C6%25BC_-1jpg.jpg', 'https://search.pstatic.net/common/?autoRotate=true&type=w278_sharpen&src=https%3A%2F%2Fldb-phinf.pstatic.net%2F20250214_97%2F17395192951032foOz_JPEG%2F%25C7%25C7%25C7%25C1%25C6%25BC%25C7%25C7%25C7%25C1%25C6%25BCjpg.jpg']","서울특별시 마포구 와우산로29길 8 (서교동,지하2층)",곱창전골,119.23,193696.6856,450284.6564,02-3143-2284,,78,[],,"['음악이 좋아요', '인테리어가 멋져요', '술이 다양해요', '음식이 맛있어요']",[],"[[""조니워커블랙"", null], [""오렌지주스"", null], [""망고주스"", null], [""크랜베리주스"", null], [""자몽주스"", null], [""블루사파이어"", null]]",양식
244,"['https://search.pstatic.net/common/?autoRotate=true&type=w278_sharpen&src=https%3A%2F%2Fldb-phinf.pstatic.net%2F20240926_180%2F1727335594252XPKW8_JPEG%2FIMG_0365.jpeg', 'https://search.pstatic.net/common/?autoRotate=true&type=w278_sharpen&src=https%3A%2F%2Fldb-phinf.pstatic.net%2F20240926_226%2F1727335594277SAPw6_JPEG%2F249F97CA-876A-407D-A724-C50534084034.jpeg', 'https://search.pstatic.net/common/?autoRotate=true&type=w278_sharpen&src=https%3A%2F%2Fldb-phinf.pstatic.net%2F20240926_84%2F17273358726463EUHy_JPEG%2F41628029-45D9-471E-8113-AC94E5B54985.jpeg']","서울특별시 마포구 와우산로23길 43, 2층 (서교동)",그남자의볶음밥,67.91,193167.5097,450283.6013,0507-1363-6514,,276,"['테이크아웃 할인', '비건 메뉴', '포장', '무선 인터넷', '배달']",주차 불가,"['음식이 맛있어요', '양이 많아요', '가성비가 좋아요', '혼밥하기 좋아요']",[],"[[""마라볶음밥"", 10900], [""김치삼겹살볶음밥"", 9900], [""치킨베이컨볶음밥"", 9900], [""김치베이컨볶음밥"", 9900]]",양식
245,"['https://search.pstatic.net/common/?autoRotate=true&type=w560_sharpen&src=https%3A%2F%2Fldb-phinf.pstatic.net%2F20230505_234%2F1683259756705QEcb6_JPEG%2FIMG_1267.JPG', 'https://search.pstatic.net/common/?autoRotate=true&type=w278_sharpen&src=https%3A%2F%2Fldb-phinf.pstatic.net%2F20230505_128%2F1683259736880IF6Nc_JPEG%2FKakaoTalk_20230505_130817693_01.jpg', 'https://search.pstatic.net/common/?autoRotate=true&type=w278_sharpen&src=https%3A%2F%2Fldb-phinf.pstatic.net%2F20230505_201%2F1683259763846CV4Pt_JPEG%2FKakaoTalk_20230505_130817693.jpg']","서울특별시 마포구 와우산로29길 26-5 (서교동, 지하1층)",더파이브올스,50.28,193610.5154,450356.5342,02-322-3966,수: 18:00 - 01:00; 목: 18:00 - 01:00; 금: 18:00 - 02:00; 토: 17:00 - 02:00; 일: 17:00 - 01:00; 월: 18:00 - 01:00; 화: 18:00 - 01:00,148,[],,"['술이 다양해요', '음식이 맛있어요', '가성비가 좋아요', '친절해요']",[],"[[""자이언트 플레이팅"", 20000], [""모듬순살 치킨"", 18000], [""콥 샐러드"", 15000], [""야끼소바"", 8000], [""랜덤 플레이팅"", 15000], [""소세지구이"", 15000], [""카페 그라탕"", 8000]]",한식
246,"['https://search.pstatic.net/common/?autoRotate=true&type=w560_sharpen&src=https%3A%2F%2Fldb-phinf.pstatic.net%2F20230227_156%2F16774813746253R2Bw_PNG%2F20230227_155817.png', 'https://search.pstatic.net/common/?autoRotate=true&type=w278_sharpen&src=https%3A%2F%2Fldb-phinf.pstatic.net%2F20230227_251%2F1677481373686UUoLj_PNG%2F20230227_155523.png', 'https://search.pstatic.net/common/?autoRotate=true&type=w278_sharpen&src=https%3A%2F%2Fldb-phinf.pstatic.net%2F20230227_153%2F1677481373855SQavR_PNG%2F20230227_155403.png']","서울특별시 마포구 독막로3길 24-6 (서교동, 1층일부)",물고기초밥,29.8,192614.0327,449658.3148,02-322-6609,수: 11:30 - 21:30; 목: 11:30 - 21:30; 금: 11:30 - 21:30; 토: 11:30 - 21:30; 일: 11:30 - 21:30; 월: 정기휴무 (매주 월요일); 화: 11:30 - 21:30,475,"['포장', '무선 인터넷', '단체 이용 가능']",주차 불가,"['음식이 맛있어요', '재료가 신선해요', '친절해요', '혼밥하기 좋아요']","['단체석', '입식', '바테이블']","[[""초밥우동세트 (초밥 8p+미니우동)"", 13000], [""덮밥우동세트 (회덮밥+미니우동)"", 11000], [""특모둠 초밥 (12p)"", 28000], [""물고기 초밥 (12p)"", 23000], [""모둠 초밥 (10p)"", 18000], [""모둠사시미 (중)"", 40000], [""연어사시미"", 38000], [""광어사시미"", 45000], [""반반사시미"", 42000], [""회덮밥"", 15000], [""회무침"", 15000], [""우동"", 8000], [""김치우동"", 9000], [""타코와사비"", 13000]]",일식
247,"['https://search.pstatic.net/common/?autoRotate=true&type=w560_sharpen&src=https%3A%2F%2Fldb-phinf.pstatic.net%2F20200622_220%2F1592804241498CpU0L_JPEG%2FeOkD6w2rg-ocDD5j58unf5wm.jpg', 'https://search.pstatic.net/common/?autoRotate=true&type=w278_sharpen&src=https%3A%2F%2Fpup-review-phinf.pstatic.net%2FMjAyMzAzMTNfMjM3%2FMDAxNjc4NzE2MzMyMTI0.fRWXW_o5ezdx_G9Mda8MV2fwKLtlTAF9iFjiew-FFfAg.cRJ6f14U8uiw0mDxNcOSlaLvYnppCnb0S8Ab4LCD4P0g.JPEG%2F1678716317939.jpg', 'https://search.pstatic.net/common/?autoRotate=true&type=w278_sharpen&src=https%3A%2F%2Fpup-review-phinf.pstatic.net%2FMjAyMjEyMjRfMTA0%2FMDAxNjcxODYwNTUyNTY0.7Mv5HQm7sMv5zoHb8Fhdn_DIUglDWUaf4o_obLvxXuog.O7QaGF_FSkpEFe5X7_7VD2r28gmAn5gURoiHWMa6xBcg.JPEG%2F37D23D4E-91C1-4887-8CC4-EDA28BD6D74D.jpeg']","서울특별시 마포구 양화로15길 16 (서교동, 1층)",설맥 홍대서교점,178.5,192794.9722,450274.9543,02-336-0337,수: 16:00 - 01:00; 목: 16:00 - 01:00; 금: 16:00 - 01:00; 토: 16:00 - 01:00; 일: 정기휴무 (매주 일요일); 월: 16:00 - 01:00; 화: 16:00 - 01:00,100,"['예약', '무선 인터넷', '포장', '단체 이용 가능']",주차 가능,"['음식이 맛있어요', '가성비가 좋아요', '단체모임 하기 좋아요', '대화하기 좋아요']",[],[],일식
248,"['https://search.pstatic.net/common/?autoRotate=true&type=w278_sharpen&src=https%3A%2F%2Fldb-phinf.pstatic.net%2F20250219_61%2F1739943457043Wyjzd_JPEG%2F20250219_143458.jpg', 'https://search.pstatic.net/common/?autoRotate=true&type=w278_sharpen&src=https%3A%2F%2Fldb-phinf.pstatic.net%2F20250108_169%2F17363338415826wqEa_JPEG%2F20240818_143008.jpg', 'https://search.pstatic.net/common/?autoRotate=true&type=w278_sharpen&src=https%3A%2F%2Fldb-phinf.pstatic.net%2F20250215_51%2F1739603347206meQv4_JPEG%2F20250214_182402.jpg']","서울특별시 마포구 어울마당로 126-1 (서교동,지1층)",통통돼지,59.74,193231.1294,450376.3383,0507-1387-0570,수: 11:00 - 02:00; 목: 11:00 - 02:00; 금: 11:00 - 02:00; 토: 11:00 - 02:00; 일: 11:00 - 02:00; 월: 11:00 - 02:00; 화: 11:00 - 02:00,199,"['콜키지 가능', '단체 이용 가능', '예약', '무선 인터넷', '포장', '유아의자', '대기공간', '장애인 휠체어 이용가능', '장애인 휠체어 이용가능']",주차 불가,"['음식이 맛있어요', '친절해요', '고기 질이 좋아요', '가성비가 좋아요']","['단체석', '입식']","[[""뽈살(양념)(200g)"", 15000], [""삼겹살(200g)"", 15000], [""항정살(150g)"", 16000], [""소갈비살(150g)"", 17000], [""왕막창(180g)"", 15000]]",한식
249,"['https://search.pstatic.net/common/?autoRotate=true&type=w560_sharpen&src=https%3A%2F%2Fldb-phinf.pstatic.net%2F20180930_150%2F1538238998108ziafD_JPEG%2FIlzD27mTQzPTn9mfcQKT40kA.jpg', 'https://search.pstatic.net/common/?autoRotate=true&type=w278_sharpen&src=https%3A%2F%2Fldb-phinf.pstatic.net%2F20190111_146%2F15471964236222XbiA_JPEG%2Fz907EK2S3fmjimMlMtnNyHjx.jpg', 'https://search.pstatic.net/common/?autoRotate=true&type=w278_sharpen&src=https%3A%2F%2Fldb-phinf.pstatic.net%2F20190111_220%2F1547196423671IJ0Nq_JPEG%2FEIdvuywHro8O6aH_yZgwaecl.jpg']","서울특별시 마포구 와우산로29바길 16, 1층 (서교동)",황소곱창,85.04,193383.4263,450394.4173,02-6053-4848,수: 16:00 - 24:00; 목: 16:00 - 24:00; 금: 16:00 - 24:00; 토: 16:00 - 24:00; 일: 16:00 - 22:00; 월: 정기휴무 (매주 월요일); 화: 16:00 - 24:00,757,"['단체 이용 가능', '무선 인터넷', '예약']",주차 불가,"['음식이 맛있어요', '고기 질이 좋아요', '친절해요', '매장이 넓어요']",[],"[[""특양 (180g)"", 22000], [""한우곱창"", 19000], [""소막창"", 19000], [""소대창"", 19000], [""곱창모듬"", 20000], [""우삼겹"", 12000], [""염통"", 12000], [""볶음밥"", 3000], [""우삼겹사리"", 6000], [""떡사리"", 3000], [""소스메뉴"", 1000]]",한식
250,"['https://search.pstatic.net/common/?autoRotate=true&type=w560_sharpen&src=https%3A%2F%2Fldb-phinf.pstatic.net%2F20230831_47%2F1693481650676kJC3a_JPEG%2F1691544700586.jpg', 'https://search.pstatic.net/common/?autoRotate=true&type=w278_sharpen&src=https%3A%2F%2Fldb-phinf.pstatic.net%2F20230831_244%2F1693481673092Td3o9_JPEG%2F1691544668719.jpg', 'https://search.pstatic.net/common/?autoRotate=true&type=w278_sharpen&src=https%3A%2F%2Fldb-phinf.pstatic.net%2F20230831_200%2F1693481704642sjFVz_JPEG%2F1691544735803.jpg']","서울특별시 마포구 동교로 156, 1층 (서교동)",아리랑,92.85,192808.2684,450359.5683,02-336-7669,,364,"['콜키지 가능', '단체 이용 가능', '예약', '무선 인터넷']",,"['음식이 맛있어요', '친절해요', '가성비가 좋아요', '양이 많아요']",[],"[[""화로숯불구이+모츠나베 세트 1인"", 33000], [""갈비살"", 26000], [""하이볼"", 8000]]",한식
251,"['https://search.pstatic.net/common/?autoRotate=true&type=w560_sharpen&src=https%3A%2F%2Fldb-phinf.pstatic.net%2F20221206_123%2F1670328801637iqQd3_JPEG%2F3%25B9%25F8%25B9%25E62.jpg', 'https://search.pstatic.net/common/?autoRotate=true&type=w278_sharpen&src=https%3A%2F%2Fldb-phinf.pstatic.net%2F20190328_162%2F1553774295068siCBE_JPEG%2Fa_BST53824.jpg', 'https://search.pstatic.net/common/?autoRotate=true&type=w278_sharpen&src=https%3A%2F%2Fldb-phinf.pstatic.net%2F20221206_154%2F1670328337125sxX0y_JPEG%2F2%25B9%25F8%25B9%25E6.jpg']","서울특별시 마포구 홍익로3길 44, 5층 (서교동)",원나잇,306.72,192984.7094,450043.4181,0507-1426-0912,수: 16:30 - 02:30; 목: 16:30 - 02:30; 금: 16:30 - 03:30; 토: 16:30 - 03:30; 일: 16:30 - 02:30; 월: 16:30 - 02:30; 화: 16:30 - 02:30,688,"['콜키지 가능', '생일 혜택', '예약', '단체 이용 가능', '무선 인터넷', '장애인 휠체어 이용가능', '장애인 주차구역']",주차 불가,"['음식이 맛있어요', '단체모임 하기 좋아요', '대화하기 좋아요', '기본 안주가 좋아요']","['룸', '단체석']","[[""간사이 오뎅탕"", 24000], [""차돌버섯 스끼야끼"", 26000], [""돈까스 짬뽕"", 25000], [""나가사키 짬뽕"", 24000], [""통목살 김치찜"", 26000], [""촉촉 갈릭보쌈"", 24000], [""비빔 훈제오리"", 24000], [""돔베고기 비빔쫄면"", 24000], [""벌교꼬막 비빔소면"", 23000], [""THE 해물떡찜"", 25000], [""REAL 순살파닭"", 23000], [""감자품은 새우"", 24000], [""봉골레 술찜파스타"", 26000], [""레몬치킨 커틀렛"", 24000], [""중화삼겹 숙주볶음"", 24000], [""석류레몬 과일화채"", 23000], [""비쥬얼 왕빙수"", 23000], [""바짝양념 닭강정"", 24000], [""해물모둠 야끼동"", 24000], [""소고기 타다끼"", 26000], [""해물해장라면"", 10000], ["""", null], ["""", null]]",양식
252,"['https://search.pstatic.net/common/?autoRotate=true&type=w560_sharpen&src=https%3A%2F%2Fldb-phinf.pstatic.net%2F20241206_170%2F1733471203615bUSHc_JPEG%2F1000001927.jpg', 'https://search.pstatic.net/common/?autoRotate=true&type=w278_sharpen&src=https%3A%2F%2Fldb-phinf.pstatic.net%2F20150901_119%2F1441058017071XyPK1_JPEG%2FSUBMIT_1381728458957_33399701.jpg', 'https://search.pstatic.net/common/?autoRotate=true&type=w278_sharpen&src=https%3A%2F%2Fldb-phinf.pstatic.net%2F20150901_36%2F1441058017275srmIh_JPEG%2FSUBMIT_1381728459191_33399701.jpg']","서울특별시 마포구 와우산로29길 14-8 (서교동, 지하1층 일부)",고토히라우동,35.0,193674.7825,450314.4491,0507-1432-1678,,625,"['무선 인터넷', '단체 이용 가능', '예약']",주차 불가,"['음식이 맛있어요', '친절해요', '양이 많아요', '혼밥하기 좋아요']",[],"[[""해물우동"", 9500], [""에비텐우동"", 9500], [""니꾸우동"", 9500], [""키노코우동"", 9000], [""치쿠와우동"", 9000], [""키즈네우동"", 9000], [""김치돈까스우동"", 10500], [""자루우동"", 9000], [""냉우동"", 9500], [""수제돈까스"", 9000], [""새우튀김"", 4500], [""오징어다리튀김"", 4500], [""치쿠와튀김"", 2500], [""치쿠와우동"", 9500], [""냉소바"", 9500], [""오뎅우동"", 9500], [""자루우동"", 9000], [""자루소바"", 9000]]",일식
253,"['https://search.pstatic.net/common/?autoRotate=true&type=w560_sharpen&src=https%3A%2F%2Fldb-phinf.pstatic.net%2F20231017_251%2F1697470469230gVbjf_JPEG%2FIMG_9635.jpeg', 'https://search.pstatic.net/common/?autoRotate=true&type=w278_sharpen&src=https%3A%2F%2Fldb-phinf.pstatic.net%2F20231017_32%2F16974704721010ip1Y_JPEG%2FIMG_9615.jpeg', 'https://search.pstatic.net/common/?autoRotate=true&type=w278_sharpen&src=https%3A%2F%2Fldb-phinf.pstatic.net%2F20231017_156%2F1697470471794SnSlc_JPEG%2FIMG_9614.jpeg']","서울특별시 마포구 와우산로29라길 12, 1층 (서교동)",카페333,109.49,193482.5026,450338.0838,02-3144-3312,수: 11:00 - 22:00; 목: 11:00 - 22:00; 금: 11:00 - 22:00; 토: 11:00 - 22:00; 일: 11:00 - 22:00; 월: 11:00 - 22:00; 화: 11:00 - 22:00,297,"['무선 인터넷', '포장']",주차 불가,"['커피가 맛있어요', '음료가 맛있어요', '친절해요', '인테리어가 멋져요']",[],"[[""아메리카노"", 5000], [""카페라떼"", 5500], [""콜드브루"", 5500], [""자몽에이드"", 6000], [""초코라떼"", 6000]]",한식
254,"['https://search.pstatic.net/common/?autoRotate=true&type=w560_sharpen&src=https%3A%2F%2Fldb-phinf.pstatic.net%2F20240813_137%2F1723497711996syi6d_JPEG%2FDSC06657_copy.jpg', 'https://search.pstatic.net/common/?autoRotate=true&type=w278_sharpen&src=https%3A%2F%2Fldb-phinf.pstatic.net%2F20240813_166%2F1723497718628KzFAB_JPEG%2FDSC06699_copy.jpg', 'https://search.pstatic.net/common/?autoRotate=true&type=w278_sharpen&src=https%3A%2F%2Fldb-phinf.pstatic.net%2F20240813_69%2F1723497727366pqTwa_JPEG%2FDSC06682_copy.jpg']","서울특별시 마포구 동교로18길 44 (서교동,1층 일부)",텃밭,80.14,192688.797,450136.7029,0507-1411-2777,수: 11:00 - 19:00; 목: 11:00 - 19:00; 금: 11:00 - 19:00; 토: 11:00 - 15:00; 일: 정기휴무 (매주 일요일); 월: 11:00 - 19:00; 화: 11:00 - 19:00,244,['단체 이용 가능'],,"['음식이 맛있어요', '가성비가 좋아요', '친절해요', '양이 많아요']",[],"[[""양념돼지불백"", 8000], [""동태찌개"", 8000], [""닭도리탕"", 8000], [""옛날돈가스"", 8000], [""카레돈가스"", 8000], [""뚝배기불고기"", 8500], [""돌솥비빔밥"", 8000], [""돌솥알밥"", 8500], [""돌솥참치"", 8000], [""돌솥제육"", 8000], [""돌솥불고기"", 8500], [""부대찌개"", 8000], [""김치찌개"", 8000], [""참치찌개"", 8000], [""된장찌개"", 7500], [""청국장"", 8000], [""순두부"", 7500], [""콩비지"", 7500], [""닭곰탕"", 8000], [""닭개장"", 8000], [""북어국"", 8000], ["""", null], ["""", null], ["""", null]]",일식
255,"['https://search.pstatic.net/common/?autoRotate=true&type=w560_sharpen&src=https%3A%2F%2Fldb-phinf.pstatic.net%2F20200417_133%2F1587080963906DOBxM_JPEG%2Fe7kOAnfmPpog8GLli1wu-pU4.jpg', 'https://search.pstatic.net/common/?autoRotate=true&type=w278_sharpen&src=https%3A%2F%2Fldb-phinf.pstatic.net%2F20250109_2%2F1736393327214JMfKz_JPEG%2F%25BE%25C0%25C7%25C7%25C0%25DA_%25B0%25CB%25BB%25F6%25B1%25A4%25B0%25ED2.jpg', 'https://search.pstatic.net/common/?autoRotate=true&type=w278_sharpen&src=https%3A%2F%2Fldb-phinf.pstatic.net%2F20180319_58%2F1521433021195b9nF7_PNG%2FFa0F0kYloPBHM1taie8kLTo0.png']","서울특별시 마포구 독막로7길 51, 3,4층 (서교동)",시카고,123.72,192840.5624,449761.7855,0507-1306-4636,수: 11:30 - 22:00; 목: 11:30 - 22:00; 금: 11:30 - 23:00; 토: 11:00 - 23:00; 일: 11:00 - 22:00; 월: 11:30 - 22:00; 화: 11:30 - 22:00,413,"['테이크아웃 할인', '포장', '무선 인터넷', '단체 이용 가능', '배달', '예약']",주차 불가,"['음식이 맛있어요', '친절해요', '인테리어가 멋져요', '특별한 메뉴가 있어요']","['단체석', '입식', '테라스', '연인석', '1인석']","[[""마일드 마스카포네"", 29000], [""베이컨 체다 크리미"", 30000], [""스위트 갈릭"", 27000], [""올 미트"", 31000], [""얌 고구마"", 27000], [""바삭퐁 감자"", 27000], [""지킬 앤 하이드"", 27000], [""디아볼라"", 27000], [""눈꽃 명란 크림 파스타"", 18000], [""새우 로제 파스타"", 16000], [""알리오올리오"", 15000], [""아마트리치아나"", 16000], [""까르보나라파스타"", 16000], [""바질크림파스타"", 16000], [""눈꽃 명란 크림 보리 리조또"", 18000], [""새우 로제 보리 리조또"", 16000], [""바질 크림 보리 리조또"", 16000], [""채끝등심 스테이크"", 31000], [""립아이 스테이크"", 58000], [""돈마호크 스테이크"", 25000], [""티본 스테이크"", 89000]]",양식
256,"['https://search.pstatic.net/common/?autoRotate=true&type=w560_sharpen&src=https%3A%2F%2Fldb-phinf.pstatic.net%2F20190821_190%2F1566362413354kE1bq_JPEG%2FWWOHQ6wgPiwCaqqrTaFVR4qG.jpg', 'https://search.pstatic.net/common/?autoRotate=true&type=w278_sharpen&src=https%3A%2F%2Fldb-phinf.pstatic.net%2F20190707_107%2F15625043420762NdzS_JPEG%2Fb5WXDXXt_bFSJ5hj7UK7w0LU.jpg', 'https://search.pstatic.net/common/?autoRotate=true&type=w278_sharpen&src=https%3A%2F%2Fldb-phinf.pstatic.net%2F20211108_98%2F1636309611881K2BaK_JPEG%2FUNhZuvJvAD1Hvxap3qVxBsBe.jpg']","서울특별시 마포구 양화로6길 57-5, 지상1층 지하1층 층 (서교동)",대포막창 生 삼겹,48.07,192637.266,449633.1011,02-322-3928,수: 17:00 - 01:00; 목: 17:00 - 01:00; 금: 17:00 - 01:00; 토: 16:00 - 01:00; 일: 16:00 - 01:00; 월: 정기휴무 (매주 월요일); 화: 17:00 - 01:00,228,"['단체 이용 가능', '예약', '무선 인터넷']",,"['음식이 맛있어요', '친절해요', '특별한 메뉴가 있어요', '가성비가 좋아요']",[],"[[""대구납작생막창 (150g)"", 14000], [""대구소막창(150g)"", 23000], [""양념막창볶음 (150g)"", 16000], [""국내산삼겹살(160g)"", 14000], [""마늘소스껍데기"", 5000], [""칼칼해물라면"", 5000], [""고추장찌개"", 8000], [""마가린밥"", 3000], [""볶음밥"", 3000]]",한식
257,"['https://search.pstatic.net/common/?autoRotate=true&type=w560_sharpen&src=https%3A%2F%2Fldb-phinf.pstatic.net%2F20240628_111%2F1719501268795rnbPt_JPEG%2FKakaoTalk_20240627_235217665_09.jpg', 'https://search.pstatic.net/common/?autoRotate=true&type=w278_sharpen&src=https%3A%2F%2Fldb-phinf.pstatic.net%2F20241202_188%2F1733140980403xLOd2_JPEG%2F1732947591408-6.jpg', 'https://search.pstatic.net/common/?autoRotate=true&type=w278_sharpen&src=https%3A%2F%2Fldb-phinf.pstatic.net%2F20240618_106%2F171870438943954DRl_JPEG%2FKakaoTalk_20240618_184754776.jpg']","서울특별시 마포구 와우산로29마길 6 (서교동, 지하1층 일부)",쭌곱창,44.39,193454.9977,450399.4894,0507-1308-2087,수: 16:00 - 23:00; 목: 16:00 - 23:00; 금: 16:00 - 23:00; 토: 16:00 - 23:00; 일: 16:00 - 23:00; 월: 16:00 - 23:00; 화: 16:00 - 23:00,514,"['테이크아웃 할인', '무선 인터넷', '포장', '배달', '예약', '단체 이용 가능']",주차 불가,"['음식이 맛있어요', '양이 많아요', '특별한 메뉴가 있어요', '친절해요']",['단체석'],"[[""세트 A"", 35000], [""곱창"", 12000], [""세트 B"", 36000], [""세트 C"", 37000], [""갈비"", 14000], [""닭발"", 15000], [""볶음밥"", 3000], [""우동사리"", 4000], [""계란찜"", 5000], [""치즈사리"", 5000], [""마요김치주먹밥"", 4000], [""생크림파인애플"", 2000], [""눈꽃치즈계란찜"", 6000], [""치즈 or 갈릭 퐁듀"", 2000]]",양식
258,"['https://search.pstatic.net/common/?autoRotate=true&type=w560_sharpen&src=https%3A%2F%2Fnaverbooking-phinf.pstatic.net%2F20230617_13%2F1686999332573ieBsG_JPEG%2Fimage.jpg', 'https://search.pstatic.net/common/?autoRotate=true&type=w278_sharpen&src=https%3A%2F%2Fnaverbooking-phinf.pstatic.net%2F20240311_37%2F1710096277786TAMtm_JPEG%2Fimage.jpg', 'https://search.pstatic.net/common/?autoRotate=true&type=w278_sharpen&src=https%3A%2F%2Fnaverbooking-phinf.pstatic.net%2F20240311_275%2F1710096288519Li6dn_JPEG%2Fimage.jpg']","서울특별시 마포구 와우산로21길 20-5 (서교동, 지하1층)",노라바라,274.95,193166.9889,450348.9015,02-333-3119,화: 16:00 - 06:00; 수: 16:00 - 06:00; 목: 16:00 - 06:00; 금: 16:00 - 07:00; 토: 16:00 - 07:00; 일: 16:00 - 06:00; 월: 16:00 - 06:00,248,"['예약', '단체 이용 가능', '무선 인터넷']",무료 주차 가능,"['음식이 맛있어요', '단체모임 하기 좋아요', '기본 안주가 좋아요', '친절해요']","['룸', '단체석', '연인석', '1인석', '입식']","[[""순살치킨"", 19000], [""버팔로윙스틱"", 20000], [""쥐포튀김+알새우칩"", 19000], [""마늘간장치킨"", 20000], [""볶음탕수육"", 20000]]",양식
259,"['https://search.pstatic.net/common/?autoRotate=true&type=w560_sharpen&src=https%3A%2F%2Fldb-phinf.pstatic.net%2F20170618_175%2F1497776394932bpayo_JPEG%2F186568578973493_0.jpeg', 'https://search.pstatic.net/common/?autoRotate=true&type=w278_sharpen&src=https%3A%2F%2Fldb-phinf.pstatic.net%2F20170618_239%2F1497776395687yTDh7_JPEG%2F186568578973493_1.jpeg', 'https://search.pstatic.net/common/?autoRotate=true&type=w278_sharpen&src=https%3A%2F%2Fldb-phinf.pstatic.net%2F20170618_80%2F1497776396435hgKXH_JPEG%2F186568578973493_2.jpeg']","서울특별시 마포구 와우산로29길 14-7 (서교동, 1층)",모미모미 홍대본점,44.49,193656.7568,450323.787,02-2138-7354,수: 10:30 - 21:00; 목: 10:30 - 21:00; 금: 10:30 - 21:00; 토: 10:30 - 21:00; 일: 10:30 - 21:00; 월: 10:30 - 21:00; 화: 10:30 - 21:00,937,"['단체 이용 가능', '포장', '무선 인터넷']",,"['음식이 맛있어요', '재료가 신선해요', '친절해요', '양이 많아요']",[],"[[""오사카풍 멘치카츠 정식"", 14000], [""샤르르 연어장 정식"", 15000], [""빚조은 생연어 정식"", 15000], [""몽블랑 스테이크 정식"", 16000], [""샤르르 연어장 덮밥"", 13000], [""빚조은 연어 덮밥"", 13000]]",일식
260,"['https://search.pstatic.net/common/?autoRotate=true&type=w560_sharpen&src=https%3A%2F%2Fldb-phinf.pstatic.net%2F20150831_9%2F14410186319294R46h_PNG%2F146965555450558_0.png', 'https://search.pstatic.net/common/?autoRotate=true&type=w278_sharpen&src=https%3A%2F%2Fldb-phinf.pstatic.net%2F20150831_138%2F14410186321639qQPF_JPEG%2F146965555450558_1.jpg', 'https://search.pstatic.net/common/?autoRotate=true&type=w278_sharpen&src=https%3A%2F%2Fldb-phinf.pstatic.net%2F20150831_23%2F14410186324070uozN_JPEG%2F146965555450558_2.jpg']","서울특별시 마포구 어울마당로 58-1 (서교동,1층)",깐부치킨,89.83,192982.3766,449782.4797,02-325-7512,,60,['포장'],,"['음식이 맛있어요', '재료가 신선해요', '친절해요', '단체모임 하기 좋아요']",[],"[[""숯불 핫 바베큐구이"", 21000], [""고추간장 순살치킨"", 23000], [""로스트 윙봉"", 19000], [""마늘간장 순살치킨"", 23000], [""마늘간장 크런치윙봉"", 22000], [""마늘간장치킨"", 22000], [""바삭한식스팩"", 23000], [""빠삭커리네순살치킨"", 23000], [""빠삭커리네윙봉"", 23000], [""빠삭커리네치킨"", 23000], [""스윗 순살치킨"", 23000], [""크런치 윙봉"", 20000], [""크리스피 순살치킨"", 22000], [""크리스피윙봉"", 21000], [""크리스피치킨"", 22000], [""파닭 순살치킨"", 22000], [""핫 바베큐 로스트윙봉"", 22000], [""핫 바베큐 순살치킨"", 22000], [""후라이드치킨"", 20000], [""깐부통닭"", 19000]]",양식
261,"['https://search.pstatic.net/common/?autoRotate=true&type=w560_sharpen&src=https%3A%2F%2Fldb-phinf.pstatic.net%2F20220830_87%2F1661870115100Vss1Q_JPEG%2F147-IMG_4981.jpg', 'https://search.pstatic.net/common/?autoRotate=true&type=w278_sharpen&src=https%3A%2F%2Fldb-phinf.pstatic.net%2F20220830_207%2F1661870110023vpeSk_JPEG%2F83-IMG_4745.jpg', 'https://search.pstatic.net/common/?autoRotate=true&type=w278_sharpen&src=https%3A%2F%2Fldb-phinf.pstatic.net%2F20220719_93%2F16582252887954ly29_JPEG%2FKakaoTalk_20220718_192840837.jpg']","서울특별시 마포구 독막로7길 20 (서교동,1층)",몽주방,103.48,192786.2352,449607.9105,0507-1364-7875,수: 16:00 - 01:00; 목: 16:00 - 01:00; 금: 16:00 - 02:30; 토: 16:00 - 02:30; 일: 16:00 - 01:00; 월: 16:00 - 01:00; 화: 16:00 - 01:00,899,"['무선 인터넷', '단체 이용 가능', '예약']",,"['음식이 맛있어요', '특별한 메뉴가 있어요', '인테리어가 멋져요', '친절해요']",[],"[[""돈카츠나베"", 27000], [""몽도리탕"", 28000], [""삼겹김치찜"", 26000], [""아롱스지수육"", 32000], [""육회 한상"", 32000], [""육회"", 25000], [""소고기 타다끼"", 25000], [""레몬크림 가라아게"", 18000], [""닭목살구이"", 18000], [""청어알 두부쌈"", 16000], [""명란 계란말이"", 15000], [""탕수육"", 16000], [""제육두부김치"", 18000], [""창란젓크림치즈"", 10000]]",양식
262,"['https://search.pstatic.net/common/?autoRotate=true&type=w560_sharpen&src=https%3A%2F%2Fldb-phinf.pstatic.net%2F20200617_113%2F15923700253538Qdo0_JPEG%2FIxLTf5gtZKsjuuDgKU0aZUZi.jpg', 'https://search.pstatic.net/common/?autoRotate=true&type=w278_sharpen&src=https%3A%2F%2Fpup-review-phinf.pstatic.net%2FMjAyMzAyMDRfMjQg%2FMDAxNjc1NDg4MjEyMzc1.-xEa_vbAHb1C52EMRAqDmW1UgpCAc9Ghq_-MutTH9kIg.IKYOfdohWyawwazM5JXCcP8nA6J-C6WML5iH81-VYCgg.JPEG%2FC52D308E-27FC-44EA-B5B6-FBC80A2CBFA6.jpeg', 'https://search.pstatic.net/common/?autoRotate=true&type=w278_sharpen&src=https%3A%2F%2Fpup-review-phinf.pstatic.net%2FMjAyMjEwMjNfMjA5%2FMDAxNjY2NDU5NTk5NDEw.RucpZSBOvzSLyXwsDCZnKRViNmeDnV5AUo1GnHA7_AMg.fayFP8RsBj3ZSXu15U_Y6-2cnxsDNXBoQlF26RUDsoAg.JPEG%2F5BC4449B-E1AC-4FB0-9C6E-C3FCF384D099.jpeg']","서울특별시 마포구 월드컵북로7길 11 (서교동,성지빌딩1층 104호)",갯마을,35.2,192617.2652,450646.3182,02-337-9087,,92,[],,"['음식이 맛있어요', '가성비가 좋아요', '친절해요', '양이 많아요']",[],"[[""모듬생선구이"", 50000], [""병어조림"", 50000], [""무침(갑오징어/병어꼬막)"", 30000], [""고등어구이"", 11000], [""삼치구이"", 11000], [""가자미구이"", 11000], [""갈치구이"", 11000], [""조기구이"", 11000], [""아구탕"", 26000], [""대구탕"", 30000], [""삼식이탕"", 26000], [""고등어조림"", 26000], [""갈치조림"", 26000], [""오징어볶음"", 26000], [""고추장불고기"", 22000], [""병어막회"", 35000], [""갑오징어숙회"", 35000], [""오징어숙회"", 23000], [""꼬막"", 23000], [""생굴"", 23000]]",양식
263,"['https://search.pstatic.net/common/?autoRotate=true&type=w560_sharpen&src=https%3A%2F%2Fldb-phinf.pstatic.net%2F20221129_300%2F1669733874923KOvR9_JPEG%2FIMG_20220320_180024_508.jpg', 'https://search.pstatic.net/common/?autoRotate=true&type=w278_sharpen&src=https%3A%2F%2Fldb-phinf.pstatic.net%2F20221129_10%2F1669733833237nSUn3_JPEG%2FIMG_20220622_013016_502.jpg', 'https://search.pstatic.net/common/?autoRotate=true&type=w278_sharpen&src=https%3A%2F%2Fldb-phinf.pstatic.net%2F20221129_110%2F1669733813952GXL6f_JPEG%2FIMG_20221102_212743_879.jpg']","서울특별시 마포구 와우산로29길 44, 2층 (서교동)",애쉬앤블룸 1,93.49,193548.1504,450386.4168,0507-1332-1591,,170,"['예약', '단체 이용 가능', '포장', '무선 인터넷']",주차 가능,"['술이 다양해요', '친절해요', '인테리어가 멋져요', '대화하기 좋아요']",[],"[[""위스키"", null], [""요리"", null], [""칵테일"", null]]",양식
264,"['https://search.pstatic.net/common/?autoRotate=true&type=w560_sharpen&src=https%3A%2F%2Fldb-phinf.pstatic.net%2F20220914_30%2F1663093069822mmUM3_JPEG%2F%25C0%25DC%25C4%25A11.jpg', 'https://search.pstatic.net/common/?autoRotate=true&type=w278_sharpen&src=https%3A%2F%2Fldb-phinf.pstatic.net%2F20220914_80%2F1663093154027JyYXk_JPEG%2F%25C0%25AF%25BA%25CE1.jpg', 'https://search.pstatic.net/common/?autoRotate=true&type=w278_sharpen&src=https%3A%2F%2Fldb-phinf.pstatic.net%2F20220914_32%2F1663093115193iTQer_JPEG%2F%25BA%25F1%25BA%25F61.jpg']","서울특별시 마포구 동교로 103 (서교동,1층)",명품잔치국수집,53.51,192283.0735,450276.021,0507-1399-2008,수: 10:00 - 22:00; 목: 10:00 - 22:00; 금: 10:00 - 22:00; 토: 10:00 - 22:00; 일: 정기휴무 (매주 일요일); 월: 10:00 - 22:00; 화: 10:00 - 22:00,430,"['단체 이용 가능', '무선 인터넷']",주차 가능,"['음식이 맛있어요', '양이 많아요', '가성비가 좋아요', '친절해요']",[],"[[""잔치국수"", 7000], [""김치국수"", 8000], [""유부국수"", 8000], [""비빔국수"", 8000], [""연두부국수"", 8000], [""물만두"", 6000], [""왕만두"", 6000], [""연두부김치국수"", 9000]]",한식
265,"['https://search.pstatic.net/common/?autoRotate=true&type=w560_sharpen&src=https%3A%2F%2Fldb-phinf.pstatic.net%2F20170801_81%2F1501562022188qLhyj_JPEG%2F_.jpg', 'https://search.pstatic.net/common/?autoRotate=true&type=w278_sharpen&src=https%3A%2F%2Fldb-phinf.pstatic.net%2F20160511_240%2F1462928414030Csb61_JPEG%2F176461503033845_0.jpeg', 'https://search.pstatic.net/common/?autoRotate=true&type=w278_sharpen&src=https%3A%2F%2Fldb-phinf.pstatic.net%2F20160511_287%2F1462928414127kkzp3_JPEG%2F176461503033845_1.jpeg']","서울특별시 마포구 양화로 122 (서교동, 1층 일부)",옹다래찜닭.디저트,141.94,192912.1548,450205.1988,0507-1367-8763,수: 11:00 - 23:00; 목: 11:00 - 23:00; 금: 11:00 - 23:00; 토: 11:00 - 23:00; 일: 11:00 - 22:00; 월: 11:00 - 23:00; 화: 11:00 - 23:00,282,"['콜키지 가능', '예약', '단체 이용 가능', '포장', '배달']",유료 주차 가능,"['음식이 맛있어요', '양이 많아요', '매장이 넓어요', '친절해요']","['좌식', '룸', '단체석']","[[""옹다래찜닭(소)"", 29000], [""고추장찜닭(L)"", 34000], [""신홍초찜닭(L)"", 36000], [""순살치즈찜닭(L)"", 37000]]",한식
266,"['https://search.pstatic.net/common/?autoRotate=true&type=w560_sharpen&src=https%3A%2F%2Fldb-phinf.pstatic.net%2F20240507_21%2F1715076148143LOoph_JPEG%2F1608823475336-0.jpg', 'https://search.pstatic.net/common/?autoRotate=true&type=w278_sharpen&src=https%3A%2F%2Fldb-phinf.pstatic.net%2F20240507_137%2F1715076147259NmD3u_JPEG%2F1714411101957.jpg', 'https://search.pstatic.net/common/?autoRotate=true&type=w278_sharpen&src=https%3A%2F%2Fldb-phinf.pstatic.net%2F20240507_262%2F1715076147170vbQF1_JPEG%2F1541763782262.jpg']","서울특별시 마포구 월드컵로14길 12 (서교동, 1층)",사이,50.0,192086.303,450407.5612,0507-1357-7725,수: 18:00 - 05:30; 목: 18:00 - 05:30; 금: 18:00 - 05:30; 토: 18:00 - 05:30; 일: 정기휴무 (매주 일요일); 월: 18:00 - 05:30; 화: 18:00 - 05:30,190,"['예약', '무선 인터넷']",,"['음식이 맛있어요', '친절해요', '특별한 메뉴가 있어요', '대화하기 좋아요']",[],"[[""오늘의사시미"", 29000], [""유자세비체"", 19000], [""우니(성게알)"", 27000], [""제주광어스테이크"", 24000], [""얼큰해물파스타"", 23000]]",한식
267,"['https://search.pstatic.net/common/?autoRotate=true&type=w560_sharpen&src=https%3A%2F%2Fldb-phinf.pstatic.net%2F20220312_295%2F1647052694176Ilkh4_JPEG%2FKakaoTalk_20220312_113721619.jpg', 'https://search.pstatic.net/common/?autoRotate=true&type=w278_sharpen&src=https%3A%2F%2Fldb-phinf.pstatic.net%2F20220312_135%2F16470527159774KTY4_JPEG%2FKakaoTalk_20220312_113721619_02.jpg', 'https://search.pstatic.net/common/?autoRotate=true&type=w278_sharpen&src=https%3A%2F%2Fldb-phinf.pstatic.net%2F20220312_43%2F1647052709766NpUxI_JPEG%2FKakaoTalk_20220312_113721619_01.jpg']","서울특별시 마포구 양화로6길 21 (서교동, 1층일부)",통영박이충무김밥,32.8,192461.9162,449668.6535,02-335-4979,수: 10:00 - 20:30; 목: 10:00 - 20:30; 금: 10:00 - 20:30; 토: 10:00 - 20:00; 일: 10:00 - 20:00; 월: 10:00 - 20:30; 화: 10:00 - 20:30,306,"['포장', '무선 인터넷', '예약', '반려동물 동반']",주차 가능,"['음식이 맛있어요', '혼밥하기 좋아요', '재료가 신선해요', '친절해요']",[],"[[""충무김밥(8개)"", 7000], [""충무김밥(12개)"", 10000], [""충무김밥(10개)"", 8500], [""한강즉석라면"", 3500]]",한식
268,"['https://search.pstatic.net/common/?autoRotate=true&type=w560_sharpen&src=https%3A%2F%2Fldb-phinf.pstatic.net%2F20220610_165%2F1654827748213fPe16_JPEG%2FD0297B71-45F9-40F1-AF55-9BEE46F12D95.jpeg', 'https://search.pstatic.net/common/?autoRotate=true&type=w278_sharpen&src=https%3A%2F%2Fldb-phinf.pstatic.net%2F20221227_245%2F1672099640726bP6eF_JPEG%2F566E13AF-7028-43E8-A5A3-CD9F623FC422.jpeg', 'https://search.pstatic.net/common/?autoRotate=true&type=w278_sharpen&src=https%3A%2F%2Fpup-review-phinf.pstatic.net%2FMjAyMjExMThfMTcy%2FMDAxNjY4NzA4MzUzMDA4.5nTnKVDHhkFs-d2cCdetpvH2uWsXnywezBlNvf78-BYg.B2miXb1aYGxYoYWuQ4Oxchg2L08JT88drtUGem2gLjsg.JPEG%2FDC63085B-7999-43B8-9C6C-EA4664055F90.jpeg']","서울특별시 마포구 와우산로29라길 26 (서교동, 지층일부)",마시타야,44.5,193445.9325,450285.43,0507-1368-5715,수: 11:00 - 17:30; 목: 11:00 - 17:30; 금: 11:00 - 17:30; 토: 11:00 - 17:30; 일: 11:00 - 17:30; 월: 11:00 - 17:30; 화: 11:00 - 17:30,286,[],주차 불가,"['음식이 맛있어요', '혼밥하기 좋아요', '특별한 메뉴가 있어요', '친절해요']",['카운터석'],"[[""시오라멘"", 11000], [""블랙라멘"", 11000], [""곤부스이 츠케멘"", 12000]]",일식
269,"['https://search.pstatic.net/common/?autoRotate=true&type=w560_sharpen&src=https%3A%2F%2Fldb-phinf.pstatic.net%2F20190527_12%2F1558948651953iqda3_JPEG%2Ff2_rwh70QzdgkXfaep4p5IZe.jpg', 'https://search.pstatic.net/common/?autoRotate=true&type=w278_sharpen&src=https%3A%2F%2Fldb-phinf.pstatic.net%2F20190527_73%2F1558948754236yNVH5_JPEG%2FVhluqqaILFWGheUkKz3j_Gly.jpg', 'https://search.pstatic.net/common/?autoRotate=true&type=w278_sharpen&src=https%3A%2F%2Fldb-phinf.pstatic.net%2F20190527_223%2F15589488527052ocXW_JPEG%2FOg3v7oLZsA3eBLU5w5ukD6p_.jpg']","서울특별시 마포구 양화로 58, 1층 102,103,104,105호 (서교동, 명지한강빌드웰)",마포오리농장,250.59,192457.1205,449770.0694,02-332-1826,,579,"['콜키지 가능', '단체 이용 가능', '포장', '배달', '예약', '무선 인터넷', '유아의자']",무료 주차 가능,"['음식이 맛있어요', '매장이 넓어요', '고기 질이 좋아요', '단체모임 하기 좋아요']","['룸', '단체석']","[[""양푼이김치찌게"", 9000], [""주물럭정식"", 10000], [""훈제정식"", 10000], [""소내장탕"", 11000], [""능이버섯백숙"", 80000], [""연잎 황토 진흙구이"", 80000], [""삼채누룽지백숙"", 73000], [""생오리 로스구이 (1인) (300g)"", 21000], [""생오리 주물럭 (1인) (300g)"", 24000], [""오리훈제구이 (1인) (300g)"", 22000], [""더덕 생오리 주물럭 (중)"", 52000], [""능이버섯 닭백숙"", 80000], [""능이삼계탕"", 21000], [""삼채삼계탕"", 19000], [""들깨삼계탕"", 18000], [""녹두삼계탕"", 16000], [""오리곰탕"", 9000], [""닭곰탕"", 9000]]",한식
270,"['https://search.pstatic.net/common/?autoRotate=true&type=w560_sharpen&src=https%3A%2F%2Fpup-review-phinf.pstatic.net%2FMjAyMjExMjVfMTYw%2FMDAxNjY5MzY1Nzc5OTc2.SPnX1LXwqXiQdTzmBOkIB2sV3wrKBXVxNSGUXPow4OQg.yMGsSvVpZwUy3KHDcUiLVYnzT7Kcz538BVpHmsOuMGMg.JPEG%2FB6C2C6D1-211D-42F9-9EB4-8E1539843816.jpeg', 'https://search.pstatic.net/common/?autoRotate=true&type=w278_sharpen&src=https%3A%2F%2Fpup-review-phinf.pstatic.net%2FMjAyNTAxMTVfMjE2%2FMDAxNzM2OTE4NjY3NzM1.RuL6TJMw2WXPjf3zotQeo8fWYGcGur_UgETPvoIMql4g.-STYknup2rvvTQDWYkaQ_r7OX8Bb-tNf2ds8y0Erxncg.JPEG%2FF0894B78-D1C6-4807-BD0C-0F46B424A6DA.jpeg', 'https://search.pstatic.net/common/?autoRotate=true&type=w278_sharpen&src=https%3A%2F%2Fpup-review-phinf.pstatic.net%2FMjAyMjEyMDhfMTIg%2FMDAxNjcwNDc3ODUzMDE1.rJoQRHhLnDZodL6H3bPeH_ayCXenQ844wvIPFnv2SjEg.FiNe8QU4RPcXd4-AKxudY0WSealDGYdm3NmxgdDXpKsg.JPEG%2F20221208_123311.jpg']","서울특별시 마포구 잔다리로7길 37 (서교동,1층)",몽마르뜨언덕,36.8,192485.1844,450113.4958,0507-1349-7649,,68,[],,"['음식이 맛있어요', '재료가 신선해요', '양이 많아요', '반찬이 잘 나와요']",[],[],한식
271,"['https://search.pstatic.net/common/?autoRotate=true&type=w560_sharpen&src=https%3A%2F%2Fldb-phinf.pstatic.net%2F20200514_171%2F1589440131326rD3hN_JPEG%2FcapO5B6Zqx9bPfTdTLoF5DvU.jpg', 'https://search.pstatic.net/common/?autoRotate=true&type=w278_sharpen&src=https%3A%2F%2Fldb-phinf.pstatic.net%2F20200514_62%2F1589440131364bCTa6_JPEG%2FRz6Xn_g3fbKuDyDAYMNeUgXE.jpg', 'https://search.pstatic.net/common/?autoRotate=true&type=w278_sharpen&src=https%3A%2F%2Fldb-phinf.pstatic.net%2F20200514_216%2F1589440131379iSCqk_JPEG%2FOBKCxJyKnT2juh3AghzQvd6A.jpg']","서울특별시 마포구 와우산로21길 36-12 (서교동, 지층)",주섬주섬,104.12,193048.3007,450080.1902,0507-1325-5230,수: 16:00 - 23:00; 목: 16:00 - 23:00; 금: 16:00 - 24:00; 토: 16:00 - 24:00; 일: 16:00 - 23:00; 월: 정기휴무 (매주 월요일); 화: 16:00 - 23:00,128,['무선 인터넷'],,"['음식이 맛있어요', '친절해요', '가성비가 좋아요', '음악이 좋아요']",[],"[[""베이컨 크림 파스타"", 7900], [""쉬림프 로제 파스타"", 9900], [""간장 치킨 리조또"", 9900], [""버터 감바스"", 12900], [""멘보샤"", 11900]]",한식
272,"['https://search.pstatic.net/common/?autoRotate=true&type=w560_sharpen&src=https%3A%2F%2Fldb-phinf.pstatic.net%2F20150901_228%2F1441081327421jhAUv_JPEG%2FSUBMIT_1391684598975_34079350.jpg', 'https://search.pstatic.net/common/?autoRotate=true&type=w278_sharpen&src=https%3A%2F%2Fldb-phinf.pstatic.net%2F20220903_129%2F1662187369151DVSfh_JPEG%2F20220903_152625.jpg', 'https://search.pstatic.net/common/?autoRotate=true&type=w278_sharpen&src=https%3A%2F%2Fldb-phinf.pstatic.net%2F20150901_299%2F1441081327198VrzI1_JPEG%2FSUBMIT_1391672219259_34079350.jpg']","서울특별시 마포구 와우산로 156, 2층 (서교동)",와우끝집,92.0,193781.3129,450288.6943,,수: 17:00 - 22:00; 목: 17:00 - 22:00; 금: 17:00 - 22:00; 토: 17:00 - 22:00; 일: 정기휴무 (매주 일요일); 월: 17:00 - 22:00; 화: 17:00 - 22:00,124,"['콜키지 가능', '무선 인터넷', '단체 이용 가능']",주차 불가,"['음식이 맛있어요', '재료가 신선해요', '특별한 메뉴가 있어요', '양이 많아요']",['단체석'],"[[""숙성회 (4인)"", 120000], [""숙성회 (3인)"", 90000], [""숙성회 (2인)"", 60000], [""숙성회 마끼"", 7000], [""김치라면"", 7000]]",양식
273,"['https://search.pstatic.net/common/?autoRotate=true&type=w560_sharpen&src=https%3A%2F%2Fldb-phinf.pstatic.net%2F20150831_9%2F14410289446350spdM_JPEG%2F11721468_0.jpg', 'https://search.pstatic.net/common/?autoRotate=true&type=w278_sharpen&src=https%3A%2F%2Fldb-phinf.pstatic.net%2F20150831_128%2F1441028944802vbDy2_JPEG%2F11721468_1.jpg', 'https://search.pstatic.net/common/?autoRotate=true&type=w278_sharpen&src=https%3A%2F%2Fldb-phinf.pstatic.net%2F20200513_56%2F1589363327792E9Mui_JPEG%2Fcv58Wc_YJCm0Agd61Pcls8Rk.jpg']","서울특별시 마포구 양화로7길 12 (서교동,1층)",마포만두,88.73,192434.9663,449909.7595,02-333-9842,수: 08:00 - 22:00; 목: 08:00 - 22:00; 금: 08:00 - 22:00; 토: 08:00 - 22:00; 일: 08:00 - 22:00; 월: 08:00 - 22:00; 화: 08:00 - 22:00,967,[],,"['음식이 맛있어요', '가성비가 좋아요', '혼밥하기 좋아요', '친절해요']",[],"[[""알밥"", 5500], [""비빔냉면"", 6500], [""갈비만두"", 3500], [""카레만두"", 3500], [""찹쌀순대"", 3500]]",한식
274,"['https://search.pstatic.net/common/?autoRotate=true&type=w560_sharpen&src=https%3A%2F%2Fldb-phinf.pstatic.net%2F20150831_299%2F1441026435219yLN8J_JPEG%2F12824364_0.jpg', 'https://search.pstatic.net/common/?autoRotate=true&type=w278_sharpen&src=https%3A%2F%2Fldb-phinf.pstatic.net%2F20150831_297%2F1441026435453g3lYW_JPEG%2F12824364_1.jpg', 'https://search.pstatic.net/common/?autoRotate=true&type=w278_sharpen&src=https%3A%2F%2Fldb-phinf.pstatic.net%2F20150831_192%2F1441026435689e6umX_JPEG%2F12824364_2.jpg']","서울특별시 마포구 어울마당로 116, 2층 (서교동)",포몬스 홍대점,132.09,193155.5571,450299.3905,02-326-2001,수: 10:00 - 23:00; 목: 10:00 - 23:00; 금: 10:00 - 23:00; 토: 10:00 - 23:00; 일: 10:00 - 23:00; 월: 10:00 - 23:00; 화: 10:00 - 23:00,258,"['예약', '포장', '배달']",,"['음식이 맛있어요', '친절해요', '양이 많아요', '매장이 넓어요']",[],"[[""분보싸오"", 11500], [""나시고랭"", 9500], [""닭쌀국수"", 8500], [""뜸양쿵 쌀국수"", 12000], [""마늘소스 닭어깨튀김"", 5000], [""매실탕수육"", 14000], [""모듬전식"", 9500], [""새우 롤"", 5000], [""수육쌀국수"", 9500], [""스프링롤"", 4500], [""얇게 썬 홍두깨, 차돌박이 쌀국수"", 8500], [""연어 롤"", 7000], [""연어샐러드"", 9500], [""웨딩쇼마이"", 4500], [""잘 익힌 양지 쌀국수"", 8500], [""짜조"", 5000], [""특선모듬전식"", 15000], [""파인애플 새우볶음밥"", 9500], [""해산물 팟타이"", 9500]]",한식
275,"['https://search.pstatic.net/common/?autoRotate=true&type=w560_sharpen&src=https%3A%2F%2Fldb-phinf.pstatic.net%2F20181008_191%2F1538935399288nvBsY_JPEG%2Ft2zMP7xjmgyzQI3xgRlEqBde.jpg', 'https://search.pstatic.net/common/?autoRotate=true&type=w278_sharpen&src=https%3A%2F%2Fldb-phinf.pstatic.net%2F20181008_124%2F1538935399277ifDv2_JPEG%2FTeE5FiNwGOQn8toMjLNI3r4-.jpg', 'https://search.pstatic.net/common/?autoRotate=true&type=w278_sharpen&src=https%3A%2F%2Fldb-phinf.pstatic.net%2F20181008_25%2F1538935399294aGVsE_JPEG%2FR8-icLISPsxFP1hVBxHBSeij.jpg']","서울특별시 마포구 어울마당로 136-18 (서교동, 1층 일부)",마왕족발,32.4,193344.2558,450382.7553,0507-1371-7844,수: 16:00 - 01:30; 목: 16:00 - 01:30; 금: 16:00 - 01:30; 토: 11:00 - 01:30; 일: 11:00 - 01:30; 월: 16:00 - 01:30; 화: 16:00 - 01:30,332,"['포장', '배달', '예약', '무선 인터넷']",주차 가능,"['음식이 맛있어요', '양이 많아요', '고기 질이 좋아요', '친절해요']",[],"[[""족발볶음밥"", null], [""마라볶음밥"", null], [""갈릭족발"", null], [""껍데기볶음"", null], [""당면냉채족발"", null], [""마왕세트"", null], [""마왕통구이 쭈꾸미세트"", null], [""미니족구이"", null], [""반반세트"", null], [""보쌈구이"", null], [""불보쌈"", null], [""불족발"", null], [""열무국수"", null], [""쟁반국수"", null], [""직화소금구이"", null], [""천사세트"", null], [""클래식족발"", null], [""클래식족발 쭈꾸미세트"", null], [""파인애플 샤베트"", null], [""마왕통구이"", null]]",양식
276,"['https://search.pstatic.net/common/?autoRotate=true&type=w560_sharpen&src=https%3A%2F%2Fpup-review-phinf.pstatic.net%2FMjAyMjA3MTNfNzQg%2FMDAxNjU3Njg5NDQ5NTMx.Q0i7yEHSR95XPYL3uhB2bWx7w41z4GnwR3xLUjwf9eAg.DsDeQR98UfemqUfNnvS2phF0NGYrsF7hYZ7tNHmD_usg.JPEG%2Fupload_cba91c14b2d0fd5b61a262f8a67df690.jpeg', 'https://search.pstatic.net/common/?autoRotate=true&type=w278_sharpen&src=https%3A%2F%2Fpup-review-phinf.pstatic.net%2FMjAyMjA4MjhfMjE2%2FMDAxNjYxNjYzMDEyNDk0.FC94z3fBtTzeILAPdQ6H9tdYXTpBAscnZl_Oz4AoLp0g.onXWRUgl3sEgd--DrarwZuBHRb787FoMDrIxRlJEl-og.JPEG%2FC4CCB4B6-94E7-4208-AC04-DB004062F93C.jpeg', 'https://search.pstatic.net/common/?autoRotate=true&type=w278_sharpen&src=https%3A%2F%2Fpup-review-phinf.pstatic.net%2FMjAyMjA5MTFfMjEw%2FMDAxNjYyOTAyMjMyNzYw.PEt9nTTXWjW5m7HXRhklNZc7Hmjjt8WacEE15lLJJWsg.FsnbdFY1Lm75u8Dee8GuBPhTZFCibpu6QyX_2BkOPwcg.JPEG%2F296B949A-BDB8-4573-BDFD-2CC3EB361D53.jpeg']","서울특별시 마포구 와우산로23길 52, 2층 (서교동)",맘대로 마라탕훠궈,92.4,193191.4105,450322.1836,,수: 정기휴무 (매주 수요일); 목: 23:00 - 23:05; 금: 정기휴무 (매주 금요일); 토: 정기휴무 (매주 토요일); 일: 정기휴무 (매주 일요일); 월: 정기휴무 (매주 월요일); 화: 정기휴무 (매주 화요일),64,['무한 리필'],주차 불가,"['음식이 맛있어요', '재료가 신선해요', '가성비가 좋아요', '양이 많아요']",['좌식'],[],일식
277,"['https://search.pstatic.net/common/?autoRotate=true&type=w560_sharpen&src=https%3A%2F%2Fldb-phinf.pstatic.net%2F20210530_129%2F1622361960419lX0Ge_JPEG%2FqmvzTcLhyowAd_L_PK6JfmOb.jpg', 'https://search.pstatic.net/common/?autoRotate=true&type=w278_sharpen&src=https%3A%2F%2Fldb-phinf.pstatic.net%2F20210530_77%2F1622361969309r4FXt_JPEG%2FUhqSGjT-0DWHPEdu8V_9cgF-.jpg', 'https://search.pstatic.net/common/?autoRotate=true&type=w278_sharpen&src=https%3A%2F%2Fldb-phinf.pstatic.net%2F20210530_133%2F1622361976862CwB4n_JPEG%2FDmgdj17Agd_annegREK6__9W.jpg']","서울특별시 마포구 양화로6길 99-7, 서교빌딩 1층 (서교동)",버켓크랩,46.95,192850.5948,449606.042,0507-1402-1640,수: 15:00 - 24:00; 목: 15:00 - 24:00; 금: 15:00 - 24:00; 토: 15:00 - 24:00; 일: 15:00 - 24:00; 월: 15:00 - 24:00; 화: 15:00 - 24:00,70,"['포장', '무선 인터넷', '배달', '단체 이용 가능', '반려동물 동반', '예약']",,"['음식이 맛있어요', '친절해요', '특별한 메뉴가 있어요', '재료가 신선해요']",[],"[[""대게 새우 버터구이"", 57500], [""크림새우 그라탕"", 18000], [""대게한마리 플레터"", 63500], [""크랩 반마리 콤보"", 33000], [""대게딱지 볶음밥"", 11000]]",양식
278,"['https://search.pstatic.net/common/?autoRotate=true&type=w560_sharpen&src=https%3A%2F%2Fldb-phinf.pstatic.net%2F20240617_254%2F1718617756460n5YeX_JPEG%2F%25BE%25F7%25C3%25BC%25BB%25E7%25C1%25F8.jpg', 'https://search.pstatic.net/common/?autoRotate=true&type=w278_sharpen&src=https%3A%2F%2Fldb-phinf.pstatic.net%2F20240617_243%2F1718618193773LQkEU_JPEG%2F%25BE%25F7%25C3%25BC%25BB%25E7%25C1%25F82.jpg', 'https://search.pstatic.net/common/?autoRotate=true&type=w278_sharpen&src=https%3A%2F%2Fpup-review-phinf.pstatic.net%2FMjAyNDA3MTFfMTk0%2FMDAxNzIwNjk0ODgyNzQ1.yLmG6Bd2ALJt9csdFu2jUcgdCDphyF6QnEZXwXPgtXcg.eq9vcYbVEzLACS5qwKBviQ8-5EPhgQHhXQYgz0ZDxzYg.JPEG%2F0AB28B87-7FBD-438E-B48A-DC2971899BBF.jpeg']","서울특별시 마포구 월드컵북로5길 22 (서교동,1층)",고랭,46.2,192638.3115,450539.3383,02-332-7838,수: 11:00 - 21:00; 목: 11:00 - 21:00; 금: 11:00 - 21:00; 토: 11:00 - 21:00; 일: 정기휴무 (매주 일요일); 월: 11:00 - 21:00; 화: 11:00 - 21:00,31,"['콜키지 가능', '단체 이용 가능', '포장', '무선 인터넷', '대기공간', '장애인 휠체어 이용가능', '장애인 휠체어 이용가능']",주차 불가,"['음식이 맛있어요', '친절해요', '양이 많아요', '특별한 메뉴가 있어요']","['바테이블', '1인석']","[[""돈빔빔냉면"", 10000], [""물냉면"", 8000], [""비빔냉면"", 8000], [""돈물냉면"", 10000], [""매콤돈비빔냉면"", 10000], [""매콤돈물냉면"", 10000], [""생등심돈까스"", 10000]]",한식
279,"['https://search.pstatic.net/common/?autoRotate=true&type=w560_sharpen&src=https%3A%2F%2Fldb-phinf.pstatic.net%2F20181101_242%2F1541012620539g2UGz_JPEG%2F0yRqILkkN4uJcysqatVKucCg.jpg', 'https://search.pstatic.net/common/?autoRotate=true&type=w278_sharpen&src=https%3A%2F%2Fldb-phinf.pstatic.net%2F20181101_93%2F15410126125913cFX7_JPEG%2FunxfCh7WCDgEoCGRyzxM_I-b.jpg', 'https://search.pstatic.net/common/?autoRotate=true&type=w278_sharpen&src=https%3A%2F%2Fldb-phinf.pstatic.net%2F20181030_110%2F1540903929252PkjqT_JPEG%2F4qVu7ZiA9zFGW90Si7omVMTd.jpg']","서울특별시 마포구 와우산로32길 38 (서교동,외1필지(9-6) 1층)",식이네,31.68,193948.3626,450272.1591,02-322-6787,수: 16:30 - 02:00; 목: 16:30 - 02:00; 금: 16:30 - 04:00; 토: 16:30 - 04:00; 일: 16:30 - 02:00; 월: 16:30 - 02:00; 화: 16:30 - 02:00,122,"['예약', '단체 이용 가능']",주차 불가,"['음식이 맛있어요', '재료가 신선해요', '가성비가 좋아요', '친절해요']",[],"[[""모듬사시미"", 35000], [""참치뱃살사시미"", 35000], [""전복"", 9000], [""연포탕"", 30000], [""메로구이"", 20000]]",양식
280,"['https://search.pstatic.net/common/?autoRotate=true&type=w560_sharpen&src=https%3A%2F%2Fldb-phinf.pstatic.net%2F20181226_178%2F1545821757444Svq7I_JPEG%2Fu1ILyj2nnPET4lq3OaMS44WQ.jpg', 'https://search.pstatic.net/common/?autoRotate=true&type=w278_sharpen&src=https%3A%2F%2Fldb-phinf.pstatic.net%2F20181226_8%2F1545822008854YYQfS_JPEG%2Fj10_AG5Ka6LohIluZ9vbeIy1.jpg', 'https://search.pstatic.net/common/?autoRotate=true&type=w278_sharpen&src=https%3A%2F%2Fldb-phinf.pstatic.net%2F20181226_210%2F15458217792377Ns00_JPEG%2FmdUxL0g-CKum_i6TYfyFAeNC.jpg']","서울특별시 마포구 와우산로15길 30 (서교동, 지1층)",제순식당 홍대점,63.0,193004.6956,449671.3307,02-336-2008,,232,"['포장', '무선 인터넷', '예약']",,"['음식이 맛있어요', '가성비가 좋아요', '친절해요', '혼밥하기 좋아요']",[],"[[""오제볶음(2인분이상)"", 9000], [""제육볶음(1인분)"", 8500], [""간장불고기(2인분이상)"", 8500], [""된장찌개"", 7500], [""순두부찌개"", 7500], [""간장오불(2인분이상)"", 9000], [""오징어볶음(2인분이상)"", 9500], [""쭈꾸미볶음(2인분이상)"", 10000], [""쭈제볶음(2인분이상)"", 9000]]",양식
281,"['https://search.pstatic.net/common/?autoRotate=true&type=w560_sharpen&src=https%3A%2F%2Fldb-phinf.pstatic.net%2F20150831_165%2F1440994716532qmWpY_JPEG%2FSUBMIT_1361270231624_31403121.jpg', 'https://search.pstatic.net/common/?autoRotate=true&type=w278_sharpen&src=https%3A%2F%2Fldb-phinf.pstatic.net%2F20150831_21%2F1440994716828Kciog_JPEG%2FSUBMIT_1361197245377_31403121.jpg', 'https://search.pstatic.net/common/?autoRotate=true&type=w278_sharpen&src=https%3A%2F%2Fldb-phinf.pstatic.net%2F20150831_87%2F144099471706688sEH_JPEG%2FSUBMIT_1361197247639_31403121.jpg']","서울특별시 마포구 어울마당로 136-5, 지하1층 (서교동)",우리닭갈비,37.14,193336.0388,450412.1447,02-338-1053,,289,[],,"['음식이 맛있어요', '가성비가 좋아요', '친절해요', '양이 많아요']",[],"[[""닭갈비(1인분)"", 11000], [""쫄면사리"", 2000], [""우동사리"", 2000], [""라면사리"", 2000], [""모짜렐라치즈"", 2000], [""치즈떡"", 2000], [""볶음밥"", 2000]]",한식
282,"['https://search.pstatic.net/common/?autoRotate=true&type=w560_sharpen&src=https%3A%2F%2Fldb-phinf.pstatic.net%2F20231006_182%2F1696587233264bpL6d_JPEG%2F1000001172.jpg', 'https://search.pstatic.net/common/?autoRotate=true&type=w278_sharpen&src=https%3A%2F%2Fldb-phinf.pstatic.net%2F20231006_44%2F1696587233241h9u5p_JPEG%2F1000001173.jpg', 'https://search.pstatic.net/common/?autoRotate=true&type=w278_sharpen&src=https%3A%2F%2Fldb-phinf.pstatic.net%2F20231006_73%2F1696587233257OEVwk_JPEG%2F1000001174.jpg']","서울특별시 마포구 양화로6길 77, 지상2층 (서교동)",술개구리,83.62,192730.6989,449594.516,0507-1446-1160,수: 17:00 - 24:00; 목: 17:00 - 24:00; 금: 17:00 - 24:00; 토: 17:00 - 24:00; 일: 17:00 - 23:00; 월: 정기휴무 (매주 월요일); 화: 17:00 - 24:00,61,"['예약', '포장', '무선 인터넷', '단체 이용 가능']",주차 불가,"['술이 다양해요', '음식이 맛있어요', '친절해요', '대화하기 좋아요']",[],"[[""닭볶음탕"", 28000], [""삼색전"", 30000], [""쭈꾸미돼지두루치기"", 30000], [""메밀전병"", 15000], [""떡갈비"", 15000], [""오징어순대"", 25000], [""골뱅이무침"", 20000], [""돼지두루치기"", 17000], [""오징어초무침"", 17000], [""감자채전"", 17000], [""김치전"", 17000], [""도토리묵"", 17000], [""두부김치"", 17000], [""감자전"", 17000], [""해물전"", 17000], [""해물짬뽕"", 20000], [""오뎅탕"", 20000], [""오징어버터구이"", 25000], [""떡볶이"", 15000], [""소야볶음"", 15000], [""쥐포튀김"", 15000]]",양식
283,"['https://search.pstatic.net/common/?autoRotate=true&type=w560_sharpen&src=https%3A%2F%2Fpup-review-phinf.pstatic.net%2FMjAyNTAxMDdfNTMg%2FMDAxNzM2MjQ4MzI2MjA4.kcVLZXaF61BepWv1cT89fnHi2mSHu3qyS6L5GCVeQrEg.z_mH-7WUW9DdCc_Ypns89SFwpnrDL_3LyX39d11wkXog.JPEG%2F1000027552.jpg.jpg', 'https://search.pstatic.net/common/?autoRotate=true&type=w278_sharpen&src=https%3A%2F%2Fpup-review-phinf.pstatic.net%2FMjAyMjA5MDlfNDQg%2FMDAxNjYyNzI1MjQ0OTg2.Ytnx-S6t_l3axNiOkerCfGWiTYD1XjSxPJvN4C3RW50g.l2ZKAAJSfUN-Uq9VU0u1MF3Z6x_a9_EGAObrxhfVpS4g.JPEG%2F584E8F2B-0F7E-47C4-BB6D-91CAB8EC06F4.jpeg', 'https://search.pstatic.net/common/?autoRotate=true&type=w278_sharpen&src=https%3A%2F%2Fpup-review-phinf.pstatic.net%2FMjAyMjEwMTBfMTE5%2FMDAxNjY1NDAzNDgyNzQz.RSDenzX-6y3HPc31mhzxY8_YclOoMKJD_x6OlYkghK0g.YYzGv-w2HquzL7xtiGh2cHSKG_Qq8e1J-bnNGVA052Eg.JPEG%2FC241BFD0-1F64-4D0A-B030-4AC116DE53B2.jpeg']","서울특별시 마포구 잔다리로3안길 21 (서교동, 1~2층)",베이스캠프,248.09,192833.4941,449833.6781,02-323-2360,수: 17:00 - 01:00; 목: 17:00 - 01:00; 금: 17:00 - 02:00; 토: 17:00 - 02:00; 일: 17:00 - 01:00; 월: 17:00 - 01:00; 화: 17:00 - 01:00,145,"['예약', '단체 이용 가능', '무선 인터넷', '반려동물 동반', '포장']",,"['음식이 맛있어요', '인테리어가 멋져요', '매장이 넓어요', '고기 질이 좋아요']",[],"[[""4인 SET"", 99000], [""3인 SET"", 74000], [""2인 SET"", 49000], [""목살 (200g)"", 13000], [""삼겹살 (200g)"", 13000], [""소갈비살 (200g)"", 18000], [""LA갈비 (250g)"", 18000], [""대하 (8ea)"", 24000], [""모듬버섯구이"", 12000], [""매운 껍데기"", 7000]]",양식
284,"['https://search.pstatic.net/common/?autoRotate=true&type=w560_sharpen&src=https%3A%2F%2Fldb-phinf.pstatic.net%2F20150901_137%2F1441095896529bBFAK_JPEG%2F166580558771046_17.jpg', 'https://search.pstatic.net/common/?autoRotate=true&type=w278_sharpen&src=https%3A%2F%2Fldb-phinf.pstatic.net%2F20150901_120%2F1441095896898IjjR5_JPEG%2F166580558771046_0.jpg', 'https://search.pstatic.net/common/?autoRotate=true&type=w278_sharpen&src=https%3A%2F%2Fldb-phinf.pstatic.net%2F20150901_8%2F14410958973539M1Xc_JPEG%2F166580558771046_1.jpg']","서울특별시 마포구 잔다리로3안길 44 (서교동, 지하1층 일부)",이치류,89.0,192783.3272,449819.251,02-3144-1312,수: 16:00 - 23:00; 목: 16:00 - 23:00; 금: 16:00 - 23:00; 토: 16:00 - 23:00; 일: 16:00 - 22:00; 월: 16:00 - 23:00; 화: 16:00 - 23:00,451,"['무선 인터넷', '유아의자', '대기공간']",주차 불가,"['음식이 맛있어요', '친절해요', '고기 질이 좋아요', '특별한 메뉴가 있어요']",[],"[[""특 양고기 생살칫살 (150g)"", 26000], [""양고기 생등심 (150g)"", 24000], [""고급 생양갈비 (200g)"", 28000], [""이치류 오뎅탕"", 20000]]",일식
285,"['https://search.pstatic.net/common/?autoRotate=true&type=w560_sharpen&src=https%3A%2F%2Fldb-phinf.pstatic.net%2F20241004_290%2F1728017207345ctsym_JPEG%2F%25C1%25A6%25B8%25F1%25C0%25BB-%25C0%25D4%25B7%25C2%25C7%25D8%25C1%25D6%25BC%25BC%25BF%25E4_-002.jpeg', 'https://search.pstatic.net/common/?autoRotate=true&type=w278_sharpen&src=https%3A%2F%2Fldb-phinf.pstatic.net%2F20241004_236%2F1728017207502geqtd_JPEG%2F001.jpeg', 'https://search.pstatic.net/common/?autoRotate=true&type=w278_sharpen&src=https%3A%2F%2Fldb-phinf.pstatic.net%2F20241004_121%2F1728017207585INBGC_JPEG%2F001.jpeg']","서울특별시 마포구 와우산로35길 11 (서교동, 지하1층일부)",턴테이블,42.0,193734.9568,450378.7634,02-6398-5115,수: 18:00 - 01:00; 목: 18:00 - 01:00; 금: 18:00 - 01:00; 토: 18:00 - 01:00; 일: 정기휴무 (매주 일요일); 월: 18:00 - 01:00; 화: 18:00 - 01:00,61,"['무선 인터넷', '반려동물 동반']",,"['커피가 맛있어요', '친절해요', '인테리어가 멋져요', '대화하기 좋아요']",[],"[[""Tt 시그니처 커피"", 7000], [""파티오 (HOT)"", 6000], [""블러섬 (HOT)"", 6000], [""골드브루 (HOT)"", 6000], [""밀크티"", 6000], [""코코아"", 6000], [""레몬에이드"", 6500], [""피치민트에이드"", 6500], [""말차파운드케이크"", 4500], [""촉촉브라우니"", 6000], [""바스크치즈케이크"", 7000]]",양식
286,"['https://search.pstatic.net/common/?autoRotate=true&type=w560_sharpen&src=https%3A%2F%2Fldb-phinf.pstatic.net%2F20240115_54%2F1705311308614nydEg_JPEG%2F%25BB%25C0%25C4%25AE%25B1%25B9%25BC%25F6_%25BF%25AC%25C3%25E2.jpg', 'https://search.pstatic.net/common/?autoRotate=true&type=w278_sharpen&src=https%3A%2F%2Fldb-phinf.pstatic.net%2F20240103_223%2F170427514443677ERD_JPEG%2F%25BB%25C0%25C4%25AE%25B1%25B9%25BC%25F6_%2528%25B8%25DE%25B4%25BA%25C6%25C7%2529.jpg', 'https://search.pstatic.net/common/?autoRotate=true&type=w278_sharpen&src=https%3A%2F%2Fldb-phinf.pstatic.net%2F20240103_204%2F1704275157130P0glC_JPEG%2F%25BA%25F1%25BA%25F6%25C4%25AE%25B1%25B9%25BC%25F6_%2528%25B8%25DE%25B4%25BA%25C6%25C7%2529.jpg']","서울특별시 마포구 양화로7길 84, 1층 (서교동)",평이담백 뼈칼국수,124.66,192321.4523,450233.1957,0507-1435-3454,수: 11:30 - 21:00; 목: 11:30 - 21:00; 금: 11:30 - 21:00; 토: 11:30 - 21:00; 일: 11:30 - 21:00; 월: 11:30 - 21:00; 화: 11:30 - 21:00,941,['포장'],주차 불가,"['음식이 맛있어요', '양이 많아요', '특별한 메뉴가 있어요', '재료가 신선해요']",[],"[[""뼈칼국수"", 11500], [""비빔칼국수"", 11000], [""고기부추만두(5개)"", 6000]]",양식
287,"['https://search.pstatic.net/common/?autoRotate=true&type=w560_sharpen&src=https%3A%2F%2Fldb-phinf.pstatic.net%2F20210904_38%2F1630689820937I6D9W_JPEG%2F1xFAy40fEX5avYX9PbnRyCzg.jpg', 'https://search.pstatic.net/common/?autoRotate=true&type=w278_sharpen&src=https%3A%2F%2Fldb-phinf.pstatic.net%2F20230418_271%2F1681813088907jG4IP_JPEG%2F20230321_173349.jpg', 'https://search.pstatic.net/common/?autoRotate=true&type=w278_sharpen&src=https%3A%2F%2Fldb-phinf.pstatic.net%2F20230324_283%2F1679617084234mdCOM_JPEG%2F20230316_131912.jpg']","서울특별시 마포구 홍익로 10 (서교동,서교푸르지오 B118,B119,B120호)",봉대박스파게티 홍대점,40.4,193187.803,450172.1789,02-326-0920,수: 12:00 - 20:30; 목: 12:00 - 20:30; 금: 12:00 - 20:30; 토: 12:00 - 20:30; 일: 12:00 - 20:30; 월: 12:00 - 20:30; 화: 12:00 - 20:30,110,"['예약', '단체 이용 가능', '포장', '배달', '무선 인터넷']",주차 가능,"['음식이 맛있어요', '가성비가 좋아요', '친절해요', '양이 많아요']",[],"[[""간장마늘찜닭(반마리)"", 20000], [""봉골레"", 6900], [""토마토 봉골레"", 8900], [""너구리 리조또"", 7900], [""고르곤졸라 피자"", 12900]]",양식
288,"['https://search.pstatic.net/common/?autoRotate=true&type=w560_sharpen&src=https%3A%2F%2Fldb-phinf.pstatic.net%2F20211025_238%2F1635164339808CEJiK_JPEG%2FLBkJ4v5fpZEn1Hsl3kcMqVPQ.jpg', 'https://search.pstatic.net/common/?autoRotate=true&type=w278_sharpen&src=https%3A%2F%2Fldb-phinf.pstatic.net%2F20210731_32%2F16277291119827CPAQ_PNG%2FKakaoTalk_20210731_175220619_03.png', 'https://search.pstatic.net/common/?autoRotate=true&type=w278_sharpen&src=https%3A%2F%2Fldb-phinf.pstatic.net%2F20210731_247%2F1627729111921ap99V_PNG%2FKakaoTalk_20210731_175220619_04.png']","서울특별시 마포구 양화로6길 57-7, 1층일부 (서교동)",든든,47.77,192642.4115,449642.2865,0507-1402-8782,수: 16:00 - 24:00; 목: 16:00 - 24:00; 금: 15:00 - 03:00; 토: 15:00 - 03:00; 일: 15:00 - 22:00; 월: 16:00 - 24:00; 화: 16:00 - 24:00,64,"['예약', '무선 인터넷']",,"['음식이 맛있어요', '술이 다양해요', '특별한 메뉴가 있어요', '대화하기 좋아요']",[],"[[""음식"", null], [""음식"", null], [""전통주"", null], [""증루즌"", null], [""증루주"", null], [""증류주"", null], [""주류"", null]]",한식
289,"['https://search.pstatic.net/common/?autoRotate=true&type=w560_sharpen&src=https%3A%2F%2Fldb-phinf.pstatic.net%2F20191226_150%2F1577288217317NwDjS_PNG%2Fimage.png', 'https://search.pstatic.net/common/?autoRotate=true&type=w278_sharpen&src=https%3A%2F%2Fldb-phinf.pstatic.net%2F20191226_132%2F1577288190003u3Xkt_PNG%2Fimage.png', 'https://search.pstatic.net/common/?autoRotate=true&type=w278_sharpen&src=https%3A%2F%2Fldb-phinf.pstatic.net%2F20191226_233%2F1577288200854juXcF_PNG%2Fimage.png']","서울특별시 마포구 잔다리로6길 40-6 (서교동,2층)",소고산제일루,83.0,192974.3294,449985.5475,02-3141-3045,수: 11:00 - 23:00; 목: 11:00 - 23:00; 금: 11:00 - 24:00; 토: 11:00 - 24:00; 일: 11:00 - 23:00; 월: 11:00 - 23:00; 화: 11:00 - 23:00,356,"['예약', '단체 이용 가능', '포장', '무선 인터넷', '배달']",,"['음식이 맛있어요', '재료가 신선해요', '친절해요', '특별한 메뉴가 있어요']",[],"[[""부추만두"", 6500], [""궈바로우"", 18000], [""마라탕"", 16000], [""마라면"", 8000], [""양꼬치 (8EA)"", 12000]]",중식
290,"['https://search.pstatic.net/common/?autoRotate=true&type=w560_sharpen&src=https%3A%2F%2Fldb-phinf.pstatic.net%2F20190128_180%2F15486408465903Qqdf_JPEG%2Fc4vLgR6R-1Fgj_Qsr4VgEjzd.jpeg.jpg', 'https://search.pstatic.net/common/?autoRotate=true&type=w278_sharpen&src=https%3A%2F%2Fldb-phinf.pstatic.net%2F20200905_111%2F1599298654477NDyt2_JPEG%2FEDDm2bYT0tPHoG8uvR10aM_4.jpg', 'https://search.pstatic.net/common/?autoRotate=true&type=w278_sharpen&src=https%3A%2F%2Fldb-phinf.pstatic.net%2F20200905_252%2F1599298683642c3MWx_JPEG%2FqyY1aAUnW9GQ5Mw1b3WG8OZK.jpg']","서울특별시 마포구 와우산로18길 29, 지1층 (서교동, Terra빌딩)",닭꼬얌,123.75,193197.3724,449912.0155,02-322-3331,,98,"['포장', '예약']",,"['음식이 맛있어요', '가성비가 좋아요', '재료가 신선해요', '양이 많아요']",[],"[[""닭쌈밥 (1인분)"", 8000], [""불고기닭쌈밥 (1인분)"", 8000], [""고바비 (1인분)"", 12000], [""닭쌈 (디너메뉴)"", 18000], [""불고기갉쌈 (디너메뉴)"", 18000]]",일식
291,"['https://search.pstatic.net/common/?autoRotate=true&type=w560_sharpen&src=https%3A%2F%2Fldb-phinf.pstatic.net%2F20230802_157%2F16909768142744Tx2i_JPEG%2F1690976801998.jpg', 'https://search.pstatic.net/common/?autoRotate=true&type=w278_sharpen&src=https%3A%2F%2Fpup-review-phinf.pstatic.net%2FMjAyNDA3MzFfMjQy%2FMDAxNzIyMzk5Njk1MjA4.IkpXTkMFdmo3x_aq4mIG3Sq84sJ8MdFpptyhHwihOgUg.Ccf9g7BxuuDjttrme_sXw7qwyiig5UVDw2GyVNS_ASgg.JPEG%2F02E03ABD-98DA-45DF-A0F4-139C036A4EE5.jpeg', 'https://search.pstatic.net/common/?autoRotate=true&type=w278_sharpen&src=https%3A%2F%2Fpup-review-phinf.pstatic.net%2FMjAyNDA1MzBfMjY4%2FMDAxNzE3MDQ2NDYxNTky.ZrjRwXRvM6OeNvxZEC4dnU-P7k7QN0jFOu2uZFzXQGgg.PeEbNsoc5SX0_zPm7v4f2w9rf1hqk66mIpg7kEATu5Ug.JPEG%2F20240519_010903.jpg.jpg']","서울특별시 마포구 양화로6길 67, 2층 (서교동)",고수포차 본점,159.45,192683.2688,449608.3249,0507-1421-2301,수: 17:00 - 01:00; 목: 17:00 - 01:00; 금: 17:00 - 02:00; 토: 16:00 - 02:00; 일: 16:00 - 24:00; 월: 17:00 - 01:00; 화: 17:00 - 01:00,57,"['단체 이용 가능', '무선 인터넷', '반려동물 동반']",,"['음식이 맛있어요', '친절해요', '인테리어가 멋져요', '양이 많아요']",[],"[[""김치우동"", 25000], [""얼큰차돌박이탕"", 25000], [""로제해물짬봉탕"", 25000], [""하얀고기짬뽕"", 25000], [""김치찌개"", 25000], [""오뎅탕"", 25000], [""순살마늘치킨"", 23000], [""순살양념치킨"", 23000], [""순살화이트치킨"", 23000], [""순살간장치킨"", 23000], [""순살후라이드치킨"", 23000], [""모듬감자튀김"", 18000]]",일식
292,"['https://search.pstatic.net/common/?autoRotate=true&type=w560_sharpen&src=https%3A%2F%2Fldb-phinf.pstatic.net%2F20241028_170%2F1730087530882vD6cd_JPEG%2FKakaoTalk_Photo_2024-10-28-12-16-57.jpeg', 'https://search.pstatic.net/common/?autoRotate=true&type=w278_sharpen&src=https%3A%2F%2Fldb-phinf.pstatic.net%2F20230823_172%2F16927632450532uiFE_JPEG%2FIMG_0742.jpeg', 'https://search.pstatic.net/common/?autoRotate=true&type=w278_sharpen&src=https%3A%2F%2Fldb-phinf.pstatic.net%2F20230823_75%2F1692763245089XRIuK_JPEG%2FIMG_0743.jpeg']","서울특별시 마포구 잔다리로2길 24, 2층 (서교동)",나성타코 홍대점,68.65,192968.2904,449923.187,02-332-8180,수: 11:30 - 21:00; 목: 11:30 - 21:00; 금: 11:30 - 23:00; 토: 11:30 - 23:00; 일: 11:30 - 23:00; 월: 11:30 - 21:00; 화: 11:30 - 21:00,667,"['무선 인터넷', '포장', '배달']",,"['음식이 맛있어요', '친절해요', '특별한 메뉴가 있어요', '재료가 신선해요']",[],"[[""알빠스또 타코"", 3900], [""까르네아사다 타코"", 4900], [""나성프라이즈"", 11900], [""나성나쵸"", 11900], [""퀘사디아"", 8900]]",기타
293,"['https://search.pstatic.net/common/?autoRotate=true&type=w560_sharpen&src=https%3A%2F%2Fldb-phinf.pstatic.net%2F20241101_108%2F1730436195339VsVfx_JPEG%2FKakaoTalk_20241031_154721936.jpg', 'https://search.pstatic.net/common/?autoRotate=true&type=w278_sharpen&src=https%3A%2F%2Fldb-phinf.pstatic.net%2F20240924_190%2F1727176097702wGGIV_JPEG%2F%25BE%25DF%25C5%25B0%25C5%25E4%25B8%25AE_%25C0%25CC%25C0%25DA%25C4%25AB%25BE%25DF.jpg', 'https://search.pstatic.net/common/?autoRotate=true&type=w278_sharpen&src=https%3A%2F%2Fldb-phinf.pstatic.net%2F20240924_293%2F17271761073589Rk5N_PNG%2FKakaoTalk_20240924_200700613.png']","서울특별시 마포구 와우산로29길 56-11 (서교동, 지1층 일부)",야키토리나루토 홍대,30.5,193509.8861,450470.5135,0507-1304-6835,수: 17:00 - 23:00; 목: 17:00 - 23:00; 금: 17:00 - 01:00; 토: 16:00 - 01:00; 일: 16:00 - 22:45; 월: 17:00 - 23:00; 화: 17:00 - 23:00,35,"['콜키지 가능', '예약', '단체 이용 가능', '무선 인터넷', '대기공간']",주차 불가,"['음식이 맛있어요', '친절해요', '특별한 메뉴가 있어요', '매장이 청결해요']","['단체석', '1인석', '바테이블', '카운터석', '테라스']","[[""모모(다리살)"", 4100], [""네기마(파와 다리살)"", 4100], [""세세리(목살)"", 4100], [""카와(껍질)"", 3100], [""하츠(염통)"", 3400], [""난코츠(가슴연골)"", 3100], [""스나기모(근위)"", 3100], [""본지리(엉덩이살)"", 3100], [""오비(종아리살)"", 3400], [""히레(허벅지안쪽살)"", 3400], [""소리레스(골반살)"", 3400], [""아킬레스"", 3400], [""후리소대(어깨살)"", 3100], [""토리하라미(안창살)"", 3100]]",양식
294,"['https://search.pstatic.net/common/?autoRotate=true&type=w560_sharpen&src=https%3A%2F%2Fldb-phinf.pstatic.net%2F20150831_33%2F1440996806655Cbhlq_JPEG%2F106565493563857_0.jpg', 'https://search.pstatic.net/common/?autoRotate=true&type=w278_sharpen&src=https%3A%2F%2Fldb-phinf.pstatic.net%2F20150831_212%2F1440996806878W31Gj_JPEG%2F13154854_1.jpg', 'https://search.pstatic.net/common/?autoRotate=true&type=w278_sharpen&src=https%3A%2F%2Fldb-phinf.pstatic.net%2F20150831_123%2F14409968071063sVwk_JPEG%2F13154854_2.jpg']","서울특별시 마포구 잔다리로 60, 1층동 (서교동)",시향,34.86,192666.6673,450115.6889,02-338-0723,수: 11:00 - 20:10; 목: 11:00 - 20:10; 금: 11:00 - 20:10; 토: 11:00 - 19:50; 일: 정기휴무 (매주 일요일); 월: 11:00 - 20:10; 화: 11:00 - 20:10,168,"['포장', '무선 인터넷', '예약', '단체 이용 가능']",주차 불가,"['음식이 맛있어요', '친절해요', '가성비가 좋아요', '재료가 신선해요']",[],"[[""짜장면"", 6000], [""짬뽕"", 7000], [""볶음밥"", 7000], [""탕수육(소)"", 14000], [""깐풍기"", 27000]]",중식
295,"['https://search.pstatic.net/common/?autoRotate=true&type=w560_sharpen&src=https%3A%2F%2Fldb-phinf.pstatic.net%2F20191106_276%2F1573021302621Bh2lR_JPEG%2Fr8iY8PMFz0Hk6jEEjQ6ne1cn.jpg', 'https://search.pstatic.net/common/?autoRotate=true&type=w278_sharpen&src=https%3A%2F%2Fpup-review-phinf.pstatic.net%2FMjAyMjEwMTBfODMg%2FMDAxNjY1MzMwMzAzMDU3.DE755Wp7PGPXfHeeSwTGjaUohhu78A3Nop_tMQ-tIdsg.680XC5EvL89yDhgRyBY1SNrAPeFWA4ZDeh4E1qmL6QUg.JPEG%2F3D690716-62A2-473E-8161-FE359B3807DF.jpeg', 'https://search.pstatic.net/common/?autoRotate=true&type=w278_sharpen&src=https%3A%2F%2Fpup-review-phinf.pstatic.net%2FMjAyMzA0MTZfMTE4%2FMDAxNjgxNjU0NjY5MzQy.lx_reWY12WIHKC1yDxGk70y6SrSVrJ2hv0Y94IdOpQcg.vuqTq85h8zRp5IdVG8-OZW-sXBgQyjyLiBAZZIeIo-Ig.JPEG%2FA4ADB3B0-4675-417D-9C06-DF4B24498C51.jpeg']","서울특별시 마포구 어울마당로 100-8 (서교동, 1,2층)",홍대 마포껍데기,91.22,193090.1353,450155.8321,0507-1446-1135,수: 17:00 - 23:30; 목: 17:00 - 23:30; 금: 17:00 - 23:30; 토: 17:00 - 23:30; 일: 정기휴무 (매주 일요일); 월: 17:00 - 23:30; 화: 17:00 - 23:30,116,"['예약', '단체 이용 가능', '무선 인터넷']",주차 불가,"['음식이 맛있어요', '고기 질이 좋아요', '친절해요', '가성비가 좋아요']",[],"[[""A세트(2인분)"", 30000], [""B세트(2인분)"", 43000], [""C세트(2인분)"", 54000], [""벌집껍데기(150g)"", 9000], [""돼지막창(150g)"", 12000], [""주먹고기(150g)"", 12000], [""꼬들살(150g)"", 12000], [""뒷고기(150g)"", 12000], [""무뼈닭발(200g)"", 15000], [""삼겹살(150g)"", 13000], [""오돌뼈(150g)"", 12000], [""한우된장찌개"", 8000], [""껍데기볶음밥"", 6000], [""갈치속젖볶음밥"", 6000], [""된장찌개"", 8000], [""해장라면"", 5000], [""곰취육개장"", 8000], [""냉면(물/비빔)"", 6000]]",한식
296,"['https://search.pstatic.net/common/?autoRotate=true&type=w560_sharpen&src=https%3A%2F%2Fldb-phinf.pstatic.net%2F20170109_126%2F1483929505455iUTTH_JPEG%2F1.jpg', 'https://search.pstatic.net/common/?autoRotate=true&type=w278_sharpen&src=https%3A%2F%2Fldb-phinf.pstatic.net%2F20170110_184%2F1484029682747Nk2nY_JPEG%2F16.jpg', 'https://search.pstatic.net/common/?autoRotate=true&type=w278_sharpen&src=https%3A%2F%2Fldb-phinf.pstatic.net%2F20190503_295%2F1556863765349KCO9D_JPEG%2FmtQitlqEChXDyxwXr7rRyuDR.jpg']","서울특별시 마포구 와우산로29길 4-13, 1층 (서교동)",림가기,44.73,193692.5169,450313.8823,02-3141-8808,수: 11:40 - 22:00; 목: 11:40 - 22:00; 금: 11:40 - 22:00; 토: 11:40 - 22:00; 일: 11:40 - 22:00; 월: 11:40 - 22:00; 화: 정기휴무 (매주 화요일),168,"['예약', '포장', '무선 인터넷', '배달']",,"['음식이 맛있어요', '친절해요', '특별한 메뉴가 있어요', '재료가 신선해요']",[],"[[""오리 쌀국수"", 10800], [""차슈 쌀국수"", 10800], [""사천식 매콤탕면"", 10800], [""홍콩식 오리구이 (반마리)"", 38000], [""홍콩식 오리구이(한마리)"", 68000], [""새우 장분"", 9800], [""차슈 장분"", 9800], [""야채 장분"", 9800], [""홍콩식 림가차슈"", 45000]]",중식
297,"['https://search.pstatic.net/common/?autoRotate=true&type=w560_sharpen&src=https%3A%2F%2Fldb-phinf.pstatic.net%2F20210522_100%2F1621645518357bbYFv_JPEG%2FhYQNTe5YjUjszcWzSjjNWThD.jpeg.jpg', 'https://search.pstatic.net/common/?autoRotate=true&type=w278_sharpen&src=https%3A%2F%2Fldb-phinf.pstatic.net%2F20210522_77%2F16216455293094Uuje_JPEG%2FW0VNE7g_dmyLgoN5hp3ZZhdO.jpeg.jpg', 'https://search.pstatic.net/common/?autoRotate=true&type=w278_sharpen&src=https%3A%2F%2Fldb-phinf.pstatic.net%2F20210522_12%2F16216455375744XLfM_JPEG%2F2IHwPd8bJ0UOe-DOgmAV-0ub.jpeg.jpg']","서울특별시 마포구 동교로12길 13 (서교동, 1층일부)",커피디지 합정점,79.2,192200.4037,450166.7792,0507-1432-8938,수: 08:00 - 22:00; 목: 08:00 - 22:00; 금: 08:00 - 22:00; 토: 08:00 - 20:00; 일: 08:00 - 20:00; 월: 08:00 - 22:00; 화: 08:00 - 22:00,78,['무선 인터넷'],,"['커피가 맛있어요', '친절해요', '가성비가 좋아요', '대화하기 좋아요']",[],"[[""에스프레소(HOT)"", 2500], [""에스프레소(ICE)"", 3000], [""아메리카노(HOT)"", 2900], [""헤이즐넛 아메리카노(ICE)"", 4000], [""초코라떼(HOT)"", 3500]]",양식
298,"['https://search.pstatic.net/common/?autoRotate=true&type=w560_sharpen&src=https%3A%2F%2Fldb-phinf.pstatic.net%2F20230712_238%2F1689164912748F56o5_JPEG%2F%25C7%25D2%25B0%25A1%25B6%25B1_%25C0%25FC%25B0%25E6.jpg', 'https://search.pstatic.net/common/?autoRotate=true&type=w278_sharpen&src=https%3A%2F%2Fpup-review-phinf.pstatic.net%2FMjAyMzA1MjlfMjkx%2FMDAxNjg1MzYzODMzNjM2.2O2ZszeFFMAJPX0wvqARWY3KZbD17gYjtNMzIAnyXRog.bveZ15jevZ1oZPYmMRCACgzfd6_5kkkQFrKXBdoDiDAg.JPEG%2F24D2CF4D-68F6-4CA7-9D92-CAC3AF284D1D.jpeg', 'https://search.pstatic.net/common/?autoRotate=true&type=w278_sharpen&src=https%3A%2F%2Fpup-review-phinf.pstatic.net%2FMjAyMzA3MTNfMzMg%2FMDAxNjg5MjIwNjQyMDI1.g7cdoeNffu9tmx1sRPpN-Ub5L0o2PWNwZRIkn0nMMV4g.DMhnmgu3_2NpgC6QOSw6vESEzAZtcjkXjpeCD81fdFcg.JPEG%2F92939F97-DCAF-4D36-BE3B-35FAF1A0B781.jpeg']","서울특별시 마포구 어울마당로 136-18, 101호 (서교동)",할머니가래떡볶이,32.4,193344.2558,450382.7553,02-335-0107,수: 11:00 - 22:30; 목: 11:00 - 22:30; 금: 11:00 - 22:30; 토: 11:00 - 22:30; 일: 11:00 - 22:00; 월: 정기휴무 (매주 월요일); 화: 11:00 - 22:30,104,['포장'],,"['음식이 맛있어요', '양이 많아요', '친절해요', '가성비가 좋아요']",[],"[[""물쫄면"", null], [""남.김.모 세트"", null], [""남.순.모 세트"", null], [""남포동떡볶이"", null], [""남포동떡볶이+할머니통닭세트"", null], [""돈까스덮밥"", null], [""로제가래떡볶이"", null], [""마라떡볶이"", null], [""모듬튀김"", null], [""밀떡볶이"", null], [""새우떡강정"", null], [""어묵볶이"", null], [""오징어튀김"", null], [""우동볶이"", null], [""짜장떡볶이"", null], [""치킨덮밥"", null], [""할가떡튀김 세트"", null], [""할머니가래떡볶이"", null], [""할머니꼬마김밥"", null], [""모듬전"", null]]",양식
299,"['https://search.pstatic.net/common/?autoRotate=true&type=w560_sharpen&src=https%3A%2F%2Fpup-review-phinf.pstatic.net%2FMjAyMzA3MDJfMzEg%2FMDAxNjg4MjY5MjIwNDUy.RSDzWdopSGP2HY5MCcENb4HBDYfJHT7232zc2Jittasg._f3lAzJ7REVJskR2oIcJZfqvKpZbMreulWbE22vHUaIg.JPEG%2F8DED86C2-2FA5-4466-822B-A1F5687E79BC.jpeg', 'https://search.pstatic.net/common/?autoRotate=true&type=w278_sharpen&src=https%3A%2F%2Fpup-review-phinf.pstatic.net%2FMjAyMzA0MDRfMjEy%2FMDAxNjgwNjE3Mjc4MzA4._GaytcUwJ4HBKXD3uQP5W0WhI8hA_BOCkfN-AZgvboUg.FFJ2g8VN3jZc8V-119WB0eJDTuRgjiUsMgNA9yB5UG4g.JPEG%2F5C917B84-23FC-41A9-87F0-B5049A3D59E8.jpeg', 'https://search.pstatic.net/common/?autoRotate=true&type=w278_sharpen&src=https%3A%2F%2Fpup-review-phinf.pstatic.net%2FMjAyMzA3MDJfNDcg%2FMDAxNjg4MjY5MjIxMzI4.E_CObcAH9FM3kkZK6PX_XaLdO6pFWMzSml-rbx5HJXYg.fE6H757XxgxR4VbcxRysK0jyEku7owUyUwbgEBWDVPog.JPEG%2F1B02373E-CF63-4F57-829D-9F92E5743A55.jpeg']","서울특별시 마포구 잔다리로6길 34-12, 1층 (서교동)",타마고,72.6,193558.033,450297.1521,02-322-1910,수: 18:00 - 01:00; 목: 18:00 - 01:00; 금: 18:00 - 01:00; 토: 18:00 - 01:00; 일: 18:00 - 01:00; 월: 18:00 - 01:00; 화: 18:00 - 01:00,143,[],,"['음식이 맛있어요', '특별한 메뉴가 있어요', '친절해요', '재료가 신선해요']",[],"[[""고베의소바메시"", 9500], [""카라아게"", 10000], [""야키소바"", 12000], [""대창볶음"", 21000], [""대창야키소바"", 17500], [""해물스페샬야키소바"", 15000], [""야키우동"", 12000], [""오므라이스"", 9000], [""굴튀김"", 8000], [""명란젓구이"", 7500]]",일식
300,"['https://search.pstatic.net/common/?autoRotate=true&type=w560_sharpen&src=https%3A%2F%2Fldb-phinf.pstatic.net%2F20241213_26%2F1734099196841MsG2K_JPEG%2F20241001_155412.jpg', 'https://search.pstatic.net/common/?autoRotate=true&type=w278_sharpen&src=https%3A%2F%2Fldb-phinf.pstatic.net%2F20241213_107%2F1734099196482K5Rsb_JPEG%2F1728460803948.jpg', 'https://search.pstatic.net/common/?autoRotate=true&type=w278_sharpen&src=https%3A%2F%2Fldb-phinf.pstatic.net%2F20241213_162%2F1734099196663AnfWk_JPEG%2F1728460797442.jpg']","서울특별시 마포구 와우산로27길 79 (서교동, 2층)",춘리마라탕 홍대점,85.2,193247.0091,450376.312,,,309,[],,"['음식이 맛있어요', '재료가 신선해요', '양이 많아요', '가성비가 좋아요']",[],[],한식
301,"['https://search.pstatic.net/common/?autoRotate=true&type=w560_sharpen&src=https%3A%2F%2Fldb-phinf.pstatic.net%2F20240408_204%2F17125535236015QBTR_JPEG%2F57251442_322376888447410_2097806722792473548_n.jpg', 'https://search.pstatic.net/common/?autoRotate=true&type=w278_sharpen&src=https%3A%2F%2Fpup-review-phinf.pstatic.net%2FMjAyMzA3MDRfMTk2%2FMDAxNjg4NDI4Nzg5MzQ4.sAo-QvA0mbcBbx3VQTp7bT5JhmAjQs5pbjVXkMH1zK4g.otE1braGQfEQeEZM76CijM7Rw9Lwhg2RqEWXGESACdcg.JPEG%2FIMG_5395.jpeg', 'https://search.pstatic.net/common/?autoRotate=true&type=w278_sharpen&src=https%3A%2F%2Fpup-review-phinf.pstatic.net%2FMjAyMzA3MDRfMjc0%2FMDAxNjg4NDI4Nzg5NjEw.OmAhyl53Uiw21Hr3p5VlidWn2odsIRVfynBLd1kIUMYg.bOR15IO0n15C7nyxRQDWs6sFHixrBCebhyVswy60uAsg.JPEG%2FIMG_5406.jpeg']","서울특별시 마포구 와우산로18길 12 (서교동, 1층)",효봉포차,129.79,193190.0065,449828.095,,,124,[],,"['음식이 맛있어요', '특별한 메뉴가 있어요', '친절해요', '대화하기 좋아요']",[],"[[""스지탕"", 21000], [""숭어탕수"", 22000], [""삼겹살계란볶음"", 14000], [""매운스지볶음"", 15000], [""채끝살 수비드"", 18000]]",한식
302,"['https://search.pstatic.net/common/?autoRotate=true&type=w560_sharpen&src=https%3A%2F%2Fldb-phinf.pstatic.net%2F20170111_20%2F1484124696284CBAXq_JPEG%2F186061578156_0.JPG', 'https://search.pstatic.net/common/?autoRotate=true&type=w278_sharpen&src=https%3A%2F%2Fldb-phinf.pstatic.net%2F20170111_69%2F1484124696332Owhdq_JPEG%2F186061578156_1.JPG', 'https://search.pstatic.net/common/?autoRotate=true&type=w278_sharpen&src=https%3A%2F%2Fldb-phinf.pstatic.net%2F20170111_48%2F14841246963809RSbd_JPEG%2F186061578156_2.JPG']","서울특별시 마포구 월드컵북로5길 21 (서교동, 1층 일부)",미미방,39.9,192661.5565,450515.9701,,수: 11:00 - 01:00; 목: 11:00 - 01:00; 금: 11:00 - 01:00; 토: 11:00 - 02:00; 일: 11:00 - 02:00; 월: 11:00 - 01:00; 화: 11:00 - 01:00,79,[],,"['음식이 맛있어요', '가성비가 좋아요', '친절해요', '특별한 메뉴가 있어요']",[],"[[""미미방 해물 미소라멘"", 8000], [""미미방 해물 미소라멘"", 8000], [""미미방 라멘"", 8000], [""미미방 라멘"", 8000], [""사케(생연어)동"", 7000], [""생 연어 사시미"", 19000], [""베이컨 숙주볶음"", 15000]]",일식
303,"['https://search.pstatic.net/common/?autoRotate=true&type=w560_sharpen&src=https%3A%2F%2Fldb-phinf.pstatic.net%2F20150901_278%2F1441116877136DQ1OU_JPEG%2FSUBMIT_1427211322671_34959252.jpg', 'https://search.pstatic.net/common/?autoRotate=true&type=w278_sharpen&src=https%3A%2F%2Fldb-phinf.pstatic.net%2F20150901_15%2F1441116877359oOEYB_JPEG%2FSUBMIT_1427211358974_34959252.jpg', 'https://search.pstatic.net/common/?autoRotate=true&type=w278_sharpen&src=https%3A%2F%2Fldb-phinf.pstatic.net%2F20150901_50%2F1441116877565sUFI8_JPEG%2FSUBMIT_1427211356697_34959252.jpg']","서울특별시 마포구 잔다리로7안길 3 (서교동, 1층일부)",자성당,18.0,192620.5296,450073.7824,02-324-1707,,367,['예약'],,"['음식이 맛있어요', '특별한 메뉴가 있어요', '양이 많아요', '혼밥하기 좋아요']",[],"[[""자성당 온쫄면"", 7000], [""어묵 온쫄면"", 7000], [""비빔 쫄면"", 7000], [""냉 쫄면"", 7000], [""떡볶이"", 5000], [""마약계란김밥"", 5000], [""순대"", 4500], [""모듬튀김"", 7000], [""튀김만두"", 5000]]",한식
304,"['https://search.pstatic.net/common/?autoRotate=true&type=w560_sharpen&src=https%3A%2F%2Fldb-phinf.pstatic.net%2F20240522_224%2F1716347415053fel74_JPEG%2F%25A1%25DAKM_00023.jpeg', 'https://search.pstatic.net/common/?autoRotate=true&type=w278_sharpen&src=https%3A%2F%2Fldb-phinf.pstatic.net%2F20240522_278%2F17163474165946pI9m_JPEG%2F%25A1%25DAKM_00126.jpeg', 'https://search.pstatic.net/common/?autoRotate=true&type=w278_sharpen&src=https%3A%2F%2Fldb-phinf.pstatic.net%2F20240522_41%2F1716347415712TmFJs_JPEG%2F%25A1%25DAKM_00062.jpeg']","서울특별시 마포구 잔다리로6길 36 (서교동,동천빌딩 1층)",제주특별집,72.0,192967.8833,449999.1359,02-336-3888,수: 16:00 - 03:00; 목: 16:00 - 03:00; 금: 16:00 - 03:00; 토: 16:00 - 03:00; 일: 12:00 - 24:00; 월: 16:00 - 03:00; 화: 16:00 - 03:00,417,"['단체 이용 가능', '예약', '대기공간']",주차 불가,"['음식이 맛있어요', '고기 질이 좋아요', '특별한 메뉴가 있어요', '인테리어가 멋져요']",[],"[[""제주 특별세트(중/450g)"", 49000], [""제주 인기세트(중/450g)"", 54000], [""제주돼지 삼겹살(180g)"", 18000], [""제주돼지 목살 (180g)"", 18000], [""제주돼지 껍데기"", 9900], [""제주 특별세트(대/700g)"", 75000], [""추가 모듬 반접시(300g)"", 30000], [""꽃게 된장찌개"", 9900], [""도야지 김치찌개"", 9900], [""제주 청귤 막국수"", 6900], [""비빔 막국수"", 6900], [""들기름 막국수"", 6900], [""멸치 짜박이밥"", 5900], [""고사리 볶음밥"", 5900], [""특별집 토닉 하이볼"", 5900], [""상큼한 청귤 하이볼"", 5900], [""달콤한 청귤 츄하이(사와)"", 5900], [""새콤달콤 딸기 하이볼"", 5900], [""제주 인기세트(대/700g)"", 78000]]",한식
305,"['https://search.pstatic.net/common/?autoRotate=true&type=w560_sharpen&src=https%3A%2F%2Fldb-phinf.pstatic.net%2F20230617_119%2F1686984435254TdRiE_JPEG%2F20230424_180313.jpg', 'https://search.pstatic.net/common/?autoRotate=true&type=w278_sharpen&src=https%3A%2F%2Fldb-phinf.pstatic.net%2F20230617_53%2F1686984343534WTsTW_JPEG%2F20230613_134505.jpg', 'https://search.pstatic.net/common/?autoRotate=true&type=w278_sharpen&src=https%3A%2F%2Fpup-review-phinf.pstatic.net%2FMjAyMzA1MjBfMjA0%2FMDAxNjg0NTUyNjA0NDYw.dJKSbmBzfZ4W7SxOZg09WBIM7WweC4AO9fkaNsMh4tMg.2eYIuXe8MsZvlnqZKh0shuUNl7G8D5SfHOE7JLfjEikg.JPEG%2F3E39110B-EF0D-43A1-A67F-F6F9ADB8DCFC.jpeg']","서울특별시 마포구 와우산로23길 48 (서교동,지하1층)",비비리2,104.84,193189.1498,450296.9222,0507-1395-3568,수: 11:30 - 20:30; 목: 11:30 - 20:30; 금: 11:30 - 22:00; 토: 11:30 - 22:00; 일: 11:30 - 20:30; 월: 11:30 - 20:30; 화: 11:30 - 20:30,155,"['포장', '예약', '무선 인터넷', '단체 이용 가능']",,"['음식이 맛있어요', '재료가 신선해요', '양이 많아요', '가성비가 좋아요']",[],"[[""비빔밥"", 9000]]",양식
306,"['https://search.pstatic.net/common/?autoRotate=true&type=w560_sharpen&src=https%3A%2F%2Fldb-phinf.pstatic.net%2F20191111_251%2F1573483483185dztDq_JPEG%2Fimage.jpg', 'https://search.pstatic.net/common/?autoRotate=true&type=w278_sharpen&src=https%3A%2F%2Fldb-phinf.pstatic.net%2F20191115_176%2F1573818201847Ovt2A_JPEG%2Fimage.jpg', 'https://search.pstatic.net/common/?autoRotate=true&type=w278_sharpen&src=https%3A%2F%2Fldb-phinf.pstatic.net%2F20191115_75%2F15738182109138UGXc_JPEG%2Fimage.jpg']","서울특별시 마포구 양화로6길 9 (서교동,지하1층)",마포소문난족발,72.0,192421.034,449682.107,0507-1343-2850,수: 11:00 - 23:00; 목: 11:00 - 23:00; 금: 11:00 - 23:00; 토: 11:00 - 23:00; 일: 정기휴무 (매주 일요일); 월: 11:00 - 23:00; 화: 11:00 - 23:00,271,[],,"['음식이 맛있어요', '양이 많아요', '가성비가 좋아요', '친절해요']",[],"[[""기본순대국"", 10000], [""얼큰순대국"", 10000], [""우거지순대국"", 10000], [""김치순대국"", 10000], [""뼈해장국"", 10000], [""정식 (순대국/뼈해장국+한접시)"", 14000], [""왕족발 (앞발)"", 41000], [""왕족발 (뒷발)"", 37000], [""매운불족발"", 42000], [""굴쌈족발"", 49000], [""보쌈 (중)"", 35000], [""굴보쌈"", 49000], [""쟁반국수"", 10000], [""수육순대모듬"", 30000], [""순대 (소)"", 10000], [""술국"", 20000], [""감자탕"", 35000]]",한식
307,"['https://search.pstatic.net/common/?autoRotate=true&type=w560_sharpen&src=https%3A%2F%2Fldb-phinf.pstatic.net%2F20210116_189%2F1610786122390E1Ckz_JPEG%2Fimage.jpg', 'https://search.pstatic.net/common/?autoRotate=true&type=w278_sharpen&src=https%3A%2F%2Fpup-review-phinf.pstatic.net%2FMjAyMjA4MTNfMjI3%2FMDAxNjYwMzcwOTYwMzkz.nTAhWroFwXVp7jZqUAykbE5O5BN4JIZS4U735pQO_uUg.ElKz5IDi9arjxiaPpTS0iCvL79DiIKcF8fa_wX-oMMUg.JPEG%2Fupload_776311024994b052fb3f7754832d1b9f.jpg', 'https://search.pstatic.net/common/?autoRotate=true&type=w278_sharpen&src=https%3A%2F%2Fpup-review-phinf.pstatic.net%2FMjAyMzA0MzBfMjEx%2FMDAxNjgyODY1NDA3MzIx.tZVpLxeC58j9E6mF_MlZr2HGfG03GqfV4GIkxC0GgQwg.OzCTV7-PIrKtBpNDaNkK5tvGnGU3hmBZdWuMnXSASMgg.JPEG%2F20230314_124416.jpg']","서울특별시 마포구 양화로7길 6-12 (서교동, 삼이빌딩 1층)",스시겐,80.51,192474.2462,449932.2891,0507-1454-7843,수: 11:30 - 22:00; 목: 11:30 - 22:00; 금: 11:30 - 22:00; 토: 11:30 - 22:00; 일: 정기휴무 (매주 일요일); 월: 11:30 - 22:00; 화: 11:30 - 22:00,83,['예약'],주차 가능,"['음식이 맛있어요', '재료가 신선해요', '친절해요', '매장이 청결해요']",[],"[[""모듬초밥(10ps)"", 25000], [""꽃초밥(지라시)"", 25000], [""모듬튀김"", 18000], [""진미회(소)"", 50000], [""1인 사시미"", 30000]]",일식
308,"['https://search.pstatic.net/common/?autoRotate=true&type=w560_sharpen&src=https%3A%2F%2Fldb-phinf.pstatic.net%2F20240507_86%2F1715081278730CQFga_JPEG%2F1714914483380.jpg', 'https://search.pstatic.net/common/?autoRotate=true&type=w278_sharpen&src=https%3A%2F%2Fldb-phinf.pstatic.net%2F20240507_184%2F1715081254447rArjJ_JPEG%2F1714914482854.jpg', 'https://search.pstatic.net/common/?autoRotate=true&type=w278_sharpen&src=https%3A%2F%2Fldb-phinf.pstatic.net%2F20240531_2%2F17171428832096QFpj_JPEG%2FIMG_8249-2.jpg']","서울특별시 마포구 독막로3길 24-11 (서교동, 지1층일부)",쿠시카츠 오지상,63.0,192648.1685,449656.4327,0507-1368-1573,수: 17:00 - 02:00; 목: 17:00 - 02:00; 금: 17:00 - 02:00; 토: 17:00 - 02:00; 일: 17:00 - 02:00; 화: 17:00 - 02:00,170,"['콜키지 가능', '비건 메뉴', '생일 혜택', '유기농 메뉴', '예약', '대기공간', '무선 인터넷']",유료 주차 가능,"['음식이 맛있어요', '친절해요', '특별한 메뉴가 있어요', '인테리어가 멋져요']","['카운터석', '연인석', '바테이블', '1인석', '입식']","[[""4000쿠시"", 4000], [""3500쿠시"", 3500], [""3000쿠시"", 3000], [""2500쿠시"", 2500]]",한식
309,"['https://search.pstatic.net/common/?autoRotate=true&type=w560_sharpen&src=https%3A%2F%2Fldb-phinf.pstatic.net%2F20171116_19%2F1510809403141ftaeD_JPEG%2FcEsmCwGKsc5aPZDOFlZYS9SF.JPG.jpg', 'https://search.pstatic.net/common/?autoRotate=true&type=w278_sharpen&src=https%3A%2F%2Fldb-phinf.pstatic.net%2F20211202_235%2F16384136343569Vosn_JPEG%2F%25B4%25D9%25BF%25EE%25B7%25CE%25B5%25E5_%25282%2529.jpg', 'https://search.pstatic.net/common/?autoRotate=true&type=w278_sharpen&src=https%3A%2F%2Fldb-phinf.pstatic.net%2F20211202_203%2F1638413638756IHjEa_JPEG%2F%25C0%25D4%25B1%25B8.jpg']","서울특별시 마포구 와우산로23길 50 (서교동, 2층)",하카타나카,74.96,193189.5541,450309.6009,02-332-3207,수: 정기휴무 (매주 수요일); 목: 11:00 - 21:00; 금: 11:00 - 21:00; 토: 11:00 - 21:00; 일: 11:00 - 21:00; 월: 11:00 - 21:00; 화: 11:00 - 21:00,509,"['포장', '무선 인터넷']",,"['음식이 맛있어요', '특별한 메뉴가 있어요', '혼밥하기 좋아요', '친절해요']",[],"[[""MR.다나카 정식"", 21800], [""치킨난반정식"", 15500], [""미소가지정식"", 17800], [""카라아게정식"", 15500], [""스테미나낫토정식"", 13500], [""자완무시"", 3800], [""돈지루"", 4000]]",한식
310,"['https://search.pstatic.net/common/?autoRotate=true&type=w560_sharpen&src=https%3A%2F%2Fldb-phinf.pstatic.net%2F20241119_271%2F1732020917657OFkbz_JPEG%2F20241119_174422.jpg', 'https://search.pstatic.net/common/?autoRotate=true&type=w278_sharpen&src=https%3A%2F%2Fldb-phinf.pstatic.net%2F20241119_1%2F1732021502112YAWIi_JPEG%2F_MG_23.jpg', 'https://search.pstatic.net/common/?autoRotate=true&type=w278_sharpen&src=https%3A%2F%2Fldb-phinf.pstatic.net%2F20241119_17%2F1732020933381eWgoQ_JPEG%2F%25B8%25DE%25B4%25BA%25C6%25C7_%25BE%25D5%25B8%25E9_%25C6%25E6%25C8%25AD_1.jpg']","서울특별시 마포구 홍익로3길 32 (서교동,1층)",노루목황소곱창,84.96,193001.8303,450093.8146,02-334-7891,수: 11:50 - 05:00; 목: 11:50 - 05:00; 금: 11:50 - 05:00; 토: 11:50 - 05:00; 일: 11:50 - 05:00; 월: 11:50 - 05:00; 화: 11:50 - 05:00,419,"['단체 이용 가능', '무선 인터넷']",주차 불가,"['음식이 맛있어요', '친절해요', '가성비가 좋아요', '매장이 넓어요']",[],"[[""알곱창(200g)"", 19000], [""특대창(250g)"", 18000], [""양깃머리(200g)"", 18000], [""소곱창모둠한판(350g)"", 27900], [""양념막창(200g)"", 10900], [""순대곱창(200g)"", 9900], [""야채곱창(200g)"", 9900], [""양모둠(250g)"", 18000], [""소약창(200g)"", 18000], [""곱창모둠전골(2인)"", 28000]]",양식
311,"['https://search.pstatic.net/common/?autoRotate=true&type=w560_sharpen&src=https%3A%2F%2Fldb-phinf.pstatic.net%2F20240906_268%2F1725562299240XcUHY_PNG%2F%25BD%25BA%25C5%25A9%25B8%25B0%25BC%25A6_2024-09-06_034944.png', 'https://search.pstatic.net/common/?autoRotate=true&type=w278_sharpen&src=https%3A%2F%2Fldb-phinf.pstatic.net%2F20230419_30%2F1681873463553mR29V_JPEG%2FKakaoTalk_20230407_165947490_03.jpg', 'https://search.pstatic.net/common/?autoRotate=true&type=w278_sharpen&src=https%3A%2F%2Fldb-phinf.pstatic.net%2F20230419_205%2F1681873463545UU2lg_JPEG%2FKakaoTalk_20230407_165947490_04.jpg']","서울특별시 마포구 잔다리로 9, 1층 (서교동)",온달집,107.1,193035.4279,449815.6315,02-332-4936,수: 17:00 - 05:00; 목: 17:00 - 05:00; 금: 17:00 - 06:00; 토: 17:00 - 06:00; 일: 17:00 - 05:00; 월: 17:00 - 05:00; 화: 17:00 - 05:00,201,"['단체 이용 가능', '무선 인터넷', '배달', '포장']",,"['음식이 맛있어요', '친절해요', '특별한 메뉴가 있어요', '양이 많아요']",[],"[[""닭다리살"", 13000], [""닭똥집"", 13000], [""꼼장어"", 14000], [""무뼈닭발"", 14000], [""치즈떡볶이"", 14000], [""간장마요밥"", 6000], [""심야우동"", 7000], [""심야오뎅탕"", 18000]]",양식
312,"['https://search.pstatic.net/common/?autoRotate=true&type=w560_sharpen&src=https%3A%2F%2Fldb-phinf.pstatic.net%2F20240603_171%2F1717394742124YjEmQ_JPEG%2F%25BB%25F3%25BC%25F607.JPG', 'https://search.pstatic.net/common/?autoRotate=true&type=w278_sharpen&src=https%3A%2F%2Fldb-phinf.pstatic.net%2F20240603_280%2F171739438046550GEO_JPEG%2F%25BB%25F3%25BC%25F609.JPG', 'https://search.pstatic.net/common/?autoRotate=true&type=w278_sharpen&src=https%3A%2F%2Fldb-phinf.pstatic.net%2F20240603_77%2F1717394303975eelgd_JPEG%2F%25BB%25F3%25BC%25F602.JPG']","서울특별시 마포구 와우산로15길 49, 1층 (서교동)",샤브로21 상수역,40.75,192943.9915,449600.9201,0507-1370-7614,수: 11:00 - 22:00; 목: 11:00 - 22:00; 금: 11:00 - 22:00; 토: 11:00 - 22:00; 일: 11:00 - 22:00; 월: 11:00 - 22:00; 화: 11:00 - 22:00,344,['무선 인터넷'],주차 불가,"['음식이 맛있어요', '재료가 신선해요', '가성비가 좋아요', '혼밥하기 좋아요']","['바테이블', '1인석', '연인석']","[[""샤브로21 샤브샤브"", 7500], [""얼큰 샤브샤브"", 8500], [""마라 샤브샤브"", 8800], [""미소 샤브샤브"", 8500], [""포 샤브샤브"", 8500], [""반반 샤브샤브"", 9000]]",한식
313,"['https://search.pstatic.net/common/?autoRotate=true&quality=95&type=w750&src=https%3A%2F%2Fldb-phinf.pstatic.net%2F20170724_99%2F1500905503442XJ4P2_JPEG%2F186674634159958_0.jpeg', 'https://search.pstatic.net/common/?autoRotate=true&type=w560_sharpen&src=https%3A%2F%2Fldb-phinf.pstatic.net%2F20170724_99%2F1500905503442XJ4P2_JPEG%2F186674634159958_0.jpeg', 'https://pup-review-phinf.pstatic.net/MjAyNTAxMDdfMjky/MDAxNzM2MjM0OTg4NjEx.kDpxQLrGVe8wwZJ8xV_9r-li4uiSUncqeeRdejuQ1Icg.Rn3uacliCNU5TXST2eyIUdeeHHGdxgog9s7jLAQxn0sg.JPEG/2035430B-6148-402C-9DBB-E87F6B294EDF.jpeg?type=w560_sharpen']","서울특별시 마포구 와우산로 91 (서교동, 1층)",르브와,72.21,193199.6066,450056.5894,02-6372-0660,수: 12:00 - 20:00; 목: 12:00 - 20:00; 금: 12:00 - 20:00; 토: 12:00 - 20:00; 일: 12:00 - 20:00; 월: 12:00 - 20:00; 화: 12:00 - 20:00,197,"['예약', '무선 인터넷']",주차 가능,"['품질이 좋아요', '종류가 다양해요', '친절해요', '가성비가 좋아요']",[],[],한식
314,"['https://search.pstatic.net/common/?autoRotate=true&type=w560_sharpen&src=https%3A%2F%2Fldb-phinf.pstatic.net%2F20150831_114%2F1441005628242Ra69V_JPEG%2FSUBMIT_1355815721145_12042070.jpg', 'https://search.pstatic.net/common/?autoRotate=true&type=w278_sharpen&src=https%3A%2F%2Fldb-phinf.pstatic.net%2F20150831_73%2F1441005628516ePAIP_JPEG%2FSUBMIT_1415161692813_12042070.jpg', 'https://search.pstatic.net/common/?autoRotate=true&type=w278_sharpen&src=https%3A%2F%2Fldb-phinf.pstatic.net%2F20150831_30%2F1441005628722iI9jh_JPEG%2FSUBMIT_1415161693897_12042070.jpg']","서울특별시 마포구 월드컵북로 5 (서교동, 1층)",조선화로구이,104.6,192932.1037,450363.921,02-3143-1300,수: 11:30 - 24:00; 목: 11:30 - 24:00; 금: 11:30 - 24:00; 토: 11:30 - 24:00; 일: 정기휴무 (매주 일요일); 월: 11:30 - 24:00; 화: 11:30 - 24:00,391,"['예약', '단체 이용 가능', '포장', '무선 인터넷', '배달', '장애인 휠체어 이용가능']",무료 주차 가능,"['음식이 맛있어요', '친절해요', '매장이 넓어요', '고기 질이 좋아요']",[],"[[""생갈비살(양념)(130g)"", 27000], [""생등심(130g)"", 32000], [""제비추리(130g)"", 35000], [""토시살(130g)"", 38000], [""살치살(130g)"", 38000], [""안창살(100g)"", 40000], [""육회(200g)"", 25000], [""물냉면(후식)"", 5000], [""비빔냉면(후식)"", 5000], [""생오겹살(180g)"", 16000], [""생목살돼지양념(250g)"", 16000]]",한식
315,"['https://search.pstatic.net/common/?autoRotate=true&type=w560_sharpen&src=https%3A%2F%2Fldb-phinf.pstatic.net%2F20200604_54%2F1591237284033MegR0_JPEG%2Fts1nl9aY5_IWB4-ftUpm26PQ.jpg', 'https://search.pstatic.net/common/?autoRotate=true&type=w278_sharpen&src=https%3A%2F%2Fpup-review-phinf.pstatic.net%2FMjAyNDAxMjBfMTk2%2FMDAxNzA1NzU0NTkyOTYx.WDpADuZwq7LqlW63JqikKuzOU0Z5AA244PI4Kfl580gg.lQDzplD6oWNg14H0H4x7RY2i0bWklWHj32mSssrRdRsg.JPEG%2F2B0B11D5-F91C-42FE-AE36-3C7E6A9FE8DC.jpeg', 'https://search.pstatic.net/common/?autoRotate=true&type=w278_sharpen&src=https%3A%2F%2Fpup-review-phinf.pstatic.net%2FMjAyNDA1MTFfMTIg%2FMDAxNzE1Mzk4OTcwNjM3.Wj7GWKKht6v7dkbw44RHHca5xmU2FYhoOHqBkc0VFKUg.bHAOQsZvFDJXkj5LBnZJwrahvYEm_6_l5esVwZXIzHcg.JPEG%2F20240511_113259.jpg.jpg']","서울특별시 마포구 동교로18길 37, 1층동 (서교동)",남북통일,35.38,192680.1689,450175.4552,02-3141-4113,수: 11:00 - 21:30; 목: 11:00 - 21:30; 금: 11:00 - 21:30; 토: 11:00 - 21:30; 일: 정기휴무 (매주 일요일); 월: 11:00 - 21:30; 화: 11:00 - 21:30,528,[],주차 가능,"['음식이 맛있어요', '양이 많아요', '특별한 메뉴가 있어요', '친절해요']",[],"[[""평양만두국"", 10000], [""사골칼국수"", 10000], [""떡만두국"", 10000], [""칼만두국"", 10000], [""찐만두"", 10000], [""닭곰탕"", 10000], [""닭칼국수"", 10000], [""녹두빈대떡"", 10000], [""만두전골 (대)"", 40000], [""만두전골 (중)"", 30000], [""만두전골 (소)"", 20000]]",한식
316,"['https://search.pstatic.net/common/?autoRotate=true&type=w560_sharpen&src=https%3A%2F%2Fldb-phinf.pstatic.net%2F20190811_161%2F1565486873458ICVH9_JPEG%2FQVUaKpBgr-wg48CcLlaPGwmh.jpg', 'https://search.pstatic.net/common/?autoRotate=true&type=w278_sharpen&src=https%3A%2F%2Fldb-phinf.pstatic.net%2F20190811_112%2F1565486886123EPpBo_JPEG%2FZ6HTW7dRC6ZRMbgnV_3QSlbV.jpg', 'https://search.pstatic.net/common/?autoRotate=true&type=w278_sharpen&src=https%3A%2F%2Fldb-phinf.pstatic.net%2F20190811_8%2F15654868942638lOsT_JPEG%2FVn2vV2YorRAw0MmoQw6mvI9C.jpg']","서울특별시 마포구 와우산로23길 35-3 (서교동,2층)",서교참치,53.28,193154.2418,450243.0789,0507-1415-3450,수: 15:30 - 24:00; 목: 15:30 - 24:00; 금: 15:30 - 24:00; 토: 15:30 - 24:00; 일: 15:30 - 24:00; 월: 정기휴무 (매주 월요일); 화: 15:30 - 24:00,190,"['콜키지 가능', '무한 리필', '예약', '포장', '무선 인터넷', '단체 이용 가능']",주차 불가,"['음식이 맛있어요', '재료가 신선해요', '친절해요', '가성비가 좋아요']",[],"[[""기본(1인)"", 35000], [""특스페셜(1인)"", 45000], [""실장추천(1인)"", 65000], [""서교일품"", 85000], [""VIP"", 130000], [""참치초밥(12 피스)"", 17000], [""참치특초밥(12피스)"", 25000]]",한식
317,"['https://search.pstatic.net/common/?autoRotate=true&type=w560_sharpen&src=https%3A%2F%2Fldb-phinf.pstatic.net%2F20230221_280%2F1676938626172WchLV_JPEG%2FB13AEB87-F3D9-45B3-AB07-26F848F5E473.jpeg', 'https://search.pstatic.net/common/?autoRotate=true&type=w278_sharpen&src=https%3A%2F%2Fldb-phinf.pstatic.net%2F20180111_195%2F1515679256678XVcVt_JPEG%2F9arrbqNnrTkXLy2jkHmHBnVM.jpg', 'https://search.pstatic.net/common/?autoRotate=true&type=w278_sharpen&src=https%3A%2F%2Fldb-phinf.pstatic.net%2F20220701_59%2F1656607619286gDiyx_JPEG%2FED892D52-F1E4-4556-B03E-D4731E91495C.jpeg']","서울특별시 마포구 독막로9길 31, SPACE 1층 (서교동)",카레시,130.43,192879.8793,449715.2428,0507-1310-6363,수: 12:00 - 21:00; 목: 12:00 - 21:00; 금: 12:00 - 21:00; 토: 12:00 - 21:00; 일: 12:00 - 21:00; 월: 정기휴무 (매주 월요일); 화: 12:00 - 21:00,971,[],,"['음식이 맛있어요', '특별한 메뉴가 있어요', '재료가 신선해요', '친절해요']",[],"[[""야채 카레"", 10000], [""닭다리 카레"", 10000], [""해산물 카레"", 16000], [""새우스프카레"", 15000], [""야채+토리장기 카레"", 13000]]",기타
318,"['https://search.pstatic.net/common/?autoRotate=true&type=w560_sharpen&src=https%3A%2F%2Fldb-phinf.pstatic.net%2F20190921_173%2F1568999810465nf65l_JPEG%2FH9PoSuqKnQCoU0M23hPKQWhl.jpg', 'https://search.pstatic.net/common/?autoRotate=true&type=w278_sharpen&src=https%3A%2F%2Fpup-review-phinf.pstatic.net%2FMjAyMjEwMTVfMTUw%2FMDAxNjY1ODM3OTI2OTcy.S9lhC6FlFeR6X4scY4nESFVy_-22bZwuLR80CzGcYTYg.XpDxZAnkD93ONcmseV1D3k7_0XXmge3YIFKvzLe50A8g.JPEG%2F7C1256EF-3FDA-46DA-BF44-52500D281ACF.jpeg', 'https://search.pstatic.net/common/?autoRotate=true&type=w278_sharpen&src=https%3A%2F%2Fpup-review-phinf.pstatic.net%2FMjAyMzAxMTdfMTA2%2FMDAxNjczOTU3MDEzOTcz.G6LNaa4putUdp3QHHA04Zs1NBZ-44DUldqZZpZzpLqYg.wfQPC8UJjJWaBleFq8dJj1mC8NaohvvnARY1n30Dsg4g.JPEG%2F3C74C51A-D7B8-4856-B36A-E734B2062B84.jpeg']","서울특별시 마포구 잔다리로 126, 1층 101,102호 (서교동)",형제소머리국밥,53.42,192277.4035,450656.8899,02-322-9757,수: 08:30 - 22:00; 목: 08:30 - 22:00; 금: 08:30 - 22:00; 토: 08:30 - 22:00; 일: 정기휴무 (매주 일요일); 월: 08:30 - 22:00; 화: 08:30 - 22:00,173,[],,"['음식이 맛있어요', '가성비가 좋아요', '친절해요', '혼밥하기 좋아요']",[],"[[""소머리국밥"", null], [""선지해장국"", null], [""스지탕"", null], [""스지수육"", null], [""콩국수"", null]]",한식
319,"['https://search.pstatic.net/common/?autoRotate=true&type=w560_sharpen&src=https%3A%2F%2Fldb-phinf.pstatic.net%2F20241201_222%2F1732993811614YeNOz_JPEG%2F%25B0%25F8%25B1%25E2%25B9%25E4_%25C1%25D6%25B9%25B0%25B7%25B0.jpg', 'https://search.pstatic.net/common/?autoRotate=true&type=w278_sharpen&src=https%3A%2F%2Fldb-phinf.pstatic.net%2F20240718_215%2F1721266041907iJCwg_JPEG%2FKakaoTalk_20240625_124014702.jpg', 'https://search.pstatic.net/common/?autoRotate=true&type=w278_sharpen&src=https%3A%2F%2Fldb-phinf.pstatic.net%2F20240718_158%2F17212660419637VIhV_JPEG%2FKakaoTalk_20240625_124014702_02.jpg']","서울특별시 마포구 양화로16길 15, 무광빌딩 1층 102호 (서교동)",우주집,66.24,192919.6411,450117.1677,0507-1446-9289,,33,"['콜키지 가능', '단체 이용 가능', '포장', '무선 인터넷']",주차 불가,"['고기 질이 좋아요', '음식이 맛있어요', '특별한 메뉴가 있어요', '친절해요']","['단체석', '입식']","[[""토시주물럭 (180g)"", 23000], [""토시살 (150g)"", 22000], [""소갈비살 (150g)"", 19000], [""양념갈비살 (150g)"", 19000], [""LA양념갈비 (250g)"", 25000]]",한식
320,"['https://search.pstatic.net/common/?autoRotate=true&type=w560_sharpen&src=https%3A%2F%2Fldb-phinf.pstatic.net%2F20170518_192%2F1495068380013UBu7E_JPEG%2Fimage.jpg', 'https://search.pstatic.net/common/?autoRotate=true&type=w278_sharpen&src=https%3A%2F%2Fldb-phinf.pstatic.net%2F20200526_160%2F1590482196266BAt4Y_JPEG%2FlzjXHb3x5e-U9dBGdXioRCtm.jpg', 'https://search.pstatic.net/common/?autoRotate=true&type=w278_sharpen&src=https%3A%2F%2Fpup-review-phinf.pstatic.net%2FMjAyMjA2MjNfMjEg%2FMDAxNjU1OTQ1MDMxNDA4.A-_FcqZolYehNqjz-1mr7jix43KDoARlbY00FPqbWegg.1gyWWLyl6DhFeF979TYF31BFVd0rp7Q7vB0QsmevKYog.JPEG%2Fupload_6918bd7fbf03bb81ba644cdedb7767f2.jpg']","서울특별시 마포구 어울마당로 55, 3층 (서교동)",훼미리포차,141.0,192935.9907,449763.4847,02-3144-2080,,86,"['예약', '단체 이용 가능', '포장', '무선 인터넷', '장애인 주차구역']",주차 불가,"['음식이 맛있어요', '가성비가 좋아요', '기본 안주가 좋아요', '친절해요']",[],"[[""부대찌개"", 16800], [""해물백짬뽕"", 15800], [""치즈쏘야볶음"", 15800], [""오돌뼈주먹밥"", 14800], [""순살파닭"", 14800]]",양식
321,"['https://search.pstatic.net/common/?autoRotate=true&type=w560_sharpen&src=https%3A%2F%2Fldb-phinf.pstatic.net%2F20230227_61%2F1677478639817gImD9_JPEG%2F%25C1%25A4%25B8%25E9.jpg', 'https://search.pstatic.net/common/?autoRotate=true&type=w278_sharpen&src=https%3A%2F%2Fpup-review-phinf.pstatic.net%2FMjAyMjExMTdfMjcg%2FMDAxNjY4NjU0NzkyMjM3.IAln0zgl1rywcIeylGyzWVD3YTTq9PRS85x6Ma7eidsg.o8KvI4VB3R9sBX3khX0y97TSGmuEPeImzwsJpzlxbj8g.JPEG%2FAB22C422-F400-4C8C-8558-F093A61F418E.jpeg', 'https://search.pstatic.net/common/?autoRotate=true&type=w278_sharpen&src=https%3A%2F%2Fpup-review-phinf.pstatic.net%2FMjAyMzA1MTdfMjcg%2FMDAxNjg0MzE3MTA1Nzk1.xXNGWxTnQvzfymwpdHJUaRQzdQzD0kCUCoS4b-aqRWEg.uRkDOr1xF4i4IWAHxT7eKsChW-R6l8si7G8aSr1g5_Yg.JPEG%2FIMG_2381.jpeg']","서울특별시 마포구 어울마당로5길 7 (서교동,1층)",달봉비어,80.38,192862.608,449630.1488,0507-1403-6322,수: 16:00 - 02:00; 목: 16:00 - 02:00; 금: 16:00 - 03:00; 토: 16:00 - 03:00; 일: 16:00 - 02:00; 월: 16:00 - 02:00; 화: 16:00 - 02:00,133,"['무선 인터넷', '단체 이용 가능', '반려동물 동반']",주차 불가,"['음식이 맛있어요', '가성비가 좋아요', '친절해요', '대화하기 좋아요']",[],"[[""가아라게"", 14000], [""크리스피텐더"", 14000], [""국물떡볶이&모둠튀김"", 16000], [""치즈 프라이즈"", 13000], [""칠리미트 프라이즈"", 13000], [""황금먹태"", 16000], [""반건조 노가리"", 13000]]",일식
322,"['https://search.pstatic.net/common/?autoRotate=true&type=w560_sharpen&src=https%3A%2F%2Fldb-phinf.pstatic.net%2F20160330_148%2F145931406515001K8F_JPEG%2F176280543122548_0.jpeg', 'https://search.pstatic.net/common/?autoRotate=true&type=w278_sharpen&src=https%3A%2F%2Fldb-phinf.pstatic.net%2F20150827_245%2F1440641963619MD8uM_JPEG%2FSUBMIT_1431664927257_11779449.jpg', 'https://search.pstatic.net/common/?autoRotate=true&type=w278_sharpen&src=https%3A%2F%2Fldb-phinf.pstatic.net%2F20150827_155%2F1440641964351kCQWi_JPEG%2FSUBMIT_1431664927554_11779449.jpg']","서울특별시 마포구 월드컵북로7길 11 (서교동,1층)",네네치킨 서교점,36.0,192617.2652,450646.3182,02-322-7339,,43,"['예약', '포장', '배달']",,"['음식이 맛있어요', '친절해요', '재료가 신선해요', '가성비가 좋아요']",[],"[[""네네마늘치킨"", 22000], [""핫블링치킨"", 22000], [""크리미언치킨"", 22000], [""청양마요치킨"", 22000], [""스노윙MAXX"", 23000], [""닭날개(12개)"", 23000], [""닭다리(10개)"", 19000], [""레드마블치킨"", 22000], [""레드마요치킨"", 22000], [""매콤치즈스노윙"", 22000], [""소이갈릭치킨"", 22000], [""양념반+후라이드반"", 20000], [""어니언스노윙"", 22000], [""오리엔탈파닭"", 22000], [""윙봉(24개)"", 23000], [""청양마요치킨"", 22000], [""치즈스노윙"", 22000], [""코찡마요치킨"", 22000], [""핫후라이드"", 20000], [""후라이드"", 19000]]",양식
323,"['https://search.pstatic.net/common/?autoRotate=true&type=w560_sharpen&src=https%3A%2F%2Fldb-phinf.pstatic.net%2F20181104_142%2F15413292399057I8BE_JPEG%2FJJIOyGiv5xZBzhreKk0f_72A.jpg', 'https://search.pstatic.net/common/?autoRotate=true&type=w278_sharpen&src=https%3A%2F%2Fldb-phinf.pstatic.net%2F20181104_43%2F1541329142387pJlLL_JPEG%2FeKJ0Oi1tSVlBXpjbBsYBTfzt.jpg', 'https://search.pstatic.net/common/?autoRotate=true&type=w278_sharpen&src=https%3A%2F%2Fldb-phinf.pstatic.net%2F20181104_235%2F1541329170177HkrcJ_JPEG%2F8CCuQAUGKSeanKpMlmsvBW7n.jpg']","서울특별시 마포구 잔다리로6길 34-9, 1층 (서교동)",돈주는남자,47.0,192958.249,449967.6095,0507-1359-0499,수: 13:00 - 23:00; 목: 13:00 - 23:00; 금: 13:00 - 23:00; 토: 12:00 - 23:00; 일: 12:00 - 23:00; 월: 13:00 - 23:00; 화: 13:00 - 23:00,330,"['예약', '단체 이용 가능', '무선 인터넷']",,"['음식이 맛있어요', '친절해요', '재료가 신선해요', '양이 많아요']",[],"[[""제주 연탄 초벌 근고기 (600g)"", 51000], [""제주 생오겹살 (200g)"", 17000], [""제주 생 목살 (200g)"", 17000], [""제주 생 갈매기살 (150g)"", 17000], [""제주 생 가브리살 (150g)"", 17000], [""된장찌개"", 4000], [""돼지김치찌개 (대)"", 6000], [""해장라면"", 3000]]",한식
324,"['https://search.pstatic.net/common/?autoRotate=true&type=w560_sharpen&src=https%3A%2F%2Fldb-phinf.pstatic.net%2F20240429_196%2F1714386399895bKbrp_JPEG%2FKakaoTalk_20240429_185717863.jpg', 'https://search.pstatic.net/common/?autoRotate=true&type=w278_sharpen&src=https%3A%2F%2Fldb-phinf.pstatic.net%2F20240429_169%2F1714386401624qLrTC_JPEG%2FKakaoTalk_20240429_185718503.jpg', 'https://search.pstatic.net/common/?autoRotate=true&type=w278_sharpen&src=https%3A%2F%2Fldb-phinf.pstatic.net%2F20240429_69%2F1714386400340eXvTj_JPEG%2FKakaoTalk_20240429_185719103.jpg']","서울특별시 마포구 동교로 126 (서교동, 광남벨라스 1층 106호)",마츠에라멘,28.86,192526.3149,450277.4283,02-323-6877,수: 11:30 - 23:00; 목: 11:30 - 23:00; 금: 11:30 - 23:00; 토: 11:30 - 23:00; 일: 정기휴무 (매주 일요일); 월: 11:30 - 23:00; 화: 11:30 - 23:00,90,[],,"['음식이 맛있어요', '혼밥하기 좋아요', '재료가 신선해요', '친절해요']",[],"[[""마츠에 라멘"", 7500], [""하라 라멘"", 9000], [""도쿠마츠 라멘"", 11000], [""매운 시지미 라멘"", 9000], [""차슈 덮밥"", 10000], [""시지미 라멘"", 8000], [""치킨동"", 8000], [""장어덮밥"", 10000]]",일식
325,"['https://search.pstatic.net/common/?autoRotate=true&type=w560_sharpen&src=https%3A%2F%2Fldb-phinf.pstatic.net%2F20210328_214%2F1616884755476YTiJy_JPEG%2FKyDXufnAJGW7QyF3hTw8mHEZ.jpg', 'https://search.pstatic.net/common/?autoRotate=true&type=w278_sharpen&src=https%3A%2F%2Fpup-review-phinf.pstatic.net%2FMjAyMjEyMDFfMTU0%2FMDAxNjY5ODY5NzM4NTQ4.V7Nu_iR2Ef7wEJvtsU2l9XYuIyAXO8rRG7DWqoCK0xAg.uKI-UWdbmkG5ASDwGN-zxwRhJ0G_MjXF3jngJDTz03gg.JPEG%2F699B1AF8-9BEA-44D6-9493-BC724ABD20DC.jpeg', 'https://search.pstatic.net/common/?autoRotate=true&type=w278_sharpen&src=https%3A%2F%2Fpup-review-phinf.pstatic.net%2FMjAyMjEyMDFfMjM4%2FMDAxNjY5ODY5NzM4ODA4.t8_3qeMiCeyCfGuW2s4dDS7M37Iwj6QyHpSPiaP7jKAg.rs7DcyTeC25U-zqje31Jc7pEpV3WJjJhFTRRc83iYf4g.JPEG%2FFF12EF70-ED1E-4E3D-9DBC-6A5206683089.jpeg']","서울특별시 마포구 와우산로21길 20-6 (서교동,1층)",원당감자탕,108.0,193124.0407,450041.8856,02-333-1706,수: 10:00 - 24:00; 목: 10:00 - 24:00; 금: 10:00 - 02:00; 토: 10:00 - 02:00; 일: 정보없음; 월: 10:00 - 24:00; 화: 10:00 - 24:00,93,[],,"['음식이 맛있어요', '친절해요', '혼밥하기 좋아요', '양이 많아요']",[],"[[""보쌈정식"", null], [""제육볶음"", null], [""등갈비 김치찜"", null], [""돌솥비빔밥"", null], [""뚝배기불고기"", null], [""순두부비빔밥"", null], [""뼈해장국"", null], [""계란말이"", null], [""낙지만두"", null], [""묵은지매운뼈찜"", null], [""원당감자탕"", null], [""원당뼈찜"", null], [""족발 + 보쌈"", null], [""지짐이"", null], [""쭈꾸미만두"", null], [""코다리찜"", null], [""콩비지감자탕"", null]]",일식
326,"['https://search.pstatic.net/common/?autoRotate=true&type=w560_sharpen&src=https%3A%2F%2Fldb-phinf.pstatic.net%2F20241221_213%2F1734748988017kU1Qn_JPEG%2FIMG_6226.jpeg', 'https://search.pstatic.net/common/?autoRotate=true&type=w278_sharpen&src=https%3A%2F%2Fldb-phinf.pstatic.net%2F20241221_205%2F1734748993024zQJV4_PNG%2FIMG_6227.png', 'https://search.pstatic.net/common/?autoRotate=true&type=w278_sharpen&src=https%3A%2F%2Fldb-phinf.pstatic.net%2F20240811_19%2F1723355272810YFMlg_JPEG%2FIMG_5438.jpeg']","서울특별시 마포구 동교로 149 (서교동, 1층)",필프리 홍대본점,70.88,192739.8739,450372.1386,0507-1380-8971,수: 08:00 - 20:00; 목: 08:00 - 20:00; 금: 08:00 - 20:00; 토: 09:00 - 20:00; 일: 09:00 - 19:00; 월: 08:00 - 20:00; 화: 정기휴무 (매주 화요일),362,"['비건 메뉴', '테이크아웃 할인', '포장', '예약', '무선 인터넷']",주차 불가,"['빵이 맛있어요', '인테리어가 멋져요', '특별한 메뉴가 있어요', '친절해요']",[],"[[""[시그니처]연어사과 샌드위치"", 10900], [""[제철한정메뉴] 단호박 베이글"", 4000], [""백미 쌀 베이글"", 3500], [""프레첼 쌀 베이글"", 3800], [""플레인 수제리코타치즈 ( S )"", 3200], [""시나몬롤 베이글 (w. 버터바닐라)"", 5700], [""토마토바질 수제리코타치즈 (S)"", 3800], [""현미 쌀 베이글"", 3700], [""꿀고구마 쌀 베이글"", 4500], [""트리플치즈 쌀 베이글"", 5300], [""앙버터"", 6500], [""에그마요 샌드위치"", 6500], [""카프레제 샌드위치"", 9000], [""블루베리 쌀 베이글"", 4200], [""블랙(아메리카노)"", 4500], [""화이트(라떼)"", 5000], [""더티차이 밀크티"", 7000], [""쌀콘파냐"", 5000], [""바닐라빈"", 5500], [""사과 자몽에이드"", 7000]]",한식
327,"['https://search.pstatic.net/common/?autoRotate=true&type=w560_sharpen&src=https%3A%2F%2Fldb-phinf.pstatic.net%2F20240726_148%2F1721956025669SXa0F_JPEG%2F%25C2%25DE%25BE%25D8%25C2%25DE.jpg', 'https://search.pstatic.net/common/?autoRotate=true&type=w278_sharpen&src=https%3A%2F%2Fldb-phinf.pstatic.net%2F20240726_210%2F1721956031947y8cgW_JPEG%2F%25C2%25DE%25BE%25D8%25C2%25DE2.jpg', 'https://search.pstatic.net/common/?autoRotate=true&type=w278_sharpen&src=https%3A%2F%2Fldb-phinf.pstatic.net%2F20240201_219%2F17067602138350VpMb_PNG%2F%25C8%25AD%25B8%25E9_%25C4%25B8%25C3%25B3_2024-02-01_130305.png']","서울특별시 마포구 어울마당로 132-1 (서교동, 지하1층)",쭈앤쭈,99.9,193284.1819,450396.2912,02-3142-5553,수: 11:00 - 23:30; 목: 11:00 - 23:30; 금: 11:00 - 23:30; 토: 11:00 - 23:30; 일: 11:00 - 23:30; 월: 11:00 - 23:30; 화: 11:00 - 23:30,703,"['단체 이용 가능', '예약', '포장']",주차 불가,"['음식이 맛있어요', '재료가 신선해요', '친절해요', '매장이 넓어요']","['단체석', '연인석', '룸']","[[""석삼이 세트 1"", 35000], [""석삼이 세트 2"", 38000], [""석삼이 세트 3"", 39000], [""석만이 세트 1"", 30000], [""석만이 세트 2"", 33000], [""석만이 세트 3"", 34000]]",일식
328,"['https://search.pstatic.net/common/?autoRotate=true&type=w560_sharpen&src=https%3A%2F%2Fldb-phinf.pstatic.net%2F20200919_244%2F16005035490394UuGt_JPEG%2FGq_DyoWdEpKHdMI9tkvyCZsM.jpeg.jpg', 'https://search.pstatic.net/common/?autoRotate=true&type=w278_sharpen&src=https%3A%2F%2Fldb-phinf.pstatic.net%2F20240705_126%2F1720148356662Y1ScI_JPEG%2FKakaoTalk_20240115_134644034_01.jpg', 'https://search.pstatic.net/common/?autoRotate=true&type=w278_sharpen&src=https%3A%2F%2Fldb-phinf.pstatic.net%2F20240705_144%2F17201483656330Df74_JPEG%2Fdddd.JPG']","서울특별시 마포구 와우산로17길 19, 1층 (서교동)",아웃닭 홍대점,98.77,193028.3556,449760.7712,02-333-6334,수: 16:00 - 01:00; 목: 16:00 - 01:00; 금: 16:00 - 03:00; 토: 16:00 - 03:00; 일: 16:00 - 01:00; 월: 16:00 - 01:00; 화: 16:00 - 01:00,546,"['포장', '단체 이용 가능', '무선 인터넷', '대기공간']",주차 불가,"['음식이 맛있어요', '양이 많아요', '친절해요', '가성비가 좋아요']",[],"[[""오리지날 프린스톤 후라이드 치킨"", 16900], [""오리지날 레드펀 양념치킨"", 17900], [""스펜서 매운 양념치킨"", 17900], [""마틴 간장치킨"", 17900], [""케인즈 갈릭치킨"", 17900], [""린드필드 후라이드 순살치킨"", 17900], [""순살 양념치킨"", 18900], [""순살 매운양념치킨"", 18900], [""순살 간장치킨"", 18900], [""순살 갈릭치킨"", 18900], [""감자튀김"", 3000], [""떡튀김"", 1500], [""고구마 치즈스틱 (4Pcs)"", 2000], [""치즈스틱 (4Pcs)"", 2000], [""소시지"", 3000], [""튀김모듬"", 12000], [""감자튀김 모듬"", 12000], [""과일향 소주"", 4000], [""린드 필드 순살"", 17000], [""맥스"", 4000]]",양식
329,"['https://search.pstatic.net/common/?autoRotate=true&type=w560_sharpen&src=https%3A%2F%2Fldb-phinf.pstatic.net%2F20241122_287%2F1732248594280NmfNl_JPEG%2FDSC05231.jpg', 'https://search.pstatic.net/common/?autoRotate=true&type=w278_sharpen&src=https%3A%2F%2Fldb-phinf.pstatic.net%2F20241122_295%2F17322485939739NBQ2_JPEG%2FDSC05399.jpg', 'https://search.pstatic.net/common/?autoRotate=true&type=w278_sharpen&src=https%3A%2F%2Fldb-phinf.pstatic.net%2F20241122_230%2F1732248594163L9941_JPEG%2FDSC05408.jpg']","서울특별시 마포구 어울마당로 136-2 (서교동,1,2층)",신선화로,155.0,193309.7745,450406.5453,0507-1373-9858,,924,"['단체 이용 가능', '예약', '무선 인터넷']",,"['음식이 맛있어요', '고기 질이 좋아요', '친절해요', '가성비가 좋아요']",[],"[[""설화소갈비살"", 16900], [""설화특생갈비"", 19900], [""설화소갈비세트"", 43900], [""돼지왕갈비"", 18000], [""두툼삼겹살"", 16900], [""한우육회"", 25900], [""갈비나주곰탕"", 9000], [""돼지김치찌개"", 9000], [""얼큰해장국"", 10000], [""맑은해장국"", 10000], [""갈비살된장찌개"", 9000], [""설화소양념구이"", 19900], [""함흥냉면(물/비빔)"", 8000], [""소왕갈비 1대"", 39000]]",한식
330,"['https://search.pstatic.net/common/?autoRotate=true&type=w560_sharpen&src=https%3A%2F%2Fpup-review-phinf.pstatic.net%2FMjAyMjA3MDdfMjU1%2FMDAxNjU3MTY1MTE5NjM5.jR_SsC9ye-rP2DP6XP115duG-Hp-Sz9liAViS8HLCyog.bCyS-jOas8xG7huPj-2JY80oHP2zR_JtYKfg4knYqJQg.JPEG%2Fupload_2d42a38450b1a7f28e75de8618815fcd.jpg', 'https://search.pstatic.net/common/?autoRotate=true&type=w278_sharpen&src=https%3A%2F%2Fpup-review-phinf.pstatic.net%2FMjAyMjA3MDdfMjQ2%2FMDAxNjU3MTY0ODY3Mjkz.ZKMymcd9ent1wVvXTXClbAR6iSdiXwH6mh8a8i2R8zAg.ydtAWadkEtn0yzUvpvPLB-8rGuyvUwIeARhWQsGcrqUg.JPEG%2Fupload_eca1d9c75cefa02a3ff39e3dc04b7c9d.jpg', 'https://search.pstatic.net/common/?autoRotate=true&type=w278_sharpen&src=https%3A%2F%2Fpup-review-phinf.pstatic.net%2FMjAyMzA2MjVfMjk5%2FMDAxNjg3NzAyMTc4NTAz.UadM6_fpbRct9wwwGl_afrKsoqUKjnrcjRPHf6qsXLYg.K6gF_CX0CJMtt9xeInrmcbQhWl6tfb1udPy7UZGkw6Qg.JPEG%2F20230625_221138.jpg']","서울특별시 마포구 월드컵북로5나길 18 (서교동,대우미래사랑 1층 101호(101-1))",고기장인,70.1,192577.9908,450569.6705,02-336-1002,,69,[],,"['음식이 맛있어요', '양이 많아요', '재료가 신선해요', '가성비가 좋아요']",[],"[[""장인의 고기만500g 삼겹, 우삼겹"", 16000], [""장인의 실속보따리"", 23000], [""장인의 고기만500g 목살"", 15000], [""장인의 삼겹/목살 보따리"", 30000], [""한끼뚝딱 김치찌개 세트"", 9000]]",중식
331,"['https://search.pstatic.net/common/?autoRotate=true&type=w560_sharpen&src=https%3A%2F%2Fldb-phinf.pstatic.net%2F20221121_300%2F1669027628503d5QfU_JPEG%2FCF8D8765-3A19-4A8A-9C08-06215C0DCF69.jpeg', 'https://search.pstatic.net/common/?autoRotate=true&type=w278_sharpen&src=https%3A%2F%2Fldb-phinf.pstatic.net%2F20221121_136%2F16690276289578A8xf_JPEG%2F49898297-0B21-4E23-9C96-BA694C193952.jpeg', 'https://search.pstatic.net/common/?autoRotate=true&type=w278_sharpen&src=https%3A%2F%2Fldb-phinf.pstatic.net%2F20221121_192%2F1669027628599fGI3d_JPEG%2FC366E46F-C28B-4921-9447-69376CEAE333.jpeg']","서울특별시 마포구 양화로6길 19 (서교동, 1층)",종로빈대떡,66.42,192444.1652,449668.8727,02-322-9044,수: 11:00 - 24:00; 목: 11:00 - 24:00; 금: 11:00 - 24:00; 토: 11:00 - 23:00; 일: 정기휴무 (매주 일요일); 월: 11:00 - 24:00; 화: 11:00 - 24:00,283,"['단체 이용 가능', '포장', '예약']",,"['음식이 맛있어요', '가성비가 좋아요', '친절해요', '혼밥하기 좋아요']",[],"[[""야채/해물/고기 빈대떡 중 택2"", 14000], [""모듬전"", 18000], [""해물파전"", 17000], [""불고기파전"", 17000], [""두부김치"", 14000]]",한식
332,"['https://search.pstatic.net/common/?autoRotate=true&type=w560_sharpen&src=https%3A%2F%2Fldb-phinf.pstatic.net%2F20180901_262%2F1535779602509q0xQz_JPEG%2FtgIUZ6jWnM_0tw3J2dxTdgFg.jpeg.jpg', 'https://search.pstatic.net/common/?autoRotate=true&type=w278_sharpen&src=https%3A%2F%2Fldb-phinf.pstatic.net%2F20180901_126%2F15357796319151wYWC_JPEG%2FrX9qnDJ_akHeMult_7i9RqLO.jpeg.jpg', 'https://search.pstatic.net/common/?autoRotate=true&type=w278_sharpen&src=https%3A%2F%2Fldb-phinf.pstatic.net%2F20150902_153%2F1441122894658C0ejA_JPEG%2FSUBMIT_1395730460817_31135248.jpg']","서울특별시 마포구 와우산로29가길 79 (서교동,1층)",지로우 라멘,24.0,193316.3957,450160.6508,02-323-3225,수: 11:00 - 21:00; 목: 11:00 - 21:00; 금: 11:00 - 21:00; 토: 11:00 - 21:00; 일: 11:00 - 21:00; 월: 11:00 - 21:00; 화: 11:00 - 21:00,604,[],,"['음식이 맛있어요', '혼밥하기 좋아요', '친절해요', '양이 많아요']",[],"[[""지로우 라멘"", 10000], [""폭탄 라멘"", 11000], [""미니 차슈 덮밥"", 5000], [""교카이 돈코츠 라멘"", 11000]]",한식
333,"['https://search.pstatic.net/common/?autoRotate=true&type=w560_sharpen&src=https%3A%2F%2Fldb-phinf.pstatic.net%2F20240329_93%2F1711692066269r9JHR_JPEG%2FKakaoTalk_20240329_150040126_01.jpg', 'https://search.pstatic.net/common/?autoRotate=true&type=w278_sharpen&src=https%3A%2F%2Fldb-phinf.pstatic.net%2F20240329_254%2F1711681005750FUXWG_JPEG%2FKakaoTalk_20240329_113508774_20.jpg', 'https://search.pstatic.net/common/?autoRotate=true&type=w278_sharpen&src=https%3A%2F%2Fldb-phinf.pstatic.net%2F20240329_49%2F17116810690939HWU9_JPEG%2FKakaoTalk_20240329_113454467_19.jpg']","서울특별시 마포구 양화로6길 13, 1층 (서교동)",고향집김치삼겹살,56.71,192427.201,449674.7358,0507-1473-7873,,293,"['예약', '포장', '무선 인터넷', '배달', '단체 이용 가능']",,"['음식이 맛있어요', '고기 질이 좋아요', '친절해요', '단체모임 하기 좋아요']",[],"[[""김치찌개"", 7000], [""고등어구이"", 7000], [""시골청국장"", 6000], [""열무냉면"", 6000], [""제육볶음"", 7000], [""국내산 삼겹살1인분"", 15000], [""계란찜"", 3000], [""날치알볶음밥"", 3000], [""냉면"", 5000], [""묵사발"", 5000], [""생목살(180g)"", 14000], [""생삼겹살(180g)"", 13000], [""항정살"", 14000], [""항정살(160g)"", 14000]]",한식
334,"['https://search.pstatic.net/common/?autoRotate=true&type=w560_sharpen&src=https%3A%2F%2Fpup-review-phinf.pstatic.net%2FMjAyMzExMDJfNDcg%2FMDAxNjk4ODgyNjIwNTEw.EiGHvHP85G-Sgl2TLQpmdwHCDTQOiGJcB4WCX_XfyrAg.cy6R_6391M12vlWKJ5XhvjYK1XhbY0BT3KTo4HXPtOYg.JPEG%2F36160A60-EE76-4D4F-80CB-E8A2FA26656C.jpeg', 'https://search.pstatic.net/common/?autoRotate=true&type=w278_sharpen&src=https%3A%2F%2Fpup-review-phinf.pstatic.net%2FMjAyMjEyMDJfMTMx%2FMDAxNjY5OTUwNjA2NzY0.ZWhxvGGWLFPkwFa-gSYYuv_R2R_jZMQmUEyrzY82NUUg.zDz-gTvsOwR9V2Ze_LpyfOwuXVW4dihiw6I91oq7c6og.JPEG%2F20221202_114628.jpg', 'https://search.pstatic.net/common/?autoRotate=true&type=w278_sharpen&src=https%3A%2F%2Fpup-review-phinf.pstatic.net%2FMjAyMzExMDJfMTU5%2FMDAxNjk4ODgyNjE5MzQ5.3Bs_ZNJV3cn0CdygwtdrYtRVtBSrSaViK7NIx3CSeVQg.W5Hafr3da0CMeQodSXqlQLOxDxJk5jlNwwG-4v3xz24g.JPEG%2F42881DBB-C83A-47E3-AF5F-4C6244D9DD88.jpeg']","서울특별시 마포구 양화로6길 9-6 (서교동,외1필지 101호)",다북어국,60.18,192435.2573,449699.291,02-3141-0100,수: 08:00 - 20:00; 목: 08:00 - 20:00; 금: 08:00 - 20:00; 토: 08:00 - 19:00; 일: 정기휴무 (매주 일요일); 월: 08:00 - 20:00; 화: 08:00 - 20:00,281,[],,"['음식이 맛있어요', '재료가 신선해요', '친절해요', '가성비가 좋아요']",[],"[[""북어국"", 9000], [""황태구이"", 10000], [""북어골뱅이무침"", 22000], [""북어부추전"", 13000]]",한식
335,"['https://search.pstatic.net/common/?autoRotate=true&type=w560_sharpen&src=https%3A%2F%2Fldb-phinf.pstatic.net%2F20190426_257%2F1556242852138o8NXJ_JPEG%2F8eYVC2c688j8e9aINbA89C5p.jpg', 'https://search.pstatic.net/common/?autoRotate=true&type=w278_sharpen&src=https%3A%2F%2Fpup-review-phinf.pstatic.net%2FMjAyMzA3MDlfMjYg%2FMDAxNjg4ODg2Mzk0ODYz.b9adjPPNuaqQOO8b5wrAP9WmqQzytMPFGaG1oKMiGRMg.VsSf88-6PjN-dsrSmjRco4mzwOPHIDp6ImKznyz2QcQg.JPEG%2F8FF8A983-FBDA-4BC1-9584-1016C6C60C4B.jpeg', 'https://search.pstatic.net/common/?autoRotate=true&type=w278_sharpen&src=https%3A%2F%2Fpup-review-phinf.pstatic.net%2FMjAyMzA3MDlfMTkx%2FMDAxNjg4ODg2Mzk0MjEw.RcKlu-sM-18WiSXmZaIHcEeIh43bapnNvuSqXS_SY3sg.v-KAoUsfGAZTND8LAR8kqwUxl7wZPEtU-LW262lFsWIg.JPEG%2FB8BEEFB5-DD31-4E5C-AC50-476D4738B316.jpeg']","서울특별시 마포구 홍익로3길 15 (서교동,2층)",큰맘할매순대국,28.7,193041.6226,450157.1332,02-336-8221,,105,"['단체 이용 가능', '포장', '배달']",,"['음식이 맛있어요', '가성비가 좋아요', '혼밥하기 좋아요', '양이 많아요']",[],"[[""제육볶음"", null], [""편육"", null], [""삼계탕"", null], [""순대곱창볶음"", null], [""소갈비탕"", null], [""큰맘내장국밥"", null], [""큰맘순대국"", null], [""뚝배기 돼지불고기"", null], [""매콤 뚝배기 돼지불고기"", null], [""순대국"", null], [""버섯순두부"", null], [""육개장 순대국"", null], [""소머리곰탕"", null], [""소내장탕"", null], [""뼈해장국"", null], [""수육국밥"", null], [""황태해장국"", null]]",한식
336,"['https://search.pstatic.net/common/?autoRotate=true&type=w560_sharpen&src=https%3A%2F%2Fldb-phinf.pstatic.net%2F20160812_211%2F1470976841266KptPL_JPEG%2F32051064__.jpg', 'https://search.pstatic.net/common/?autoRotate=true&type=w278_sharpen&src=https%3A%2F%2Fldb-phinf.pstatic.net%2F20160812_237%2F1470976841471JmhXH_JPEG%2F32051064__.jpg', 'https://search.pstatic.net/common/?autoRotate=true&type=w278_sharpen&src=https%3A%2F%2Fldb-phinf.pstatic.net%2F20160812_287%2F1470976841558Ucwhy_JPEG%2F32051064___01.jpg']","서울특별시 마포구 홍익로 3-24 (서교동, 지하1층)",향미,49.98,193155.9924,450075.1822,02-3141-3195,수: 05:30 - 22:00; 목: 05:30 - 22:00; 금: 05:30 - 22:00; 토: 05:30 - 22:00; 일: 정기휴무 (매주 일요일); 월: 05:30 - 22:00; 화: 05:30 - 22:00,93,['단체 이용 가능'],,"['음식이 맛있어요', '가성비가 좋아요', '양이 많아요', '혼밥하기 좋아요']",[],"[[""소불뚝배기"", 7500], [""낙지비빔밥"", 6500], [""오징어볶음"", 7000], [""제육볶음"", 7000], [""닭도리탕"", 6500], [""청국장"", 6500], [""우렁된장찌개"", 6500], [""김치찌개"", 7000], [""된장찌개"", 6500], [""부대찌개"", 7000], [""고갈비백반"", 7000], [""삼치구이백반"", 7000], [""순두부찌개"", 6500]]",한식
337,"['https://search.pstatic.net/common/?autoRotate=true&type=w560_sharpen&src=https%3A%2F%2Fldb-phinf.pstatic.net%2F20241022_157%2F1729569682286blxcu_JPEG%2FKakaoTalk_20241022_125929493.jpg', 'https://search.pstatic.net/common/?autoRotate=true&type=w278_sharpen&src=https%3A%2F%2Fldb-phinf.pstatic.net%2F20241022_249%2F1729569693757FHseB_JPEG%2FKakaoTalk_20241022_125730932.jpg', 'https://search.pstatic.net/common/?autoRotate=true&type=w278_sharpen&src=https%3A%2F%2Fldb-phinf.pstatic.net%2F20241022_238%2F172956969376988BYB_JPEG%2FKakaoTalk_20241022_125730932_01.jpg']","서울특별시 마포구 홍익로5안길 24, 1층 (서교동)",멘야산다이메,36.63,192988.885,450160.268,02-332-4129,수: 11:30 - 22:00; 목: 11:30 - 22:00; 금: 11:30 - 22:00; 토: 11:30 - 22:00; 일: 11:30 - 22:00; 월: 11:30 - 22:00; 화: 11:30 - 22:00,568,['무선 인터넷'],주차 불가,"['음식이 맛있어요', '혼밥하기 좋아요', '친절해요', '특별한 메뉴가 있어요']",[],"[[""Ramen"", 9500], [""Karakuchi Ramen"", 10000], [""Black Ramen"", 8000], [""Tsukemen"", 8500], [""Ankake yakiramen"", 9500], [""Hiyashi Tantanmen"", 9500]]",한식
338,"['https://search.pstatic.net/common/?autoRotate=true&type=w560_sharpen&src=https%3A%2F%2Fldb-phinf.pstatic.net%2F20200725_116%2F1595648288499gugTL_JPEG%2FFWEiQF5mAYdUiGpJQs8S-FqR.jpg', 'https://search.pstatic.net/common/?autoRotate=true&type=w278_sharpen&src=https%3A%2F%2Fpup-review-phinf.pstatic.net%2FMjAyMzAxMjlfMTk0%2FMDAxNjc0OTk1MDQ4NjYz.GafoYeyOMAI_DbFbdIzoLwQsCUZWhXKiIM0XjXbh8X0g.rT50-6jl1gsU_nlYGP-K7Ln7Z-HcLohvOuSKSe08BMcg.JPEG%2F10CBB042-DA20-402A-BDA1-22F4250E2F66.jpeg', 'https://search.pstatic.net/common/?autoRotate=true&type=w278_sharpen&src=https%3A%2F%2Fpup-review-phinf.pstatic.net%2FMjAyMzA2MjhfMTIy%2FMDAxNjg3OTQ3MDI2NTM2.8SDuPTUYBzCpYzpOa33Q5npaXb7hvHz0as5Q4oIWw-Eg.XTO1Eq3y_n0y9mxmWpcbBxVIeGUEN-e5bbHfU8JxfsMg.JPEG%2FIMG_8294.jpeg']","서울특별시 마포구 월드컵북로5길 16 (서교동,1층)",정통호프,31.2,192665.5414,450553.2325,02-333-3642,,50,[],,"['음식이 맛있어요', '친절해요', '가성비가 좋아요', '특별한 메뉴가 있어요']",[],[],양식
339,"['https://search.pstatic.net/common/?autoRotate=true&type=w560_sharpen&src=https%3A%2F%2Fpup-review-phinf.pstatic.net%2FMjAyMzA1MjZfMjcy%2FMDAxNjg1MTAwOTYwNDky.D2TSMpyto9fxoqfLoFnceW5iojNkRZdFEiFteI2YRSwg.J7SUG3uCvgBLew6y1wYE9AsZIsZAO8ObTrnl6Ge4NLIg.JPEG%2Fre_edited.jpg', 'https://search.pstatic.net/common/?autoRotate=true&type=w278_sharpen&src=https%3A%2F%2Fpup-review-phinf.pstatic.net%2FMjAyMzA1MjNfNzIg%2FMDAxNjg0ODQwODk2MTYx.Ba_Sn7cinCLE0WCHsogF31UeRWGaafX7bN6pd7nru4og.oEt_ECzw7APjpLf_NGDXqxMUuIqEMsR-jDiQFq3JR-cg.JPEG%2F20230523_190937.jpg.jpg', 'https://search.pstatic.net/common/?autoRotate=true&type=w278_sharpen&src=https%3A%2F%2Fpup-review-phinf.pstatic.net%2FMjAyMzAzMDFfMjg1%2FMDAxNjc3NjQ3MTUzODAy.YAz58ZiKrP3F4RC15dyPGlZZDL3MO7mzDAno6OofPS8g.3UkY-mAE7h3cI6xOUSlLNPyodqE4K3BjWFLznwNDf_Yg.JPEG%2F61E6B59E-83AF-4FD5-9477-750F72678619.jpeg']","서울특별시 마포구 와우산로21길 4-3, 1층동 (서교동)",다락투,42.67,193175.7324,450053.5158,02-336-2918,,326,['단체 이용 가능'],주차 불가,"['음식이 맛있어요', '친절해요', '혼밥하기 좋아요', '가성비가 좋아요']",[],"[[""닭곰탕 (보)"", 9500], [""닭곰탕 (특)"", 10000], [""닭 칼국수"", 10000]]",한식
340,"['https://search.pstatic.net/common/?autoRotate=true&type=w278_sharpen&src=https%3A%2F%2Fldb-phinf.pstatic.net%2F20240729_49%2F1722230533537ayS4n_JPEG%2F%25B3%25AA%25B7%25E7%25C5%25E4%25C0%25C7%25BD%25C3%25C0%25DB.jpg', 'https://search.pstatic.net/common/?autoRotate=true&type=w278_sharpen&src=https%3A%2F%2Fldb-phinf.pstatic.net%2F20221212_143%2F16708298296165rwjf_JPEG%2F5D1E6D31-048A-4324-A204-6B72BBF9DA84.jpeg', 'https://search.pstatic.net/common/?autoRotate=true&type=w278_sharpen&src=https%3A%2F%2Fnaverbooking-phinf.pstatic.net%2F20241211_54%2F17338977859399QdQd_PNG%2FKakaoTalk_20241207_152926605.png']",서울 마포구 독막로9길 26,야키토리 나루토 상수,110.48,192686.6889,449628.2538,0507-1383-6835,,523,[],,"['음식이 맛있어요', '친절해요', '특별한 메뉴가 있어요', '재료가 신선해요']",[],[],일식
341,"['https://search.pstatic.net/common/?autoRotate=true&type=w560_sharpen&src=https%3A%2F%2Fldb-phinf.pstatic.net%2F20150903_126%2F1441281608980yskNd_JPEG%2FSUBMIT_1441281569822_13160562.jpg', 'https://search.pstatic.net/common/?autoRotate=true&type=w278_sharpen&src=https%3A%2F%2Fldb-phinf.pstatic.net%2F20150903_4%2F1441281609788uE5e7_JPEG%2FSUBMIT_1441281605127_13160562.jpg', 'https://search.pstatic.net/common/?autoRotate=true&type=w278_sharpen&src=https%3A%2F%2Fldb-phinf.pstatic.net%2F20150903_62%2F1441281694730hkRFh_JPEG%2FSUBMIT_1441281691488_13160562.jpg']","서울특별시 마포구 양화로11길 68 (서교동, 1층)",서래옥,81.0,192244.5313,449986.1763,0507-1437-0421,수: 11:00 - 23:00; 목: 11:00 - 23:00; 금: 11:00 - 23:00; 토: 11:00 - 21:30; 일: 11:00 - 21:30; 월: 11:00 - 23:00; 화: 11:00 - 23:00,286,"['콜키지 가능', '콜키지 가능', '단체 이용 가능', '포장', '무선 인터넷', '예약', '유아의자']",무료 주차 가능,"['음식이 맛있어요', '친절해요', '재료가 신선해요', '혼밥하기 좋아요']",['좌식'],"[[""설렁탕"", 11000], [""오삼불고기"", 13000], [""오징어불고기"", 13000], [""콩국수"", 12000], [""해물파전"", 15000], [""도가니탕"", 19000], [""수육(400g)"", 35000], [""도가니수육"", 38000], [""돌솥비빔밥"", 10000], [""모듬수육"", 55000]]",한식
342,"['https://search.pstatic.net/common/?autoRotate=true&type=w560_sharpen&src=https%3A%2F%2Fldb-phinf.pstatic.net%2F20240624_16%2F1719228976641GfE0w_JPEG%2FIMG_4373.jpeg', 'https://search.pstatic.net/common/?autoRotate=true&type=w278_sharpen&src=https%3A%2F%2Fldb-phinf.pstatic.net%2F20240624_9%2F17192289792022PbPn_JPEG%2FIMG_4374.jpeg', 'https://search.pstatic.net/common/?autoRotate=true&type=w278_sharpen&src=https%3A%2F%2Fldb-phinf.pstatic.net%2F20240624_10%2F1719228979370LGYib_JPEG%2FIMG_4375.jpeg']","서울특별시 마포구 와우산로19길 16 (서교동, 1층)",코너펍 Corner Pub,191.98,193066.9685,449905.6314,02-338-5225,수: 19:00 - 04:00; 목: 19:00 - 04:00; 금: 19:00 - 04:00; 토: 19:00 - 04:00; 일: 18:00 - 03:00; 월: 19:00 - 04:00; 화: 19:00 - 04:00,73,"['단체 이용 가능', '포장', '무선 인터넷', '예약']",,"['술이 다양해요', '음악이 좋아요', '음식이 맛있어요', '가성비가 좋아요']",[],"[[""페퍼로니 피자"", 14900], [""나쵸 칩"", 6900], [""볼로네즈 치즈 나쵸"", 10900], [""피쉬&칩스"", 12900], [""핫 도그"", 5000]]",양식
343,"['https://search.pstatic.net/common/?autoRotate=true&type=w560_sharpen&src=https%3A%2F%2Fldb-phinf.pstatic.net%2F20250129_6%2F1738131088490euzob_JPEG%2F18937.jpg', 'https://search.pstatic.net/common/?autoRotate=true&type=w278_sharpen&src=https%3A%2F%2Fldb-phinf.pstatic.net%2F20250129_257%2F1738131088291sjqDQ_JPEG%2F18926.jpg', 'https://search.pstatic.net/common/?autoRotate=true&type=w278_sharpen&src=https%3A%2F%2Fldb-phinf.pstatic.net%2F20250129_83%2F1738131088187HsvHA_JPEG%2F18940.jpg']","서울특별시 마포구 잔다리로6길 28 (서교동,1층)",민트하임,91.39,192917.8581,449993.4122,0507-1410-1635,,178,['포장'],,"['디저트가 맛있어요', '특별한 메뉴가 있어요', '음료가 맛있어요', '커피가 맛있어요']",[],"[[""아메리카노"", 4000], [""카페 라떼"", 4500], [""밀크티"", 4500], [""민트 밀크티"", 5000], [""민트 초코라떼"", 5000]]",일식
344,"['https://search.pstatic.net/common/?autoRotate=true&type=w560_sharpen&src=https%3A%2F%2Fldb-phinf.pstatic.net%2F20240912_242%2F1726130919706Jthp9_JPEG%2FIMG_7253.jpeg', 'https://search.pstatic.net/common/?autoRotate=true&type=w278_sharpen&src=https%3A%2F%2Fldb-phinf.pstatic.net%2F20240912_243%2F17261309195400Vapv_JPEG%2FIMG_7254.jpeg', 'https://search.pstatic.net/common/?autoRotate=true&type=w278_sharpen&src=https%3A%2F%2Fldb-phinf.pstatic.net%2F20240912_97%2F1726130920046zcIxa_JPEG%2FIMG_7252.jpeg']","서울특별시 마포구 월드컵북로7길 5, 지상1층 (서교동)",먹보식당,25.8,192645.2292,450670.8398,02-325-6968,수: 11:00 - 21:00; 목: 11:00 - 21:00; 금: 11:00 - 21:00; 토: 08:00 - 20:00; 일: 11:00 - 14:00; 월: 11:00 - 21:00; 화: 11:00 - 21:00,90,"['단체 이용 가능', '포장', '무선 인터넷']",,"['음식이 맛있어요', '반찬이 잘 나와요', '가성비가 좋아요', '혼밥하기 좋아요']",[],"[[""집밥정식"", 9000]]",한식
345,"['https://search.pstatic.net/common/?autoRotate=true&type=w560_sharpen&src=https%3A%2F%2Fldb-phinf.pstatic.net%2F20200218_47%2F1582030408053FTuGV_JPEG%2FRT6F40WPUD1i2YbtiGtUsPnX.jpg', 'https://search.pstatic.net/common/?autoRotate=true&type=w560_sharpen&src=https%3A%2F%2Fpup-review-phinf.pstatic.net%2FMjAyMzAxMDJfMTc3%2FMDAxNjcyNjUxNzQyOTIy.DAozE1BFsAUr1GQaAqrumrzz5azzhagdRHkEHuqyrZog.PnRnS-_uQ7DYFJJXKyPsBRBDc2Wk35fNZeXnDfSerHQg.JPEG%2F42C9DF6E-5F99-4F6E-BF0A-14AA2FEF1790.jpeg', 'https://search.pstatic.net/common/?autoRotate=true&type=w278_sharpen&src=https%3A%2F%2Fpup-review-phinf.pstatic.net%2FMjAyMzA2MjlfMTM1%2FMDAxNjg4MDIyNTEyMzY0.o15JxaFvVpGpYdFWrwy2N9mXkMpBOAvKf3OtacVB7VUg.om329RGgpfck774BAXZOVYMiSHK23QgJPY3b-xP3qmAg.JPEG%2F20230629_121948.jpg']","서울특별시 마포구 동교로12길 21 (서교동, 영진시장 1층)",웰빙뚝배기,35.19,192214.3809,450136.911,02-982-0652,수: 08:00 - 23:00; 목: 08:00 - 23:00; 금: 08:00 - 23:00; 토: 08:00 - 23:00; 일: 정기휴무 (매주 일요일); 월: 08:00 - 23:00; 화: 08:00 - 23:00,31,"['포장', '예약', '단체 이용 가능']",유료 주차 가능,"['음식이 맛있어요', '가성비가 좋아요', '양이 많아요', '혼밥하기 좋아요']",[],"[[""소머리수육(2인)"", 28000], [""홍어"", 40000], [""한방오리백숙"", 60000], [""토종닭백숙"", 60000], [""오리로스,불고기"", 60000], [""삼겹살"", 14000], [""닭볶음탕"", 40000], [""통오징어"", 12000], [""과메기"", 25000], [""아구탕"", 40000], [""해물파전"", 15000], [""뼈없는닭발"", 15000], [""제육볶음(1안분)"", 9000], [""소머리국밥"", 12000], [""굴국밥"", 10000], [""백반"", 8000], [""매생이굴떡국"", 10000], [""사골국수"", 8000], [""떡만두국"", 8000], [""서리패콩국수"", 9000], [""냉면,비빔국수"", 7000], ["""", null], ["""", null]]",일식
346,"['https://search.pstatic.net/common/?autoRotate=true&type=w560_sharpen&src=https%3A%2F%2Fldb-phinf.pstatic.net%2F20200314_264%2F1584179340827pzUzG_JPEG%2FX9GVZG1901YCd5kc_YOU0BZa.jpg', 'https://search.pstatic.net/common/?autoRotate=true&type=w278_sharpen&src=https%3A%2F%2Fldb-phinf.pstatic.net%2F20200314_117%2F1584179436312zsYev_JPEG%2F_9OljzBcE40_lljJLQwHYhvg.jpg', 'https://search.pstatic.net/common/?autoRotate=true&type=w278_sharpen&src=https%3A%2F%2Fldb-phinf.pstatic.net%2F20200314_100%2F1584179561091W55If_JPEG%2Fwfb9PNw7z_BLge6L8J6GLDop.jpg']","서울특별시 마포구 와우산로15길 10 (서교동,1층)",디스틸,86.0,193080.3724,449746.4632,02-337-7560,수: 18:00 - 02:00; 목: 18:00 - 02:00; 금: 18:00 - 02:00; 토: 18:00 - 02:00; 일: 18:00 - 02:00; 월: 18:00 - 02:00; 화: 18:00 - 02:00,56,"['반려동물 동반', '무선 인터넷']",,"['술이 다양해요', '혼술하기 좋아요', '친절해요', '음식이 맛있어요']",[],[],양식
347,"['https://search.pstatic.net/common/?autoRotate=true&type=w560_sharpen&src=https%3A%2F%2Fldb-phinf.pstatic.net%2F20180725_100%2F1532498277825myKJl_JPEG%2Fa2aYr2SrUyNBCMgRHVzWAtf5.jpg', 'https://search.pstatic.net/common/?autoRotate=true&type=w278_sharpen&src=https%3A%2F%2Fpup-review-phinf.pstatic.net%2FMjAyNDEwMjRfMjUw%2FMDAxNzI5NzQyODI2ODE5.uWOfzOtOAThyzIuP5_iLZLrSLzaaEE5OpwdtC1xWx-Mg.o4WCjUJyDE_7weSwzMhF8HGFziXGOpfK0VLUTAfF31Qg.JPEG%2FB2DEF236-C87C-4BEC-99EF-87FA8D362176.jpeg', 'https://search.pstatic.net/common/?autoRotate=true&type=w278_sharpen&src=https%3A%2F%2Fpup-review-phinf.pstatic.net%2FMjAyMzAzMDlfMTQ0%2FMDAxNjc4MzQ2ODQ3NzI4.mE6vUuD316WcCTOGy8a1yReeVhcKY7v5CfF5UpVeZGIg.5jqs7S5qS3uwUCDJSq_iIxH8FA2bpT2AorQbBZH_QKcg.JPEG%2FAA099E58-94C7-4CC6-9202-2EC08AE16C84.jpeg']","서울특별시 마포구 와우산로 91, 2층동 (서교동)",홍익수제비,15.47,193199.6066,450056.5894,02-323-6828,수: 11:00 - 21:00; 목: 11:00 - 21:00; 금: 11:00 - 21:00; 토: 11:00 - 21:00; 일: 11:00 - 21:00; 월: 11:00 - 21:00; 화: 11:00 - 21:00,67,[],,"['음식이 맛있어요', '가성비가 좋아요', '친절해요', '혼밥하기 좋아요']",[],"[[""수제비"", 7000], [""순두부수제비"", 7500]]",양식
348,"['https://search.pstatic.net/common/?autoRotate=true&type=w560_sharpen&src=https%3A%2F%2Fldb-phinf.pstatic.net%2F20240403_66%2F1712115361463TDpu1_JPEG%2F1000005636.jpg', 'https://search.pstatic.net/common/?autoRotate=true&type=w278_sharpen&src=https%3A%2F%2Fldb-phinf.pstatic.net%2F20241220_122%2F17346749968009qmJ0_JPEG%2F1000019623.jpg', 'https://search.pstatic.net/common/?autoRotate=true&type=w278_sharpen&src=https%3A%2F%2Fldb-phinf.pstatic.net%2F20240403_25%2F1712115360494AMxOa_JPEG%2F1000011180.jpg']","서울특별시 마포구 와우산로29길 4-26 (서교동, 1층일부)",불나방,54.0,193708.3992,450308.8372,0507-1476-2149,수: 18:00 - 01:00; 목: 18:00 - 01:00; 금: 18:00 - 01:00; 토: 18:00 - 01:00; 일: 18:00 - 01:00; 월: 18:00 - 01:00; 화: 18:00 - 01:00,152,"['예약', '무선 인터넷', '반려동물 동반']",,"['음식이 맛있어요', '친절해요', '대화하기 좋아요', '가성비가 좋아요']",[],"[[""소고기세트"", 35000], [""bbp세트"", 32000], [""가리비 (2pcs)"", 9000], [""생새우 (2pcs)"", 8000], [""베이컨 야끼소바"", 13000], [""돼지고기 숙주볶음"", 12000], [""교자"", 9000], [""명란 파스타"", 14000], [""고등어 타다끼"", 12000], [""문어초무침"", 16000], [""타코야끼"", 9000], [""가라아게"", 13000], [""쥐포"", 7000], [""타코야끼"", 9000], [""오뎅탕"", 15000], [""쥐포"", 8000], [""김치라면"", 7000], [""가라아게"", 13000], [""버터감자"", 6000], [""왕새우 튀김"", 15000]]",양식
349,"['https://search.pstatic.net/common/?autoRotate=true&type=w560_sharpen&src=https%3A%2F%2Fldb-phinf.pstatic.net%2F20221123_7%2F1669177029428LOIz4_JPEG%2F%25B1%25E2%25B8%25B0.jpg', 'https://search.pstatic.net/common/?autoRotate=true&type=w278_sharpen&src=https%3A%2F%2Fldb-phinf.pstatic.net%2F20240327_82%2F1711519700330Uee62_JPEG%2FKakaoTalk_20240327_150523200.jpg', 'https://search.pstatic.net/common/?autoRotate=true&type=w278_sharpen&src=https%3A%2F%2Fldb-phinf.pstatic.net%2F20230614_106%2F1686718703136AKnoF_JPEG%2F20230610_212630.jpg']","서울특별시 마포구 동교로 106, 1층 102호 (서교동)",미스타교자,49.5,192318.8049,450246.5686,0507-1464-1064,,833,"['포장', '무선 인터넷', '반려동물 동반']",주차 불가,"['음식이 맛있어요', '가성비가 좋아요', '친절해요', '특별한 메뉴가 있어요']","['바테이블', '입식']","[[""야끼교자"", 5000]]",중식
350,"['https://search.pstatic.net/common/?autoRotate=true&type=w560_sharpen&src=https%3A%2F%2Fldb-phinf.pstatic.net%2F20220704_288%2F1656898017452KDFH1_JPEG%2FKakaoTalk_20220704_102615405_01.jpg', 'https://search.pstatic.net/common/?autoRotate=true&type=w278_sharpen&src=https%3A%2F%2Fldb-phinf.pstatic.net%2F20220704_51%2F16568980295207TByH_JPEG%2FKakaoTalk_20220704_102615405.jpg', 'https://search.pstatic.net/common/?autoRotate=true&type=w278_sharpen&src=https%3A%2F%2Fldb-phinf.pstatic.net%2F20220704_270%2F1656898507666nqPQH_JPEG%2FKakaoTalk_20220704_103350301_02.jpg']","서울특별시 마포구 홍익로3길 44, 9층 (서교동)",길리건스,86.7,192984.7094,450043.4181,0507-1411-0201,수: 17:30 - 02:00; 목: 17:30 - 02:00; 금: 17:30 - 04:00; 토: 17:30 - 04:00; 일: 17:30 - 02:00; 월: 17:30 - 02:00; 화: 17:30 - 02:00,226,['무선 인터넷'],,"['술이 다양해요', '인테리어가 멋져요', '친절해요', '음식이 맛있어요']",[],[],양식
351,"['https://search.pstatic.net/common/?autoRotate=true&type=w560_sharpen&src=https%3A%2F%2Fldb-phinf.pstatic.net%2F20240920_149%2F1726796703319sNhQQ_JPEG%2F%25BB%25FD%25BB%25EA%25B6%25F3%25C0%25CE.jpg', 'https://search.pstatic.net/common/?autoRotate=true&type=w278_sharpen&src=https%3A%2F%2Fldb-phinf.pstatic.net%2F20240920_254%2F1726796703372z1pkL_JPEG%2F%25BB%25FD%25BB%25EA%25B6%25F3%25C0%25CE2.jpg', 'https://search.pstatic.net/common/?autoRotate=true&type=w278_sharpen&src=https%3A%2F%2Fldb-phinf.pstatic.net%2F20240920_99%2F1726796703353QqGui_JPEG%2F%25BB%25FD%25BB%25EA%25B6%25F3%25C0%25CE3.jpg']","서울특별시 마포구 잔다리로7길 16, 서교동 교평빌딩 1층 (서교동)",해피벤처,202.75,192580.47,450111.5028,02-713-5453,수: 08:00 - 17:00; 목: 08:00 - 17:00; 금: 08:00 - 17:00; 토: 정기휴무 (매주 토요일); 일: 정기휴무 (매주 일요일); 월: 08:00 - 17:00; 화: 08:00 - 17:00,67,"['예약', '포장', '배달']",,"['음식이 맛있어요', '혼밥하기 좋아요', '가성비가 좋아요', '재료가 신선해요']",[],[],한식
352,"['https://search.pstatic.net/common/?autoRotate=true&type=w560_sharpen&src=https%3A%2F%2Fldb-phinf.pstatic.net%2F20201011_195%2F1602391016120tvv3V_JPEG%2F%25C4%25A1%25C5%25B2%25C0%25CE%25B4%25F5%25C5%25B0%25C4%25A3_%25B9%25FC%25C7%25C1%25BF%25C0%25BA%25EA%25C4%25A1%25C5%25B2%2528%25C8%25C4%25B6%25F3%25C0%25CC%25B5%25E5%2529.jpg', 'https://search.pstatic.net/common/?autoRotate=true&type=w278_sharpen&src=https%3A%2F%2Fldb-phinf.pstatic.net%2F20201011_83%2F1602391016131maoy9_JPEG%2F%25C4%25A1%25C5%25B2%25C0%25CE%25B4%25F5%25C5%25B0%25C4%25A3_%25B7%25B9%25B5%25E5%25C7%25D6%25C4%25A5%25B8%25AE%25C6%25E4%25C6%25DB%25BD%25BA.jpg', 'https://search.pstatic.net/common/?autoRotate=true&type=w278_sharpen&src=https%3A%2F%2Fldb-phinf.pstatic.net%2F20201011_183%2F1602391159353CQDca_JPEG%2Fm1.jpg']","서울특별시 마포구 와우산로29길 4-42, 1층 (서교동)",치킨인더키친,44.63,193679.855,450328.5372,0507-1338-2487,수: 17:00 - 24:00; 목: 17:00 - 24:00; 금: 17:00 - 24:00; 토: 17:00 - 24:00; 일: 17:00 - 24:00; 월: 정기휴무 (매주 월요일); 화: 17:00 - 24:00,67,"['포장', '무선 인터넷', '배달', '예약']",,"['음식이 맛있어요', '친절해요', '양이 많아요', '재료가 신선해요']",[],"[[""레드핫칠리페퍼스"", 19000], [""범프오브치킨"", 19000]]",양식
353,"['https://search.pstatic.net/common/?autoRotate=true&type=w560_sharpen&src=https%3A%2F%2Fldb-phinf.pstatic.net%2F20190423_265%2F1555947628833zSO8k_JPEG%2F6EeDUJ7Ods13VQptVB7tNSTH.jpeg.jpg', 'https://search.pstatic.net/common/?autoRotate=true&type=w278_sharpen&src=https%3A%2F%2Fldb-phinf.pstatic.net%2F20151020_167%2F1445318166111mNbdg_JPEG%2F166970544624_5.jpg', 'https://search.pstatic.net/common/?autoRotate=true&type=w278_sharpen&src=https%3A%2F%2Fldb-phinf.pstatic.net%2F20151020_14%2F1445318165924TdSsD_JPEG%2F166970544624_4.jpg']","서울특별시 마포구 월드컵북로1길 30 (서교동, 1층일부)",이문어세상,128.92,192829.0182,450269.1401,02-333-3393,수: 11:30 - 22:00; 목: 11:30 - 22:00; 금: 11:30 - 22:00; 토: 12:00 - 21:00; 일: 정기휴무 (매주 일요일); 월: 11:30 - 22:00; 화: 11:30 - 22:00,143,"['단체 이용 가능', '예약', '무선 인터넷', '반려동물 동반', '포장']",무료 주차 가능,"['음식이 맛있어요', '재료가 신선해요', '친절해요', '양이 많아요']",[],"[[""해천탕(소)"", 100000], [""피문어숙회(소)"", 75000], [""매콤명태조림(2인이상)"", 11000], [""피문어 명태조림(소)"", 50000], [""연포탕(소)"", 80000], [""해물닭한마리"", 55000], [""홍합칼국수(2인이상)"", 8000], [""낙지볶음(2인이상)"", 12000], [""소갈비 명태조림(소)"", 45000]]",한식
354,"['https://search.pstatic.net/common/?autoRotate=true&type=w560_sharpen&src=https%3A%2F%2Fldb-phinf.pstatic.net%2F20171003_230%2F1506986035294bXaqV_JPEG%2FB2XpKIR6-Gh5ab_0ojZBJ5Rp.jpg', 'https://search.pstatic.net/common/?autoRotate=true&type=w278_sharpen&src=https%3A%2F%2Fldb-phinf.pstatic.net%2F20170918_7%2F15057407556977pWlp_JPEG%2FhcCoxuKGYiA-dhmswXCiZdwN.JPG.jpg', 'https://search.pstatic.net/common/?autoRotate=true&type=w278_sharpen&src=https%3A%2F%2Fldb-phinf.pstatic.net%2F20170918_68%2F15057407557805Mhhv_JPEG%2FphAMiH5kgk3TKV5GeMcoHxrx.JPG.jpg']","서울특별시 마포구 잔다리로7안길 31, 1층 (서교동)",합정구락부,104.17,192502.3652,450023.3488,,수: 11:30 - 24:00; 목: 11:30 - 24:00; 금: 11:30 - 24:00; 토: 17:00 - 24:00; 일: 17:00 - 24:00; 월: 11:30 - 24:00; 화: 11:30 - 24:00,114,[],,"['음식이 맛있어요', '친절해요', '인테리어가 멋져요', '특별한 메뉴가 있어요']",[],"[[""부야베스"", 37000], [""두툼바 스테이크덮밥"", 18000], [""황소 한우 곱창덮밥"", 17000], [""까라비아따 파스타"", 15000], [""토마토 라구 파스타"", 15000], [""하몽글로리 파스타"", 16000], [""해장 파스타"", 16000], [""굴라쉬"", 27000], [""육회"", 20000], [""광어 카르파쵸"", 29000], [""양갈비 플래터"", 45000], [""치즈 플래터"", 27000], [""스테이크 플래터"", 29000], [""문어숙회"", 20000], [""광어 회무침"", 28000], [""골뱅이탕"", 28000], [""숙주 돼지불고기"", 19000], [""먹태"", 15000], [""감자전"", 13000], [""삼각살 육전"", 14000], [""하몽멜론"", 14000]]",한식
355,"['https://search.pstatic.net/common/?autoRotate=true&type=w560_sharpen&src=https%3A%2F%2Fldb-phinf.pstatic.net%2F20230406_7%2F16807751234613YEBA_PNG%2Faufclrnrtn.png', 'https://search.pstatic.net/common/?autoRotate=true&type=w278_sharpen&src=https%3A%2F%2Fpup-review-phinf.pstatic.net%2FMjAyMjA2MjdfMTMx%2FMDAxNjU2MzE4MDYzNTQz.rPs8vVIZe1-rGwCfuFZWPajVofTY4aVebE7hN_UOqB4g.1C3IRjFWSobMyM-N8r41Molx3beA0MNDYB9DA06I9dUg.JPEG%2Fupload_7df901b0978e2ec29652418d339be3b9.jpeg', 'https://search.pstatic.net/common/?autoRotate=true&type=w278_sharpen&src=https%3A%2F%2Fpup-review-phinf.pstatic.net%2FMjAyMjEwMThfMjYx%2FMDAxNjY2MDIwOTIyMDc1.DiKSofYDHolc6SF5eV5LBykII_yW3lsfmhNUM472stUg.Y6TwbikF4wVBT-drwBeKm7Ev0zivyGIXYHn0OlHR2C4g.JPEG%2F587DE1E6-850A-4C5D-B948-4544E1000A28.jpeg']","서울특별시 마포구 양화로 72, 101동 1층 116호 (서교동)",멸치국수,26.59,192555.052,449861.9558,02-3144-4897,수: 11:00 - 21:00; 목: 11:00 - 21:00; 금: 11:00 - 21:00; 토: 11:00 - 21:00; 일: 정기휴무 (매주 일요일); 월: 11:00 - 21:00; 화: 11:00 - 21:00,404,[],,"['음식이 맛있어요', '가성비가 좋아요', '혼밥하기 좋아요', '친절해요']",[],"[[""멸치국수"", 4500], [""비빔국수"", 6000], [""수제비"", 5000], [""라면"", 3500], [""만두"", 4000]]",한식
356,"['https://search.pstatic.net/common/?autoRotate=true&type=w560_sharpen&src=https%3A%2F%2Fldb-phinf.pstatic.net%2F20161102_222%2F14780684687243Mkdd_JPEG%2F176979553940396_0.jpeg', 'https://search.pstatic.net/common/?autoRotate=true&type=w278_sharpen&src=https%3A%2F%2Fldb-phinf.pstatic.net%2F20161102_81%2F1478068468768aPba4_JPEG%2F176979553940396_1.jpeg', 'https://search.pstatic.net/common/?autoRotate=true&type=w278_sharpen&src=https%3A%2F%2Fldb-phinf.pstatic.net%2F20161102_233%2F1478068468868u8M4B_JPEG%2F176979553940396_2.jpeg']","서울특별시 마포구 와우산로29길 4-15 (서교동, 지하1층)",키오쿠,39.6,193683.4357,450316.4405,0507-1411-5838,수: 17:00 - 01:00; 목: 17:00 - 01:00; 금: 17:00 - 01:00; 토: 17:00 - 01:00; 일: 17:00 - 01:00; 월: 17:00 - 01:00; 화: 17:00 - 01:00,81,[],,"['음식이 맛있어요', '기본 안주가 좋아요', '친절해요', '대화하기 좋아요']",[],"[[""연어사시미(1/2)"", 17000], [""굴튀김(8PCS)"", 15000], [""오뎅"", 16000], [""연어사시미"", 29000], [""아스파라거스볶음"", 10000], [""시샤모구미"", 9000], [""새우튀김"", 20000], [""도리가라아게"", 13000], [""고로케"", 16000], [""크림치즈볼고로케"", 8000], [""가츠나베"", 18000], [""돈가츠"", 11000], [""바지락술찜"", 11000], [""타코와사비"", 10000]]",한식
357,"['https://search.pstatic.net/common/?autoRotate=true&type=w560_sharpen&src=https%3A%2F%2Fldb-phinf.pstatic.net%2F20241218_122%2F1734486895021OgBe1_JPEG%2FKakaoTalk_20241218_104920902.jpg', 'https://search.pstatic.net/common/?autoRotate=true&type=w278_sharpen&src=https%3A%2F%2Fldb-phinf.pstatic.net%2F20241218_277%2F1734486895129tpJD5_JPEG%2FKakaoTalk_20241218_104920902_01.jpg', 'https://search.pstatic.net/common/?autoRotate=true&type=w278_sharpen&src=https%3A%2F%2Fldb-phinf.pstatic.net%2F20241218_131%2F1734486895364biDJb_JPEG%2FKakaoTalk_20241218_104920902_02.jpg']","서울특별시 마포구 동교로17길 55, 1층 일부 (서교동)",끼니꺼리,98.0,192383.7916,450542.8991,02-2653-3540,수: 11:00 - 21:00; 목: 11:00 - 21:00; 금: 11:00 - 21:00; 토: 정기휴무 (매주 토요일); 일: 정기휴무 (매주 일요일); 월: 11:00 - 21:00; 화: 11:00 - 21:00,74,"['예약', '단체 이용 가능', '무선 인터넷']",무료 주차 가능,"['음식이 맛있어요', '혼밥하기 좋아요', '반찬이 잘 나와요', '가성비가 좋아요']","['입식', '바테이블', '1인석']","[[""점심반찬뷔페"", 10000]]",한식
358,"['https://search.pstatic.net/common/?autoRotate=true&type=w560_sharpen&src=https%3A%2F%2Fldb-phinf.pstatic.net%2F20180106_34%2F1515202468464xvH0k_PNG%2FaXLqeeDO0HjUtKdF5yaSQsJZ.png', 'https://search.pstatic.net/common/?autoRotate=true&type=w278_sharpen&src=https%3A%2F%2Fldb-phinf.pstatic.net%2F20200612_183%2F1591946938032JHA3b_JPEG%2FC4WiOLky_zkT-yCH2UyR_bap.jpg', 'https://search.pstatic.net/common/?autoRotate=true&type=w278_sharpen&src=https%3A%2F%2Fldb-phinf.pstatic.net%2F20230813_47%2F16919129997754XVvx_JPEG%2F1691912896089.jpg']","서울특별시 마포구 동교로 114, 1층 102호 (서교동)",조박사복해장국,94.38,192387.5364,450259.0493,0507-1302-6415,수: 07:00 - 21:00; 목: 07:00 - 21:00; 금: 07:00 - 21:00; 토: 07:00 - 21:00; 일: 07:00 - 21:00; 월: 정기휴무 (매주 월요일); 화: 07:00 - 21:00,116,['포장'],주차 가능,"['음식이 맛있어요', '재료가 신선해요', '특별한 메뉴가 있어요', '친절해요']",[],"[[""까치복세트(1인)(2인이상)"", 38000], [""까치복지리"", 18000], [""까치복매운탕"", 18000], [""금밀복지리"", 14000], [""금밀복매운탕"", 14000], [""복튀김"", 40000], [""복불고기(1인)(2인이상)"", 25000], [""까치복찜"", 70000], [""금밀복찜"", 60000], [""복사시미"", 150000], [""복껍질무침"", 20000]]",한식
359,"['https://search.pstatic.net/common/?autoRotate=true&type=w560_sharpen&src=https%3A%2F%2Fldb-phinf.pstatic.net%2F20220716_281%2F1657969412826HpvPr_JPEG%2FScreenshot_20211221-185506_NAVER_remastered.jpg', 'https://search.pstatic.net/common/?autoRotate=true&type=w278_sharpen&src=https%3A%2F%2Fldb-phinf.pstatic.net%2F20220716_50%2F1657969419969v3pto_PNG%2F1657852323289.png', 'https://search.pstatic.net/common/?autoRotate=true&type=w278_sharpen&src=https%3A%2F%2Fldb-phinf.pstatic.net%2F20220716_155%2F16579694279149uzwP_JPEG%2F1657852323569.jpg']","서울특별시 마포구 양화로6길 73, 1층 4호 (서교동)",형제상회,30.0,192711.3815,449598.0041,0507-1429-9299,수: 18:00 - 02:00; 목: 18:00 - 02:00; 금: 18:00 - 02:00; 토: 18:00 - 02:00; 일: 18:00 - 24:00; 월: 정기휴무 (매주 월요일); 화: 18:00 - 02:00,114,"['무선 인터넷', '예약']",,"['음식이 맛있어요', '친절해요', '가성비가 좋아요', '기본 안주가 좋아요']",[],"[[""깻잎막회"", 38000], [""통골뱅이"", 26000], [""대구뽈매운탕"", 26000], [""생선구이"", 25000], [""순두부찌개"", 19000], [""순두부계란탕"", 19000], [""오뎅탕"", 19000], [""먹태"", 19000], [""오징어숙회"", 20000], [""갑오징어숙회"", 28000], [""가리비탕"", 30000], [""생선후라이드"", 25000], [""해물라면"", 9000], [""닭가라아게"", 12000], [""감자튀김"", 10000], [""대구뽈지리탕"", 26000]]",한식
360,"['https://search.pstatic.net/common/?autoRotate=true&type=w560_sharpen&src=https%3A%2F%2Fldb-phinf.pstatic.net%2F20221218_27%2F1671354010992pnvpE_JPEG%2F1671354001193.jpg', 'https://search.pstatic.net/common/?autoRotate=true&type=w278_sharpen&src=https%3A%2F%2Fldb-phinf.pstatic.net%2F20221218_156%2F1671353998489fjd7B_JPEG%2F1671353988178.jpg', 'https://search.pstatic.net/common/?autoRotate=true&type=w278_sharpen&src=https%3A%2F%2Fldb-phinf.pstatic.net%2F20221218_175%2F1671353986976vfIVD_JPEG%2F1671353975148.jpg']","서울특별시 마포구 잔다리로 113, GLORY 1층 (서교동)",스시경,74.14,192312.3799,450538.5735,02-3144-7734,수: 11:30 - 23:00; 목: 11:30 - 23:00; 금: 11:30 - 23:00; 토: 17:00 - 23:00; 일: 17:00 - 22:00; 월: 11:30 - 23:00; 화: 11:30 - 23:00,36,[],,"['음식이 맛있어요', '가성비가 좋아요', '재료가 신선해요', '친절해요']",[],"[[""알밥정식 (1인)"", 8000], [""우동정식 (1인)"", 8000], [""다코 알밥정식 (1인)"", 9000], [""새우장 알밥정식 (1인)"", 9000], [""냉모밀 (1인)"", 8000]]",한식
361,"['https://search.pstatic.net/common/?autoRotate=true&type=w560_sharpen&src=https%3A%2F%2Fldb-phinf.pstatic.net%2F20150831_128%2F1441005723805tUMjr_JPEG%2FSUBMIT_1296025057438_19535343.jpg', 'https://search.pstatic.net/common/?autoRotate=true&type=w278_sharpen&src=https%3A%2F%2Fldb-phinf.pstatic.net%2F20150831_282%2F1441005724051irvIs_JPEG%2FSUBMIT_1296025158208_19535343.jpg', 'https://search.pstatic.net/common/?autoRotate=true&type=w278_sharpen&src=https%3A%2F%2Fldb-phinf.pstatic.net%2F20150831_101%2F1441005724251q4oQn_JPEG%2FSUBMIT_1296025282097_19535343.jpg']","서울특별시 마포구 와우산로21길 28-6 (서교동,지하1층)",카미야,59.2,193070.9535,450037.1101,02-322-5733,,681,"['포장', '무선 인터넷']",,"['음식이 맛있어요', '가성비가 좋아요', '친절해요', '양이 많아요']",[],"[[""오코노미가츠"", 9000], [""믹스가츠"", 10500], [""로스 히레가츠"", 9500], [""에비 치즈가츠"", 11000], [""히레 치즈가츠"", 10000]]",일식
362,"['https://search.pstatic.net/common/?autoRotate=true&type=w560_sharpen&src=https%3A%2F%2Fpup-review-phinf.pstatic.net%2FMjAyNDExMjNfMTMz%2FMDAxNzMyMjg4NjQzMDYx.DHIYDNGkjFMiGeBdb_-pHPMbYLT0Ju05I3GRWQoCi2Ig.z4rHE3tzCqfEstX1p1aAOv8wOZt0Ie0alBkELifT2v0g.JPEG%2F1000049779.jpg.jpg', 'https://search.pstatic.net/common/?autoRotate=true&type=w278_sharpen&src=https%3A%2F%2Fpup-review-phinf.pstatic.net%2FMjAyMjExMDZfMjky%2FMDAxNjY3NzIzMzI3MzYw.UJgN8-HUO0f7RgM_rRZb2PPDunrsBHQxTC3A8VEqWWYg.ufaK4Ob8U-ECGTjwzbWgnss7fgpe7biUIaSve209ipsg.JPEG%2F20221028_214146.jpg', 'https://search.pstatic.net/common/?autoRotate=true&type=w278_sharpen&src=https%3A%2F%2Fpup-review-phinf.pstatic.net%2FMjAyNDA0MTZfNTEg%2FMDAxNzEzMjQxMjg1MTk5._4IP7wxeRJE5Va4SUURuk290VqTiXN-1P5urYdDuvocg.Rs0KqWALrxlqur5iR1Y6BVgn_3Ar-WZgV0APeLrOuIMg.JPEG%2F20240414_195730.jpg.jpg']","서울특별시 마포구 동교로 147 (서교동,1층)",대청마루,69.83,192713.0417,450367.3893,02-333-6101,,281,[],,"['음식이 맛있어요', '친절해요', '가성비가 좋아요', '양이 많아요']",[],"[[""김치찌개"", 10000], [""돼지구이백반"", 13000], [""청국장"", 9000], [""순두부찌개"", 9000], [""동태찌개"", 30000], [""라면사리"", 1000]]",한식
363,"['https://search.pstatic.net/common/?autoRotate=true&type=w560_sharpen&src=https%3A%2F%2Fldb-phinf.pstatic.net%2F20231116_60%2F1700145599838YdKkC_JPEG%2FKakaoTalk_20230817_035229327_03.jpg', 'https://search.pstatic.net/common/?autoRotate=true&type=w278_sharpen&src=https%3A%2F%2Fldb-phinf.pstatic.net%2F20230817_214%2F1692212267870Bs8SD_JPEG%2FKakaoTalk_20230817_035229327_01.jpg', 'https://search.pstatic.net/common/?autoRotate=true&type=w278_sharpen&src=https%3A%2F%2Fldb-phinf.pstatic.net%2F20220420_242%2F165043176744342srm_JPEG%2F%25B2%25D9%25B9%25CC%25B1%25E211KakaoTalk_20220401_152813995_03.jpg']","서울특별시 마포구 동교로 133, 1층 (서교동)",큐브,117.16,192596.1204,450342.3303,02-323-0029,수: 17:00 - 02:00; 목: 17:00 - 02:00; 금: 17:00 - 02:00; 토: 17:00 - 02:00; 일: 정기휴무 (매주 일요일); 월: 17:00 - 02:00; 화: 17:00 - 02:00,43,"['단체 이용 가능', '포장', '예약', '무선 인터넷']",주차 가능,"['음식이 맛있어요', '친절해요', '기본 안주가 좋아요', '가성비가 좋아요']",[],"[[""을지로 황태채 골뱅이 무침+소면"", 27000], [""천연 모짜렐라 치즈 불닭"", 23000], [""훈제삼겹과 두부 김치"", 23000], [""소고기 숙주 굴소스 볶음"", 21000], [""치킨텐더 샐러드"", 20000], [""통살 새우와 모듬야채 감바스+바게트"", 19000], [""통마늘 땡초 닭똥집 볶음"", 19000], [""철판 야채 모듬소세지"", 21000], [""중국집보다 맛있는 짬뽕"", 12000], [""나가사끼 짬뽕"", 12000], [""간사이물떡 오뎅탕"", 23000], [""칼칼 바지락탕+우동"", 22000], [""칼칼 홍합탕"", 21000], [""옛날 누룽지 해물 계란탕"", 15000], [""꼬마만두 해물계란탕"", 15000], [""얼큰김치우동전골"", 10000], [""기스오 유부우동"", 10000], [""차디찬 아이스 냉소바"", 10000], [""전복에 빠진 국내산 바지락 술찜+스파게티"", 23000], [""순살치킨 감튀올림 왕국물떡볶이+어묵스틱"", 23000], [""서교동식 마라샹꿔"", 21000]]",일식
364,"['https://search.pstatic.net/common/?autoRotate=true&type=w560_sharpen&src=https%3A%2F%2Fldb-phinf.pstatic.net%2F20151223_223%2F1450834031385XDkuG_JPEG%2F167173505730234_0.jpeg', 'https://search.pstatic.net/common/?autoRotate=true&type=w278_sharpen&src=https%3A%2F%2Fldb-phinf.pstatic.net%2F20160421_16%2F1461212386426LcChi_JPEG%2F176371534965637_1.jpeg', 'https://search.pstatic.net/common/?autoRotate=true&type=w278_sharpen&src=https%3A%2F%2Fldb-phinf.pstatic.net%2F20160421_180%2F1461212386497V75OU_JPEG%2F176371534965637_2.jpeg']","서울특별시 마포구 동교로19길 48 (서교동, 1층일부)",진짜루,125.0,192622.0878,450584.4138,0504-3142-3531,,448,"['예약', '포장', '배달']",,"['음식이 맛있어요', '친절해요', '양이 많아요', '가성비가 좋아요']",[],"[[""짜장"", 7000], [""짬뽕"", 8000], [""볶음밥"", 8000], [""탕수육(소)"", 12000], [""고추잡채(소)"", 20000], [""탕수육+짜장2"", 20000], [""간짜장"", 8000], [""쟁반짜장"", 9000], [""삼선짜장"", 9000], [""우동"", 8000], [""해장짬뽕"", 9000], [""삼선우동"", 10000], [""새우볶음밥"", 9000], [""삼선볶음밥"", 9000], [""오므라이스"", 8000], [""마파두부밥"", 8000], [""잡채밥"", 9000], [""짬뽕밥"", 8000], [""유산슬밥"", 15000], [""제육덮밥"", 9000]]",양식
365,"['https://search.pstatic.net/common/?autoRotate=true&type=w560_sharpen&src=https%3A%2F%2Fldb-phinf.pstatic.net%2F20170210_77%2F1486715504838o7r8u_PNG%2F186160576164326_0.png', 'https://search.pstatic.net/common/?autoRotate=true&type=w278_sharpen&src=https%3A%2F%2Fldb-phinf.pstatic.net%2F20200530_126%2F1590848702229iORvH_JPEG%2Fa-8dx5Ng7HWSdDTRDDTxBh1g.jpg', 'https://search.pstatic.net/common/?autoRotate=true&type=w278_sharpen&src=https%3A%2F%2Fpup-review-phinf.pstatic.net%2FMjAyMjA5MDZfMTMy%2FMDAxNjYyNDQ3NDcwMzAz.R64sPwV6Sl6e2Nbsj-rKp3fsIJga3xtJ-R0VZ5UHq7cg.fCJput8mQ14m4F7WPEtjIVcd2Ld8W2WURmdXE0WaEU4g.JPEG%2FIMG_20220904_171631_142.jpg']","서울특별시 마포구 어울마당로 71 (서교동, 지하1층,지상1~4층)",작가,622.86,192966.057,449908.9191,02-337-5224,,346,['단체 이용 가능'],주차 불가,"['음식이 맛있어요', '대화하기 좋아요', '친절해요', '인테리어가 멋져요']",[],"[[""작가 모듬한판"", 50000], [""작가 모듬사시미 A"", 25000], [""작가 모듬사시미 B"", 40000], [""도미사시미"", 30000], [""새우감바스"", 21000]]",일식
366,"['https://search.pstatic.net/common/?autoRotate=true&type=w560_sharpen&src=https%3A%2F%2Fldb-phinf.pstatic.net%2F20220310_26%2F1646887573502pm76j_JPEG%2FAEA53104-D068-4A20-9E31-8FEE62DC7715.jpeg', 'https://search.pstatic.net/common/?autoRotate=true&type=w278_sharpen&src=https%3A%2F%2Fldb-phinf.pstatic.net%2F20220310_154%2F1646887573915mt4bK_JPEG%2F63F2B3DD-7E1A-4009-B725-6CFE4E585F42.jpeg', 'https://search.pstatic.net/common/?autoRotate=true&type=w278_sharpen&src=https%3A%2F%2Fldb-phinf.pstatic.net%2F20220310_191%2F1646887573700hnnhw_JPEG%2F04504539-AF27-4DA7-A8EB-19010B4218A0.jpeg']","서울특별시 마포구 어울마당로 98-1, 2층 (서교동)",코코버블티 홍대메인거리점,49.5,193068.3677,450164.0493,0507-1381-5688,,48,[],,"['음료가 맛있어요', '특별한 메뉴가 있어요', '커피가 맛있어요', '친절해요']",[],"[[""카페라떼"", null], [""티라미수라떼"", null], [""단팥밀크티"", null], [""생자몽에이드"", null], [""오렌지에이드"", null], [""레모네이드"", null], [""망고스무디"", null], [""그린티스무디"", null], [""요거트스무디"", null], [""버블밀크티"", null], [""흑당버블티"", null], [""흑당버블밀크티"", null]]",한식
367,"['https://search.pstatic.net/common/?autoRotate=true&type=w560_sharpen&src=https%3A%2F%2Fldb-phinf.pstatic.net%2F20231105_272%2F1699151779229ksoT1_JPEG%2FIMG_0741.jpeg', 'https://search.pstatic.net/common/?autoRotate=true&type=w278_sharpen&src=https%3A%2F%2Fpup-review-phinf.pstatic.net%2FMjAyMzEyMjNfNTgg%2FMDAxNzAzMzM1ODAyMzEx.2IRDXYiuJy6JKx3tVzbV638P4pP9uk_HHBooWvd2hB4g.SSUDwdF5e9BwxtFqW768ebVfDhPnf-4NUn8n9KAcTq8g.JPEG%2F20231223_170343.jpg.jpg', 'https://search.pstatic.net/common/?autoRotate=true&type=w278_sharpen&src=https%3A%2F%2Fpup-review-phinf.pstatic.net%2FMjAyNDA5MjVfMjM1%2FMDAxNzI3MjQyMjgwNzQw.I_0Kuu9ZcVXlzEeuiSO1BWAUyFTMAWedC79GbYwl0ggg.y6bHUoSlj0A6m1K3vHBPalLZPcL8-2z-EakzFkPQfIEg.JPEG%2F1000020293.jpg.jpg']","서울특별시 마포구 성미산로2길 20 (서교동, 1층)",또바기명태조림,109.02,191933.7157,450567.3953,02-6207-7353,수: 10:30 - 22:00; 목: 10:30 - 22:00; 금: 10:30 - 22:00; 토: 10:30 - 22:00; 일: 10:30 - 22:00; 월: 10:30 - 22:00; 화: 10:30 - 22:00,68,"['단체 이용 가능', '포장', '예약']",무료 주차 가능,"['음식이 맛있어요', '친절해요', '가성비가 좋아요', '양이 많아요']",[],"[[""명태조림(대)"", 45000], [""보쌈(대)"", 4000], [""명태조림정식(2인이상)"", 12000], [""보쌈정식"", 9000], [""낙지삼겹볶음"", 10000], [""쭈꾸미삼겹볶음"", 9000], [""오징어삼겹볶음"", 9000], [""계란찜"", 5000], [""낙지연포탕"", 35000], [""나가사끼짬봉탕"", 25000], [""얼큰짬봉탕"", 25000], [""조개탕"", 20000], [""직화낙지볶음"", 28000], [""직화쭈꾸미볶음"", 27000], [""오뱅이소면"", 25000], [""뿌링클새우튀김"", 18000], [""뿌링클오징어튀김"", 16000], [""오징어숙회"", 15000], [""해물파전"", 12000]]",양식
368,"['https://search.pstatic.net/common/?autoRotate=true&type=w560_sharpen&src=https%3A%2F%2Fldb-phinf.pstatic.net%2F20171204_251%2F1512318299206JfAqO_JPEG%2FPCCroB8d66ySlg8Oj3jn6eG9.jpg', 'https://search.pstatic.net/common/?autoRotate=true&type=w278_sharpen&src=https%3A%2F%2Fldb-phinf.pstatic.net%2F20240610_94%2F1717946723226vsvJn_JPEG%2F20240609_160412.jpg', 'https://search.pstatic.net/common/?autoRotate=true&type=w278_sharpen&src=https%3A%2F%2Fldb-phinf.pstatic.net%2F20240610_160%2F1717946148985CvYSU_JPEG%2F20240608_162736.jpg']","서울특별시 마포구 독막로7길 27 (서교동,지하1층)",에이스보드카페,130.44,192776.6871,449657.6746,,수: 13:00 - 05:00; 목: 13:00 - 05:00; 금: 13:00 - 05:00; 토: 12:00 - 05:00; 일: 12:00 - 05:00; 월: 13:00 - 05:00; 화: 13:00 - 05:00,168,"['예약', '단체 이용 가능', '배달', '무선 인터넷', '대기공간']",주차 불가,"['시설이 깔끔해요', '게임 종류가 다양해요', '단체모임 하기 좋아요', '친절해요']",[],"[[""아메리카노 (Hot)"", 4000], [""카페라떼"", 5000], [""핫초코"", 5000], [""녹차"", 5000], [""레몬 에이드"", 6000]]",양식
369,"['https://search.pstatic.net/common/?autoRotate=true&type=w560_sharpen&src=https%3A%2F%2Fldb-phinf.pstatic.net%2F20240429_213%2F171437107058267Goo_JPEG%2FKakaoTalk_20240419_181804227_10.jpg', 'https://search.pstatic.net/common/?autoRotate=true&type=w278_sharpen&src=https%3A%2F%2Fldb-phinf.pstatic.net%2F20240429_224%2F1714371070531Ke9yu_JPEG%2FKakaoTalk_20240419_181804227_03.jpg', 'https://search.pstatic.net/common/?autoRotate=true&type=w278_sharpen&src=https%3A%2F%2Fldb-phinf.pstatic.net%2F20240429_128%2F1714371070421pccN9_JPEG%2FKakaoTalk_20240419_181804227_22.jpg']","서울특별시 마포구 와우산로 72 (서교동, 2층)",작심가,165.87,193171.8332,449846.0049,0507-1374-5993,수: 17:00 - 05:00; 목: 17:00 - 05:00; 금: 17:00 - 05:00; 토: 17:00 - 05:00; 일: 17:00 - 05:00; 월: 17:00 - 05:00; 화: 17:00 - 05:00,445,"['생일 혜택', '무선 인터넷', '예약', '단체 이용 가능']",주차 불가,"['음식이 맛있어요', '기본 안주가 좋아요', '가성비가 좋아요', '술이 다양해요']",[],"[[""은행꼬치"", 4900], [""롯데리앙감자"", 4900], [""타코와사비"", 4900], [""갈릭바게트"", 4900], [""콘치즈"", 4900], [""타코야끼"", 4900], [""꿀맛토마토"", 5900], [""얼큰계란라면"", 5900], [""작심우동"", 5900], [""직화염통꼬치"", 5900], [""직화모래집꼬치"", 7900], [""포테이토고로케"", 7900], [""파인샤베트"", 7900], [""메밀김치전병"", 7900], [""직화닭꼬치"", 7900], [""직화삼겹마늘쫑꼬치"", 8900], [""소떡소떡"", 8900], [""허니버터갈릭감자"", 8900], [""아이스황도"", 8900], [""모찌리도후"", 8900], [""참깨모찌리도후"", 8900]]",한식
370,"['https://search.pstatic.net/common/?autoRotate=true&type=w560_sharpen&src=https%3A%2F%2Fldb-phinf.pstatic.net%2F20241122_255%2F1732263175764d9HG3_JPEG%2F1000011009.jpg', 'https://search.pstatic.net/common/?autoRotate=true&type=w278_sharpen&src=https%3A%2F%2Fldb-phinf.pstatic.net%2F20241122_222%2F1732263197107G4Baz_JPEG%2F1000010989.jpg', 'https://search.pstatic.net/common/?autoRotate=true&type=w278_sharpen&src=https%3A%2F%2Fldb-phinf.pstatic.net%2F20240525_243%2F17166235488504s904_JPEG%2F%25C0%25AF%25B4%25CF%25C2%25A5%25C0%25E5.jpg']","서울특별시 마포구 동교로22길 1, 1층 (서교동)",콰이찬 홍대점,80.3,192794.4115,450347.3144,,수: 10:00 - 20:30; 목: 10:00 - 20:30; 금: 10:00 - 20:30; 토: 10:00 - 20:30; 일: 10:00 - 20:30; 월: 정기휴무 (매주 월요일); 화: 10:00 - 20:30,143,"['배달', '포장', '단체 이용 가능']",주차 불가,"['음식이 맛있어요', '혼밥하기 좋아요', '양이 많아요', '친절해요']","['단체석', '좌식', '1인석']","[[""면류"", null], [""밥류"", null], [""요리부"", null], [""주류"", null], [""Set"", null]]",중식
371,"['https://search.pstatic.net/common/?autoRotate=true&type=w560_sharpen&src=https%3A%2F%2Fldb-phinf.pstatic.net%2F20220112_210%2F1641947810992ORigU_JPEG%2FIMG_4689.JPG', 'https://search.pstatic.net/common/?autoRotate=true&type=w278_sharpen&src=https%3A%2F%2Fldb-phinf.pstatic.net%2F20220112_9%2F1641947810522w3GDC_JPEG%2FC%25BC%25BC%25C6%25AE_%25C0%25FC%25C3%25BC%25C4%25C6_%25282%2529.JPG', 'https://search.pstatic.net/common/?autoRotate=true&type=w278_sharpen&src=https%3A%2F%2Fldb-phinf.pstatic.net%2F20220112_294%2F1641947811082h8GWY_JPEG%2FIMG_4687.JPG']","서울특별시 마포구 와우산로21길 28-8 (서교동,지하1층)",파파초밥,75.36,193074.957,450044.9247,,수: 11:30 - 22:00; 목: 11:30 - 22:00; 금: 11:30 - 22:00; 토: 11:30 - 22:00; 일: 11:30 - 22:00; 월: 정기휴무 (매주 월요일); 화: 11:30 - 22:00,173,"['포장', '단체 이용 가능']",,"['음식이 맛있어요', '친절해요', '가성비가 좋아요', '재료가 신선해요']",[],"[[""새우간장밥"", 9000], [""연어세트"", 15000], [""뚝배기알밥"", 7000], [""연어롤"", 7000], [""우동"", 6000], [""광어"", 2000], [""연어"", 1800], [""익힌새우"", 1500], [""참치등살"", 2000], [""소고기"", 2200], [""게살마요"", 1300], [""생새우"", 1300], [""갈릭불새우"", 1800], [""광어뱃살"", 2200], [""유부초밥"", 1000], [""연어뱃살"", 2000], [""다마고"", 1000], [""황새치 스테이크"", 1800], [""연어정식"", 12000], [""새우정식"", 11000], [""초밥(7pcs) + 우동"", 8000], ["""", null], ["""", null], ["""", null]]",일식
372,"['https://search.pstatic.net/common/?autoRotate=true&type=w560_sharpen&src=https%3A%2F%2Fldb-phinf.pstatic.net%2F20220215_38%2F1644852594928ldWOa_JPEG%2FAU_09356_%25C0%25FA%25C7%25D8%25BB%25F3.JPG', 'https://search.pstatic.net/common/?autoRotate=true&type=w278_sharpen&src=https%3A%2F%2Fldb-phinf.pstatic.net%2F20220215_30%2F1644852584444aDNCD_JPEG%2FAU_09311_%25C0%25FA%25C7%25D8%25BB%25F3.JPG', 'https://search.pstatic.net/common/?autoRotate=true&type=w278_sharpen&src=https%3A%2F%2Fldb-phinf.pstatic.net%2F20220215_124%2F1644852572209tW1jD_JPEG%2FAU_09388_%25C0%25FA%25C7%25D8%25BB%25F3.JPG']","서울특별시 마포구 잔다리로 65, 2층 (서교동)",언제라도 여행,93.1,192603.2631,450133.6754,0507-1322-1810,수: 11:00 - 19:00; 목: 11:00 - 19:00; 금: 11:00 - 19:00; 토: 정기휴무 (매주 토요일); 일: 정기휴무 (매주 일요일); 월: 11:00 - 19:00; 화: 11:00 - 19:00,33,[],,"['커피가 맛있어요', '친절해요', '인테리어가 멋져요', '매장이 청결해요']",[],"[[""오늘의 켜피"", 5000], [""아메리카노"", 3500], [""카페라떼"", 4000], [""바닐라라떼"", 4000], [""돌체라떼"", 4000], [""골드브루"", 4000], [""베트남연유커피"", 5000], [""흑당밀크티"", 5000], [""초코라떼"", 5000], [""말차라떼"", 5000], [""밀크티"", 5000], [""아이스티"", 5000], [""에이드"", 5000], [""루이보스"", 4000], [""얼그레이"", 4000], [""호주 아이스 커피"", 5000], [""제임슨"", 7000], [""브라운치즈 크로플"", 5000], [""아몬드아보카토"", 5000], [""젝다니엘"", 9000]]",양식
373,"['https://search.pstatic.net/common/?autoRotate=true&type=w560_sharpen&src=https%3A%2F%2Fldb-phinf.pstatic.net%2F20220504_12%2F1651660291286il9S4_JPEG%2FKakaoTalk_20220504_190932811_13.jpg', 'https://search.pstatic.net/common/?autoRotate=true&type=w278_sharpen&src=https%3A%2F%2Fldb-phinf.pstatic.net%2F20220504_51%2F1651660291302529RO_JPEG%2FKakaoTalk_20220504_190932811_12.jpg', 'https://search.pstatic.net/common/?autoRotate=true&type=w278_sharpen&src=https%3A%2F%2Fldb-phinf.pstatic.net%2F20220512_7%2F1652330674733uvja8_JPEG%2F20220504_210111.jpg']","서울특별시 마포구 와우산로29바길 12 (서교동,지1층 오른쪽)",헬로헬로,46.35,193392.0153,450406.9112,02-334-3243,,57,"['무선 인터넷', '반려동물 동반', '예약']",,"['술이 다양해요', '음식이 맛있어요', '특별한 메뉴가 있어요', '인테리어가 멋져요']",[],"[[""치즈딥 나쵸"", 8000], [""버터구이 문어"", 9000], [""쑬 감자튀김"", 10000], [""칠리 두부강정"", 12000], [""차돌박이 육전"", 13000]]",한식
374,"['https://search.pstatic.net/common/?autoRotate=true&type=w560_sharpen&src=https%3A%2F%2Fldb-phinf.pstatic.net%2F20160820_108%2F1471666326049mPOK7_PNG%2F176770534225887_0.png', 'https://search.pstatic.net/common/?autoRotate=true&type=w278_sharpen&src=https%3A%2F%2Fldb-phinf.pstatic.net%2F20160820_122%2F1471666326263fRkEj_JPEG%2F176770534225887_1.jpeg', 'https://search.pstatic.net/common/?autoRotate=true&type=w278_sharpen&src=https%3A%2F%2Fldb-phinf.pstatic.net%2F20160820_189%2F1471666326434HHjhN_JPEG%2F176770534225887_2.jpeg']","서울특별시 마포구 잔다리로 20-11 (서교동, 지하1층)",난봉꾼,102.9,192924.5127,449897.4061,0507-1418-8886,수: 17:00 - 24:00; 목: 17:00 - 24:00; 금: 17:00 - 24:00; 토: 17:00 - 01:00; 일: 17:00 - 01:00; 월: 17:00 - 24:00; 화: 17:00 - 24:00,178,"['예약', '단체 이용 가능', '무선 인터넷', '포장', '반려동물 동반']",,"['음식이 맛있어요', '재료가 신선해요', '친절해요', '양이 많아요']",[],"[[""해물조개찜 (소)"", 39000], [""가리비+키조개찜"", 38000], [""키조개찜"", 38000], [""오징어숙회"", 12000], [""소라숙회"", 15000]]",한식
375,"['https://search.pstatic.net/common/?autoRotate=true&type=w560_sharpen&src=https%3A%2F%2Fpup-review-phinf.pstatic.net%2FMjAyMzA0MDFfMTI3%2FMDAxNjgwMzAxMzA0OTQ4.5WFIhr3MoMDG42woaEeRla8XwI63JN7Z4KGfYflK52kg.ftfhGSoh4PhreNeautYxqPJA8FpGsjvqblIEnvZkhFIg.JPEG%2F20230331_194509.jpg', 'https://search.pstatic.net/common/?autoRotate=true&type=w278_sharpen&src=https%3A%2F%2Fpup-review-phinf.pstatic.net%2FMjAyMjA3MTFfMTk0%2FMDAxNjU3NTIwMTQ4NDcy.YoPyeNVdHvY9buTzpAr2LfxBWwzAvPENvfyXUw4imEUg.xZS4_fnNsgcNcBwN3fhDW3eIOTho1pKmlz6h54ZoZYYg.JPEG%2Fupload_76e351ed46d04e10da5343584fcef3c2.jpeg', 'https://search.pstatic.net/common/?autoRotate=true&type=w278_sharpen&src=https%3A%2F%2Fpup-review-phinf.pstatic.net%2FMjAyMzAyMDRfMjgw%2FMDAxNjc1NDUwNTc4MTc2.VAuNqZZ0wdHz-KK69aowX8MIqbDAeXLRqPE1Xb5uUJsg.X4tGzgOb_XlZh1UbGkya7gEzSMgBS2Q3beIjwwdcfhIg.JPEG%2FEAA6A8FC-295A-4C98-B222-F78DD14ED144.jpeg']","서울특별시 마포구 와우산로 70 (서교동, 1,2층)",삼거리포차,559.12,193149.7163,449820.6866,02-3144-6748,,132,[],,"['음식이 맛있어요', '음악이 좋아요', '기본 안주가 좋아요', '단체모임 하기 좋아요']",[],"[[""모듬튀김"", 22000], [""세트1"", 38000], [""세트2"", 36000], [""오뎅탕"", 20000], [""삼거리부대찌개"", 23000], [""해물게살계란탕"", 20000], [""돼지김치찌개"", 21000], [""참치김치찌개"", 21000], [""해물누룽지탕"", 21000], [""홍합탕"", 20000], [""골뱅이무침소면"", 21000], [""오향맛보쌈"", 20000], [""치킨가라아게"", 20000], [""문어가라아게"", 20000], [""고로케&샐러드"", 20000], [""닭가슴살튀김샐러드"", 20000], [""연어샐러드"", 20000], [""요거트과일샐러드"", 21000], [""과일화채"", 21000], [""소고기로스 편채"", 23000]]",양식
376,"['https://search.pstatic.net/common/?autoRotate=true&type=w278_sharpen&src=https%3A%2F%2Fldb-phinf.pstatic.net%2F20250213_218%2F1739442270855pCxQ4_JPEG%2FDSC09962.jpg', 'https://search.pstatic.net/common/?autoRotate=true&type=w278_sharpen&src=https%3A%2F%2Fldb-phinf.pstatic.net%2F20250213_47%2F17394422706318FkWj_JPEG%2FDSC09840.jpg', 'https://search.pstatic.net/common/?autoRotate=true&type=w278_sharpen&src=https%3A%2F%2Fldb-phinf.pstatic.net%2F20250213_279%2F1739442270624AQAKr_JPEG%2FDSC00004-2.jpg']","서울특별시 마포구 양화로16길 33 (서교동, 1층 일부)",도마,144.0,192988.0452,450097.5989,0507-1427-0365,수: 14:00 - 23:30; 목: 14:00 - 23:30; 금: 14:00 - 00:30; 토: 14:00 - 00:30; 일: 14:00 - 23:30; 월: 정기휴무 (매주 월요일); 화: 14:00 - 23:30,306,"['콜키지 가능', '예약', '무선 인터넷', '단체 이용 가능', '포장']",,"['음식이 맛있어요', '친절해요', '재료가 신선해요', '특별한 메뉴가 있어요']",[],"[[""도마모듬 B"", 29000], [""스페셜모듬"", 61000], [""도마모듬 A"", 27000], [""꽃살"", 39000], [""양념 갈비살"", 20000], [""호주 와규 등심"", 35000], [""와규등심"", 35000], [""초신선 한우 뭉티기(130g)"", 27000], [""특강 한우 우설"", 30000], [""진갈비살"", 35000], [""갈비본살"", 28000], [""생갈비살"", 20000], [""마약된장찌개"", 8000], [""마약된장술밥"", 15000], [""초신선한우육회"", 21000], [""육회냉면"", 15000], [""육회비빔밥"", 14000], [""마약된장비빔밥"", 9000], [""약고추장비빔밥"", 9000]]",한식
377,"['https://search.pstatic.net/common/?autoRotate=true&type=w560_sharpen&src=https%3A%2F%2Fldb-phinf.pstatic.net%2F20231005_22%2F1696501358896X5pfo_JPEG%2F%25B8%25DE%25C0%25CE_02_%25C7%25CA%25C5%25CD.jpg', 'https://search.pstatic.net/common/?autoRotate=true&type=w278_sharpen&src=https%3A%2F%2Fldb-phinf.pstatic.net%2F20200407_77%2F1586204957062zBsGY_JPEG%2FsksVA4sG0w_p1Io5eMcyI6XH.jpg', 'https://search.pstatic.net/common/?autoRotate=true&type=w278_sharpen&src=https%3A%2F%2Fldb-phinf.pstatic.net%2F20200625_12%2F1593071047578MfrLS_JPEG%2Fcx-UH69Mgrkn3hhiiFb90AfL.jpg']","서울특별시 마포구 와우산로27길 70 (서교동,2층)",산띠,83.74,193301.8771,450367.0626,02-6052-3989,수: 11:30 - 22:00; 목: 11:30 - 22:00; 금: 11:30 - 22:00; 토: 11:30 - 22:00; 일: 11:30 - 22:00; 월: 11:30 - 22:00; 화: 정기휴무 (매주 화요일),240,"['예약', '단체 이용 가능', '포장', '무선 인터넷', '배달']",주차 불가,"['음식이 맛있어요', '친절해요', '인테리어가 멋져요', '양이 많아요']",[],"[[""LunchMenu-CoupleSet(2Person)"", 32000], [""LunchMenu-KulchaSet"", 12000], [""LunchMenu-ThaliSetA"", 17000], [""LunchMenu-ThaliSetB"", 19000], [""SHANTI SpecialSetA(2Person)"", 50000], [""SHANTI SpecialSetB(2person)"", 70000], [""Samosa(2p)"", 6000], [""Vegpakora"", 6000], [""TandooriChicken"", 10000]]",양식
378,"['https://search.pstatic.net/common/?autoRotate=true&type=w560_sharpen&src=https%3A%2F%2Fldb-phinf.pstatic.net%2F20200629_274%2F1593427136968TMGG7_JPEG%2F3TvdRdUpfXgFBTZe7RY710xp.jpeg.jpg', 'https://search.pstatic.net/common/?autoRotate=true&type=w278_sharpen&src=https%3A%2F%2Fpup-review-phinf.pstatic.net%2FMjAyMjA2MTJfMTQ3%2FMDAxNjU1MDEwNTE5MjEz.KXn8sx51txKCTS5mS7kWDmalvvK9oYpmS4Af8lGewhwg.a8z2Zd2q0amCap7r8Hw7pLcbWMVxuC_CW1v9ZRgpDMYg.JPEG%2Fupload_3bb6c0015f9e7a6785dccdec0f0ad75d.jpeg', 'https://search.pstatic.net/common/?autoRotate=true&type=w278_sharpen&src=https%3A%2F%2Fpup-review-phinf.pstatic.net%2FMjAyNDA0MDVfNzkg%2FMDAxNzEyMjQ0NTUwMzY5.Qb2mvaSe6u3JxEC5TPoY9982NVuT38so2lXMxPzVB4Mg.T317VAVl5EAvFhdowEGWvUIDs2tHG6Nf9hU4PzmC7CYg.JPEG%2FD4A6D5E2-E87E-47B3-8B84-3A4B8DC61411.jpeg']","서울특별시 마포구 와우산로17길 19 (서교동, 2층)",꼼보포차,118.83,193028.3556,449760.7712,02-337-1523,수: 17:40 - 05:00; 목: 17:40 - 05:00; 금: 17:40 - 06:00; 토: 17:40 - 06:00; 일: 17:40 - 05:00; 월: 17:40 - 05:00; 화: 17:40 - 05:00,198,[],,"['음식이 맛있어요', '가성비가 좋아요', '기본 안주가 좋아요', '친절해요']",[],"[[""육회물회"", 16000], [""오돌뼈"", 11900], [""불돼지"", 11900], [""돼지고기찌개"", 6000], [""오뎅탕"", 6000]]",양식
379,"['https://search.pstatic.net/common/?autoRotate=true&type=w560_sharpen&src=https%3A%2F%2Fldb-phinf.pstatic.net%2F20230215_36%2F1676424164847x2Dgr_JPEG%2FKakaoTalk_20230215_102225289.jpg', 'https://search.pstatic.net/common/?autoRotate=true&type=w278_sharpen&src=https%3A%2F%2Fldb-phinf.pstatic.net%2F20240706_111%2F1720275322570erElh_JPEG%2FIMG_20240320_121943_000.jpg', 'https://search.pstatic.net/common/?autoRotate=true&type=w278_sharpen&src=https%3A%2F%2Fldb-phinf.pstatic.net%2F20240706_231%2F1720275194057JC5iP_JPEG%2FIMG_20240320_122609_409.jpg']","서울특별시 마포구 동교로 94 (서교동,지층)",홍어한마리,52.58,192208.0963,450224.4903,02-323-1011,수: 16:00 - 22:00; 목: 16:00 - 22:00; 금: 16:00 - 22:00; 토: 16:00 - 22:00; 일: 정기휴무 (매주 일요일); 월: 16:00 - 22:00; 화: 16:00 - 22:00,58,[],,"['음식이 맛있어요', '재료가 신선해요', '양이 많아요', '특별한 메뉴가 있어요']",[],"[[""홍어찜"", 90000], [""삼합고기"", 20000], [""홍어 무침 (소)"", 70000], [""흑산도산 홍어회 (특대)"", 190000], [""흑산도산 홍어회 (대)"", 150000], [""흑산도산 홍어회 (중)"", 120000], [""흑산도산 홍어회 (소)"", 80000], [""흑산도 홍어애"", 45000], [""흑산도산 홍어찜"", 150000], [""신안 민어회"", null], [""신안 민어 머리탕"", null]]",한식
380,"['https://search.pstatic.net/common/?autoRotate=true&type=w560_sharpen&src=https%3A%2F%2Fldb-phinf.pstatic.net%2F20190724_282%2F1563933357084y1dUD_JPEG%2F28u0NLVjeDztfu3zOF4AuiT4.jpg', 'https://search.pstatic.net/common/?autoRotate=true&type=w278_sharpen&src=https%3A%2F%2Fldb-phinf.pstatic.net%2F20190719_59%2F1563512577794sxKjY_JPEG%2FwkV_2vmlk2LO1FIJ6ARLGcqG.JPG.jpg', 'https://search.pstatic.net/common/?autoRotate=true&type=w278_sharpen&src=https%3A%2F%2Fldb-phinf.pstatic.net%2F20190719_259%2F156351257167420Diw_JPEG%2FPJtqbPech8wubYS0IxYlFjqy.JPG.jpg']","서울특별시 마포구 와우산로23길 40 (서교동, 2층)",신선마라탕,72.64,193185.2173,450259.2207,02-6925-3999,수: 11:00 - 23:00; 목: 11:00 - 23:00; 금: 11:00 - 23:00; 토: 11:00 - 23:00; 일: 11:00 - 23:00; 월: 11:00 - 23:00; 화: 정기휴무 (매주 화요일),173,"['단체 이용 가능', '무선 인터넷', '포장']",,"['음식이 맛있어요', '재료가 신선해요', '친절해요', '혼밥하기 좋아요']",[],"[[""꽃빵튀김"", 6000], [""향라대하"", 18000], [""지삼선"", 12000], [""어향육슬"", 13000], [""샤오룽바오"", 7000]]",양식
381,"['https://search.pstatic.net/common/?autoRotate=true&type=w560_sharpen&src=https%3A%2F%2Fldb-phinf.pstatic.net%2F20221104_196%2F1667566809811JAMuC_JPEG%2F30412263-7495-4C3F-B42D-01C17A5D9DB0.jpeg', 'https://search.pstatic.net/common/?autoRotate=true&type=w278_sharpen&src=https%3A%2F%2Fldb-phinf.pstatic.net%2F20231204_206%2F1701688295952lBBBq_JPEG%2F248C5C3B-37EA-4CBA-9636-50FDE220DE94.jpeg', 'https://search.pstatic.net/common/?autoRotate=true&type=w278_sharpen&src=https%3A%2F%2Fldb-phinf.pstatic.net%2F20231204_184%2F1701688291621iKzbg_JPEG%2F572EB1C4-D225-46C2-B14B-C2D454F984A3.jpeg']","서울특별시 마포구 와우산로29길 4-36 (서교동, 지층일부(우측))",아틀란티스,28.33,193713.3304,450322.9613,0507-1307-5241,수: 18:00 - 24:00; 목: 18:30 - 01:10; 금: 18:30 - 03:00; 토: 18:00 - 04:00; 일: 18:00 - 01:00; 월: 18:30 - 01:00; 화: 18:00 - 24:00,57,"['예약', '무선 인터넷', '반려동물 동반']",주차 불가,"['혼술하기 좋아요', '술이 다양해요', '음식이 맛있어요', '친절해요']","['바테이블', '테라스', '1인석']","[[""텍사스 치킨윙"", 9900], [""소세지와 감자튀김"", 15000], [""나쵸"", 5000], [""아틀란티스 머그라면"", 5000], [""에어플라이어 감자튀김"", 8000]]",양식
382,"['https://search.pstatic.net/common/?autoRotate=true&type=w560_sharpen&src=https%3A%2F%2Fldb-phinf.pstatic.net%2F20200405_233%2F1586060406452b0Qda_JPEG%2FZTc9o4YF-6sXYTROBrv5sogK.jpg', 'https://search.pstatic.net/common/?autoRotate=true&type=w278_sharpen&src=https%3A%2F%2Fldb-phinf.pstatic.net%2F20200513_131%2F1589363103431SdSrp_JPEG%2F2b8zdknh822Xz-Gjo-ykyipQ.jpg', 'https://search.pstatic.net/common/?autoRotate=true&type=w278_sharpen&src=https%3A%2F%2Fpup-review-phinf.pstatic.net%2FMjAyMjA3MTJfMTMz%2FMDAxNjU3NjAzODE0MTM4._VHnSYx9lF4Txam0MJHrGjhVk8HvLOTz-27kSFQ71wEg.MiZ0N1hVdUKV_4qWmA94GJdbc_tCGqWP13brec0TNMsg.JPEG%2Fupload_29ca4dc85f5e41c49464f60d10084b0e.jpeg']","서울특별시 마포구 양화로7길 28 (서교동, 2층일부)",향원정,92.4,192387.8381,449971.3178,02-338-3110,수: 10:30 - 22:10; 목: 10:30 - 22:10; 금: 10:30 - 22:10; 토: 10:30 - 22:10; 일: 정기휴무 (매주 일요일); 월: 10:30 - 22:10; 화: 10:30 - 22:10,174,"['단체 이용 가능', '포장']",주차 가능,"['음식이 맛있어요', '재료가 신선해요', '친절해요', '양이 많아요']",[],"[[""양"", 29000], [""소곱창"", 26000], [""차돌박이"", 29000], [""사태살"", 27000], [""등골"", 25000], [""내장무침"", 18000], [""양밥"", 15000], [""차곱전골 (소)"", 37000], [""곱창전골 (소)"", 30000], [""내장곰탕"", 10000], [""차돌된장"", 9000]]",한식
383,"['https://search.pstatic.net/common/?autoRotate=true&type=w560_sharpen&src=https%3A%2F%2Fldb-phinf.pstatic.net%2F20190106_126%2F1546732160021qkS0l_JPEG%2F2-LxrtvxVL0TsNpahP2YrOXb.jpg', 'https://search.pstatic.net/common/?autoRotate=true&type=w278_sharpen&src=https%3A%2F%2Fldb-phinf.pstatic.net%2F20190117_204%2F1547723824165p50hC_JPEG%2FapX7hJT18mEA2xYpg9e1XXem.jpg', 'https://search.pstatic.net/common/?autoRotate=true&type=w278_sharpen&src=https%3A%2F%2Fldb-phinf.pstatic.net%2F20190117_207%2F1547725079434lGhQg_JPEG%2FAhVbvtiS71t7Sx7NKOBhAQwa.jpg']","서울특별시 마포구 와우산로29길 27 (서교동, 1층일부)",토모토카레,80.0,193590.1709,450318.0743,02-3144-4200,수: 11:30 - 21:00; 목: 11:30 - 21:00; 금: 11:30 - 21:00; 토: 11:30 - 21:00; 일: 11:30 - 21:00; 월: 11:30 - 21:00; 화: 11:30 - 21:00,503,"['포장', '배달', '무선 인터넷']",주차 불가,"['음식이 맛있어요', '혼밥하기 좋아요', '친절해요', '재료가 신선해요']",['바테이블'],"[[""토모토 카레 (소)"", 7000], [""오므 카레 (소)"", 8000], [""스프카레 우동"", 9000], [""스페셜 스프카레우동"", 12000], [""크림카레우동"", 10000], [""로스카츠"", 10000], [""히레카츠"", 11500], [""믹스카츠"", 13500], [""치킨 가라아게(5pcs)"", 3500], [""생 돈카츠"", 4000], [""치즈함바그"", 4000], [""함바그"", 3000], [""왕새우튀김"", 3500], [""버섯스아게"", 3000], [""고로케"", 2800], [""야채스아게"", 2800]]",양식
384,"['https://search.pstatic.net/common/?autoRotate=true&type=w560_sharpen&src=https%3A%2F%2Fldb-phinf.pstatic.net%2F20230915_23%2F1694755891598yK2O4_PNG%2F20230915_142048.png', 'https://search.pstatic.net/common/?autoRotate=true&type=w278_sharpen&src=https%3A%2F%2Fldb-phinf.pstatic.net%2F20230915_122%2F16947558922105HpE1_PNG%2F20230915_142424.png', 'https://search.pstatic.net/common/?autoRotate=true&type=w278_sharpen&src=https%3A%2F%2Fldb-phinf.pstatic.net%2F20220206_78%2F1644120483231Wa1Ha_JPEG%2F20191227_135302.jpg']","서울특별시 마포구 와우산로21길 36-4 (서교동, 지하1층)",그녀의밥상,60.0,193038.609,450034.0331,02-324-4074,수: 11:10 - 20:10; 목: 11:10 - 20:10; 금: 11:10 - 20:10; 토: 11:10 - 20:00; 일: 11:50 - 19:30; 월: 11:10 - 20:10; 화: 11:10 - 20:10,160,"['예약', '단체 이용 가능', '포장', '무선 인터넷']",주차 불가,"['음식이 맛있어요', '가성비가 좋아요', '반찬이 잘 나와요', '양이 많아요']",[],"[[""목포낙지볶음백반 +된장찌개 or 김치찌개"", 10500], [""자갈치고등어구이백반 +된장찌개 or 김치찌개"", 10000], [""버섯들깨순두부"", 8500], [""햄치즈순두부"", 8500], [""낙지볶음"", 8000]]",양식
385,"['https://search.pstatic.net/common/?autoRotate=true&type=w560_sharpen&src=https%3A%2F%2Fldb-phinf.pstatic.net%2F20241018_143%2F1729225223808oc3Bw_JPEG%2FIMG_3266.jpeg', 'https://search.pstatic.net/common/?autoRotate=true&type=w278_sharpen&src=https%3A%2F%2Fldb-phinf.pstatic.net%2F20241018_206%2F1729225224792mLkMt_JPEG%2FIMG_3257.jpeg', 'https://search.pstatic.net/common/?autoRotate=true&type=w278_sharpen&src=https%3A%2F%2Fldb-phinf.pstatic.net%2F20241018_234%2F1729225223690qkyli_JPEG%2FIMG_3267.jpeg']","서울특별시 마포구 독막로3길 20, 지하1층 좌측 (서교동)",이쪽,42.9,192595.4372,449659.4319,0507-1416-5467,수: 11:30 - 23:00; 목: 11:30 - 23:00; 금: 11:30 - 23:00; 토: 17:00 - 23:00; 일: 정기휴무 (매주 일요일); 월: 11:30 - 23:00; 화: 11:30 - 23:00,158,"['예약', '무선 인터넷', '단체 이용 가능']",주차 불가,"['음식이 맛있어요', '친절해요', '가성비가 좋아요', '매장이 청결해요']",[],"[[""돼지갈비정식"", 9000], [""차돌박이 정식"", 10000], [""김치찌개정식"", 8000], [""차돌박이 150g"", 24000], [""삼겹살 150g"", 12000]]",한식
386,"['https://search.pstatic.net/common/?autoRotate=true&type=w560_sharpen&src=https%3A%2F%2Fldb-phinf.pstatic.net%2F20231226_269%2F1703561881547RJmcK_JPEG%2FKakaoTalk_20231226_122854450_01.jpg', 'https://search.pstatic.net/common/?autoRotate=true&type=w278_sharpen&src=https%3A%2F%2Fldb-phinf.pstatic.net%2F20231226_42%2F1703561881576psMY7_JPEG%2FKakaoTalk_20231226_122854450_02.jpg', 'https://search.pstatic.net/common/?autoRotate=true&type=w278_sharpen&src=https%3A%2F%2Fldb-phinf.pstatic.net%2F20231226_297%2F17035618815390sjos_JPEG%2FKakaoTalk_20231226_122854450_03.jpg']","서울특별시 마포구 동교로 90, 1,2층 (서교동)",강화통통생고기,181.25,192167.2811,450215.1867,,,483,"['단체 이용 가능', '예약', '유아의자', '무선 인터넷', '대기공간']",유료 주차 가능,"['음식이 맛있어요', '고기 질이 좋아요', '친절해요', '재료가 신선해요']",[],"[[""숙성삼겹살(180g)"", 16000], [""숙성꽃목살(180g)"", 16000], [""생갈매기살(160g)"", 16000]]",한식
387,"['https://search.pstatic.net/common/?autoRotate=true&type=w560_sharpen&src=https%3A%2F%2Fldb-phinf.pstatic.net%2F20220318_112%2F1647591501689rhuOO_JPEG%2F%25B8%25E0%25BA%25B8%25BB%25FE.jpg', 'https://search.pstatic.net/common/?autoRotate=true&type=w278_sharpen&src=https%3A%2F%2Fldb-phinf.pstatic.net%2F20220318_246%2F1647591479851hKINB_JPEG%2FP20220220_150502610_29445B32-CBBF-400F-A6DF-92686DDDE762.JPG', 'https://search.pstatic.net/common/?autoRotate=true&type=w278_sharpen&src=https%3A%2F%2Fldb-phinf.pstatic.net%2F20220318_195%2F1647591481277lUmD4_JPEG%2FP20220220_151330630_94B68704-6FB4-4ED7-ADFB-8F85C1DA14E4.JPG']","서울특별시 마포구 월드컵북로1길 60 (서교동, 1층 )",진진,89.88,192723.2297,450173.3254,0507-1447-8879,수: 11:30 - 21:00; 목: 11:30 - 21:00; 금: 11:30 - 21:00; 토: 11:30 - 21:00; 일: 12:00 - 21:30; 월: 11:30 - 21:00; 화: 11:30 - 21:00,946,"['콜키지 가능', '예약', '포장', '무선 인터넷']",주차 불가,"['음식이 맛있어요', '특별한 메뉴가 있어요', '재료가 신선해요', '친절해요']",[],"[[""대게살볶음"", 37000], [""멘보샤"", 25000], [""해물짬뽕"", 11000], [""전복팔보채"", 54000]]",한식
388,"['https://search.pstatic.net/common/?autoRotate=true&type=w560_sharpen&src=https%3A%2F%2Fldb-phinf.pstatic.net%2F20150901_195%2F144106978425188MnC_JPEG%2FSUBMIT_1433319113447_36410568.jpg', 'https://search.pstatic.net/common/?autoRotate=true&type=w278_sharpen&src=https%3A%2F%2Fldb-phinf.pstatic.net%2F20150901_232%2F14410697844685PB3P_JPEG%2F166259586656058_0.jpeg', 'https://search.pstatic.net/common/?autoRotate=true&type=w278_sharpen&src=https%3A%2F%2Fldb-phinf.pstatic.net%2F20150901_89%2F1441069784683y8cFJ_JPEG%2F166259586656058_2.jpeg']","서울특별시 마포구 잔다리로6길 20-6 (서교동, 지1층일부)",산오징어양푼무침,59.66,192882.821,449968.468,0507-1407-4189,수: 16:00 - 04:00; 목: 16:00 - 04:00; 금: 16:00 - 04:00; 토: 16:00 - 04:00; 일: 16:00 - 04:00; 월: 16:00 - 04:00; 화: 16:00 - 04:00,95,"['예약', '단체 이용 가능', '포장', '무선 인터넷']",주차 가능,"['음식이 맛있어요', '재료가 신선해요', '양이 많아요', '특별한 메뉴가 있어요']",[],"[[""산오징어양푼무침"", 24000], [""산오징어물회"", 24000], [""산낙지물회"", 23000], [""산오징어회"", 18000], [""산오징어통찜구이"", 18000]]",일식
389,"['https://search.pstatic.net/common/?autoRotate=true&type=w278_sharpen&src=https%3A%2F%2Fldb-phinf.pstatic.net%2F20250219_61%2F1739943457043Wyjzd_JPEG%2F20250219_143458.jpg', 'https://search.pstatic.net/common/?autoRotate=true&type=w278_sharpen&src=https%3A%2F%2Fldb-phinf.pstatic.net%2F20250108_169%2F17363338415826wqEa_JPEG%2F20240818_143008.jpg', 'https://search.pstatic.net/common/?autoRotate=true&type=w278_sharpen&src=https%3A%2F%2Fldb-phinf.pstatic.net%2F20250215_51%2F1739603347206meQv4_JPEG%2F20250214_182402.jpg']","서울특별시 마포구 어울마당로 126-1 (서교동,1층)",통통돼지뽈살,85.6,193231.1294,450376.3383,0507-1387-0570,수: 11:00 - 02:00; 목: 11:00 - 02:00; 금: 11:00 - 02:00; 토: 11:00 - 02:00; 일: 11:00 - 02:00; 월: 11:00 - 02:00; 화: 11:00 - 02:00,199,"['콜키지 가능', '단체 이용 가능', '예약', '무선 인터넷', '포장', '유아의자', '대기공간', '장애인 휠체어 이용가능', '장애인 휠체어 이용가능']",주차 불가,"['음식이 맛있어요', '친절해요', '고기 질이 좋아요', '가성비가 좋아요']","['단체석', '입식']","[[""뽈살(양념)(200g)"", 15000], [""삼겹살(200g)"", 15000], [""항정살(150g)"", 16000], [""소갈비살(150g)"", 17000], [""왕막창(180g)"", 15000]]",한식
390,"['https://search.pstatic.net/common/?autoRotate=true&type=w560_sharpen&src=https%3A%2F%2Fldb-phinf.pstatic.net%2F20161102_246%2F1478071798562cFU4z_JPEG%2F176977613343890_0.jpeg', 'https://search.pstatic.net/common/?autoRotate=true&type=w278_sharpen&src=https%3A%2F%2Fldb-phinf.pstatic.net%2F20161102_183%2F1478071798797UR6yA_JPEG%2F176977613343890_2.jpeg', 'https://search.pstatic.net/common/?autoRotate=true&type=w278_sharpen&src=https%3A%2F%2Fldb-phinf.pstatic.net%2F20170818_177%2F15030223054281wS8E_JPEG%2FXdN1DOKdbWIMCLHkflyvXw3h.jpg']","서울특별시 마포구 와우산로29라길 20, 2층 (서교동)",홍익닭한마리,96.32,193463.8037,450311.2053,02-322-7523,수: 11:30 - 21:00; 목: 11:30 - 21:00; 금: 11:30 - 21:00; 토: 11:30 - 21:00; 일: 11:30 - 20:30; 월: 11:30 - 20:30; 화: 정기휴무 (매주 화요일),406,"['콜키지 가능', '무선 인터넷', '노키즈존']",주차 불가,"['음식이 맛있어요', '친절해요', '양이 많아요', '매장이 넓어요']",[],"[[""2인세트"", 28000], [""닭한마리"", 23000]]",한식
391,"['https://search.pstatic.net/common/?autoRotate=true&type=w560_sharpen&src=https%3A%2F%2Fldb-phinf.pstatic.net%2F20180717_210%2F1531795648005Ox2Nf_JPEG%2FRm6E-KeBKVEddxTVCo-L-T_R.jpg', 'https://search.pstatic.net/common/?autoRotate=true&type=w278_sharpen&src=https%3A%2F%2Fpup-review-phinf.pstatic.net%2FMjAyMjA4MjRfMTMw%2FMDAxNjYxMzEzNDExOTM3.8rTPk_8v7jOdMJwwbHYxg_wyuHzkfW-3fe9MJzxvrbUg.K06rk6UyVhjU5zzo_belgqxa1nwcib3ANa6k1iK-rYsg.JPEG%2F188B4E90-E88B-443C-8984-1FEF3894700B.jpeg', 'https://search.pstatic.net/common/?autoRotate=true&type=w278_sharpen&src=https%3A%2F%2Fpup-review-phinf.pstatic.net%2FMjAyMjA4MDdfMTY0%2FMDAxNjU5ODc1MDQxMTg5.kd36VxmVERr8D1WkiaOgWSSpMg3Wqxl0TRoEhUIEaZ4g.E-YZg6x7dnULXUFlWPOMYrxAaeM8HPV_YfGzgpFJP4wg.JPEG%2Fupload_2890549a2679d49a84112b0f64870c3f.jpeg']","서울특별시 마포구 와우산로23길 35, 2층 (서교동)",육쌈냉면,51.69,193167.0009,450239.3104,02-333-6392,수: 11:00 - 21:00; 목: 11:00 - 21:00; 금: 11:00 - 21:00; 토: 11:00 - 21:00; 일: 11:00 - 21:00; 월: 11:00 - 21:00; 화: 11:00 - 21:00,220,"['포장', '배달', '무선 인터넷', '반려동물 동반', '단체 이용 가능', '대기공간', '예약']",주차 불가,"['음식이 맛있어요', '가성비가 좋아요', '혼밥하기 좋아요', '친절해요']",[],"[[""물냉면 + 숯불고기"", 9500], [""비빔냉면 + 숯불고기"", 9500], [""비빔밥 + 숯불고기"", 9500]]",한식
392,"['https://search.pstatic.net/common/?autoRotate=true&type=w560_sharpen&src=https%3A%2F%2Fldb-phinf.pstatic.net%2F20150831_162%2F1441008228788hGX6V_JPEG%2FSUBMIT_1355193889682_19570213.jpg', 'https://search.pstatic.net/common/?autoRotate=true&type=w278_sharpen&src=https%3A%2F%2Fldb-phinf.pstatic.net%2F20150831_210%2F1441008229042Bp8h0_JPEG%2FSUBMIT_1355193892599_19570213.jpg', 'https://search.pstatic.net/common/?autoRotate=true&type=w278_sharpen&src=https%3A%2F%2Fldb-phinf.pstatic.net%2F20200113_30%2F1578900359452EgAlO_JPEG%2Fimage.jpg']","서울특별시 마포구 양화로12길 26, 102호 (서교동)",닭선생,32.8,192747.8708,449959.5666,,수: 11:30 - 21:30; 목: 11:30 - 21:30; 금: 11:30 - 21:30; 토: 12:30 - 21:00; 일: 정기휴무 (매주 일요일); 월: 11:30 - 21:30; 화: 11:30 - 21:30,126,[],,"['음식이 맛있어요', '가성비가 좋아요', '혼밥하기 좋아요', '친절해요']",[],[],한식
393,"['https://search.pstatic.net/common/?autoRotate=true&type=w560_sharpen&src=https%3A%2F%2Fldb-phinf.pstatic.net%2F20200414_140%2F1586820900194MkvfQ_JPEG%2FZrGiVhD_8YKc51Yv17CUcKck.jpg', 'https://search.pstatic.net/common/?autoRotate=true&type=w278_sharpen&src=https%3A%2F%2Fldb-phinf.pstatic.net%2F20180825_28%2F1535169192384kp996_JPEG%2FTEF1HqXWT4e6MpaG1cxQkADJ.jpg', 'https://search.pstatic.net/common/?autoRotate=true&type=w278_sharpen&src=https%3A%2F%2Fldb-phinf.pstatic.net%2F20200414_241%2F1586821129046IivNM_JPEG%2FPqpZaXPgjC4J1AOVP9DcO0Ad.jpg']","서울특별시 마포구 어울마당로5길 29 (서교동, 1층)",빠넬로,58.93,192767.6046,449683.1936,,수: 17:30 - 23:00; 목: 17:30 - 23:00; 금: 17:30 - 23:00; 토: 12:00 - 22:00; 일: 12:00 - 22:00; 월: 정기휴무 (매주 월요일); 화: 정기휴무 (매주 화요일),307,"['예약', '무선 인터넷', '포장']",,"['음식이 맛있어요', '특별한 메뉴가 있어요', '재료가 신선해요', '친절해요']",[],"[[""마르게리따 부팔라"", 25000], [""부라따피자"", 35000], [""디아볼라살시챠"", 30000], [""마레 피자"", 33000], [""트러플따야린"", 37000], [""트러플딸리올리니"", 32000], [""빠께리"", 32000], [""까르보나라"", 26000]]",양식
394,"['https://search.pstatic.net/common/?autoRotate=true&type=w560_sharpen&src=https%3A%2F%2Fldb-phinf.pstatic.net%2F20171204_61%2F15123876776173qFno_JPEG%2F2B5SAF1HgHhr4J3Yc6EHLIHM.jpg', 'https://search.pstatic.net/common/?autoRotate=true&type=w278_sharpen&src=https%3A%2F%2Fpup-review-phinf.pstatic.net%2FMjAyMjExMTZfMjc1%2FMDAxNjY4NTc2MjcxNzQw.cNLFe6Sr4EPHztuY0HRsvkALWAkXr6X0aUBFxqxKfVIg.0ZzUP81ZGKVxLHTGOaYzjb5U3yjYMvZNaqqhd-y0Mjgg.JPEG%2FF0F6BC96-9004-4490-ACDD-FE18988E2CE5.jpeg', 'https://search.pstatic.net/common/?autoRotate=true&type=w278_sharpen&src=https%3A%2F%2Fpup-review-phinf.pstatic.net%2FMjAyMzAyMDJfMjUz%2FMDAxNjc1MzI3NTE1NjMz.IwKoeC4A1ju-eUr85jNAMWQth4seJLzfJIs_CpsR9yQg.51NJ9w50mFbuv5uMT-Nepf71TsyOFAQy_T6iRL_lJq4g.JPEG%2F41E53241-BCC9-4C05-86D4-14F206C0C453.jpeg']","서울특별시 마포구 월드컵북로5길 68, 1층 102호 (서교동, 광남벨라스2차아파트)",한스시,53.3,192429.0042,450436.0821,0507-1401-5992,수: 11:30 - 24:00; 목: 11:30 - 24:00; 금: 11:30 - 24:00; 토: 정기휴무 (매주 토요일); 일: 11:30 - 24:00; 월: 11:30 - 24:00; 화: 11:30 - 24:00,64,"['예약', '포장', '무선 인터넷', '단체 이용 가능']",주차 가능,"['음식이 맛있어요', '재료가 신선해요', '친절해요', '가성비가 좋아요']",[],"[[""모둠 사시미(소)"", 35000], [""생연어"", 30000], [""전복"", 30000], [""광어초회"", 25000], [""참치육회"", 20000]]",일식
395,"['https://search.pstatic.net/common/?autoRotate=true&type=w560_sharpen&src=https%3A%2F%2Fnaverbooking-phinf.pstatic.net%2F20231101_298%2F16987770728588FxbO_JPEG%2Fimage.jpg', 'https://search.pstatic.net/common/?autoRotate=true&type=w278_sharpen&src=https%3A%2F%2Fnaverbooking-phinf.pstatic.net%2F20231101_188%2F1698777140098Mtrsd_JPEG%2Fimage.jpg', 'https://search.pstatic.net/common/?autoRotate=true&type=w278_sharpen&src=https%3A%2F%2Fnaverbooking-phinf.pstatic.net%2F20231101_222%2F1698777163744KlAnv_JPEG%2Fimage.jpg']","서울특별시 마포구 양화로6길 57-7 (서교동, 지1층일부)",화규,47.77,192642.4115,449642.2865,02-444-4442,수: 17:00 - 24:00; 목: 17:00 - 24:00; 금: 17:00 - 24:00; 토: 15:00 - 23:00; 일: 정기휴무 (매주 일요일); 월: 17:00 - 24:00; 화: 17:00 - 24:00,450,"['콜키지 가능', '예약', '무선 인터넷', '단체 이용 가능', '유아의자']",주차 불가,"['음식이 맛있어요', '친절해요', '고기 질이 좋아요', '인테리어가 멋져요']",['바테이블'],"[[""안심 (120g)"", 40000], [""토시살 (120g)"", 30000], [""안창살 (120g)"", 35000], [""우설 (120g)"", 33000], [""살치살 (120g)"", 45000], [""부챗살 (120g)"", 43000], [""새우살"", 55000], [""등심"", 43000]]",일식
396,"['https://search.pstatic.net/common/?autoRotate=true&type=w560_sharpen&src=https%3A%2F%2Fldb-phinf.pstatic.net%2F20181127_31%2F1543285607432l1WFh_JPEG%2FOMIHbNkpSexc_J1HOiQe0O3E.jpg', 'https://search.pstatic.net/common/?autoRotate=true&type=w278_sharpen&src=https%3A%2F%2Fldb-phinf.pstatic.net%2F20200218_227%2F15820300975402v1RQ_JPEG%2FC9KSdDEEKmy30cPShtft40ky.jpg', 'https://search.pstatic.net/common/?autoRotate=true&type=w278_sharpen&src=https%3A%2F%2Fpup-review-phinf.pstatic.net%2FMjAyMzA1MTZfMjIy%2FMDAxNjg0MjIwNDQzODAw.r-pfD23Mr7HHOLWABfjtO70CAaajyggSe4ydxUKQvxAg.YQsaZ-z4h2l2Q1kDj0ViLJsussXJTVL5t1IcTefWbdwg.JPEG%2FIMG_4735.jpeg']","서울특별시 마포구 월드컵로8길 41, 지1층 101호 (서교동)",수잔네,33.0,192378.5611,450139.2739,02-6339-6042,수: 11:00 - 19:30; 목: 11:00 - 19:30; 금: 11:00 - 19:30; 토: 정기휴무 (매주 토요일); 일: 정기휴무 (매주 일요일); 월: 11:00 - 19:30; 화: 11:00 - 19:30,157,['무선 인터넷'],,"['음식이 맛있어요', '재료가 신선해요', '친절해요', '혼밥하기 좋아요']",[],"[[""제육 열무 비빔밥"", 9000], [""두부 열무 비빔밥"", 9000], [""우동"", 7000]]",한식
397,"['https://search.pstatic.net/common/?autoRotate=true&type=w560_sharpen&src=https%3A%2F%2Fldb-phinf.pstatic.net%2F20190725_189%2F1563981142458DQXcX_JPEG%2FvCRoJMrMP_2K68_ZRyUp7Xqw.jpg', 'https://search.pstatic.net/common/?autoRotate=true&type=w278_sharpen&src=https%3A%2F%2Fldb-phinf.pstatic.net%2F20191217_7%2F1576517995001HOmUG_JPEG%2F72hGKY6AkHDAv4TzFP2WQw8M.jpg', 'https://search.pstatic.net/common/?autoRotate=true&type=w278_sharpen&src=https%3A%2F%2Fldb-phinf.pstatic.net%2F20240109_252%2F17047308425643PYOX_PNG%2F1704722436992.png']","서울특별시 마포구 양화로7길 6-5, 2층 201호 (서교동, 와와빌딩)",세상끝의라멘,94.29,192437.5773,449930.212,0507-1375-1361,,859,"['단체 이용 가능', '무선 인터넷']",,"['음식이 맛있어요', '혼밥하기 좋아요', '친절해요', '특별한 메뉴가 있어요']",[],"[[""첫라멘 (S)"", 6000], [""끝라멘 (S)"", 6000], [""카이라멘"", 12000]]",일식
398,"['https://search.pstatic.net/common/?autoRotate=true&type=w560_sharpen&src=https%3A%2F%2Fldb-phinf.pstatic.net%2F20181206_293%2F1544086240160O6z8n_JPEG%2FmvRphiZJwDMJ2rMkcys_mBc0.jpg', 'https://search.pstatic.net/common/?autoRotate=true&type=w278_sharpen&src=https%3A%2F%2Fldb-phinf.pstatic.net%2F20181207_85%2F1544151932520LsNUb_JPEG%2F8qAxrEHRbr6hIG3lhz7Rkm2i.JPG.jpg', 'https://search.pstatic.net/common/?autoRotate=true&type=w278_sharpen&src=https%3A%2F%2Fldb-phinf.pstatic.net%2F20181207_240%2F1544151932608Rl9ej_JPEG%2FGjkuM7pNiFTtorvFaoX5ZlQg.JPG.jpg']","서울특별시 마포구 양화로 94, 1층 (서교동)",보보호텔,96.4,192702.3579,450008.9176,02-324-0021,,37,['예약'],주차 가능,"['침구가 좋아요', '조용히 쉬기 좋아요', '친절해요', '깨끗해요']",[],[],양식
399,"['https://search.pstatic.net/common/?autoRotate=true&type=w560_sharpen&src=https%3A%2F%2Fpup-review-phinf.pstatic.net%2FMjAyMzA1MTJfMTQg%2FMDAxNjgzODgzNTI0MzMw.N_HiC1fAZUZNWdUfVyO6O5Sk3rvocPS9Oo9Y9twclfMg.ubAObt_LEg4EbBcpN2J8AEDhMuXKFa7_03iB7n1UTFYg.JPEG%2F20230512_112559.jpg', 'https://search.pstatic.net/common/?autoRotate=true&type=w278_sharpen&src=https%3A%2F%2Fpup-review-phinf.pstatic.net%2FMjAyMzA4MjNfNDUg%2FMDAxNjkyNzc1MjA0MTQz.FkSytd2qSjVtXzbUtT4o81YxY0A2Kt-jfGxMAQMgjCcg.RBMiGrnLYFnFZYmkc01KbaxIlIFxlXC-7JnS7KBKXw8g.JPEG%2F20230817_114354.jpg', 'https://search.pstatic.net/common/?autoRotate=true&type=w278_sharpen&src=https%3A%2F%2Fpup-review-phinf.pstatic.net%2FMjAyMzA1MTJfMjMz%2FMDAxNjgzODgzNTI0OTAy.W1hrTDQcH_9jvw7GSbiLGLRE7Pw7UkFV9cmzFX0NbGMg.iYDfP11Ao3AEy9M2G3RHM4C-26nDgExdk9k0kl1DJywg.JPEG%2F20230512_112631.jpg']","서울특별시 마포구 와우산로 100 (서교동,지하1층)",홍대 율촌,215.0,193276.924,450065.8384,02-324-1150,수: 10:00 - 20:00; 목: 10:00 - 20:00; 금: 10:00 - 20:00; 토: 11:00 - 19:00; 일: 정기휴무 (매주 일요일); 월: 10:00 - 20:00; 화: 10:00 - 20:00,190,['포장'],,"['음식이 맛있어요', '혼밥하기 좋아요', '친절해요', '가성비가 좋아요']",[],"[[""닭칼국수"", 9000], [""물냉면(중)"", 6000], [""회냉면"", 7000], [""납작만두"", 4000], [""고추장불고기"", 5500]]",양식
400,"['https://search.pstatic.net/common/?autoRotate=true&type=w560_sharpen&src=https%3A%2F%2Fldb-phinf.pstatic.net%2F20240604_144%2F17174744773950WCTV_JPEG%2FIMG_2149.jpeg', 'https://search.pstatic.net/common/?autoRotate=true&type=w278_sharpen&src=https%3A%2F%2Fldb-phinf.pstatic.net%2F20240531_215%2F1717159288789A0Qvp_JPEG%2FIMG_8802.jpeg', 'https://search.pstatic.net/common/?autoRotate=true&type=w278_sharpen&src=https%3A%2F%2Fldb-phinf.pstatic.net%2F20240531_47%2F17171592884480JroI_JPEG%2FIMG_6715.jpeg']","서울특별시 마포구 홍익로2길 27-20, 1층 (서교동)",오비야,56.19,193247.675,450357.2537,0507-1449-5255,,210,"['비건 메뉴', '콜키지 가능', '배달', '포장', '무선 인터넷', '예약', '단체 이용 가능', '유아의자']",주차 불가,"['음식이 맛있어요', '특별한 메뉴가 있어요', '재료가 신선해요', '양이 많아요']",['단체석'],"[[""메밀김밥"", 10000], [""텐자루소바(튀김+판메밀)"", 14500], [""토마토소바"", 12000]]",일식
401,"['https://search.pstatic.net/common/?autoRotate=true&type=w560_sharpen&src=https%3A%2F%2Fldb-phinf.pstatic.net%2F20241024_299%2F1729757125462De2Ex_JPEG%2FIMG_7174.jpeg', 'https://search.pstatic.net/common/?autoRotate=true&type=w278_sharpen&src=https%3A%2F%2Fldb-phinf.pstatic.net%2F20240513_258%2F1715560647211hkQxB_JPEG%2FKakaoTalk_20240424_202811892_18.jpg', 'https://search.pstatic.net/common/?autoRotate=true&type=w278_sharpen&src=https%3A%2F%2Fldb-phinf.pstatic.net%2F20240710_222%2F1720608233329cNWrp_JPEG%2F1.jpg']","서울특별시 마포구 와우산로23길 35-6, 2층 (서교동)",낭만포차,57.66,193153.8168,450257.9877,0507-1394-4668,,334,"['무선 인터넷', '반려동물 동반', '단체 이용 가능', '예약', '배달', '포장']",주차 불가,"['음식이 맛있어요', '가성비가 좋아요', '특별한 메뉴가 있어요', '대화하기 좋아요']","['루프탑', '연인석', '룸', '단체석']","[[""밀푀유나베"", 18000], [""우삼겹스키야키"", 18000], [""우삼겹숙주볶음"", 18000], [""골뱅이쫄면"", 20000], [""순두부짬뽕탕"", 18000], [""깐풍기"", 17000], [""크림파스타"", 15000], [""우삼겹떡볶이"", 18000], [""오뎅탕"", 17000], [""바지락버터술찜"", 18000], [""제육볶음"", 17000], [""치킨데리야끼"", 18000], [""닭똥집마늘볶음"", 17000], [""두부김치볶음"", 17000], [""관자버터구이(8pc)"", 13000]]",한식
402,"['https://search.pstatic.net/common/?autoRotate=true&type=w560_sharpen&src=https%3A%2F%2Fldb-phinf.pstatic.net%2F20240703_64%2F1719999695576GsICS_JPEG%2FIMG_2364.jpeg', 'https://search.pstatic.net/common/?autoRotate=true&type=w278_sharpen&src=https%3A%2F%2Fldb-phinf.pstatic.net%2F20240326_200%2F17114502471261mcbQ_JPEG%2FIMG_2155.jpeg', 'https://search.pstatic.net/common/?autoRotate=true&type=w278_sharpen&src=https%3A%2F%2Fldb-phinf.pstatic.net%2F20240326_202%2F1711450246345TRdds_JPEG%2FIMG_2151.jpeg']","서울특별시 마포구 잔다리로 9, 3층 (서교동)",부엉이산장 홍대점2,97.0,193035.4279,449815.6315,0507-1397-0636,수: 16:00 - 06:00; 목: 16:00 - 06:00; 금: 16:00 - 07:00; 토: 16:00 - 07:00; 일: 16:00 - 06:00; 월: 16:00 - 06:00; 화: 16:00 - 06:00,889,"['콜키지 가능', '단체 이용 가능', '예약', '대기공간']",주차 불가,"['음식이 맛있어요', '술이 다양해요', '인테리어가 멋져요', '기본 안주가 좋아요']","['입식', '단체석']","[[""곱도리탕(곱창)"", 31000], [""꽃도리탕(꽃게)"", 31000], [""묵도리탕(묵은지)"", 29000], [""닭도리탕"", 26000], [""모듬전"", 24000], [""육새전(소고기+새우)"", 20000], [""새우전"", 24000], [""육전"", 18000], [""치즈김치전"", 18000], [""치즈감자채전"", 19000], [""반반전(해물파전+김치전)"", 18000], [""해물파전"", 18000], [""김치전"", 15000], [""항정수육&보쌈김치"", 26000], [""삼겹김치전골"", 25000], [""통골뱅이조개전골"", 23000], [""참소라초무침"", 22000], [""오징어숙회"", 18000], [""불오징어"", 27000], [""냉채항정"", 26000], [""고추장육회"", 24000]]",한식
403,"['https://search.pstatic.net/common/?autoRotate=true&type=w560_sharpen&src=https%3A%2F%2Fldb-phinf.pstatic.net%2F20231127_164%2F1701071769805DaFLq_JPEG%2F3.jpg', 'https://search.pstatic.net/common/?autoRotate=true&type=w278_sharpen&src=https%3A%2F%2Fldb-phinf.pstatic.net%2F20231206_230%2F1701847432356xpG7q_JPEG%2FKakaoTalk_20231206_154430430.jpg', 'https://search.pstatic.net/common/?autoRotate=true&type=w278_sharpen&src=https%3A%2F%2Fldb-phinf.pstatic.net%2F20231206_235%2F1701847432700XrOP1_JPEG%2FKakaoTalk_20231206_154430430_02.jpg']","서울특별시 마포구 잔다리로 5-1 (서교동, 2층)",시장을여는사람들 홍대점,219.4,193065.6011,449807.0937,,,728,"['무선 인터넷', '단체 이용 가능']",주차 불가,"['음식이 맛있어요', '기본 안주가 좋아요', '술이 다양해요', '음악이 좋아요']",[],"[[""콘치즈김치볶음밥"", 10900], [""돼지고기숙주볶음"", 16900], [""시장돼지김치구이"", 16900], [""닭한마리로제파스타"", 20900], [""춘천철판닭갈비"", 17900], [""구미연탄불고기"", 17900], [""닭한마리마약떡볶이"", 20900], [""산당동치즈라볶이"", 14900], [""콘치즈황금계란볶음밥"", 11900], [""꾸덕꾸덕크림우동"", 17900], [""로제로제제육제육파스타"", 17900], [""숯불구이치밥치밥"", 17900], [""직화쭈꾸미파스타"", 16900], [""대왕새우튀김"", 15900], [""시장옛날동닭"", 17900], [""닭껍질튀김"", 15900], [""쁘링클닭껍질튀김"", 16900], [""리얼스팸튀김"", 15900], [""김밥튀김쫄면"", 14900], [""홍합나가사키"", 17900], [""울산고기짬뽕"", 18900]]",양식
404,"['https://search.pstatic.net/common/?autoRotate=true&type=w560_sharpen&src=https%3A%2F%2Fldb-phinf.pstatic.net%2F20210531_294%2F1622463173289tNdiT_JPEG%2FJ8MNs1wxmKMCg0P4iwG1jnSm.jpg', 'https://search.pstatic.net/common/?autoRotate=true&type=w278_sharpen&src=https%3A%2F%2Fldb-phinf.pstatic.net%2F20200108_261%2F1578485255792wn2xG_JPEG%2FFe9PxtnaQUskpjnihuT8n3ku.jpg', 'https://search.pstatic.net/common/?autoRotate=true&type=w278_sharpen&src=https%3A%2F%2Fldb-phinf.pstatic.net%2F20200108_129%2F1578485256562fAnxD_JPEG%2FHPb_LNGn8eXLFxe7lQuQt9Xk.jpg']","서울특별시 마포구 와우산로23길 9, 칼리오페 5층 (서교동)",어머님밥상,241.92,193241.1969,450137.7119,02-323-0308,,64,"['예약', '단체 이용 가능', '무선 인터넷', '배달', '포장']",무료 주차 가능,"['음식이 맛있어요', '가성비가 좋아요', '혼밥하기 좋아요', '메뉴 구성이 알차요']",[],"[[""한식뷔페"", 10000]]",한식
405,"['https://search.pstatic.net/common/?autoRotate=true&type=w560_sharpen&src=https%3A%2F%2Fldb-phinf.pstatic.net%2F20171115_242%2F1510735336885yks4t_JPEG%2FfqMGN_3JIGbwTocVrmKDV3_T.jpg', 'https://search.pstatic.net/common/?autoRotate=true&type=w278_sharpen&src=https%3A%2F%2Fldb-phinf.pstatic.net%2F20190328_167%2F1553764410676017OM_JPEG%2FLVPOQGE-tvq-CF-1NjPQ_QsC.jpeg.jpg', 'https://search.pstatic.net/common/?autoRotate=true&type=w278_sharpen&src=https%3A%2F%2Fpup-review-phinf.pstatic.net%2FMjAyMjA3MjBfMTE0%2FMDAxNjU4MjY3MzcxNTkz.ax0lFrVXN2NC26q7tldqIH3G7KcBMVxfpxJ8k32UbFYg.HIOBwTpPn7XkmiQXm4RQv5scPMu-rdGaQZTPpB_udg4g.JPEG%2Fupload_76e95db85e9359a79315df42282aa17d.jpeg']","서울특별시 마포구 와우산로23길 18-7 (서교동, 1층일부)",비스트로주라,29.75,193269.5349,450194.3492,02-6406-5640,수: 11:30 - 21:00; 목: 11:30 - 21:00; 금: 11:30 - 21:00; 토: 11:30 - 21:00; 일: 11:30 - 21:00; 월: 11:30 - 21:00; 화: 11:30 - 21:00,470,"['무선 인터넷', '포장', '배달']",주차 불가,"['음식이 맛있어요', '친절해요', '가성비가 좋아요', '재료가 신선해요']",[],"[[""부채살 스테이크 정식 (M)"", 16000], [""살치살 스테이크 정식 (M)"", 20000], [""스테이크 크림 파스타"", 13000], [""스테이크 오일파스타"", 13000], [""스테이크 야끼 파스타"", 13000]]",양식
406,"['https://search.pstatic.net/common/?autoRotate=true&type=w560_sharpen&src=https%3A%2F%2Fldb-phinf.pstatic.net%2F20220423_49%2F1650693311276dURRg_JPEG%2FScreenshot_20220402-182345_NAVER.jpg', 'https://search.pstatic.net/common/?autoRotate=true&type=w278_sharpen&src=https%3A%2F%2Fldb-phinf.pstatic.net%2F20210418_218%2F1618672652210D7mTI_JPEG%2Ff1LNVtr2oTcQb6R0MXcZVqQu.jpg', 'https://search.pstatic.net/common/?autoRotate=true&type=w278_sharpen&src=https%3A%2F%2Fldb-phinf.pstatic.net%2F20190322_254%2F1553181606195zz4ND_JPEG%2F5ZdkEK1SW8aQrlvnSEM-2CGd.jpg']","서울특별시 마포구 와우산로23길 35-6, 1층 (서교동)",더 키친 아시아,60.75,193153.8168,450257.9877,0507-1359-3232,,784,"['예약', '무선 인터넷', '단체 이용 가능', '포장']",,"['음식이 맛있어요', '친절해요', '양이 많아요', '가성비가 좋아요']",[],"[[""난과 베지터블 커리"", 12900], [""난과 치킨티카 마살라"", 12900], [""난과 치킨 시금치 커리"", 12900], [""난과 치킨 코르마"", 12900], [""난과 새우 코르마"", 12900]]",한식
407,"['https://search.pstatic.net/common/?autoRotate=true&type=w560_sharpen&src=https%3A%2F%2Fldb-phinf.pstatic.net%2F20250116_138%2F1736991015168uP2oa_JPEG%2F%25B3%25AB%25BF%25F8_%25B0%25A3%25C6%25C7_1x1.jpeg', 'https://search.pstatic.net/common/?autoRotate=true&type=w278_sharpen&src=https%3A%2F%2Fldb-phinf.pstatic.net%2F20250130_245%2F1738239529981BtYAD_JPEG%2FIMG_6488.jpeg', 'https://search.pstatic.net/common/?autoRotate=true&type=w278_sharpen&src=https%3A%2F%2Fldb-phinf.pstatic.net%2F20250130_256%2F1738239512478lDMrd_JPEG%2FIMG_6490.jpeg']","서울특별시 마포구 와우산로17길 19-22, 1층 (서교동)",낙원,153.28,192983.3219,449682.5422,0507-1414-3741,수: 19:00 - 04:00; 목: 19:00 - 04:00; 금: 19:00 - 05:00; 토: 19:00 - 05:00; 일: 19:00 - 04:00; 월: 19:00 - 04:00; 화: 19:00 - 04:00,45,"['콜키지 가능', '단체 이용 가능', '예약']",무료 주차 가능,"['음식이 맛있어요', '음악이 좋아요', '인테리어가 멋져요', '대화하기 좋아요']",[],"[[""닭도리탕"", 25000]]",한식
408,"['https://search.pstatic.net/common/?autoRotate=true&type=w560_sharpen&src=https%3A%2F%2Fldb-phinf.pstatic.net%2F20241201_285%2F1733037854341mW05f_JPEG%2FDSC09214.jpg', 'https://search.pstatic.net/common/?autoRotate=true&type=w278_sharpen&src=https%3A%2F%2Fldb-phinf.pstatic.net%2F20241201_254%2F17330378541989n5Bz_JPEG%2FDSC09219.jpg', 'https://search.pstatic.net/common/?autoRotate=true&type=w278_sharpen&src=https%3A%2F%2Fldb-phinf.pstatic.net%2F20241201_289%2F1733037854307RlqPC_JPEG%2FDSC09229.jpg']","서울특별시 마포구 양화로11길 66, 1,2층 (서교동)",제주삼다돈,188.57,192257.8529,449989.2132,0507-1472-2140,수: 11:30 - 22:00; 목: 11:30 - 22:00; 금: 11:30 - 22:00; 토: 11:30 - 22:00; 일: 11:30 - 22:00; 월: 11:30 - 22:00; 화: 11:30 - 22:00,206,"['콜키지 가능', '단체 이용 가능', '포장', '배달', '예약', '무선 인터넷', '유아의자']",무료 주차 가능,"['음식이 맛있어요', '친절해요', '매장이 넓어요', '재료가 신선해요']","['룸', '단체석']","[[""오겹살"", 18000], [""목살"", 18000], [""쌈밥정식 (2인 이상)"", 15000], [""생선구이"", 15000], [""김치찌개"", 10000], [""고추장호박찌개"", 10000], [""차돌된장찌개"", 10000], [""두루치기"", 10000], [""콩비지찌개"", 10000], [""해물순두부"", 10000], [""물냉면"", 12000], [""비빔냉면"", 12000], [""계란말이"", 11000], [""항정살"", 21000], [""갈매기살"", 17000], [""가브리살"", 20000], [""대패삼겹살"", 16000], [""양념돼지갈비"", 21000], [""명품생갈비"", 30000]]",한식
409,"['https://search.pstatic.net/common/?autoRotate=true&type=w560_sharpen&src=https%3A%2F%2Fldb-phinf.pstatic.net%2F20241203_47%2F1733219352691jMx69_JPEG%2FIMG_0369.jpeg', 'https://search.pstatic.net/common/?autoRotate=true&type=w278_sharpen&src=https%3A%2F%2Fldb-phinf.pstatic.net%2F20241203_10%2F17332193499505O22m_JPEG%2FIMG_8194.jpeg', 'https://search.pstatic.net/common/?autoRotate=true&type=w278_sharpen&src=https%3A%2F%2Fpup-review-phinf.pstatic.net%2FMjAyNDEwMjhfNjEg%2FMDAxNzMwMTI2MTQ5MzEx.aHpN6JB_s1YjTUfBqMuCeg9SnClKyUMqGxTTGjlUqHwg.22HOg0Xm1T_yiibe5fnquv6fzZ0H1AVnSjTJl75FCxUg.JPEG%2F1EEDAE5E-A740-4FE5-B705-91C5EA143375.jpeg']","서울특별시 마포구 홍익로5안길 14, 1층 (서교동)",신마포갈매기,120.96,193023.2447,450197.2358,02-322-1605,수: 14:00 - 22:50; 목: 14:00 - 22:50; 금: 14:00 - 22:50; 토: 12:00 - 22:50; 일: 12:00 - 22:50; 월: 14:00 - 22:50; 화: 14:00 - 22:50,123,"['무선 인터넷', '단체 이용 가능', '예약', '유아의자']",주차 불가,"['음식이 맛있어요', '친절해요', '가성비가 좋아요', '고기 질이 좋아요']",[],"[[""마포갈매기"", 10900]]",한식
410,"['https://search.pstatic.net/common/?autoRotate=true&type=w560_sharpen&src=https%3A%2F%2Fpup-review-phinf.pstatic.net%2FMjAyNDEyMjVfMjM0%2FMDAxNzM1MTMxOTkxNjE5.RdV9Hn6u0bS_D9hiIkup2UzPSzpiQqwkCpnn6zPN6hQg.GJvC6Lfkp-7HiKQft5p_11ZtwCTZ6kK_JY44VNMtCZIg.JPEG%2FIMG_5225.jpeg', 'https://search.pstatic.net/common/?autoRotate=true&type=w278_sharpen&src=https%3A%2F%2Fpup-review-phinf.pstatic.net%2FMjAyNDA3MDJfMTg3%2FMDAxNzE5ODkwODY1MjU1.8ZNe6bRScXGGJodsgypHivLVdaUSAXxq64r02FcXKoQg.cs2mFlv6_cvNXRv6SPEZT--9hHeY3Xa_Pz1UjhPPDg0g.JPEG%2F1E4330B2-2C11-4771-9496-55C4920C393F.jpeg', 'https://search.pstatic.net/common/?autoRotate=true&type=w278_sharpen&src=https%3A%2F%2Fpup-review-phinf.pstatic.net%2FMjAyNDA0MDhfNTQg%2FMDAxNzEyNTczMDA2OTAz.i7wUYuOvpYKxWtCFuijrccylpAxpx7rHdyfuvqmOH5Mg.1MV4-LEW2Xc5cmcZx09Zft_H5VHj0ZdtE-kgX_1XcaYg.JPEG%2FDEDFE68E-6787-4621-9AAF-3D7511CD0CB2.jpeg']","서울특별시 마포구 양화로7길 55 (서교동,1층)",서교손칼국수,35.68,192313.3536,450091.8729,02-323-9566,수: 11:00 - 21:00; 목: 11:00 - 21:00; 금: 11:00 - 21:00; 토: 11:00 - 21:00; 일: 정기휴무 (매주 일요일); 월: 11:00 - 21:00; 화: 11:00 - 21:00,148,[],,"['음식이 맛있어요', '친절해요', '재료가 신선해요', '양이 많아요']",[],"[[""콩국수+보리밥"", 11000], [""버섯닭도리탕"", 40000], [""해물손칼국수+보리밥"", 10000], [""손수제비+보리밥"", 10000], [""만두국+보리밥"", 10000], [""왕만두"", 10000], [""해물파전"", 18000], [""김치전"", 14000], [""부추전"", 14000], [""보리밥추가"", 2000], [""막걸리"", 5000], [""소주"", 5000], [""맥주"", 5000]]",한식
411,"['https://search.pstatic.net/common/?autoRotate=true&type=w560_sharpen&src=https%3A%2F%2Fldb-phinf.pstatic.net%2F20220315_26%2F1647320846409VKa1o_JPEG%2F%25B2%25D9%25B9%25CC%25B1%25E211KakaoTalk_20220315_113157583.jpg', 'https://search.pstatic.net/common/?autoRotate=true&type=w278_sharpen&src=https%3A%2F%2Fldb-phinf.pstatic.net%2F20220315_281%2F1647320846309gcDds_JPEG%2F%25B2%25D9%25B9%25CC%25B1%25E211KakaoTalk_20220315_115104785.jpg', 'https://search.pstatic.net/common/?autoRotate=true&type=w278_sharpen&src=https%3A%2F%2Fldb-phinf.pstatic.net%2F20220315_162%2F1647320846439mxf9B_JPEG%2F%25B2%25D9%25B9%25CC%25B1%25E211KakaoTalk_20220315_115113498.jpg']","서울특별시 마포구 동교로17길 8, 1,2층 (서교동)",제주정원,177.26,192535.8823,450357.3827,02-336-3392,수: 11:30 - 22:00; 목: 11:30 - 22:00; 금: 11:30 - 22:00; 토: 11:30 - 22:00; 일: 11:30 - 22:00; 월: 11:30 - 22:00; 화: 11:30 - 22:00,385,"['예약', '단체 이용 가능', '무선 인터넷']",주차 가능,"['음식이 맛있어요', '고기 질이 좋아요', '매장이 넓어요', '친절해요']",[],"[[""한우등심(2인분이상)"", 49000], [""차돌 된장찌개"", 9000], [""흑돼지 김치찌개"", 8000], [""돼지 짜글리(점심한정,2인이상)"", 9000], [""돼지 제육볶음(점심한정)"", 9000], [""돼지 불백(점심한정)"", 9000], [""고등어구이"", 10000], [""고등어 김치찜(2인이상)"", 11000], [""갈치조림(2인이상)"", 13000], [""옥돔구이(대)"", 35000], [""제주 흑돼지 오겹살"", 21000], [""제주 흑돼지 목살"", 21000], [""제주 흑돼지 근고기"", 78000], [""제주 오겹살"", 18000], [""제주 목살"", 18000], [""제주 꼬들살 갈릭양념구이(200g)"", 14000], [""제주 꼬들살 생구이(200g)"", 13000], [""제주돔배보쌈수육(+회무침)"", 27000], [""제주근고기(600g)"", 67000], [""제주 가브리살(160g)"", 19000], [""제주 항정살(160g)"", 19000], ["""", null]]",한식
412,"['https://search.pstatic.net/common/?autoRotate=true&type=w560_sharpen&src=https%3A%2F%2Fldb-phinf.pstatic.net%2F20181230_92%2F1546146865191Ef6wU_JPEG%2FlGDUvqH-UBH-7tjQa5uwittV.jpeg.jpg', 'https://search.pstatic.net/common/?autoRotate=true&type=w278_sharpen&src=https%3A%2F%2Fpup-review-phinf.pstatic.net%2FMjAyMzAxMThfMjk1%2FMDAxNjczOTk3MTMxNTEw.tyzSzMQ15MwBojWh2SVZ5FAYYy1FRp1EMfPwkbFoVfog.E8KYPZS7XPKK4LkpTwBO4kd56yxjFHlG1511mSgGtr0g.JPEG%2F43612BF0-6FA1-4503-9630-ADC6610C2F03.jpeg', 'https://search.pstatic.net/common/?autoRotate=true&type=w278_sharpen&src=https%3A%2F%2Fpup-review-phinf.pstatic.net%2FMjAyMzAxMThfMjY5%2FMDAxNjczOTk3MTMwMzI0.3i8CRPWPjSoBXH9WrNv0Z1bB9q993qJYT7CNKfte63wg.1xcdmV-wGEQArjYHQC4Iv4-rQfTWcB-vYrmKMu0bALIg.JPEG%2F431D8DEC-6AA4-4330-BFE5-E33850611493.jpeg']","서울특별시 마포구 양화로7길 47 (서교동, 1층)",타마시이,74.94,192323.3802,450051.7289,02-322-2786,수: 05:00 - 01:30; 목: 05:00 - 01:30; 금: 05:00 - 01:30; 토: 05:00 - 01:30; 일: 정기휴무 (매주 일요일); 월: 05:00 - 01:30; 화: 05:00 - 01:30,90,['예약'],주차 가능,"['음식이 맛있어요', '친절해요', '대화하기 좋아요', '기본 안주가 좋아요']",[],"[[""모듬사시미(특대)- 예약주문만 가능"", 120000], [""모듬사시미(중)"", 75000], [""모듬사시미(소)"", 45000], [""2인 사시미"", 33000], [""A 세트-모듬사시미(소)+숯불꼬치5종"", 58000], [""B 세트-2인사시미+숯불꼬치5종"", 47000], [""C 세트-모듬사시미(소)+숯불꼬치5종+나가사끼 짬뽕(생면)or간사이풍 오뎅탕(우동사리)"", 85000]]",일식
413,"['https://search.pstatic.net/common/?autoRotate=true&type=w560_sharpen&src=https%3A%2F%2Fldb-phinf.pstatic.net%2F20200218_58%2F1582028895925TYWyq_JPEG%2FMaKbe35ezYVAp7_R7O5CTQqh.jpg', 'https://search.pstatic.net/common/?autoRotate=true&type=w278_sharpen&src=https%3A%2F%2Fpup-review-phinf.pstatic.net%2FMjAyMjEyMDRfNjIg%2FMDAxNjcwMTQyNTk4NzM3.KE4bUbEY-N3c9xdtSBLObjmb6MKtCZag2RolvrIuEIYg.4UFyY6CEg2kFSIsmq8-li3d1m21SEVgmFiMdSvFCCs4g.JPEG%2F2C3E3C6A-ADAC-46D3-A05F-433C5460F4C0.jpeg', 'https://search.pstatic.net/common/?autoRotate=true&type=w278_sharpen&src=https%3A%2F%2Fpup-review-phinf.pstatic.net%2FMjAyMzAzMjNfMjMx%2FMDAxNjc5NTI5Mzg0NzI0.yD-s7BcZ9_cfu3DJgwOl1nAUS3x7UQ5ihr1b8ZiHjZwg.3YfzD59v3Xea44qMYfXgh2El-hXpFXVQHpM-7KbZaTgg.JPEG%2F716A36B0-6711-469F-8D88-B2FBC4BAF716.jpeg']","서울특별시 마포구 잔다리로 105-1 (서교동, 1층)",서교김치찌개,85.41,192354.1981,450471.6984,02-336-6686,,141,[],,"['음식이 맛있어요', '친절해요', '양이 많아요', '가성비가 좋아요']",[],"[[""부대찌개"", 10000], [""김치찌개"", 9000], [""된장찌개"", 9000], [""제육볶음"", 10000], [""오징어볶음"", 12000], [""계란말이 (소)"", 7000], [""두부찜"", 9000], [""김치삼겹살 (1인분)"", 14000]]",한식
414,"['https://search.pstatic.net/common/?autoRotate=true&type=w560_sharpen&src=https%3A%2F%2Fldb-phinf.pstatic.net%2F20240703_64%2F1719999695576GsICS_JPEG%2FIMG_2364.jpeg', 'https://search.pstatic.net/common/?autoRotate=true&type=w278_sharpen&src=https%3A%2F%2Fldb-phinf.pstatic.net%2F20240326_200%2F17114502471261mcbQ_JPEG%2FIMG_2155.jpeg', 'https://search.pstatic.net/common/?autoRotate=true&type=w278_sharpen&src=https%3A%2F%2Fldb-phinf.pstatic.net%2F20240326_202%2F1711450246345TRdds_JPEG%2FIMG_2151.jpeg']","서울특별시 마포구 잔다리로 9 (서교동, 2층)",부엉이산장 홍대점1,97.0,193035.4279,449815.6315,0507-1397-0636,수: 16:00 - 06:00; 목: 16:00 - 06:00; 금: 16:00 - 07:00; 토: 16:00 - 07:00; 일: 16:00 - 06:00; 월: 16:00 - 06:00; 화: 16:00 - 06:00,889,"['콜키지 가능', '단체 이용 가능', '예약', '대기공간']",주차 불가,"['음식이 맛있어요', '술이 다양해요', '인테리어가 멋져요', '기본 안주가 좋아요']","['입식', '단체석']","[[""곱도리탕(곱창)"", 31000], [""꽃도리탕(꽃게)"", 31000], [""묵도리탕(묵은지)"", 29000], [""닭도리탕"", 26000], [""모듬전"", 24000], [""육새전(소고기+새우)"", 20000], [""새우전"", 24000], [""육전"", 18000], [""치즈김치전"", 18000], [""치즈감자채전"", 19000], [""반반전(해물파전+김치전)"", 18000], [""해물파전"", 18000], [""김치전"", 15000], [""항정수육&보쌈김치"", 26000], [""삼겹김치전골"", 25000], [""통골뱅이조개전골"", 23000], [""참소라초무침"", 22000], [""오징어숙회"", 18000], [""불오징어"", 27000], [""냉채항정"", 26000], [""고추장육회"", 24000]]",양식
415,"['https://search.pstatic.net/common/?autoRotate=true&type=w560_sharpen&src=https%3A%2F%2Fldb-phinf.pstatic.net%2F20240913_271%2F1726216364785gtGyp_JPEG%2F%25BD%25C5%25C1%25D6%25BE%25E7%25B2%25BF%25C4%25A1-%25BC%25B6%25B3%25D7%25C0%25CF3_-_%25BA%25B9%25BB%25E7%25BA%25BB.jpg', 'https://search.pstatic.net/common/?autoRotate=true&type=w278_sharpen&src=https%3A%2F%2Fldb-phinf.pstatic.net%2F20240913_130%2F1726216282304QVShE_JPEG%2F%25BD%25C5%25C1%25D6%25BE%25E7%25B2%25BF%25C4%25A1-%25BC%25B6%25B3%25D7%25C0%25CF_-_%25BA%25B9%25BB%25E7%25BA%25BB.jpg', 'https://search.pstatic.net/common/?autoRotate=true&type=w278_sharpen&src=https%3A%2F%2Fldb-phinf.pstatic.net%2F20240913_230%2F1726216282323xFBjS_JPEG%2F%25BD%25C5%25C1%25D6%25BE%25E7%25B2%25BF%25C4%25A1-%25BC%25B6%25B3%25D7%25C0%25CF3_-_%25BA%25B9%25BB%25E7%25BA%25BB.jpg']","서울특별시 마포구 와우산로 66 (서교동, 1층)",신주양꼬치,35.63,193149.0063,449796.1171,0507-1403-0187,,174,"['예약', '단체 이용 가능', '무선 인터넷', '포장', '배달']",,"['음식이 맛있어요', '친절해요', '고기 질이 좋아요', '가성비가 좋아요']",[],"[[""양꼬치(10꼬치)"", 15000], [""매운양꼬치(10꼬치)"", 15000], [""생양꼬치(소금)(10꼬치)"", 15000], [""갈비살(10꼬치)"", 16000], [""고급양갈비(2대)"", 25000], [""양힘줄(10꼬치)"", 15000], [""닭똥집(10꼬치)"", 14000], [""오돌뼈(10꼬치)"", 14000]]",양식
416,"['https://search.pstatic.net/common/?autoRotate=true&type=w560_sharpen&src=https%3A%2F%2Fpup-review-phinf.pstatic.net%2FMjAyNDA0MjlfNTYg%2FMDAxNzE0MzkxODUzOTMz.AOOIj1-A-WKZ-zhtvp9nvJA7FFvWZkREC5d240WVwfcg.e5HAE3GQiFKhFnWnPELEcbqsarmBkv0aT05Sn5XkoqQg.JPEG%2F20240429_130940.jpg.jpg', 'https://search.pstatic.net/common/?autoRotate=true&type=w278_sharpen&src=https%3A%2F%2Fpup-review-phinf.pstatic.net%2FMjAyMzEwMjZfMjMw%2FMDAxNjk4MzAwMDM5Nzk3.Qttl3r_H-cySh5PwkYTtCch3Du980mJJf2wRAidMBjog.80AHPyGkhi9UaaXlWZwKSg9xzfoE-CiAawWh5H9COW0g.JPEG%2F4D59FCB3-AF5D-4F3C-8192-9D4038DBCF64.jpeg', 'https://search.pstatic.net/common/?autoRotate=true&type=w278_sharpen&src=https%3A%2F%2Fpup-review-phinf.pstatic.net%2FMjAyNDAzMDZfOTcg%2FMDAxNzA5Njk3NzQwMzMy.AtVjFIKR-RLM_qU9g1pgjm4Fo6tGCDqElmnGoqf322kg.QN3drbslGrtVMKMFHgzmike_ohKTvNOmjVTI65O3mrgg.JPEG%2FEBF92CBD-710A-4023-AD67-398080F93F43.jpeg']","서울특별시 마포구 와우산로 155-1 (서교동,B1)",봉주르,84.25,193747.4406,450302.6604,02-332-8373,수: 11:00 - 21:00; 목: 11:00 - 21:00; 금: 11:00 - 21:00; 토: 11:00 - 21:00; 일: 정기휴무 (매주 일요일); 월: 11:00 - 21:00; 화: 11:00 - 21:00,46,[],,"['음식이 맛있어요', '가성비가 좋아요', '혼밥하기 좋아요', '반찬이 잘 나와요']",[],"[[""봉주르 요일 정식 (현금)"", 5500], [""돼지고기김치찌개+계란후라이"", 7000], [""참치김치찌개+계란후라이"", 7000], [""철판제육볶음"", 7000], [""치킨마요덮밥"", 7000], [""등심돈까스"", 8000], [""치즈돈까스"", 8500], [""오야코동"", 7000], [""각종라면"", 1000], [""곱빼기"", 1000], [""공기밥"", 1000], [""계란후라이"", 500], [""콜라"", 2500], [""봉주르 요일 정식 (카드)"", 5900]]",양식
417,"['https://search.pstatic.net/common/?autoRotate=true&type=w560_sharpen&src=https%3A%2F%2Fldb-phinf.pstatic.net%2F20150901_212%2F14411072509508EKdu_JPEG%2F156463408140165_0.jpeg', 'https://search.pstatic.net/common/?autoRotate=true&type=w278_sharpen&src=https%3A%2F%2Fldb-phinf.pstatic.net%2F20150901_14%2F1441107251249NAlhf_GIF%2FSUBMIT_1400824467778_34722141.g', 'https://search.pstatic.net/common/?autoRotate=true&type=w278_sharpen&src=https%3A%2F%2Fldb-phinf.pstatic.net%2F20150901_224%2F14411072515010MT5G_JPEG%2F156463408140165_1.jpeg']","서울특별시 마포구 잔다리로 47, 1층 (서교동)",퍼스트펭귄카페,97.34,192728.8188,449995.0315,02-323-6377,수: 08:30 - 22:30; 목: 08:30 - 22:30; 금: 08:30 - 22:30; 토: 12:00 - 22:30; 일: 정기휴무 (매주 일요일); 월: 08:30 - 22:30; 화: 08:30 - 22:30,114,"['예약', '단체 이용 가능', '무선 인터넷']",주차 가능,"['친절해요', '커피가 맛있어요', '음료가 맛있어요', '대화하기 좋아요']",[],"[[""아메리카노"", 3500], [""카페라떼"", 4500], [""모카 글라페"", 5000], [""녹차"", 4000], [""오렌지쥬스"", 5000]]",양식
418,"['https://search.pstatic.net/common/?autoRotate=true&type=w560_sharpen&src=https%3A%2F%2Fldb-phinf.pstatic.net%2F20150923_157%2F1442994615921rTrM3_JPEG%2F166973446757195_0.jpg', 'https://search.pstatic.net/common/?autoRotate=true&type=w278_sharpen&src=https%3A%2F%2Fldb-phinf.pstatic.net%2F20150923_59%2F1442994616448QGduC_JPEG%2F166973446757277_1.jpg', 'https://search.pstatic.net/common/?autoRotate=true&type=w278_sharpen&src=https%3A%2F%2Fldb-phinf.pstatic.net%2F20150923_267%2F1442994616707fWOMs_JPEG%2F166973446757344_2.jpg']","서울특별시 마포구 어울마당로 112-4 (서교동, 지하1층)",비트윈,40.75,193148.1796,450271.754,,,32,"['예약', '단체 이용 가능', '무선 인터넷']",,"['친절해요', '술이 다양해요', '대화하기 좋아요', '혼술하기 좋아요']",[],"[[""육포"", null], [""치즈크래커"", null], [""감자튀김"", null], [""화이트"", null], [""블랙"", null], [""나초"", null], [""멜론하몽"", null], [""염통꼬치"", null]]",양식
419,"['https://search.pstatic.net/common/?autoRotate=true&type=w560_sharpen&src=https%3A%2F%2Fldb-phinf.pstatic.net%2F20200828_100%2F1598577201955yRqrd_JPEG%2FEP8mdbPM7eqKfmn3zXJk6qkL.jpg', 'https://search.pstatic.net/common/?autoRotate=true&type=w278_sharpen&src=https%3A%2F%2Fldb-phinf.pstatic.net%2F20200828_103%2F1598577128021weIUf_JPEG%2FxwXwwZFtMhyUcIbgNMXNhzGC.jpg', 'https://search.pstatic.net/common/?autoRotate=true&type=w278_sharpen&src=https%3A%2F%2Fldb-phinf.pstatic.net%2F20200828_106%2F1598577024757yqVjK_JPEG%2F-GNtcm38o3BVuUffD4ZKr06B.jpg']","서울특별시 마포구 잔다리로 99, 1층 (서교동)",아지트,93.16,192393.7331,450410.0711,0507-1407-9934,수: 08:00 - 23:00; 목: 08:00 - 23:00; 금: 08:00 - 23:00; 토: 10:00 - 23:00; 일: 10:00 - 23:00; 월: 08:00 - 23:00; 화: 08:00 - 23:00,102,"['단체 이용 가능', '무선 인터넷']",,"['커피가 맛있어요', '친절해요', '음료가 맛있어요', '대화하기 좋아요']",[],"[[""에티오피아 브로링 커피 (HOT)"", 6000], [""에스프레소 (HOT)"", 3500], [""아메리카노 (HOT)"", 3500], [""카페라떼 (HOT)"", 4000], [""플랫화이트"", 4000], [""카푸치노 (HOT)"", 4000], [""오레오 아포카토"", 5000], [""모카 비엔나"", 5000], [""레드 블라썸"", 5000]]",일식
420,"['https://search.pstatic.net/common/?autoRotate=true&type=w560_sharpen&src=https%3A%2F%2Fldb-phinf.pstatic.net%2F20210825_137%2F1629849140967wlFaa_JPEG%2FLqjOk88xzYuROGtEafbspvtS.jpg', 'https://search.pstatic.net/common/?autoRotate=true&type=w278_sharpen&src=https%3A%2F%2Fldb-phinf.pstatic.net%2F20210825_97%2F1629849166991ESKCI_JPEG%2Fd1oZRK-o8Fhw0YvBDm-jfMvl.jpg', 'https://search.pstatic.net/common/?autoRotate=true&type=w278_sharpen&src=https%3A%2F%2Fldb-phinf.pstatic.net%2F20210825_15%2F1629849211304lmfaz_JPEG%2FzkDAVq0KzwZKzGXhiKtAnIMX.jpg']","서울특별시 마포구 어울마당로5길 31, 지1층 (서교동)",침사추이누들,43.37,192757.3971,449688.8388,02-6080-2948,수: 11:00 - 21:00; 목: 11:00 - 21:00; 금: 11:00 - 21:00; 토: 11:00 - 21:00; 일: 11:00 - 21:00; 월: 11:00 - 21:00; 화: 11:00 - 21:00,334,"['포장', '배달', '무선 인터넷']",주차 가능,"['음식이 맛있어요', '친절해요', '양이 많아요', '특별한 메뉴가 있어요']",[],"[[""홍콩식 우육탕면"", 9000], [""청경채 도가니 양지탕면"", 11000], [""우육간장덮밥"", 9000]]",한식
421,"['https://search.pstatic.net/common/?autoRotate=true&type=w560_sharpen&src=https%3A%2F%2Fldb-phinf.pstatic.net%2F20200603_247%2F1591196074023d7aD7_JPEG%2FqdVbz12TETcdj6XsIqGt4oVm.jpg', 'https://search.pstatic.net/common/?autoRotate=true&type=w278_sharpen&src=https%3A%2F%2Fpup-review-phinf.pstatic.net%2FMjAyNDA2MDRfNzAg%2FMDAxNzE3NDg3NzExOTY3.891irJowRccynQBkU9umlF1Y55_kBcA1IQgfHBLcvpIg.DsR5FbVxmOOK94vTltiHaO58jKnamatjJjZ7SjDKKFUg.JPEG%2F20240604_144622.jpg.jpg', 'https://search.pstatic.net/common/?autoRotate=true&type=w278_sharpen&src=https%3A%2F%2Fpup-review-phinf.pstatic.net%2FMjAyNDA2MDRfMjg2%2FMDAxNzE3NDg3NzEyMjI1.Wsup6ADcmgi5IBRHjH2FsiG-RdVcBZprpjMayGEsanUg.6Gaux0Mbm4DkNhvG6aAB3ue8uu4RFRnMgWciszmvRwAg.JPEG%2F20240604_145508.jpg.jpg']","서울특별시 마포구 잔다리로7안길 10 (서교동, 1층)",칼국수수제비가,79.54,192586.6671,450047.1308,02-333-8068,수: 11:00 - 20:00; 목: 11:00 - 20:00; 금: 11:00 - 20:00; 토: 정기휴무 (매주 토요일); 일: 정기휴무 (매주 일요일); 월: 11:00 - 20:00; 화: 11:00 - 20:00,181,[],,"['음식이 맛있어요', '친절해요', '가성비가 좋아요', '재료가 신선해요']",[],"[[""칼국수"", 8000], [""수제비"", 8000], [""바지락 칼국수"", 9000], [""얼큰 칼국수"", 9000], [""들깨 칼국수"", 9000], [""차돌비빔칼국수"", 10000], [""콩칼국수"", 12000]]",한식
422,"['https://search.pstatic.net/common/?autoRotate=true&type=w560_sharpen&src=https%3A%2F%2Fldb-phinf.pstatic.net%2F20230504_238%2F1683180008834Kppkf_JPEG%2FKakaoTalk_20230504_142443208.jpg', 'https://search.pstatic.net/common/?autoRotate=true&type=w278_sharpen&src=https%3A%2F%2Fldb-phinf.pstatic.net%2F20230504_18%2F1683180008624m9c64_JPEG%2FKakaoTalk_20230504_142443208_01.jpg', 'https://search.pstatic.net/common/?autoRotate=true&type=w278_sharpen&src=https%3A%2F%2Fldb-phinf.pstatic.net%2F20230504_282%2F1683180008650iIjU7_JPEG%2FKakaoTalk_20230504_142443208_02.jpg']","서울특별시 마포구 독막로7길 60 (서교동, 1층)",디저트39,54.8,192882.9505,449785.8767,02-6953-2045,,93,"['단체 이용 가능', '포장', '무선 인터넷', '예약', '반려동물 동반']",주차 불가,"['커피가 맛있어요', '디저트가 맛있어요', '음료가 맛있어요', '가성비가 좋아요']",['단체석'],"[[""플레인 베이글"", 2900], [""플레인 휘낭시에"", 2900], [""순수 우유 케익(조각)"", 6500], [""더바삭 소금빵"", 3800], [""아메리카노"", 2900], [""카페라떼"", 4200], [""바닐라라떼"", 4600], [""돌체라떼"", 4600], [""카라멜 마끼아또"", 4600], [""아인슈페너 라떼"", 6100], [""바닐라크림 콜드브루"", 5100], [""녹차라떼"", 4400], [""복숭아아이스티 코코넛젤리"", 3800], [""피치 자몽 아이스티"", 3800], [""피치 오렌지 아이스티"", 3800], [""캐모마일티"", 3900], [""허니 자몽 블랙티"", 5200], [""완전 진한 카라멜 도넛"", 3500], [""초코 크루아상"", 4800], [""티라미수 크레이프"", 7500]]",양식
423,"['https://search.pstatic.net/common/?autoRotate=true&type=w560_sharpen&src=https%3A%2F%2Fpup-review-phinf.pstatic.net%2FMjAyMzA2MjdfMzgg%2FMDAxNjg3ODM2MzgzNTUx.3_jqaimD1MATRRZY_3BxXsl0400qJ6sMkBxhnAKeQ_8g.0jGFJnFV1XXsFSK-ZaLw3PoS274Ijlk3nGuOWUU9KTog.JPEG%2F20230626_191337.jpg.jpg', 'https://search.pstatic.net/common/?autoRotate=true&type=w278_sharpen&src=https%3A%2F%2Fpup-review-phinf.pstatic.net%2FMjAyMzAyMThfMjk3%2FMDAxNjc2NzIyODI5OTkw.KQHpJYTIPCHjqvrJFCjDXwLwTfckx7b5v2-bYqcOCksg.i1hSTAJqPYbVpWPwFIuDrg72aYSJLAp3DBK8UwEsa0Yg.JPEG%2F20230217_125034.jpg', 'https://search.pstatic.net/common/?autoRotate=true&type=w278_sharpen&src=https%3A%2F%2Fpup-review-phinf.pstatic.net%2FMjAyMzA2MjdfMTgg%2FMDAxNjg3ODM2MzkxNTc3.4e0sVvSIPUDGAdtOB8HCQYT-cPIadXRNAl6sCl7WigUg.PVOLQke9qfBKlltFmq3KdE7T9HQNLZf9fj40GQ7WBh8g.JPEG%2F20230626_191358.jpg.jpg']","서울특별시 마포구 홍익로 3-5 (서교동, 1층)",포보,28.83,193182.9645,450065.3655,0507-1318-5628,목: 11:30 - 19:30; 금: 11:30 - 19:30; 토: 11:30 - 19:30; 일: 12:00 - 15:30; 월: 11:30 - 19:30; 화: 11:30 - 19:30,241,"['포장', '무선 인터넷']",주차 불가,"['음식이 맛있어요', '가성비가 좋아요', '혼밥하기 좋아요', '양이 많아요']",['입식'],"[[""로스A set"", 9800], [""로스B set"", 10000], [""로스C set"", 9800], [""치킨A set"", 9800], [""치킨B set"", 10000], [""치킨C set"", 9800], [""로스카츠"", 8000], [""치킨카츠"", 8000], [""소고기 쌀국수"", 7000], [""매운 소고기 쌀국수"", 7500], [""냉모밀"", 7000]]",양식
424,"['https://search.pstatic.net/common/?autoRotate=true&type=w560_sharpen&src=https%3A%2F%2Fldb-phinf.pstatic.net%2F20200427_283%2F15879963759972cL7s_JPEG%2FPh1C3eU3UuPj2CwEnpFCIhA_.jpg', 'https://search.pstatic.net/common/?autoRotate=true&type=w278_sharpen&src=https%3A%2F%2Fpup-review-phinf.pstatic.net%2FMjAyMzA0MDJfMTg3%2FMDAxNjgwNDM4MjkzNDMz.VBG8pHH6fTgWSJBRfifGE1dxGHBL5vt2KowLxursVVUg.ThExTtCzTZY6IPKNuadbflFP-4yvcD21s5Vaq1GY53Ig.JPEG%2FE6D7C9C8-C688-4099-879A-D36FF8AB312A.jpeg', 'https://search.pstatic.net/common/?autoRotate=true&type=w278_sharpen&src=https%3A%2F%2Fpup-review-phinf.pstatic.net%2FMjAyMzAyMjVfMjQ0%2FMDAxNjc3MzM0OTc3NzY3.MMpFjno1Ph_b_wWGOhHacQ8djbaAt9Es1RqBi4IGKssg.0lEeLexpZ7OQvprcwt02XC5q7Vit4hp0sSfoZwT7MJMg.JPEG%2F8EAD7C1F-0FD5-4821-94EA-4141FEAC2B9A.jpeg']","서울특별시 마포구 양화로 99, 1층 101호 (서교동)",백년육일집,156.0,192703.7116,450090.9097,02-322-2732,수: 10:00 - 21:00; 목: 10:00 - 21:00; 금: 10:00 - 21:00; 토: 10:00 - 21:00; 일: 10:00 - 21:00; 월: 10:00 - 21:00; 화: 10:00 - 21:00,351,"['무선 인터넷', '포장', '배달', '단체 이용 가능']",,"['음식이 맛있어요', '친절해요', '혼밥하기 좋아요', '재료가 신선해요']",[],"[[""한우곰탕"", 10000], [""특곰탕"", 15000], [""얼큰곰탕"", 11000], [""얼큰특곰탕"", 16000], [""한우곰탕콤비"", 16000], [""얼큰곰탕콤비"", 17000], [""곰탕만둣국"", 9000], [""얼큰만둣국"", 12000], [""도가니탕"", 16000], [""한우사골떡국"", 10000], [""한우사골떡만둣국"", 11000], [""한우설렁탕"", 9000], [""냉면 (물냉,비냉)"", 10000], [""모둠수육 (소)"", 30000], [""도가니수육 (중)"", 45000], [""궁중갈비찜 (중)"", 45000], [""매운갈비찜 (중)"", 45000]]",한식
425,"['https://search.pstatic.net/common/?autoRotate=true&type=w560_sharpen&src=https%3A%2F%2Fldb-phinf.pstatic.net%2F20150831_74%2F1440995932599wIJRy_JPEG%2F146052547945343_0.jpeg', 'https://search.pstatic.net/common/?autoRotate=true&type=w278_sharpen&src=https%3A%2F%2Fldb-phinf.pstatic.net%2F20150831_208%2F1440995932800t9iox_JPEG%2F146052547945343_1.jpeg', 'https://search.pstatic.net/common/?autoRotate=true&type=w278_sharpen&src=https%3A%2F%2Fldb-phinf.pstatic.net%2F20150831_231%2F1440995933037DPB0F_JPEG%2FSUBMIT_1357611499599_31429249.jpg']","서울특별시 마포구 잔다리로 5-1 (서교동, 1층)",광동포차,83.9,193065.6011,449807.0937,02-3142-1224,수: 18:00 - 06:00; 목: 18:00 - 06:00; 금: 18:00 - 06:00; 토: 18:00 - 06:00; 일: 18:00 - 06:00; 월: 18:00 - 06:00; 화: 18:00 - 06:00,122,"['예약', '단체 이용 가능', '무선 인터넷']",주차 가능,"['음식이 맛있어요', '친절해요', '기본 안주가 좋아요', '대화하기 좋아요']",[],"[[""고추장찌개"", 18000], [""해물누룽지탕"", 18000], [""마늘똥집"", 18000], [""닭도리탕"", 23000], [""매운갈비찜"", 23000]]",한식
426,"['https://search.pstatic.net/common/?autoRotate=true&type=w560_sharpen&src=https%3A%2F%2Fldb-phinf.pstatic.net%2F20200429_134%2F1588130728511bXVAJ_JPEG%2FQy01CSTr-kozDkd1ZB9l8udM.jpg', 'https://search.pstatic.net/common/?autoRotate=true&type=w278_sharpen&src=https%3A%2F%2Fldb-phinf.pstatic.net%2F20200429_167%2F1588130718343mjO5G_JPEG%2F3D63Yyl6YwP0lmZwI15pZiv1.jpg', 'https://search.pstatic.net/common/?autoRotate=true&type=w278_sharpen&src=https%3A%2F%2Fpup-review-phinf.pstatic.net%2FMjAyMjEwMzFfMTQ1%2FMDAxNjY3MTgzNjgxODA0.U3Zm0EVDbw8N9I61LPShmXmRagqYGyXjxbQCSAtdtBgg.rBMG9XRa32pwSVh_YZsjwDb1XTegR_QmXaxjozaKbxMg.JPEG%2F9C38A67F-8FFD-453B-9633-C0BD0A39B356.jpeg']","서울특별시 마포구 양화로 57, 지상1층 (서교동)",문짱김밥,4.95,192389.5777,449800.6653,,,82,[],,"['음식이 맛있어요', '친절해요', '재료가 신선해요', '혼밥하기 좋아요']",[],"[[""김치참치김밥"", 5000], [""유부김밥"", 5000], [""맘김밥(기본)"", 4000], [""오징어채김밥"", 5000]]",한식
427,"['https://search.pstatic.net/common/?autoRotate=true&type=w560_sharpen&src=https%3A%2F%2Fpup-review-phinf.pstatic.net%2FMjAyMzA0MjBfMjY3%2FMDAxNjgyMDAyMDcwMTM0.2rv6EZ6BbQ7JZG_aqu3BMe1Su3TY7SVcCT1rYP4GBXog.6wNdud7_ufuj52VGNGb7Itdp6kjUBbSpSKOTcLLBsDkg.JPEG%2F20230420_191658.jpg', 'https://search.pstatic.net/common/?autoRotate=true&type=w278_sharpen&src=https%3A%2F%2Fpup-review-phinf.pstatic.net%2FMjAyMzA3MThfMjcx%2FMDAxNjg5Njc5MjIwNDQw.AK5C20QEi9iw83W9I6yujIOfHl-eQMZPTqzM9VwsKPcg.UI0VFQOav2nawrKM55Ejbi9CqhbXUG8o8gui1a-xgmwg.JPEG%2F20230718_191623.jpg', 'https://search.pstatic.net/common/?autoRotate=true&type=w278_sharpen&src=https%3A%2F%2Fpup-review-phinf.pstatic.net%2FMjAyMzA0MjBfMjU0%2FMDAxNjgyMDAyMDY2MTc0.ybCYn9AI3vpwZEYoT8BBbQeumV-eatx7eeei7Ddisq8g.Xp-5GqmNnsSbr_emSxS9Tv8h5NGVPNzZx3l6bLx6xfkg.JPEG%2F20230420_191705.jpg']","서울특별시 마포구 홍익로 3-11, 1층동 (서교동)",고집,31.74,193163.8362,450061.5984,02-334-8774,,124,[],,"['음식이 맛있어요', '가성비가 좋아요', '반찬이 잘 나와요', '혼밥하기 좋아요']",[],"[[""돼지 연탄구이백반"", 9500], [""고추장 연탄구이백반"", 9500], [""고등어 연탄구이백반"", 9500], [""해물 순두부찌개"", 9000], [""뚝배기 불고기"", 9000], [""뚝배기 낙지볶음"", 9000], [""돼지 김치찌개"", 9000], [""닭불고기덮밥"", 8500], [""김치제육덮밥"", 8500], [""참치회덮밥"", 8000], [""알밥"", 8000]]",한식
428,"['https://search.pstatic.net/common/?autoRotate=true&type=w560_sharpen&src=https%3A%2F%2Fldb-phinf.pstatic.net%2F20240229_214%2F1709187852064CA7Hh_JPEG%2FKakaoTalk_20240226_144255138_01.jpg', 'https://search.pstatic.net/common/?autoRotate=true&type=w278_sharpen&src=https%3A%2F%2Fldb-phinf.pstatic.net%2F20240229_91%2F1709187849412h1cH1_JPEG%2FKakaoTalk_20240226_144255138_04.jpg', 'https://search.pstatic.net/common/?autoRotate=true&type=w278_sharpen&src=https%3A%2F%2Fldb-phinf.pstatic.net%2F20240229_265%2F1709187835042yir04_JPEG%2FKakaoTalk_20240226_144255138_06.jpg']","서울특별시 마포구 와우산로18길 38, 지1층 (서교동)",플라워,96.74,193213.5692,449964.8317,0507-1325-3239,,117,"['예약', '무선 인터넷']",,"['술이 다양해요', '친절해요', '대화하기 좋아요', '음식이 맛있어요']",[],"[[""무제한 칵테일"", 26000], [""팝콘"", 6000], [""황도"", 12000], [""나쵸"", 12000], [""감자튀김과 소시지"", 15000], [""버팔로 윙"", 18000], [""타코야끼"", 12000], [""말린 치즈와 건과일"", 12000], [""해시브라운, 치즈스틱 (8ea)"", 17000], [""허브에 절인 올리브"", 14000]]",주점
429,"['https://search.pstatic.net/common/?autoRotate=true&type=w560_sharpen&src=https%3A%2F%2Fldb-phinf.pstatic.net%2F20240516_124%2F1715849791338rAKO9_JPEG%2FKakaoTalk_20240516_174454774_11.jpg', 'https://search.pstatic.net/common/?autoRotate=true&type=w278_sharpen&src=https%3A%2F%2Fldb-phinf.pstatic.net%2F20240516_16%2F1715849791275gWH7F_JPEG%2FKakaoTalk_20240516_174454774_01.jpg', 'https://search.pstatic.net/common/?autoRotate=true&type=w278_sharpen&src=https%3A%2F%2Fldb-phinf.pstatic.net%2F20240516_180%2F1715849791225HWWAI_JPEG%2FKakaoTalk_20240516_174454774_03.jpg']","서울특별시 마포구 양화로6길 57-12, 지하1층 (서교동)",스푼,31.51,192669.3832,449648.5161,0507-1387-0536,수: 정기휴무 (매주 수요일); 목: 정기휴무 (매주 목요일); 금: 정기휴무 (매주 금요일); 토: 정기휴무 (매주 토요일); 일: 정기휴무 (매주 일요일); 월: 01:00 - 02:00; 화: 정기휴무 (매주 화요일),172,[],,"['음식이 맛있어요', '특별한 메뉴가 있어요', '친절해요', '재료가 신선해요']",[],"[[""브레드&풀드포크"", 18000], [""연어까르보나라"", 17000], [""중화두반장페투치니"", 16000], [""브라스킷포르치니리조또"", 16000], [""로제라구뇨끼"", 16000], [""고르곤졸라크림뇨끼"", 16000], [""통베이컨스테이크"", 22000]]",양식
430,"['https://search.pstatic.net/common/?autoRotate=true&type=w560_sharpen&src=https%3A%2F%2Fldb-phinf.pstatic.net%2F20220609_137%2F1654759923887ileGy_JPEG%2FB17BF257-0CAD-4580-A23A-AA29722D65A8.jpeg', 'https://search.pstatic.net/common/?autoRotate=true&type=w278_sharpen&src=https%3A%2F%2Fldb-phinf.pstatic.net%2F20220609_229%2F16547705999473SIjK_JPEG%2F2BCE2C22-E5C8-476A-8EBF-83CEEB0201E6.jpeg', 'https://search.pstatic.net/common/?autoRotate=true&type=w278_sharpen&src=https%3A%2F%2Fldb-phinf.pstatic.net%2F20220609_61%2F1654770590178X6SEV_JPEG%2F16526C35-5CF7-4AD5-9C5C-48D13CCC5598.jpeg']","서울특별시 마포구 와우산로18길 15, 1층 (서교동)",쎄리네찜닭,68.11,193183.7972,449859.2153,02-323-9381,수: 11:00 - 21:30; 목: 11:00 - 21:30; 금: 11:00 - 21:30; 토: 11:00 - 21:30; 일: 11:00 - 21:30; 월: 정기휴무 (매주 월요일); 화: 11:00 - 21:30,154,"['단체 이용 가능', '배달', '포장', '예약']",주차 불가,"['음식이 맛있어요', '친절해요', '양이 많아요', '특별한 메뉴가 있어요']",[],"[[""간장찜닭"", 24000], [""누룽지볶음밥"", 3000]]",한식
431,"['https://search.pstatic.net/common/?autoRotate=true&type=w560_sharpen&src=https%3A%2F%2Fldb-phinf.pstatic.net%2F20210327_93%2F1616807132515uYg99_JPEG%2FJs4SfES-ewyGsLWDIlIZpNca.jpg', 'https://search.pstatic.net/common/?autoRotate=true&type=w278_sharpen&src=https%3A%2F%2Fpup-review-phinf.pstatic.net%2FMjAyMzAyMDZfMjg1%2FMDAxNjc1Njc1MTAwNDc1.4PXw7_O-QfiJ7iNIVYO1HeFvC_dqbqVqwr5QCP0OzIMg.4dldwEC4kUuEaXIrsELisxWZD9C8uUv7uQCqH-d09M0g.JPEG%2F4562A112-69A7-429A-99EE-C52E502FDDFB.jpeg', 'https://search.pstatic.net/common/?autoRotate=true&type=w278_sharpen&src=https%3A%2F%2Fpup-review-phinf.pstatic.net%2FMjAyMzA1MDdfMTgg%2FMDAxNjgzNDQxNTU5MjE5.D9URrdmYU4TQ9Cq0HhniS6hguNruacxPc-GBlDYAroQg.3oWAnMIv8jCgswtw1xnqZTLIUfeypyQEGomnTf4OXd4g.JPEG%2FF080092C-6421-413B-8D4E-30A797803DFF.jpeg']","서울특별시 마포구 어울마당로 114, 1층 (서교동)",공차 홍대점,20.0,193144.3727,450286.94,02-3144-0743,수: 10:00 - 22:00; 목: 10:00 - 22:00; 금: 10:00 - 23:00; 토: 10:00 - 23:00; 일: 10:00 - 22:00; 월: 10:00 - 22:00; 화: 10:00 - 22:00,737,"['포장', '무선 인터넷']",,"['음료가 맛있어요', '차가 맛있어요', '친절해요', '디저트가 맛있어요']",[],"[[""블랙밀크티+펄(L)"", 4700], [""망고 요구르트 + 화이트펄(L)"", 5200], [""우롱티 + 코코넛 + 밀크폼(L)"", 4700], [""초콜렛 밀크티 + 밀크폼(L)"", 4700], [""딸기 쿠키 스무디 + 펄(L)"", 5900], [""블랙 밀크티(L)"", 4500], [""얼그레이 밀크티(L)"", 4500], [""우롱 밀크티(L)"", 4500], [""초콜렛 밀크티(L)"", 4500], [""자스민 밀크티(L)"", 4500], [""타로 밀크티(L)"", 4500], [""제주 그린 밀크티(L)"", 4900], [""브라운슈가 쥬얼리 밀크티(L)"", 5500], [""자스민티(L)"", 4000], [""블랙티(L)"", 4000], [""블랙 스파클링 티(L)"", 4300], [""얼그레이티(L)"", 4000], [""얼그레이 스파클링 티(L)"", 4300], [""우롱티(L)"", 4000], [""우롱 스파클링 티(L)"", 4300], [""자스민 스파클링 티(L)"", 4300]]",한식
432,"['https://search.pstatic.net/common/?autoRotate=true&type=w560_sharpen&src=https%3A%2F%2Fldb-phinf.pstatic.net%2F20241202_55%2F1733099273321wpxDA_PNG%2F6.png', 'https://search.pstatic.net/common/?autoRotate=true&type=w278_sharpen&src=https%3A%2F%2Fldb-phinf.pstatic.net%2F20241202_6%2F1733099273773jsjsw_PNG%2F2.png', 'https://search.pstatic.net/common/?autoRotate=true&type=w278_sharpen&src=https%3A%2F%2Fldb-phinf.pstatic.net%2F20241202_299%2F1733099273642cGqEP_PNG%2F3.png']","서울특별시 마포구 독막로3길 46, 1층 (서교동)",리춘시장 합정역점,75.42,192666.3323,449765.2846,02-333-8959,수: 17:30 - 01:00; 목: 17:30 - 01:00; 금: 17:30 - 02:00; 토: 17:30 - 02:00; 일: 17:30 - 01:00; 월: 18:00 - 01:00; 화: 18:00 - 01:00,158,"['단체 이용 가능', '포장', '배달', '예약']",,"['음식이 맛있어요', '가성비가 좋아요', '특별한 메뉴가 있어요', '친절해요']",[],"[[""마라샹궈"", null], [""마라탕"", null], [""우삼겹대창 마라전골"", null], [""중화허니콤보"", null], [""크림짬뽕"", null], [""난자완스"", null], [""먹태구이"", null], [""꿔바로우"", null], [""고추듬뿍유린기"", null], [""크림새우"", null], [""칠리새우"", null], [""연유요우티아오"", null], [""오이무침"", null], [""꿀토마토"", null], [""리춘계란볶음밥"", null], [""군만두"", null], [""즈란닭꼬치튀김"", null], [""토마토계란볶음"", null]]",중식
433,"['https://search.pstatic.net/common/?autoRotate=true&type=w560_sharpen&src=https%3A%2F%2Fldb-phinf.pstatic.net%2F20220228_184%2F16460456325595x0B6_JPEG%2F20220222_191741.jpg', 'https://search.pstatic.net/common/?autoRotate=true&type=w278_sharpen&src=https%3A%2F%2Fldb-phinf.pstatic.net%2F20220119_274%2F1642559449326gxC5V_JPEG%2F20211223_125243.jpg', 'https://search.pstatic.net/common/?autoRotate=true&type=w278_sharpen&src=https%3A%2F%2Fpup-review-phinf.pstatic.net%2FMjAyMzAyMTJfMjUy%2FMDAxNjc2MjAyNDYwMTEw.SV3fKQ8YOh3B-sFk4g4vYHmizJAd402IFvWUu5Uy0s0g.vgdHgkM3EwomtusJG3aJb-cplQAfnxXGc47rkoDelIcg.JPEG%2F8AB65171-190D-48D6-9285-79C38640DC28.jpeg']","서울특별시 마포구 월드컵북로5길 22, 1층 (서교동)",국일순대국,36.0,192638.3115,450539.3383,0507-1335-5823,수: 11:00 - 21:00; 목: 11:00 - 21:00; 금: 11:00 - 21:00; 토: 정기휴무 (매주 토요일); 일: 정기휴무 (매주 일요일); 월: 11:00 - 21:00; 화: 11:00 - 21:00,100,['포장'],,"['음식이 맛있어요', '양이 많아요', '친절해요', '혼밥하기 좋아요']",[],"[[""순대국밥"", 10000], [""순대국밥(특)"", 11000], [""술국"", 18000], [""수육(중)"", 22000], [""수육(대)"", 32000], [""오소리감투"", 18000]]",한식
434,"['https://search.pstatic.net/common/?autoRotate=true&type=w560_sharpen&src=https%3A%2F%2Fldb-phinf.pstatic.net%2F20230422_230%2F1682148231750bEdw3_PNG%2F%25C4%25AE%25B1%25B9%25BC%25F6_%25C5%25B0%25BF%25C0%25BD%25BA%25C5%25A9.png', 'https://search.pstatic.net/common/?autoRotate=true&type=w278_sharpen&src=https%3A%2F%2Fldb-phinf.pstatic.net%2F20230422_112%2F1682148231615piRTB_PNG%2F%25B4%25DF%25B0%25F5%25C5%25C1_%25C5%25B0%25BF%25C0%25BD%25BA%25C5%25A9.png', 'https://search.pstatic.net/common/?autoRotate=true&type=w278_sharpen&src=https%3A%2F%2Fldb-phinf.pstatic.net%2F20230422_24%2F1682148232056AJDvT_PNG%2F%25BA%25F1%25BA%25F6_%25C5%25B0%25BF%25C0%25BD%25BA%25C5%25A9.png']","서울특별시 마포구 동교로22길 38, 1층 우측호 (서교동)",연가정,33.0,192677.4899,450231.7505,0507-1304-1679,목: 11:00 - 18:00; 금: 11:00 - 18:00; 토: 12:00 - 16:00; 일: 정기휴무 (매주 일요일); 월: 11:00 - 18:00; 화: 11:00 - 18:00,190,['무선 인터넷'],,"['음식이 맛있어요', '혼밥하기 좋아요', '재료가 신선해요', '친절해요']",[],"[[""칼국수"", 10000], [""초계냉칼국수"", 12000], [""비빔면"", 11000], [""오리칼국수"", 12000], [""닭곰탕"", 10000], [""들깨새우칼국수"", 12000]]",한식
435,"['https://search.pstatic.net/common/?autoRotate=true&type=w560_sharpen&src=https%3A%2F%2Fldb-phinf.pstatic.net%2F20240425_50%2F1714045282279AVshW_JPEG%2FKakaoTalk_20240425_204031024.jpg', 'https://search.pstatic.net/common/?autoRotate=true&type=w278_sharpen&src=https%3A%2F%2Fldb-phinf.pstatic.net%2F20230527_224%2F168519162104150skv_JPEG%2FKakaoTalk_20230527_214056729_04.jpg', 'https://search.pstatic.net/common/?autoRotate=true&type=w278_sharpen&src=https%3A%2F%2Fldb-phinf.pstatic.net%2F20240425_17%2F1714045275028eQByg_JPEG%2FKakaoTalk_20240425_204031024_01.jpg']","서울특별시 마포구 어울마당로 53, 2층 (서교동)",포킹94,68.28,192937.5758,449746.9106,0507-1312-7146,수: 16:00 - 02:00; 목: 16:00 - 02:00; 금: 16:00 - 03:00; 토: 14:00 - 03:00; 일: 16:00 - 02:00; 월: 16:00 - 02:00; 화: 정기휴무 (매주 화요일),140,"['무선 인터넷', '단체 이용 가능', '예약', '포장']",,"['음식이 맛있어요', '술이 다양해요', '친절해요', '특별한 메뉴가 있어요']",[],"[[""감자게살범벅"", 23800], [""콰트로치킨&소세지플래터"", 34800], [""블루오션하이볼"", 9000], [""얼그레이하이볼"", 8500], [""텐더&소세지칩"", 24800], [""레몬타워하이볼"", 9000]]",양식
436,"['https://search.pstatic.net/common/?autoRotate=true&type=w560_sharpen&src=https%3A%2F%2Fldb-phinf.pstatic.net%2F20240718_238%2F1721302027543CkGrY_JPEG%2FIMG_0808.jpeg', 'https://search.pstatic.net/common/?autoRotate=true&type=w278_sharpen&src=https%3A%2F%2Fldb-phinf.pstatic.net%2F20240718_107%2F17213020406625pvai_JPEG%2FIMG_0714.jpeg', 'https://search.pstatic.net/common/?autoRotate=true&type=w278_sharpen&src=https%3A%2F%2Fldb-phinf.pstatic.net%2F20240718_203%2F1721301948142gHKgq_JPEG%2FIMG_0775.jpeg']","서울특별시 마포구 독막로9길 19, 지1층 (서교동)",야키토리 엔,82.59,192849.8977,449662.4192,0507-1336-4349,수: 18:00 - 02:00; 목: 18:00 - 02:00; 금: 18:00 - 03:00; 토: 18:00 - 03:00; 일: 18:00 - 02:00; 월: 18:00 - 02:00; 화: 정기휴무 (매주 화요일),178,"['단체 이용 가능', '무선 인터넷', '예약']",,"['음식이 맛있어요', '친절해요', '특별한 메뉴가 있어요', '재료가 신선해요']",[],"[[""모듬꼬치 5종"", 14500], [""치킨가라아게"", 8300], [""닭연골 가라아게"", 6800], [""감자튀김"", 6000]]",일식
437,"['https://search.pstatic.net/common/?autoRotate=true&type=w560_sharpen&src=https%3A%2F%2Fldb-phinf.pstatic.net%2F20240830_170%2F1725008279919kA82o_JPEG%2FKakaoTalk_20240830_155150532_04.jpg', 'https://search.pstatic.net/common/?autoRotate=true&type=w278_sharpen&src=https%3A%2F%2Fldb-phinf.pstatic.net%2F20240830_266%2F1725008280367GjBYT_JPEG%2FKakaoTalk_20240830_155150532.jpg', 'https://search.pstatic.net/common/?autoRotate=true&type=w278_sharpen&src=https%3A%2F%2Fldb-phinf.pstatic.net%2F20240830_119%2F1725008279879VLJWE_JPEG%2FKakaoTalk_20240830_155150532_03.jpg']","서울특별시 마포구 어울마당로5길 17, 1층 (서교동)",별그리는바다,132.66,192812.7193,449656.1886,02-333-4011,수: 16:00 - 05:00; 목: 16:00 - 05:00; 금: 15:00 - 05:00; 토: 14:00 - 05:00; 일: 16:00 - 05:00; 월: 16:00 - 05:00; 화: 16:00 - 05:00,437,"['단체 이용 가능', '예약']",,"['음식이 맛있어요', '친절해요', '인테리어가 멋져요', '대화하기 좋아요']",[],"[[""타코와사비"", 10000], [""소고기타다끼"", 24000], [""연어사시미"", 26000], [""새우튀김"", 19000], [""대삼치구이"", 22000], [""연어샐러드"", 20000], [""간사이오뎅탕"", 20000], [""차돌숙주볶음"", 19000], [""간장새우"", 25000], [""명란구이"", 12000], [""얼그레이하이볼"", 8500], [""사시미 모리아와세 2인"", 43000], [""사시미 모리아와세 4인"", 63000], [""카이센 버터야끼"", 23000], [""명란크림 파스타"", 20000], [""미소항정살구이"", 21000], [""메로구이"", 21000], [""도미머리구이"", 18000], [""연어머리구이"", 17500], [""토마토치즈나베"", 21000], [""모츠나베(매운/순한)"", 22000]]",일식
438,"['https://search.pstatic.net/common/?autoRotate=true&type=w560_sharpen&src=https%3A%2F%2Fldb-phinf.pstatic.net%2F20220723_44%2F1658571767619qrauW_JPEG%2F1658564811754.jpg', 'https://search.pstatic.net/common/?autoRotate=true&type=w278_sharpen&src=https%3A%2F%2Fldb-phinf.pstatic.net%2F20190110_239%2F1547108135718zgTij_JPEG%2FSNRWGg754c5XzEVW2qdbH0Jg.jpg', 'https://search.pstatic.net/common/?autoRotate=true&type=w278_sharpen&src=https%3A%2F%2Fldb-phinf.pstatic.net%2F20220723_112%2F1658571809503VjBqY_JPEG%2F1655717784639.jpg']","서울특별시 마포구 독막로3길 28-17, 1층 101호 (서교동)",마실랭가이드,64.06,192784.5186,450323.1735,02-336-3511,수: 11:00 - 20:00; 목: 11:00 - 20:00; 금: 11:00 - 20:00; 토: 정기휴무 (매주 토요일); 일: 정기휴무 (매주 일요일); 월: 11:00 - 20:00; 화: 11:00 - 20:00,215,['포장'],,"['음식이 맛있어요', '가성비가 좋아요', '재료가 신선해요', '양이 많아요']",[],"[[""매일 바뀌는 밥상 (낮밥만 가능)"", 10000], [""명란 소불고기 덮밥"", 13000], [""참치회 덮밥"", 13000], [""연어장 덮밥"", 15000], [""간장 새우장 정식"", 15000], [""수비드 스테이크 덮밥"", 15000], [""우삼겹 숙주덮밥"", 13000]]",한식
439,"['https://search.pstatic.net/common/?autoRotate=true&type=w560_sharpen&src=https%3A%2F%2Fldb-phinf.pstatic.net%2F20220202_258%2F1643787057872VhLvh_JPEG%2F20220118_065535.jpg', 'https://search.pstatic.net/common/?autoRotate=true&type=w278_sharpen&src=https%3A%2F%2Fpup-review-phinf.pstatic.net%2FMjAyMzA0MTNfMjc1%2FMDAxNjgxMzEyNjYwMjI2.Xsb74qlUBRROfiIogDG1xS-IrlXjCUpPRW_mWMY6IQsg.47j3iT2oz8YIrPS6YZlpAsqFw3SDTR6I3pmoEjoUkmog.JPEG%2F39F84DA8-B086-46CB-A707-D4883BF9C83A.jpeg', 'https://search.pstatic.net/common/?autoRotate=true&type=w278_sharpen&src=https%3A%2F%2Fpup-review-phinf.pstatic.net%2FMjAyMzAyMDNfMjcx%2FMDAxNjc1NDM2MzMxNjAy.tclp8zfdccfPTvx7T708AVLm9eNbiitAftcrwqPXOtwg.Pyk88zB1j2Pqj4RjB4biKN9T8NNB7QYIH01rA2mtCqIg.JPEG%2FFE28429C-57FD-4275-96F0-3A4773DE7016.jpeg']","서울특별시 마포구 잔다리로 68, 한국YMCA전국연맹빌딩 1층 (서교동)",한소끔 가정식손만두,113.24,192610.9203,450178.9821,0507-1433-6657,수: 11:00 - 15:00; 목: 11:00 - 15:00; 금: 11:00 - 15:00; 토: 정기휴무 (매주 토요일); 일: 정기휴무 (매주 일요일); 월: 11:00 - 15:00; 화: 11:00 - 15:00,193,"['단체 이용 가능', '포장', '배달', '예약', '무선 인터넷']",주차 가능,"['음식이 맛있어요', '친절해요', '재료가 신선해요', '혼밥하기 좋아요']",[],"[[""튀김손만두(6p)"", 7000], [""한소끔 김치 손만두"", 7000], [""가정식 손만두국"", 10000], [""가정식 떡만두국"", 10000], [""가정식칼만두국"", 10000], [""소고기떡국"", 9000], [""직접만든 동그랑땡"", 8000], [""한소끔 비빔밥"", 10000], [""매콤 비빔면"", 8500], [""매콤 비빔면+튀김만두(3p)"", 11000], [""직접갈아만든 콩국수(여름메뉴)"", 10000], [""굴만두국(계울메뉴)"", 13000], [""굴떡만두국(겨울메뉴)"", 13000], [""굴칼만두국(겨울메뉴)"", 13000], [""굴떡국"", 12000]]",한식
440,"['https://search.pstatic.net/common/?autoRotate=true&type=w560_sharpen&src=https%3A%2F%2Fldb-phinf.pstatic.net%2F20241216_101%2F1734356718217E1duq_JPEG%2FIMG_3378.jpeg', 'https://search.pstatic.net/common/?autoRotate=true&type=w278_sharpen&src=https%3A%2F%2Fldb-phinf.pstatic.net%2F20211002_87%2F16331499919116ydrv_JPEG%2FcW6DoXUdLbENjMswr5xa10Qo.jpg', 'https://search.pstatic.net/common/?autoRotate=true&type=w278_sharpen&src=https%3A%2F%2Fpup-review-phinf.pstatic.net%2FMjAyMzAyMTlfMTA1%2FMDAxNjc2ODE3MDE0MzI0.4AJ7fyymr2z-5h0JjUjIsn_nzTfi5yqbG7Qqcz0ljRgg.Scp4xJ5cP1Gq8FMX06lv5lXWnViNaxG2n7kYFLrOo_sg.JPEG%2FA71E6927-01E1-4983-85BF-E5E7C2001450.jpeg']","서울특별시 마포구 동교로 149-16, 1층 (서교동)",뚜또 페르 뚜띠,72.04,192696.7082,450380.2098,,수: 08:30 - 18:00; 목: 08:30 - 18:00; 금: 08:30 - 18:00; 토: 09:00 - 18:30; 일: 09:00 - 18:30; 월: 08:30 - 14:30; 화: 08:30 - 18:00,264,"['포장', '예약', '무선 인터넷', '반려동물 동반', '배달']",주차 불가,"['음식이 맛있어요', '특별한 메뉴가 있어요', '인테리어가 멋져요', '친절해요']",[],"[[""프로슈토 파니니"", 13000]]",양식
441,"['https://search.pstatic.net/common/?autoRotate=true&type=w560_sharpen&src=https%3A%2F%2Fldb-phinf.pstatic.net%2F20220720_30%2F16582829179454Cddy_PNG%2F%25C7%25CD%25C1%25A6%25B8%25AE%25BE%25C6%25BF%25C0_%25B8%25DE%25C0%25CE_%25C0%25CC%25B9%25CC%25C1%25F6.PNG', 'https://search.pstatic.net/common/?autoRotate=true&type=w278_sharpen&src=https%3A%2F%2Fldb-phinf.pstatic.net%2F20220518_160%2F1652839263562EXjJL_JPEG%2F013.jpg', 'https://search.pstatic.net/common/?autoRotate=true&type=w278_sharpen&src=https%3A%2F%2Fldb-phinf.pstatic.net%2F20220518_81%2F1652839259781k2iyT_JPEG%2F012.jpg']","서울특별시 마포구 양화로11길 14-5, NFM빌딩 1층 (서교동)",핏제리아오 합정역점,98.42,192488.5819,450000.5686,0507-1371-3534,수: 11:00 - 21:30; 목: 11:00 - 21:30; 금: 11:00 - 21:30; 토: 11:00 - 21:30; 일: 11:00 - 21:30; 월: 정기휴무 (매주 월요일); 화: 11:00 - 21:30,464,"['포장', '배달', '무선 인터넷', '예약', '단체 이용 가능', '유아의자']",주차 불가,"['음식이 맛있어요', '재료가 신선해요', '친절해요', '매장이 청결해요']",[],"[[""마르게리따 부팔라"", 19500], [""스텔라"", 29000], [""마르게리따 부라타"", 23000]]",양식
442,"['https://search.pstatic.net/common/?autoRotate=true&type=w560_sharpen&src=https%3A%2F%2Fldb-phinf.pstatic.net%2F20240921_52%2F1726898183194waF1N_JPEG%2FwdsEWREM.jpeg', 'https://search.pstatic.net/common/?autoRotate=true&type=w278_sharpen&src=https%3A%2F%2Fldb-phinf.pstatic.net%2F20231121_17%2F1700560114037C6iAF_JPEG%2FKakaoTalk_20231121_173307074.jpg', 'https://search.pstatic.net/common/?autoRotate=true&type=w278_sharpen&src=https%3A%2F%2Fldb-phinf.pstatic.net%2F20231121_238%2F1700560114004HyKBs_JPEG%2FKakaoTalk_20231121_173305132.jpg']","서울특별시 마포구 양화로6길 57 (서교동,2층)",다이닝 미야비,92.9,192632.0867,449620.7473,0507-1328-3142,수: 17:00 - 23:00; 목: 17:00 - 23:00; 금: 17:00 - 01:00; 토: 16:00 - 01:00; 일: 16:00 - 23:00; 월: 17:00 - 23:00; 화: 17:00 - 23:00,632,"['콜키지 가능', '무선 인터넷', '예약', '단체 이용 가능']",주차 불가,"['음식이 맛있어요', '인테리어가 멋져요', '친절해요', '대화하기 좋아요']",[],"[[""미야비코스"", 80000], [""후토마끼"", 17000]]",양식
443,"['https://search.pstatic.net/common/?autoRotate=true&type=w278_sharpen&src=https%3A%2F%2Fldb-phinf.pstatic.net%2F20240117_49%2F17054922264552zQza_JPEG%2F1705476982.215487.jpeg', 'https://search.pstatic.net/common/?autoRotate=true&type=w278_sharpen&src=https%3A%2F%2Fldb-phinf.pstatic.net%2F20241115_299%2F1731597601826PwXk4_JPEG%2FIMG_4066.jpeg', 'https://search.pstatic.net/common/?autoRotate=true&type=w278_sharpen&src=https%3A%2F%2Fldb-phinf.pstatic.net%2F20240907_139%2F1725638743624QGLXb_JPEG%2FIMG_3215.jpeg']","서울특별시 마포구 독막로3길 28-7, 1층 좌측코너 (서교동)",피그바,50.9,192641.3168,449696.3174,0507-1414-1178,수: 17:00 - 23:00; 목: 17:00 - 23:00; 금: 17:00 - 24:00; 토: 17:00 - 24:00; 일: 17:00 - 23:00; 월: 17:00 - 23:00; 화: 정기휴무 (매주 화요일),987,"['콜키지 가능', '단체 이용 가능', '예약', '무선 인터넷', '대기공간']",무료 주차 가능,"['음식이 맛있어요', '고기 질이 좋아요', '친절해요', '인테리어가 멋져요']","['단체석', '입식', '연인석', '1인석']","[[""피그목살"", 15000], [""피그삼겹살"", 15000], [""벌집껍데기"", 9000], [""광광 우렁 된장찌개"", 6000], [""된장술밥"", 8000], [""칼칼 우삼겹 순두부찌개"", 8000], [""살얼음 김치말이국수"", 7000], [""수제비홍합탕"", 14000], [""해물듬뿍 해장라면"", 8000], [""관자버터구이"", 7000]]",한식
444,"['https://search.pstatic.net/common/?autoRotate=true&type=w560_sharpen&src=https%3A%2F%2Fldb-phinf.pstatic.net%2F20230918_183%2F1694965055868AagE6_JPEG%2F20230915_223811.jpg', 'https://search.pstatic.net/common/?autoRotate=true&type=w278_sharpen&src=https%3A%2F%2Fldb-phinf.pstatic.net%2F20240531_247%2F17171469626199XJP5_JPEG%2F20240531_180259.jpg', 'https://search.pstatic.net/common/?autoRotate=true&type=w278_sharpen&src=https%3A%2F%2Fldb-phinf.pstatic.net%2F20241108_238%2F1731053649160hagq5_JPEG%2F20241108_171032.jpg']","서울특별시 마포구 홍익로5안길 24, 1층 102호 (서교동)",정이,38.19,192988.885,450160.268,0507-1476-1286,수: 17:00 - 03:00; 목: 17:00 - 03:00; 금: 17:00 - 03:00; 토: 17:00 - 03:00; 일: 17:00 - 03:00; 월: 정기휴무 (매주 월요일); 화: 17:00 - 03:00,390,['포장'],,"['음식이 맛있어요', '친절해요', '가성비가 좋아요', '대화하기 좋아요']",[],"[[""오징어 김치전"", 15000], [""바지락탕"", 15000], [""제육볶음"", 15000], [""돼지고기김치찌개"", 18000], [""계란우동"", 6000], [""오징어숙회"", 15000], [""해물순두부"", 15000], [""번데기"", 10000], [""소라숙회"", 15000], [""소라무침"", 20000], [""생선구이"", 15000], [""무뼈닭발볶음"", 15000], [""쏘세지 떡꼬치"", 13000], [""목전지구이"", 15000]]",주점
445,"['https://search.pstatic.net/common/?autoRotate=true&type=w560_sharpen&src=https%3A%2F%2Fldb-phinf.pstatic.net%2F20240331_24%2F1711870359046csnYW_PNG%2F%25B8%25B6%25B6%25F3%25C4%25AB%25B7%25B9.png', 'https://search.pstatic.net/common/?autoRotate=true&type=w278_sharpen&src=https%3A%2F%2Fldb-phinf.pstatic.net%2F20240331_82%2F1711870371879ExJxE_JPEG%2F%25C0%25E5%25B0%25A2_%25BD%25BA%25C7%25C1%25C4%25AB%25B7%25B9.jpg', 'https://search.pstatic.net/common/?autoRotate=true&type=w278_sharpen&src=https%3A%2F%2Fldb-phinf.pstatic.net%2F20240204_203%2F1707046449196KfO84_JPEG%2FKakaoTalk_20240204_203258204_01.jpg']","서울특별시 마포구 잔다리로7안길 3, 1층 (서교동)",커리지널,35.0,192620.5296,450073.7824,0507-1465-3781,수: 정기휴무 (매주 수요일); 목: 11:00 - 20:30; 금: 11:00 - 20:30; 토: 11:00 - 20:30; 일: 11:00 - 20:30; 월: 11:00 - 20:30; 화: 11:00 - 20:30,462,['무선 인터넷'],주차 불가,"['음식이 맛있어요', '재료가 신선해요', '혼밥하기 좋아요', '특별한 메뉴가 있어요']",[],"[[""야채 스프카레"", 11000], [""차슈 스프카레"", 13500], [""튀긴 장각 스프카레"", 15500], [""하와이안 새우 스프카레"", 16000], [""차슈 카레라이스"", 9500], [""마라 스프카레"", 15500], [""가지만두"", 4000]]",기타
446,"['https://search.pstatic.net/common/?autoRotate=true&type=w560_sharpen&src=https%3A%2F%2Fldb-phinf.pstatic.net%2F20241227_47%2F1735258075539I9o91_JPEG%2FKakaoTalk_20241220_154402289_29.jpg', 'https://search.pstatic.net/common/?autoRotate=true&type=w278_sharpen&src=https%3A%2F%2Fldb-phinf.pstatic.net%2F20241227_274%2F17352580747636npdm_JPEG%2FKakaoTalk_20241220_154026711_09.jpg', 'https://search.pstatic.net/common/?autoRotate=true&type=w278_sharpen&src=https%3A%2F%2Fldb-phinf.pstatic.net%2F20241227_280%2F1735258075416VBPP6_JPEG%2FKakaoTalk_20241220_154026711_17.jpg']","서울특별시 마포구 독막로7길 26, 1층 (서교동)",일일수작 홍대합정점,87.11,192795.952,449635.8505,0507-1441-9124,수: 17:00 - 05:00; 목: 17:00 - 05:00; 금: 16:00 - 06:00; 토: 15:00 - 06:00; 일: 16:00 - 05:00; 월: 17:00 - 05:00; 화: 17:00 - 05:00,387,"['생일 혜택', '단체 이용 가능', '예약', '무선 인터넷']",유료 주차 가능,"['음식이 맛있어요', '기본 안주가 좋아요', '술이 다양해요', '친절해요']","['단체석', '테라스']","[[""팽이삼겹꼬치"", null], [""아스파라거스 삼겹꼬치"", null], [""모둠꼬치"", null], [""은행꼬치"", null], [""닭껍질꼬치"", null], [""닭목살꼬치"", null], [""닭꼬치"", null], [""파닭꼬치"", null], [""옥수수김치전"", null], [""이태리 치즈 감자전"", null], [""해물 부추전"", null], [""알배추찜과 보쌈수육"", null], [""묵은지 문어숙회"", null], [""단호박 치즈 훈제오리찜"", null], [""단호박 치즈불닭"", null], [""통마늘모래집볶음"", null], [""김치어묵칼국수"", null], [""미니샤브 우삼겹전골"", null], [""꼬치어묵 유부전골"", null], [""해물듬뿍 쫄면순두부"", null]]",일식
447,"['https://search.pstatic.net/common/?autoRotate=true&type=w560_sharpen&src=https%3A%2F%2Fldb-phinf.pstatic.net%2F20230126_88%2F1674715368672tTFqg_JPEG%2F1674714840529.jpg', 'https://search.pstatic.net/common/?autoRotate=true&type=w278_sharpen&src=https%3A%2F%2Fldb-phinf.pstatic.net%2F20230329_292%2F1680059714793s0HSP_JPEG%2F%25BE%25E0%25B5%25B5.jpg', 'https://search.pstatic.net/common/?autoRotate=true&type=w278_sharpen&src=https%3A%2F%2Fldb-phinf.pstatic.net%2F20220909_50%2F1662704646995sKuYW_JPEG%2F20220909_152300.jpg']","서울특별시 마포구 양화로7길 6-5, 지1층 (서교동, 와와빌딩)",럭키인디아,107.97,192437.5773,449930.212,02-336-7782,수: 11:30 - 22:00; 목: 11:30 - 22:00; 금: 11:30 - 22:00; 토: 11:30 - 22:00; 일: 11:30 - 22:00; 월: 17:30 - 22:00; 화: 11:30 - 22:00,396,"['콜키지 가능', '비건 메뉴', '예약', '단체 이용 가능', '무선 인터넷', '포장', '배달', '반려동물 동반', '유아의자', '장애인 휠체어 이용가능', '장애인 휠체어 이용가능']",주차 불가,"['음식이 맛있어요', '인테리어가 멋져요', '친절해요', '재료가 신선해요']","['단체석', '카운터석', '바테이블', '1인석', '테라스']","[[""Keema Matar with a boiled Egg"", 21000], [""Egg curry"", 19000], [""Lentil Soup"", 8000], [""Pakora (4pc)"", 6000], [""Palak"", 19000]]",기타
448,"['https://search.pstatic.net/common/?autoRotate=true&type=w560_sharpen&src=https%3A%2F%2Fldb-phinf.pstatic.net%2F20220430_149%2F1651299202219UqynQ_JPEG%2F20220429_202527.jpg', 'https://search.pstatic.net/common/?autoRotate=true&type=w278_sharpen&src=https%3A%2F%2Fldb-phinf.pstatic.net%2F20240621_169%2F1718962165866f5TMi_JPEG%2F%25B3%25BB%25BA%25CEnew.jpg', 'https://search.pstatic.net/common/?autoRotate=true&type=w278_sharpen&src=https%3A%2F%2Fpup-review-phinf.pstatic.net%2FMjAyMzA0MDNfMjY3%2FMDAxNjgwNDk2NzM5MzE3.c1E5u2BmELGlJOsSnhhzMgrv5CiEvt2SCrMBDE85WYUg.G5KwDExu0tFTta4qZ_BWDy1Hi5luMYIFlS6VAw8OgHkg.JPEG%2F83954740-74EF-44D0-A1CC-53D0B6B863B4.jpeg']","서울특별시 마포구 어울마당로 44-1, 보리수빌딩 지상1층 (서교동)",짬뽕지존 홍대점,155.86,192948.7513,449633.552,0507-1315-6158,,292,"['단체 이용 가능', '포장', '배달', '예약', '무선 인터넷']",무료 주차 가능,"['음식이 맛있어요', '양이 많아요', '매장이 넓어요', '친절해요']",[],"[[""마파두부밥"", 10000], [""게삼볶음밥"", 10000], [""군만두"", 7000], [""맛보기군만두"", 4000], [""연유꽃빵"", 4000], [""한영양만점마파두부밥"", 10000], [""게살볶음밥"", 10000], [""찹쌀탕수육"", 17000], [""사천탕수육"", 19000], [""유린기"", 23000], [""깐풍기"", 28000], [""지존짬뽕"", 12000], [""수제비짬뽕"", 12000], [""지존짜장"", 8500], [""순두부짬뽕면"", 13000], [""쌀국수짬뽕"", 12000], [""지존짬뽕밥"", 12000]]",중식
449,"['https://search.pstatic.net/common/?autoRotate=true&type=w560_sharpen&src=https%3A%2F%2Fldb-phinf.pstatic.net%2F20230322_194%2F1679472732183pP0l5_JPEG%2F00-%25B4%25EB%25C7%25A5.jpg', 'https://search.pstatic.net/common/?autoRotate=true&type=w278_sharpen&src=https%3A%2F%2Fldb-phinf.pstatic.net%2F20230322_294%2F1679472732473UaeXb_JPEG%2F01.jpg', 'https://search.pstatic.net/common/?autoRotate=true&type=w278_sharpen&src=https%3A%2F%2Fldb-phinf.pstatic.net%2F20230322_160%2F1679472732684pfbWj_JPEG%2F05.jpg']","서울특별시 마포구 잔다리로 10 (서교동, 1층일부)",용용선생 홍대점 1호점,93.26,193039.718,449851.9014,0507-1391-3996,수: 17:00 - 02:00; 목: 17:00 - 02:00; 금: 17:00 - 04:00; 토: 17:00 - 04:00; 일: 17:00 - 02:00; 월: 17:00 - 02:00; 화: 17:00 - 02:00,370,['단체 이용 가능'],,"['음식이 맛있어요', '특별한 메뉴가 있어요', '친절해요', '가성비가 좋아요']",[],"[[""중화오이무침"", 5900], [""홍콩식닭냉채"", 7900], [""고수무침"", 7900], [""흑후추우삼겹"", 11900], [""소고기마라샹궈"", 11900], [""간장계란볶음밥"", 5900], [""깐풍닭튀김"", 10900], [""마라왕교자(6p)"", 6900], [""연유꽃빵(6p)"", 6900], [""게살계란탕"", 13900], [""우육탕(면)"", 14900], [""마라마요새우"", 14900], [""화산마라전골"", 22900], [""용과모량주샤베트"", 8900], [""코코넛아이스크림"", 8900], [""고추바삭유린기"", 18900], [""시리얼새우"", 18900], [""홍콩덕냉채"", 18900], [""홍콩덕즈마면"", 17900], [""마라마요멘보샤"", 13900], [""버터깐풍기"", 14900]]",한식
450,"['https://search.pstatic.net/common/?autoRotate=true&type=w278_sharpen&src=https%3A%2F%2Fldb-phinf.pstatic.net%2F20240528_167%2F1716848533181wUO5F_JPEG%2F1716848464559.jpg', 'https://search.pstatic.net/common/?autoRotate=true&type=w278_sharpen&src=https%3A%2F%2Fldb-phinf.pstatic.net%2F20220526_243%2F1653533969966cEEAe_JPEG%2F1653533957169.jpg', 'https://search.pstatic.net/common/?autoRotate=true&type=w278_sharpen&src=https%3A%2F%2Fldb-phinf.pstatic.net%2F20220526_20%2F16535102755420Afkt_JPEG%2F1651668564927.jpg']","서울특별시 마포구 양화로11길 46 (서교동, 1층)",온리원갈비 합정,134.14,192355.634,450015.8761,0507-1331-8464,수: 11:20 - 22:00; 목: 11:20 - 22:00; 금: 11:20 - 22:00; 토: 11:30 - 22:00; 일: 11:30 - 22:00; 월: 11:20 - 22:00; 화: 11:20 - 22:00,496,"['와인 페어링', '콜키지 가능', '단체 이용 가능', '포장', '예약', '무선 인터넷', '반려동물 동반', '유아의자', '장애인 휠체어 이용가능', '장애인 휠체어 이용가능']",무료 주차 가능,"['음식이 맛있어요', '친절해요', '가성비가 좋아요', '매장이 넓어요']","['룸', '단체석', '입식']","[[""한돈 갈비 정식"", 16000], [""소등심(170g)"", 31000], [""한돈 수제 양념갈비(250g)"", 16000], [""한돈 생갈비(220g)"", 16000], [""철판 숯불고기 정식"", 10000], [""한돈 묵은지 김치찜"", 11000], [""소갈비살(170g)"", 21000], [""양념 소갈비살(200g)"", 25000], [""양념 껍데기"", 10000], [""육개장 정식"", 10000], [""콘치즈버터구이"", 6000], [""계란찜"", 4000], [""후식냉면"", 6000], [""한돈 김치찌개"", 7000]]",한식
451,"['https://search.pstatic.net/common/?autoRotate=true&type=w560_sharpen&src=https%3A%2F%2Fldb-phinf.pstatic.net%2F20240702_278%2F1719906042447PrzWv_JPEG%2F9.jpg', 'https://search.pstatic.net/common/?autoRotate=true&type=w278_sharpen&src=https%3A%2F%2Fldb-phinf.pstatic.net%2F20240702_134%2F1719906035085NFMJn_JPEG%2F8.jpg', 'https://search.pstatic.net/common/?autoRotate=true&type=w278_sharpen&src=https%3A%2F%2Fldb-phinf.pstatic.net%2F20230615_25%2F1686805824035QOIc4_JPEG%2FPicsart_23-04-09_20-26-31-227.jpg']","서울특별시 마포구 홍익로5안길 16, 1층 일부호 (서교동)",남도뽀글이,66.1,193013.7932,450184.2324,02-336-8971,수: 16:00 - 24:00; 목: 16:00 - 24:00; 금: 16:00 - 24:00; 토: 16:00 - 24:00; 일: 16:00 - 24:00; 월: 정기휴무 (매주 월요일); 화: 16:00 - 24:00,200,"['단체 이용 가능', '무선 인터넷', '예약']",,"['음식이 맛있어요', '친절해요', '가성비가 좋아요', '재료가 신선해요']",[],"[[""소곱창"", null], [""소막창구이"", null], [""소막창"", null], [""소염통"", null], [""볶음밥"", null]]",한식
452,"['https://search.pstatic.net/common/?autoRotate=true&type=w560_sharpen&src=https%3A%2F%2Fldb-phinf.pstatic.net%2F20250110_198%2F17365049417655zl0n_JPEG%2FKakaoTalk_20250110_192646676.jpg', 'https://search.pstatic.net/common/?autoRotate=true&type=w278_sharpen&src=https%3A%2F%2Fldb-phinf.pstatic.net%2F20250110_286%2F1736504926804dmEod_JPEG%2FKakaoTalk_20250110_192646676_01.jpg', 'https://search.pstatic.net/common/?autoRotate=true&type=w278_sharpen&src=https%3A%2F%2Fldb-phinf.pstatic.net%2F20250110_230%2F1736504930879YXvAU_JPEG%2FKakaoTalk_20250110_192646676_02.jpg']","서울특별시 마포구 독막로5길 28, 1층 (서교동)",라뎅,78.8,192743.8387,449665.6881,0507-1404-7971,수: 11:00 - 24:00; 목: 11:00 - 24:00; 금: 11:00 - 02:00; 토: 11:00 - 02:00; 일: 11:00 - 24:00; 월: 정기휴무 (매주 월요일); 화: 11:00 - 24:00,148,"['단체 이용 가능', '예약', '무선 인터넷']",주차 불가,"['음식이 맛있어요', '인테리어가 멋져요', '재료가 신선해요', '친절해요']","['연인석', '입식', '1인석']","[[""규코츠라멘"", 10000], [""카라규코츠라멘"", 11000], [""기린(생)"", 6000], [""오리온(생)"", 8000], [""야끼만두"", 4000]]",일식
453,"['https://search.pstatic.net/common/?autoRotate=true&type=w560_sharpen&src=https%3A%2F%2Fpup-review-phinf.pstatic.net%2FMjAyMjEyMjdfODEg%2FMDAxNjcyMTMyNzM3NzEy.70WhZPznFF0OO-IPQ9x2Z475r6jTGBijP9CAWBRMQagg.EsyJyVAYZ4TLanuZVpDAujkCFSwqlC9FG_hpQGF5BUIg.JPEG%2FDAEBB0E6-B149-44D9-89E6-EC0F31490DC2.jpeg', 'https://search.pstatic.net/common/?autoRotate=true&type=w278_sharpen&src=https%3A%2F%2Fpup-review-phinf.pstatic.net%2FMjAyMjEyMjBfMjI3%2FMDAxNjcxNTM2MTYxNjg1.fKABKdD5ERNiKnB0AlyvzRRLc43ZiliFS3wpT1pNZ6Ag.AOlasHB4XxEAtgF9QB3lHe_yZ1I_c7fxdhZmVlKZCEEg.JPEG%2F7AC732E1-3493-436C-A25E-3EF550325BD5.jpeg', 'https://search.pstatic.net/common/?autoRotate=true&type=w278_sharpen&src=https%3A%2F%2Fpup-review-phinf.pstatic.net%2FMjAyMjExMDZfOCAg%2FMDAxNjY3NzQ0ODE1NjEy.MV_MCjrHH_H7RPhxcYKxepmVksQCx__hXNBaF7QWPoAg.y872kxzaLZqANyuuqSq0syIftEEwhMeG8nK-I7jBfoAg.JPEG%2F62B4B977-3BBB-40EC-B835-48E5DC39A041.jpeg']","서울특별시 마포구 월드컵북로5가길 34 (서교동, B1층)",도원,84.99,192800.4727,450431.5246,02-332-4462,,244,[],,"['음식이 맛있어요', '가성비가 좋아요', '재료가 신선해요', '양이 많아요']",[],"[[""짜장면"", 6000], [""짬뽕"", 7000], [""우동"", 7000], [""간짜장면"", 7000], [""삼선간짜장"", 9000], [""쟁반짜장"", 8000], [""볶음짬뽕"", 10000], [""삼선짬뽕"", 10000], [""고추짬뽕"", 10000], [""사천탕면"", 10000], [""백짬뽕"", 10000], [""차돌짬뽕"", 10000], [""삼선우동"", 10000], [""볶음밥"", 8000], [""잡채밥"", 9000], [""마파두부밥"", 9000], [""특밥"", 9000], [""고추밥"", 9000], [""삼선볶음밥"", 10000], [""새우볶음밥"", 10000], [""게살볶음밥"", 11000], ["""", null], ["""", null], ["""", null], ["""", null], ["""", null], ["""", null], ["""", null], ["""", null], ["""", null], ["""", null], ["""", null], ["""", null], ["""", null], ["""", null], ["""", null], ["""", null], ["""", null], ["""", null], ["""", null], ["""", null], ["""", null], ["""", null], ["""", null], ["""", null], ["""", null], ["""", null], ["""", null], ["""", null], ["""", null]]",한식
454,"['https://search.pstatic.net/common/?autoRotate=true&type=w560_sharpen&src=https%3A%2F%2Fldb-phinf.pstatic.net%2F20250108_55%2F1736311822907p76r6_JPEG%2FIMG_2850.JPG', 'https://search.pstatic.net/common/?autoRotate=true&type=w278_sharpen&src=https%3A%2F%2Fldb-phinf.pstatic.net%2F20250108_166%2F1736311718831TmTkp_JPEG%2FIMG_3409.JPG', 'https://search.pstatic.net/common/?autoRotate=true&type=w278_sharpen&src=https%3A%2F%2Fldb-phinf.pstatic.net%2F20180822_185%2F1534901913488JlQqj_JPEG%2FrCsywa4RUgkpoXl7OBZj7KZK.jpg']","서울특별시 마포구 어울마당로 136-13 (서교동, 2층)",부야스곱창,82.35,193365.88,450391.2187,02-3144-4967,수: 16:00 - 01:00; 목: 16:00 - 01:00; 금: 16:00 - 01:00; 토: 15:00 - 01:00; 일: 15:00 - 01:00; 월: 16:00 - 01:00; 화: 16:00 - 01:00,236,"['포장', '배달']",주차 불가,"['음식이 맛있어요', '친절해요', '가성비가 좋아요', '양이 많아요']",[],"[[""알곱창"", 13000], [""야채곱창"", 13000]]",한식
455,"['https://search.pstatic.net/common/?autoRotate=true&type=w560_sharpen&src=https%3A%2F%2Fldb-phinf.pstatic.net%2F20231108_60%2F1699421878048dx46e_JPEG%2F%25C5%25E4%25B8%25DE%25B7%25E7_%25B0%25A3%25C6%25C7.jpg', 'https://search.pstatic.net/common/?autoRotate=true&type=w278_sharpen&src=https%3A%2F%2Fldb-phinf.pstatic.net%2F20220419_50%2F1650331706803AKEiY_JPEG%2F1593604532031-0.jpg', 'https://search.pstatic.net/common/?autoRotate=true&type=w278_sharpen&src=https%3A%2F%2Fldb-phinf.pstatic.net%2F20231108_118%2F1699421877682vBfoz_JPEG%2F%25B3%25AA%25B0%25A1%25BB%25E7%25C5%25B0%25C2%25AB%25BB%25CD.jpg']","서울특별시 마포구 와우산로29길 56-6, 지1층 (서교동)",토메루,45.0,193481.8979,450434.953,0507-1319-9206,,661,"['콜키지 가능', '무선 인터넷', '반려동물 동반', '예약', '단체 이용 가능', '포장', '배달']",주차 불가,"['음식이 맛있어요', '친절해요', '대화하기 좋아요', '술이 다양해요']",[],"[[""사사미명란마요"", 3500], [""항정구이"", 4500], [""명란항정구이"", 4700], [""난코츠"", 3500], [""쯔꾸네"", 5000], [""떡베이컨"", 3600], [""사사미와사비마요"", 3500], [""세세리(닭목살)"", 3500], [""토리카와(닭껍질)"", 3000], [""하츠(염톰)"", 3000], [""테바사키(닭날개)"", 4000], [""방울토마토 베이컨"", 3600], [""애호박 베이컨"", 3600], [""메추리알 베이컨"", 3600], [""양솜이버섯구이"", 3200], [""새솜이버섯구이"", 3200], [""표고버섯구이"", 3200], [""방울토마토구이 (2pcs)"", 3000], [""애호박구이 (2pcs)"", 3000], [""꽈리고추구이 (2pcs)"", 3000], [""메추리알구이 (2pcs)"", 3000]]",일식
456,"['https://search.pstatic.net/common/?autoRotate=true&type=w560_sharpen&src=https%3A%2F%2Fldb-phinf.pstatic.net%2F20240709_295%2F1720462374913mr5z7_JPEG%2FKakaoTalk_20240318_002749589.jpg', 'https://search.pstatic.net/common/?autoRotate=true&type=w278_sharpen&src=https%3A%2F%2Fldb-phinf.pstatic.net%2F20240709_76%2F1720510296499vw1ST_JPEG%2FKakaoTalk_20240709_162357908.jpg', 'https://search.pstatic.net/common/?autoRotate=true&type=w278_sharpen&src=https%3A%2F%2Fldb-phinf.pstatic.net%2F20190119_42%2F15478940542489c7k6_JPEG%2F8kX55nRlSsRb_MNUznHJ6BMS.jpg']","서울특별시 마포구 와우산로18길 20, 1층,중1층 (서교동)",홍대예티,164.0,193216.9278,449861.6098,0507-1319-0745,수: 11:00 - 24:00; 목: 11:00 - 24:00; 금: 11:00 - 02:00; 토: 11:00 - 02:00; 일: 11:00 - 24:00; 월: 11:00 - 24:00; 화: 11:00 - 24:00,778,"['콜키지 가능', '비건 메뉴', '예약', '단체 이용 가능', '포장', '무선 인터넷', '배달']",무료 주차 가능,"['음식이 맛있어요', '인테리어가 멋져요', '매장이 넓어요', '친절해요']","['좌식', '입식', '단체석']","[[""탄투리치킨(Half)"", 10000], [""치킨티카"", 12000], [""감자말이새우"", 12000], [""베지브리야니"", 9000], [""치킨짜오민"", 9000]]",양식
457,"['https://search.pstatic.net/common/?autoRotate=true&type=w560_sharpen&src=https%3A%2F%2Fldb-phinf.pstatic.net%2F20240203_235%2F1706955924593MQNsk_JPEG%2FCDD760F1-59F5-4CEE-B7E3-58A3E3D924FB.jpeg', 'https://search.pstatic.net/common/?autoRotate=true&type=w278_sharpen&src=https%3A%2F%2Fldb-phinf.pstatic.net%2F20240626_243%2F1719389696531QDNYt_JPEG%2FIMG_8671.jpeg', 'https://search.pstatic.net/common/?autoRotate=true&type=w278_sharpen&src=https%3A%2F%2Fldb-phinf.pstatic.net%2F20240703_47%2F1720007846752QK9o6_JPEG%2FKakaoTalk_20240703_204700926_01.jpg']","서울특별시 마포구 양화로 72, 101동 1층 131호 (서교동, 서교동 효성 해링턴 타워)",네비올로 합정,63.97,192555.052,449861.9558,0507-1439-0805,수: 15:00 - 24:00; 목: 15:00 - 24:00; 금: 15:00 - 24:00; 토: 15:00 - 24:00; 일: 정기휴무 (매주 일요일); 월: 정기휴무 (매주 월요일); 화: 15:00 - 24:00,241,"['콜키지 가능', '와인 페어링', '와인 페어링', '포장', '배달', '단체 이용 가능', '예약', '무선 인터넷', '장애인 휠체어 이용가능', '장애인 휠체어 이용가능', '장애인 휠체어 이용가능', '장애인 주차구역']",유료 주차 가능,"['음식이 맛있어요', '술이 다양해요', '인테리어가 멋져요', '대화하기 좋아요']","['단체석', '입식', '바테이블', '테라스', '연인석', '1인석']","[[""엔초비 스파게티"", 18000], [""멜론 자몽 하몽"", 18000], [""살치살 스테이크 (300g)"", 59000], [""스파이시 초리죠 펜네"", 20000], [""바질 페스토 크림 뇨끼"", 23000], [""트러플 빠께리"", 25000], [""갈릭 버터 알감자"", 14000]]",양식
458,"['https://search.pstatic.net/common/?autoRotate=true&type=w560_sharpen&src=https%3A%2F%2Fldb-phinf.pstatic.net%2F20240502_197%2F17146382122499a38c_JPEG%2F1000021183.jpg', 'https://search.pstatic.net/common/?autoRotate=true&type=w278_sharpen&src=https%3A%2F%2Fldb-phinf.pstatic.net%2F20240502_231%2F1714638212220GXIDm_JPEG%2F1000021182.jpg', 'https://search.pstatic.net/common/?autoRotate=true&type=w278_sharpen&src=https%3A%2F%2Fpup-review-phinf.pstatic.net%2FMjAyMzA2MTVfMTEw%2FMDAxNjg2ODE1MjcxNjg2._GFfCcx7Yzd4eEMqk40CNoKra0Q1of9OBtJp3Z3All8g.Gj5fFqOYfZ2mwHjpUDHZw7z5Bf_ss97FZ2QYzR10zzIg.JPEG%2F20230615_164516.jpg']","서울특별시 마포구 어울마당로 112-6, 1층 (서교동)",홍마떡,67.53,193157.9737,450269.8303,0507-1416-1107,수: 정기휴무 (매주 수요일); 목: 11:30 - 22:00; 금: 11:30 - 22:00; 토: 11:30 - 22:00; 일: 11:30 - 22:00; 월: 11:30 - 22:00; 화: 11:30 - 22:00,743,"['포장', '배달', '단체 이용 가능']",,"['음식이 맛있어요', '특별한 메뉴가 있어요', '친절해요', '양이 많아요']",[],"[[""마늘떡볶이 (R)"", 9500], [""마늘 면볶이 (R)"", 10500], [""크림치즈김밥"", 5800], [""찹쌀순대"", 4800], [""등심 왕 돈까스"", 8500], [""모듬튀김 (소)"", 8000]]",한식
459,"['https://search.pstatic.net/common/?autoRotate=true&type=w560_sharpen&src=https%3A%2F%2Fldb-phinf.pstatic.net%2F20241021_130%2F1729509215214WuFta_JPEG%2F%25B8%25D5%25B5%25A5%25C0%25CC%25C1%25EE-26394.jpg', 'https://search.pstatic.net/common/?autoRotate=true&type=w278_sharpen&src=https%3A%2F%2Fldb-phinf.pstatic.net%2F20250131_190%2F17383240022901wbmn_JPEG%2FKakaoTalk_20250131_203156624.jpg', 'https://search.pstatic.net/common/?autoRotate=true&type=w278_sharpen&src=https%3A%2F%2Fldb-phinf.pstatic.net%2F20241021_40%2F1729509215287IHSKa_JPEG%2F%25B8%25D5%25B5%25A5%25C0%25CC%25C1%25EE-25827.jpg']","서울특별시 마포구 와우산로19길 9, 1층 (서교동)",먼데이즈,123.21,193094.1402,449876.4027,0507-1394-8093,수: 17:00 - 03:00; 목: 17:00 - 03:00; 금: 17:00 - 05:00; 토: 17:00 - 05:00; 일: 정기휴무 (매주 일요일); 월: 17:00 - 03:00; 화: 17:00 - 03:00,368,"['생일 혜택', '단체 이용 가능', '예약', '무선 인터넷', '대기공간']",유료 주차 가능,"['음식이 맛있어요', '인테리어가 멋져요', '술이 다양해요', '친절해요']","['단체석', '테라스', '좌식']","[[""해물순두부 짬뽕탕"", 19900], [""삼겹두부김치"", 17900]]",한식
460,"['https://search.pstatic.net/common/?autoRotate=true&type=w560_sharpen&src=https%3A%2F%2Fldb-phinf.pstatic.net%2F20221008_23%2F1665159664122RQNGm_JPEG%2FD2C153F8-36D2-4220-A366-5C0471E0E5BE.jpeg', 'https://search.pstatic.net/common/?autoRotate=true&type=w278_sharpen&src=https%3A%2F%2Fpup-review-phinf.pstatic.net%2FMjAyMjEyMDJfMTE2%2FMDAxNjY5OTkyMzAyOTc3.hi2-7ZT_8LgUIDqit5ZcGzxlVxXHajV7q9I105xgCCgg.h8VwyzpWeCcVuuCi-3qaxkQNyYgCW5Aaohx5qyOR3yEg.JPEG%2F20221202_195654.jpg', 'https://search.pstatic.net/common/?autoRotate=true&type=w278_sharpen&src=https%3A%2F%2Fpup-review-phinf.pstatic.net%2FMjAyMzA0MTdfNjgg%2FMDAxNjgxNjU4ODAzNTMz.HQ-X0P9palSwfLQYzr6Hy7agSyKIoTo7TBsbkaw8OSAg.E16Xq3VIEZZrTqSucdBC4wrd-C5YtvcyKCcVfkevQNkg.JPEG%2FIMG_1142.jpeg']","서울특별시 마포구 어울마당로 55-12, 1층 (서교동)",마트마타,75.93,192895.8696,449785.6477,,,96,[],,"['음식이 맛있어요', '친절해요', '인테리어가 멋져요', '가성비가 좋아요']",[],"[[""소세지+감자"", 12000], [""치킨가라아게+감자"", 12000], [""치즈플레이트"", 12900], [""모둠과일+올리브"", 12900], [""잼민이 모둠튀김"", 12000], [""토마토파스타"", 13900], [""조개탕"", 15900], [""매운돼껍볶음"", 15000], [""닭껍질튀김"", 12000], [""크림우동"", 12000], [""국물우동"", 10000], [""치즈돈까스"", 12000], [""떡볶이"", 10900], [""오지치즈후라이"", 8900], [""나쵸&살사소스"", 8900], [""파인샤베트"", 8000], [""텐더치킨샌드위치"", 8000], [""하우스샌드위치"", 6000], [""아이스호두"", 5900], [""감자튀김"", 5000], [""팝콘"", 5000]]",양식
461,"['https://search.pstatic.net/common/?autoRotate=true&type=w560_sharpen&src=https%3A%2F%2Fldb-phinf.pstatic.net%2F20220520_254%2F1653046567362iLx4m_JPEG%2F20220520_194133.jpg', 'https://search.pstatic.net/common/?autoRotate=true&type=w278_sharpen&src=https%3A%2F%2Fldb-phinf.pstatic.net%2F20220520_21%2F1653046566989z6mPv_JPEG%2F20220513_202441.jpg', 'https://search.pstatic.net/common/?autoRotate=true&type=w278_sharpen&src=https%3A%2F%2Fldb-phinf.pstatic.net%2F20220520_260%2F1653046567055bBTFO_JPEG%2F20220514_133250.jpg']","서울특별시 마포구 홍익로3길 11 (서교동, 2층)",포옹남 홍대,38.9,193050.2014,450174.4452,0507-1481-1518,수: 11:00 - 07:00; 목: 11:00 - 07:00; 금: 11:00 - 11:00; 토: 11:00 - 11:00; 일: 11:00 - 22:00; 월: 11:00 - 22:00; 화: 11:00 - 07:00,982,"['포장', '무선 인터넷', '배달']",,"['음식이 맛있어요', '재료가 신선해요', '인테리어가 멋져요', '친절해요']",[],"[[""쌀국수"", 10500], [""분팃느엉"", 10500], [""껌승"", 12000]]",한식
462,"['https://search.pstatic.net/common/?autoRotate=true&type=w560_sharpen&src=https%3A%2F%2Fldb-phinf.pstatic.net%2F20210825_101%2F1629884460691pvcNV_JPEG%2FM9Fr4JwX9y_I1hA34-yIiBB1.jpg', 'https://search.pstatic.net/common/?autoRotate=true&type=w278_sharpen&src=https%3A%2F%2Fldb-phinf.pstatic.net%2F20241022_237%2F1729603568003pBw4z_JPEG%2FIMG_8020.jpeg', 'https://search.pstatic.net/common/?autoRotate=true&type=w278_sharpen&src=https%3A%2F%2Fldb-phinf.pstatic.net%2F20241022_162%2F1729603374261DGcG4_JPEG%2FIMG_8018.jpeg']","서울특별시 마포구 독막로3길 30, 에이치포빌딩 2층 (서교동)",우마담,110.25,192627.9031,449703.8764,0507-1318-0518,수: 13:00 - 22:00; 목: 13:00 - 22:00; 금: 13:00 - 22:00; 토: 15:00 - 22:00; 일: 15:00 - 22:00; 월: 13:00 - 22:00; 화: 13:00 - 22:00,279,"['콜키지 가능', '생일 혜택', '예약', '무선 인터넷', '단체 이용 가능']",주차 불가,"['음식이 맛있어요', '친절해요', '특별한 날 가기 좋아요', '특별한 메뉴가 있어요']","['바테이블', '연인석']","[[""우마담 한우오마카세"", 140000], [""우마담 평일 런치오마카세"", 65000]]",일식
463,"['https://search.pstatic.net/common/?autoRotate=true&type=w560_sharpen&src=https%3A%2F%2Fldb-phinf.pstatic.net%2F20241031_183%2F1730376945153IPgly_JPEG%2F%25BB%25EA%25C1%25F6%25C1%25F7%25BC%25DB.jpg', 'https://search.pstatic.net/common/?autoRotate=true&type=w278_sharpen&src=https%3A%2F%2Fldb-phinf.pstatic.net%2F20241031_285%2F1730376949872IcgIY_JPEG%2F%25C1%25A6%25B8%25F1%25C0%25BB-%25C0%25D4%25B7%25C2%25C7%25D8%25C1%25D6%25BC%25BC%25BF%25E4_-001_%25282%2529111111.jpg', 'https://search.pstatic.net/common/?autoRotate=true&type=w278_sharpen&src=https%3A%2F%2Fldb-phinf.pstatic.net%2F20230724_53%2F16901622486603ewN7_JPEG%2F73F573A8-21BA-45BE-9091-D31912F4981D.jpeg']","서울특별시 마포구 잔다리로 5 (서교동, 1,2,3층)",서교포차,449.97,193079.8997,449810.5188,0507-1377-3012,수: 17:00 - 05:00; 목: 17:00 - 05:00; 금: 17:00 - 08:00; 토: 17:00 - 08:00; 일: 17:00 - 05:00; 월: 17:00 - 05:00; 화: 17:00 - 05:00,247,"['단체 이용 가능', '포장', '예약', '무선 인터넷']",유료 주차 가능,"['음식이 맛있어요', '기본 안주가 좋아요', '인테리어가 멋져요', '음악이 좋아요']",[],"[[""삼겹두부김치"", 23900], [""해물순두부짬뽕탕"", 23900], [""치즈계란말이"", 18900], [""오징어 볶음"", 19900], [""버켓치킨"", 19900], [""국물닭발"", 19900], [""눈꽃치즈감자전"", 19900], [""김치어묵우동"", 18900], [""오지치즈후라이"", 17900], [""치킨 가라야게"", 18900], [""오돌뼈주먹밥"", 18900], [""닭강정"", 17900], [""계절과일"", 20900], [""매운닭발(무뼈)"", 18900], [""영양부추오리훈제"", 19900], [""바지락조개탕"", 17900], [""모둠어묵탕"", 19900], [""돼지김치찌개"", 19900], [""통오징어숙회"", 17900], [""슬러쉬과일화채"", 19900]]",일식
464,"['https://search.pstatic.net/common/?autoRotate=true&type=w560_sharpen&src=https%3A%2F%2Fldb-phinf.pstatic.net%2F20230630_207%2F1688126994069Tqisk_JPEG%2FDC359D84-07A5-4239-B913-F1725C89F701.jpeg', 'https://search.pstatic.net/common/?autoRotate=true&type=w278_sharpen&src=https%3A%2F%2Fldb-phinf.pstatic.net%2F20230630_47%2F16881269932723do52_JPEG%2F1FCEFA10-2FD7-4E48-8D35-F9E59E91A259.jpeg', 'https://search.pstatic.net/common/?autoRotate=true&type=w278_sharpen&src=https%3A%2F%2Fldb-phinf.pstatic.net%2F20230630_60%2F1688126994328cvgSY_JPEG%2F3F3B482A-7E56-4964-9D78-BBF4FB3954DE.jpeg']","서울특별시 마포구 와우산로29마길 12, 지1층 101호 (서교동)",비스트로세노,20.0,193436.0835,450370.6351,0507-1378-2085,수: 12:00 - 23:00; 목: 12:00 - 23:00; 금: 12:00 - 23:00; 토: 12:00 - 23:00; 일: 12:00 - 23:00; 월: 12:00 - 23:00; 화: 정기휴무 (매주 화요일),127,"['예약', '무선 인터넷', '반려동물 동반']",,"['음식이 맛있어요', '친절해요', '재료가 신선해요', '특별한 메뉴가 있어요']",[],"[[""파스타"", null]]",양식
465,"['https://search.pstatic.net/common/?autoRotate=true&type=w560_sharpen&src=https%3A%2F%2Fldb-phinf.pstatic.net%2F20250205_51%2F17387537238865uCBl_JPEG%2FIMG_9557.jpeg', 'https://search.pstatic.net/common/?autoRotate=true&type=w278_sharpen&src=https%3A%2F%2Fldb-phinf.pstatic.net%2F20250119_180%2F1737296752449twat1_PNG%2FIMG_8741.png', 'https://search.pstatic.net/common/?autoRotate=true&type=w278_sharpen&src=https%3A%2F%2Fldb-phinf.pstatic.net%2F20250119_84%2F1737297128410JQU3a_JPEG%2FIMG_8743.jpeg']","서울특별시 마포구 독막로3길 21, 2층 (서교동)",샴페인 슈퍼노바,71.6,192580.2195,449677.1121,0507-1377-4373,수: 18:00 - 02:00; 목: 18:00 - 02:00; 금: 18:00 - 03:00; 토: 17:00 - 03:00; 일: 17:00 - 03:00; 월: 정기휴무 (매주 월요일); 화: 18:00 - 02:00,391,"['콜키지 가능', '생일 혜택', '와인 페어링', '비건 메뉴', '단체 이용 가능', '예약', '무선 인터넷']",유료 주차 가능,"['음식이 맛있어요', '인테리어가 멋져요', '술이 다양해요', '음악이 좋아요']","['바테이블', '입식', '루프탑', '테라스', '1인석', '단체석']","[[""샴페인"", null]]",한식
466,"['https://search.pstatic.net/common/?autoRotate=true&type=w560_sharpen&src=https%3A%2F%2Fldb-phinf.pstatic.net%2F20230907_237%2F1694046424126cOEsF_JPEG%2FE8DE28D2-A9A5-4487-B82D-A3EAD3A7FFE9.jpeg', 'https://search.pstatic.net/common/?autoRotate=true&type=w278_sharpen&src=https%3A%2F%2Fldb-phinf.pstatic.net%2F20230907_267%2F16940784683756V2ze_JPEG%2F922DD7CC-5AD2-4E9C-87BC-9963D0017B33.jpeg', 'https://search.pstatic.net/common/?autoRotate=true&type=w278_sharpen&src=https%3A%2F%2Fldb-phinf.pstatic.net%2F20230907_73%2F1694081899197bu7rM_JPEG%2F61BC158B-BBEE-4547-874D-6177F7BD90FE.jpeg']","서울특별시 마포구 독막로3길 18, 1층 102호 (서교동)",상수동치맥,55.44,192587.2384,449648.9957,0507-1391-0784,,109,"['예약', '단체 이용 가능', '포장']",,"['음식이 맛있어요', '친절해요', '대화하기 좋아요', '가성비가 좋아요']",[],"[[""크리스피 후라이드 치킨"", 17900], [""순살 양념 치킨"", 17900], [""순살 칠리새우치킨"", 18900], [""골뱅이 무침"", 17900], [""새우튀김"", 17900]]",양식
467,"['https://search.pstatic.net/common/?autoRotate=true&type=w560_sharpen&src=https%3A%2F%2Fldb-phinf.pstatic.net%2F20240929_201%2F172757669383120uh7_JPEG%2FIMG_3329.jpeg', 'https://search.pstatic.net/common/?autoRotate=true&type=w278_sharpen&src=https%3A%2F%2Fldb-phinf.pstatic.net%2F20240929_165%2F172757653911622LEL_JPEG%2FIMG_3352.jpeg', 'https://search.pstatic.net/common/?autoRotate=true&type=w278_sharpen&src=https%3A%2F%2Fldb-phinf.pstatic.net%2F20240125_217%2F1706194518209lgEJd_JPEG%2FIMG_7463.jpeg']","서울특별시 마포구 잔다리로 6, 1층 (서교동)",난장,155.19,193084.5912,449853.4199,0507-1377-1182,,95,"['생일 혜택', '콜키지 가능', '예약', '반려동물 동반', '무선 인터넷', '단체 이용 가능']",주차 불가,"['음식이 맛있어요', '친절해요', '매장이 넓어요', '단체모임 하기 좋아요']","['단체석', '좌식']","[[""짬뽕순두부찌개"", 22000]]",한식
468,"['https://search.pstatic.net/common/?autoRotate=true&type=w560_sharpen&src=https%3A%2F%2Fldb-phinf.pstatic.net%2F20230310_64%2F1678435703818ovyxu_JPEG%2FIMG_4746.JPG', 'https://search.pstatic.net/common/?autoRotate=true&type=w278_sharpen&src=https%3A%2F%2Fpup-review-phinf.pstatic.net%2FMjAyMzA2MDFfNjYg%2FMDAxNjg1NjExNTQ4MDYz.RORrqFYToIXgj2KoyEsmiabma-zl5hnZ2sHdKXwp9JQg.KMqX0G-se0sK5HNXwK4FcnnXxK7JdbZuOdqeu7ZjwDEg.JPEG%2F7F575589-AB4D-4F33-9D18-266ECCA2A44C.jpeg', 'https://search.pstatic.net/common/?autoRotate=true&type=w278_sharpen&src=https%3A%2F%2Fpup-review-phinf.pstatic.net%2FMjAyMzAzMjVfMjI2%2FMDAxNjc5NzQxMjgxNzcy.7h-w-Eg4510WpjJTXv91a_rdX44OdkDVR6rRcq3syXQg.eKjIibogQdlESHErATIxQCuEbl5ywo91JhzTuWRDE4Eg.JPEG%2F80C0A350-ABF8-4AF9-8516-B16A0ECE0A70.jpeg']","서울특별시 마포구 동교로 127 (서교동, 1층)",귀한족발 홍대서교점,96.03,192525.5105,450329.8657,0507-1307-3225,,88,"['단체 이용 가능', '포장', '배달', '예약', '무선 인터넷']",주차 가능,"['음식이 맛있어요', '재료가 신선해요', '친절해요', '양이 많아요']",[],"[[""귀한보쌈"", null], [""귀한족발"", null], [""냉채족발"", null], [""속초코다리보쌈"", null], [""의성마늘보쌈"", null], [""보불보불"", null], [""직화 반반 족발"", null], [""숯불 직화 족발"", null], [""매콤직화불족발"", null], [""보족세트"", null], [""반반족발"", null], [""의성마늘족발"", null], [""속초코다리족발"", null]]",한식
469,"['https://search.pstatic.net/common/?autoRotate=true&type=w560_sharpen&src=https%3A%2F%2Fldb-phinf.pstatic.net%2F20220705_89%2F1656987984835NuA3E_JPEG%2F1656606760213.jpg', 'https://search.pstatic.net/common/?autoRotate=true&type=w278_sharpen&src=https%3A%2F%2Fldb-phinf.pstatic.net%2F20220705_11%2F1656988044931nwYhK_PNG%2F1656547684431.png', 'https://search.pstatic.net/common/?autoRotate=true&type=w278_sharpen&src=https%3A%2F%2Fldb-phinf.pstatic.net%2F20220705_116%2F1656987993598sxtTy_JPEG%2F1656606759189.jpg']","서울특별시 마포구 와우산로29라길 12, 지하1층 (서교동)",카츠와,49.58,193482.5026,450338.0838,,,497,"['포장', '무선 인터넷', '단체 이용 가능']",,"['음식이 맛있어요', '친절해요', '재료가 신선해요', '양이 많아요']",[],"[[""모듬정식"", 16000], [""특로스카츠"", 16000], [""로스정식카츠"", 13000], [""히레정식카츠"", 14000], [""반반정식"", 15000], [""카츠산도"", 9000]]",일식
470,"['https://search.pstatic.net/common/?autoRotate=true&type=w560_sharpen&src=https%3A%2F%2Fnaverbooking-phinf.pstatic.net%2F20231119_213%2F1700375458090h5E3I_JPEG%2F%25B8%25DE%25B4%25BA_%25C2%25DE%25B2%25D9%25B9%25CC_%25C1%25A1%25BD%25C9%25C6%25AF%25BC%25B1.jpg', 'https://search.pstatic.net/common/?autoRotate=true&type=w278_sharpen&src=https%3A%2F%2Fnaverbooking-phinf.pstatic.net%2F20231119_38%2F1700375457865z6RVv_JPEG%2F%25B8%25DE%25B4%25BA_%25C2%25DE%25B2%25D9%25B9%25CC_%25BB%25EF%25B0%25E3%25BB%25EC.jpg', 'https://search.pstatic.net/common/?autoRotate=true&type=w278_sharpen&src=https%3A%2F%2Fnaverbooking-phinf.pstatic.net%2F20231119_125%2F1700375455603ppqrq_JPEG%2F%25B4%25DC%25C3%25BC%25C4%25C6_%25BD%25BA%25C6%25C0.jpg']","서울특별시 마포구 양화로 27, 1층 (합정동)",양화로 1984,76.0,192175.8695,449657.7931,0507-1438-1984,수: 11:30 - 23:00; 목: 11:30 - 23:00; 금: 11:30 - 23:00; 토: 12:00 - 23:00; 일: 16:00 - 22:00; 월: 11:30 - 23:00; 화: 11:30 - 23:00,980,"['단체 이용 가능', '무선 인터넷', '예약', '포장']",주차 불가,"['음식이 맛있어요', '재료가 신선해요', '친절해요', '양이 많아요']",['단체석'],"[[""철판쭈꾸미(350g)"", 15000], [""철판쭈삼(350g)"", 16000], [""생고기김치찌개(1인)(3시이후)"", 9000], [""생고기얼큰두루치기(1인)(3시이후)"", 10000], [""철판쭈꾸미비빔밥(점심특선)"", 10000], [""철판제육(점심특선)"", 10000]]",한식
471,"['https://search.pstatic.net/common/?autoRotate=true&type=w560_sharpen&src=https%3A%2F%2Fldb-phinf.pstatic.net%2F20231114_156%2F1699957973101LpsXC_JPEG%2F3E0EE277-08FF-4D55-8634-AC7E08943B02.jpeg', 'https://search.pstatic.net/common/?autoRotate=true&type=w278_sharpen&src=https%3A%2F%2Fldb-phinf.pstatic.net%2F20240913_114%2F1726228000463oaFc4_JPEG%2FIMG_4161.jpeg', 'https://search.pstatic.net/common/?autoRotate=true&type=w278_sharpen&src=https%3A%2F%2Fldb-phinf.pstatic.net%2F20240913_262%2F1726227997046khPmg_JPEG%2FIMG_4370.jpeg']","서울특별시 마포구 토정로 31, 1층 102호 (합정동)",델핀커피바,28.93,192367.7244,449278.7088,,수: 12:00 - 24:00; 목: 12:00 - 24:00; 금: 12:00 - 24:00; 토: 13:00 - 24:00; 일: 13:00 - 21:00; 월: 정기휴무 (매주 월요일); 화: 12:00 - 24:00,93,"['테이크아웃 할인', '단체 이용 가능', '예약', '포장', '반려동물 동반']",주차 불가,"['커피가 맛있어요', '인테리어가 멋져요', '친절해요', '음료가 맛있어요']","['단체석', '룸']","[[""에스프레소"", 4500], [""아메리카노"", 5500], [""카페라떼"", 6000], [""바닐라라떼"", 6500], [""카푸치노"", 6000], [""플랫화이트"", 6000], [""우유"", 2000], [""레몬에이드"", 7000], [""자몽에이드"", 7000], [""하동쑥차"", 7000], [""하동 헛개나무열매차"", 7000], [""하동 호지차"", 7000]]",양식
472,"['https://search.pstatic.net/common/?autoRotate=true&type=w560_sharpen&src=https%3A%2F%2Fldb-phinf.pstatic.net%2F20240610_54%2F1718019190368dC9OX_JPEG%2F1718019129517.jpg', 'https://search.pstatic.net/common/?autoRotate=true&type=w278_sharpen&src=https%3A%2F%2Fldb-phinf.pstatic.net%2F20240610_263%2F1718020678251G7vLF_JPEG%2F20240610_204735.jpg', 'https://search.pstatic.net/common/?autoRotate=true&type=w278_sharpen&src=https%3A%2F%2Fldb-phinf.pstatic.net%2F20240610_81%2F1718020749366yimQQ_JPEG%2F20240603165131_IMG_6259.JPG']","서울특별시 마포구 희우정로 29, 1층 우측호 (합정동)",깃시리,45.0,191760.3427,449727.8901,,,283,[],주차 불가,"['음식이 맛있어요', '재료가 신선해요', '양이 많아요', '인테리어가 멋져요']","['좌식', '1인석']","[[""깃시리 텐동"", 10800], [""새우 텐동"", 11800], [""상 텐동"", 11800], [""명란 텐동"", 13800], [""장어텐동"", 13800], [""스페셜 텐동"", 17800]]",일식
473,"['https://search.pstatic.net/common/?autoRotate=true&type=w560_sharpen&src=https%3A%2F%2Fldb-phinf.pstatic.net%2F20240204_13%2F1707016170613TPeIW_JPEG%2FIMG_0262.jpeg', 'https://search.pstatic.net/common/?autoRotate=true&type=w278_sharpen&src=https%3A%2F%2Fldb-phinf.pstatic.net%2F20240204_190%2F1707016143414Xsqzn_JPEG%2FIMG_0263.jpeg', 'https://search.pstatic.net/common/?autoRotate=true&type=w278_sharpen&src=https%3A%2F%2Fldb-phinf.pstatic.net%2F20240204_163%2F17070160359316HUN5_JPEG%2FIMG_0233.jpeg']","서울특별시 마포구 월드컵로 45-1, 2층 (합정동)",라라본국,121.75,192124.476,450129.3168,0507-1397-5518,수: 11:00 - 23:00; 목: 11:00 - 23:00; 금: 11:00 - 23:00; 토: 11:00 - 23:00; 일: 11:00 - 23:00; 월: 11:00 - 23:00; 화: 11:00 - 23:00,360,"['단체 이용 가능', '포장', '배달', '예약', '무선 인터넷']",주차 불가,"['음식이 맛있어요', '재료가 신선해요', '매장이 넓어요', '혼밥하기 좋아요']","['바테이블', '1인석', '연인석', '단체석']","[[""마라탕 (100g)"", 1900], [""마라샹궈 (100g)"", 3400], [""꿔바로우 (소)"", 12000], [""계란볶음밥"", 8000], [""가지볶음밥"", 8000], [""볶음면"", 8000]]",중식
474,"['https://search.pstatic.net/common/?autoRotate=true&type=w560_sharpen&src=https%3A%2F%2Fldb-phinf.pstatic.net%2F20241115_149%2F1731650042696JmTMW_JPEG%2FIMG_6980.jpeg', 'https://search.pstatic.net/common/?autoRotate=true&type=w278_sharpen&src=https%3A%2F%2Fldb-phinf.pstatic.net%2F20240123_176%2F1705982732155BmDDk_JPEG%2FIMG_2040.jpeg', 'https://search.pstatic.net/common/?autoRotate=true&type=w278_sharpen&src=https%3A%2F%2Fldb-phinf.pstatic.net%2F20241114_108%2F1731569459425gJTG7_JPEG%2FIMG_6371.jpeg']","서울특별시 마포구 토정로3길 9, 1층 (합정동)",분담,29.64,192337.1719,449312.1073,0507-1428-1595,수: 12:00 - 22:00; 목: 12:00 - 22:00; 일: 정기휴무 (매주 일요일); 월: 12:00 - 22:00; 화: 12:00 - 22:00,104,['콜키지 가능'],주차 불가,"['음식이 맛있어요', '친절해요', '혼밥하기 좋아요', '재료가 신선해요']","['바테이블', '입식', '1인석']","[[""부챗살 스테이크"", 25000], [""뽈뽀"", 32000], [""얼큰버섯만두전골"", 21000], [""직화구이 무뼈닭발"", 18000], [""약고추장 소바"", 10000], [""소고기 전골"", 21000], [""타이거 생맥주"", 7000], [""연유찍어먹는 반반옥수수전"", 9000], [""모찌리도후"", 9000], [""에다마메(완두콩) 볶음"", 9000], [""소시지맛탕"", 9000], [""오징어젓 크림치즈 크래커"", 9000], [""진로이즈백,새로"", 5000]]",일식
475,"['https://search.pstatic.net/common/?autoRotate=true&type=w560_sharpen&src=https%3A%2F%2Fldb-phinf.pstatic.net%2F20240912_5%2F1726128595262pmSyt_JPEG%2FIMG_8476.jpeg', 'https://search.pstatic.net/common/?autoRotate=true&type=w278_sharpen&src=https%3A%2F%2Fldb-phinf.pstatic.net%2F20230727_49%2F1690453164456KkKD2_JPEG%2FIMG_1207.jpeg', 'https://search.pstatic.net/common/?autoRotate=true&type=w278_sharpen&src=https%3A%2F%2Fldb-phinf.pstatic.net%2F20230804_193%2F1691129098575qGLVG_JPEG%2FIMG_1205.jpeg']","서울특별시 마포구 월드컵로3길 31-26, 지1층 (합정동)",미트스타킴,42.75,192052.1845,449739.9845,0507-1385-5792,수: 17:30 - 23:00; 목: 17:30 - 23:00; 금: 17:30 - 23:00; 토: 17:00 - 23:00; 일: 정기휴무 (매주 일요일); 월: 17:30 - 23:00; 화: 17:30 - 23:00,83,"['콜키지 가능', '단체 이용 가능', '예약', '무선 인터넷']",무료 주차 가능,"['고기 질이 좋아요', '음식이 맛있어요', '친절해요', '직접 잘 구워줘요']",['바테이블'],"[[""차돌된장찌개"", 8000], [""목살"", 16000], [""등심덧살"", 17000], [""한우업진살"", 23000], [""한우채끝살"", 26000], [""옛날돼지갈비"", 16000], [""비빔라면"", 6000], [""한우차돌박이"", 15000], [""새우구이"", 5000], [""양갈비"", 20000]]",한식
476,"['https://search.pstatic.net/common/?autoRotate=true&type=w560_sharpen&src=https%3A%2F%2Fldb-phinf.pstatic.net%2F20200525_153%2F1590410186744dUlKd_JPEG%2FRvA1Ggk1PVOv8WrGaTmwRIpT.jpg', 'https://search.pstatic.net/common/?autoRotate=true&type=w278_sharpen&src=https%3A%2F%2Fpup-review-phinf.pstatic.net%2FMjAyNDA5MDRfMjg0%2FMDAxNzI1NDYxMzEyODc4.dhmEn_jRzGcrgqw3RNLoiEKUx8C3-wI_80kYrNxkDA8g.ZmYrJw8RWbQZhyobQXdLraeROGIPzLHCFuo0I5IKzrQg.JPEG%2F1000034933.jpg.jpg', 'https://search.pstatic.net/common/?autoRotate=true&type=w278_sharpen&src=https%3A%2F%2Fpup-review-phinf.pstatic.net%2FMjAyNDA1MDJfMzUg%2FMDAxNzE0NjE2Njc2MDE4.krHnhKoKIMumlv1-tH6nuHDSrueIBS3MZJxQIPLSuecg.PqAweVZjNogprUIdSk77VnPRz_Or5_EJMu8fnhGCBfgg.JPEG%2F20240420_105834.jpg']","서울특별시 마포구 양화로3길 37 (합정동,1층)",향남추어탕,44.64,192085.1297,449814.1444,02-337-4649,수: 11:00 - 21:00; 목: 11:00 - 21:00; 금: 11:00 - 21:00; 토: 11:00 - 21:00; 일: 정기휴무 (매주 일요일); 월: 11:00 - 21:00; 화: 11:00 - 21:00,120,"['예약', '포장']",주차 가능,"['음식이 맛있어요', '친절해요', '재료가 신선해요', '가성비가 좋아요']",[],"[[""추어탕"", 9000], [""통추어탕"", 12000], [""튀김(소)"", 10000], [""튀김(중)"", 15000], [""튀김(대)"", 20000]]",한식
477,"['https://search.pstatic.net/common/?autoRotate=true&type=w560_sharpen&src=https%3A%2F%2Fldb-phinf.pstatic.net%2F20230601_74%2F16856041453007fotf_JPEG%2F339828360_626153076022547_4516902726813626933_n.jpg', 'https://search.pstatic.net/common/?autoRotate=true&type=w278_sharpen&src=https%3A%2F%2Fldb-phinf.pstatic.net%2F20240709_194%2F1720506083892STERs_PNG%2F1000002795.png', 'https://search.pstatic.net/common/?autoRotate=true&type=w278_sharpen&src=https%3A%2F%2Fldb-phinf.pstatic.net%2F20240627_167%2F171948178268407cc9_JPEG%2F1000016117.jpg']","서울특별시 마포구 성지길 30, 1층 (합정동)",옥소반 합정점,76.99,192248.8011,449468.739,02-1833-6536,수: 11:00 - 22:00; 목: 11:00 - 22:00; 금: 11:00 - 22:00; 토: 11:00 - 22:00; 일: 11:00 - 22:00; 월: 11:00 - 22:00; 화: 11:00 - 22:00,492,"['콜키지 가능', '무한 리필', '예약', '유아의자']",주차 불가,"['음식이 맛있어요', '재료가 신선해요', '친절해요', '양이 많아요']",[],"[[""샤브샤브A"", 13900], [""샤브샤브B"", 15900], [""샤브샤브C"", 16900], [""스키야키A"", 13900], [""스키야키B"", 15900], [""스키야키C"", 16900]]",한식
478,"['https://search.pstatic.net/common/?autoRotate=true&type=w560_sharpen&src=https%3A%2F%2Fldb-phinf.pstatic.net%2F20230607_300%2F16861333585299yR95_JPEG%2F%25C5%25B8%25C5%25D7%25C0%25CC%25BF%25CD_%25B1%25DD%25B9%25DA_%25B7%25CE%25B0%25ED.jpg', 'https://search.pstatic.net/common/?autoRotate=true&type=w278_sharpen&src=https%3A%2F%2Fldb-phinf.pstatic.net%2F20230805_226%2F1691176628258gBCWa_JPEG%2F1691174524824.jpg', 'https://search.pstatic.net/common/?autoRotate=true&type=w278_sharpen&src=https%3A%2F%2Fldb-phinf.pstatic.net%2F20230805_255%2F1691176628330pqdg5_JPEG%2F20230802_193837.jpg']","서울특별시 마포구 월드컵로3길 31-6, 2층 201호 (합정동)",타테이와,47.94,192045.885,449765.629,0507-1390-6163,수: 18:00 - 01:00; 목: 18:00 - 01:00; 금: 17:30 - 01:00; 토: 17:30 - 01:00; 일: 17:30 - 24:00; 월: 18:00 - 01:00; 화: 정기휴무 (매주 화요일),253,"['단체 이용 가능', '예약']",,"['음식이 맛있어요', '술이 다양해요', '친절해요', '인테리어가 멋져요']",[],"[[""오늘의 모듬사시미 2인"", 40000], [""오늘의 모듬사시미 3인"", 60000], [""오늘의 모듬사시미 4인"", 80000], [""해수우니"", 30000], [""시메사바 스다치 카르파쵸"", 19000], [""아부리 사바 보우즈시"", 25000], [""후또마끼"", 20000], [""북해도산 가리비관자,우니크림"", 16000], [""프로슈토 마구로"", 18000], [""하몽 토마토 루꼴라 사라다"", 18000], [""전복내장파스타"", 23000], [""아구 카라아게,꽈리"", 18000], [""치즈 함바그,양송이 데미그라스"", 16000], [""농어 스테이크,흑보리리조또"", 20000], [""바질조개술찜,파스타"", 25000], [""슈토 크림치즈,반미칩"", 12000], [""카라스미 아보카도"", 10000], [""쯔케모노 4종"", 6000], [""치즈도후 모나카 1개"", 3000]]",일식
479,"['https://search.pstatic.net/common/?autoRotate=true&type=w560_sharpen&src=https%3A%2F%2Fnaverbooking-phinf.pstatic.net%2F20240703_284%2F1719992242523K8oMQ_JPEG%2Fimage.jpg', 'https://search.pstatic.net/common/?autoRotate=true&type=w278_sharpen&src=https%3A%2F%2Fnaverbooking-phinf.pstatic.net%2F20240703_128%2F17199921719649xdR1_JPEG%2Fimage.jpg', 'https://search.pstatic.net/common/?autoRotate=true&type=w278_sharpen&src=https%3A%2F%2Fnaverbooking-phinf.pstatic.net%2F20240703_282%2F1719992184209enh2A_JPEG%2Fimage.jpg']","서울특별시 마포구 성지3길 19, 아진 2층 (합정동)",식선,80.0,192347.131,449397.3853,0507-1386-5809,수: 11:30 - 22:00; 목: 11:30 - 22:00; 금: 11:30 - 22:00; 토: 11:30 - 22:00; 일: 11:30 - 22:00; 월: 11:30 - 22:00; 화: 11:30 - 22:00,177,"['단체 이용 가능', '예약']",주차 불가,"['음식이 맛있어요', '재료가 신선해요', '친절해요', '가성비가 좋아요']",[],"[[""도미머리간장조림"", 15000], [""아구순살튀김"", 25000], [""마구로 페스츄리아에"", 20000], [""도빙무시"", 15000], [""멘타이코 사라다"", 9000], [""밤만쥬"", 9000], [""제철사시미 2인"", 42000], [""시로미마구로감태마끼"", 20000], [""니싱이소베마끼"", 20000], [""우니"", 30000], [""살치미소야끼"", 30000], [""와비버터야끼"", 30000], [""메로미소야끼"", 30000]]",일식
480,"['https://search.pstatic.net/common/?autoRotate=true&type=w278_sharpen&src=https%3A%2F%2Fldb-phinf.pstatic.net%2F20241202_20%2F1733121477727e9KK6_JPEG%2FIMG_5742.jpeg', 'https://search.pstatic.net/common/?autoRotate=true&type=w278_sharpen&src=https%3A%2F%2Fldb-phinf.pstatic.net%2F20230805_145%2F1691247395823vsRAA_JPEG%2F%25C6%25CC%25C4%25AB%25C6%25C4%25BF%25C0_%25B9%25AB%25BD%25D4.jpg', 'https://search.pstatic.net/common/?autoRotate=true&type=w278_sharpen&src=https%3A%2F%2Fldb-phinf.pstatic.net%2F20230731_138%2F16908142730782oHpC_JPEG%2F%25BB%25D1%25B4%25D4.jpg']","서울특별시 마포구 독막로3길 7, 2층 (합정동)",낀낀,87.54,192542.569,449613.7722,0507-1303-9370,수: 11:30 - 22:00; 목: 11:30 - 22:00; 금: 11:30 - 22:00; 토: 11:30 - 22:00; 일: 11:30 - 22:00; 월: 정기휴무 (매주 월요일); 화: 11:30 - 22:00,251,"['포장', '무선 인터넷', '단체 이용 가능', '예약']",주차 불가,"['음식이 맛있어요', '현지 맛에 가까워요', '친절해요', '재료가 신선해요']",[],"[[""팟타이"", 12000], [""팟씨유"", 12000], [""그린커리"", 12000], [""팟카파오 무쌉"", 12000], [""카오팟 꿍"", 10000]]",기타
481,"['https://search.pstatic.net/common/?autoRotate=true&type=w560_sharpen&src=https%3A%2F%2Fldb-phinf.pstatic.net%2F20230706_147%2F1688622659700lVIz8_JPEG%2F%25B8%25F0%25B5%25EB%25B2%25BF%25C4%25A1.jpg', 'https://search.pstatic.net/common/?autoRotate=true&type=w278_sharpen&src=https%3A%2F%2Fldb-phinf.pstatic.net%2F20230706_227%2F1688622652028lGt23_JPEG%2F%25B3%25AA%25BA%25A3.jpg', 'https://search.pstatic.net/common/?autoRotate=true&type=w278_sharpen&src=https%3A%2F%2Fldb-phinf.pstatic.net%2F20230706_36%2F1688622642640AshyN_JPEG%2F%25C7%25D1%25BF%25EC%25C6%25A2%25B1%25E8.jpg']","서울특별시 마포구 성지5길 19, 1층 (합정동)",화류,78.42,192328.2937,449335.276,0507-1376-8310,수: 16:00 - 24:00; 목: 16:00 - 24:00; 금: 16:00 - 24:00; 토: 16:00 - 24:00; 일: 16:00 - 24:00; 월: 16:00 - 24:00; 화: 16:00 - 24:00,625,"['콜키지 가능', '와인 페어링', '단체 이용 가능', '무선 인터넷']",주차 불가,"['음식이 맛있어요', '술이 다양해요', '인테리어가 멋져요', '특별한 메뉴가 있어요']","['룸', '단체석', '바테이블', '1인석', '연인석']","[[""모듬 야키토리 9종세트"", 30000], [""사시미우니"", 39000]]",일식
482,"['https://search.pstatic.net/common/?autoRotate=true&type=w560_sharpen&src=https%3A%2F%2Fnaverbooking-phinf.pstatic.net%2F20240722_2%2F1721617112014LIp9Y_JPEG%2FKakaoTalk_20240708_120526219.jpg', 'https://search.pstatic.net/common/?autoRotate=true&type=w278_sharpen&src=https%3A%2F%2Fldb-phinf.pstatic.net%2F20231031_170%2F1698689799340vSv6m_JPEG%2FIMG_1268.JPG', 'https://search.pstatic.net/common/?autoRotate=true&type=w278_sharpen&src=https%3A%2F%2Fnaverbooking-phinf.pstatic.net%2F20240722_234%2F1721617111345HiMfp_JPEG%2FKakaoTalk_20240703_142405985.jpg']","서울특별시 마포구 독막로 4, 2층 (합정동)",따로집,83.0,192327.4445,449603.3985,0507-1325-2455,,305,"['단체 이용 가능', '무선 인터넷', '예약']",유료 주차 가능,"['음식이 맛있어요', '인테리어가 멋져요', '특별한 메뉴가 있어요', '친절해요']",[],"[[""소고기"", 20000], [""돼지고기"", 23000], [""닭고기"", 23000], [""둥지"", 23000], [""새우"", 23000], [""토마토 떡볶이"", 20000], [""풍미, 토마토스튜"", 23000], [""부추지짐이"", 20000], [""젓갈 두부"", 18500], [""가지튀김"", 13000], [""따로집 수제 플래터"", 38000], [""김치 꼴라보 피자"", 25000], [""베이컨 스테이크"", 21000], [""카다이프 새우깡"", 20000], [""김치 칠리치즈프라이"", 14000], [""김치볶음밥"", 16800], [""새우볶음밥"", 16800], [""고급, 어묵국물요리"", 21000], [""트러플 들깨 크림 순대"", 23000], [""떠먹는 따로집 케이크"", 8000]]",한식
483,"['https://search.pstatic.net/common/?autoRotate=true&type=w560_sharpen&src=https%3A%2F%2Fldb-phinf.pstatic.net%2F20230810_169%2F1691671264731DbsHU_JPEG%2FResized_20230810_175617.jpeg', 'https://search.pstatic.net/common/?autoRotate=true&type=w278_sharpen&src=https%3A%2F%2Fldb-phinf.pstatic.net%2F20230810_154%2F1691671250867GsyxK_JPEG%2FResized_20230810_173739.jpeg', 'https://search.pstatic.net/common/?autoRotate=true&type=w278_sharpen&src=https%3A%2F%2Fpup-review-phinf.pstatic.net%2FMjAyMzEyMjdfNzkg%2FMDAxNzAzNjc1NzY2NzE4.lF5nr8kHbW87loDdL6bS6H8c18l0t6eE4CscT2JS5XIg.sAKXUQz95rxrufkw7wzDUn9Zs_4aktb9rzU1bxahV-Yg.JPEG%2FE4A9EE05-1BD2-445D-A396-8DE7D7B92541.jpeg']","서울특별시 마포구 월드컵로 39-1, 1층 101호 (합정동)",명품수제숯불갈비,47.97,192132.6826,450079.5233,0507-1347-5433,,96,[],,"['음식이 맛있어요', '재료가 신선해요', '친절해요', '가성비가 좋아요']",[],"[[""돼지갈비 (250g)"", 13000], [""칼집삼겹살 (200g)"", 15000], [""황제소갈비살 (400g)"", 40000], [""황제양념소갈비살 (400g)"", 45000], [""백반 (점심메뉴)"", 8000], [""왕갈비탕 (점심메뉴)"", 14000], [""해물된장 (점심메뉴)"", 8000], [""막국수(물/비빔) (점심메뉴)"", 9000]]",한식
484,"['https://search.pstatic.net/common/?autoRotate=true&type=w560_sharpen&src=https%3A%2F%2Fldb-phinf.pstatic.net%2F20240716_44%2F1721132301601b5uF7_JPEG%2FKakaoTalk_20240716_211615211_15.jpg', 'https://search.pstatic.net/common/?autoRotate=true&type=w278_sharpen&src=https%3A%2F%2Fldb-phinf.pstatic.net%2F20240716_51%2F17211323016822eeEj_JPEG%2FKakaoTalk_20240716_211615211_02.jpg', 'https://search.pstatic.net/common/?autoRotate=true&type=w278_sharpen&src=https%3A%2F%2Fldb-phinf.pstatic.net%2F20240716_32%2F1721132301726eel2o_JPEG%2FKakaoTalk_20240716_211618073_07.jpg']","서울특별시 마포구 양화로6길 18, B동 2층 일부호 (합정동)",두놈포차,131.98,192445.879,449629.0887,0507-1359-2021,수: 17:00 - 02:00; 목: 17:00 - 02:00; 금: 17:00 - 02:00; 토: 17:00 - 02:00; 일: 정기휴무 (매주 일요일); 월: 17:00 - 02:00; 화: 17:00 - 02:00,505,"['콜키지 가능', '단체 이용 가능', '무선 인터넷', '예약', '반려동물 동반']",,"['음식이 맛있어요', '인테리어가 멋져요', '기본 안주가 좋아요', '술이 다양해요']",[],"[[""랍스터어묵탕"", 29000], [""간장수육보쌈"", 25000], [""대패오겹육전"", 22000]]",한식
485,"['https://search.pstatic.net/common/?autoRotate=true&type=w278_sharpen&src=https%3A%2F%2Fldb-phinf.pstatic.net%2F20240416_93%2F1713244611079SqML9_JPEG%2F74.jpg', 'https://search.pstatic.net/common/?autoRotate=true&type=w278_sharpen&src=https%3A%2F%2Fldb-phinf.pstatic.net%2F20240202_175%2F1706864437886KWVf6_JPEG%2FKakaoTalk_20230410_181719586.jpg', 'https://search.pstatic.net/common/?autoRotate=true&type=w278_sharpen&src=https%3A%2F%2Fldb-phinf.pstatic.net%2F20240416_281%2F1713244610991y1uSY_JPEG%2F84.jpg']","서울특별시 마포구 성지길 42, 1층 (합정동)",청도미나리식당 합정점,113.16,192229.5004,449402.4795,0507-1342-8144,,187,"['콜키지 가능', '단체 이용 가능', '예약', '무선 인터넷', '포장', '대기공간', '유아의자', '장애인 휠체어 이용가능']",주차 불가,"['음식이 맛있어요', '재료가 신선해요', '매장이 넓어요', '양이 많아요']",['단체석'],"[[""청도미나리 삼겹살 (150g)"", 15000], [""미나리 샤브샤브"", 14000], [""미나리 생오리전골(한마리)"", 59000], [""미나리 마늘 생오리로스(한마리)"", 59000], [""미나리 생오리 불고기(한마리)"", 59000]]",한식
486,"['https://search.pstatic.net/common/?autoRotate=true&type=w560_sharpen&src=https%3A%2F%2Fldb-phinf.pstatic.net%2F20210313_252%2F1615628804674Aqp2Q_JPEG%2FaebC4FCMdefPFaQQT8xSaj2a.jpg', 'https://search.pstatic.net/common/?autoRotate=true&type=w278_sharpen&src=https%3A%2F%2Fpup-review-phinf.pstatic.net%2FMjAyMzAzMTdfMTQ0%2FMDAxNjc4OTc5OTQ0Nzcw.KNi2V3E7sFumM1V91DdBvxUpMFRjTEL_3Fb4TYkef-0g.94rQkKEaVtpVjYhQVcc9OmJzRn2Usd-PVRIAGOf9W3Qg.JPEG%2F6271932D-DC92-447D-A789-AE4C5397E729.jpeg', 'https://search.pstatic.net/common/?autoRotate=true&type=w278_sharpen&src=https%3A%2F%2Fpup-review-phinf.pstatic.net%2FMjAyMjExMjVfMjg2%2FMDAxNjY5Mzc4MDQ1MTk2.G7PLr9dOFsxzHHJjbWZGPi8psXiGvsJkI45p4U-icZEg.bCYK7jOWw9wgrnZ1hikUcpfberODhuE_pJa38P_jdnsg.JPEG%2FDB69ACA9-36F6-44A8-8756-0BD42ADD8E1C.jpeg']","서울특별시 마포구 양화로 36, 104호 (합정동)",계림원 누릉지 통닭구이 합정역점,72.0,192271.5048,449586.0601,02-332-7512,수: 17:00 - 01:00; 목: 17:00 - 01:00; 금: 17:00 - 01:00; 토: 17:00 - 01:00; 일: 16:00 - 23:30; 월: 17:00 - 01:00; 화: 17:00 - 01:00,231,"['예약', '단체 이용 가능', '포장', '무선 인터넷']",,"['음식이 맛있어요', '친절해요', '특별한 메뉴가 있어요', '가성비가 좋아요']",[],"[[""콘닭"", null], [""누릉지 통닭"", null], [""모듬 불닭"", null], [""치즈 콘닭"", null], [""누릉지 삼계탕"", null]]",한식
487,"['https://search.pstatic.net/common/?autoRotate=true&type=w560_sharpen&src=https%3A%2F%2Fldb-phinf.pstatic.net%2F20240214_134%2F1707897749218m1qTo_JPEG%2FIMG_0787.jpeg', 'https://search.pstatic.net/common/?autoRotate=true&type=w278_sharpen&src=https%3A%2F%2Fldb-phinf.pstatic.net%2F20240214_152%2F17078977491422zwE1_JPEG%2FIMG_0788.jpeg', 'https://search.pstatic.net/common/?autoRotate=true&type=w278_sharpen&src=https%3A%2F%2Fldb-phinf.pstatic.net%2F20240214_205%2F1707898499381pwfar_PNG%2FIMG_0761.png']","서울특별시 마포구 독막로8길 27, 1층 (합정동)",까사벨라즈,53.01,192682.3917,449382.1462,0507-1381-8345,수: 10:00 - 21:00; 목: 10:00 - 21:00; 금: 10:00 - 21:00; 토: 10:00 - 21:00; 일: 10:00 - 21:00; 월: 10:00 - 21:00; 화: 10:00 - 21:00,320,['테이크아웃 할인'],주차 불가,"['디저트가 맛있어요', '인테리어가 멋져요', '커피가 맛있어요', '특별한 메뉴가 있어요']","['바테이블', '입식', '연인석']","[[""뽀라스 3pcs & 딥초코"", 8800], [""뽀라스 3pcs & 초코라떼"", 8800], [""뽀라스 3pcs"", 7000], [""츄러스 3pcs & 딥초코"", 8800], [""츄러스 3pcs"", 7000], [""아메리카노"", 4000], [""디카페인 아메리카노"", 4500], [""카페라떼"", 5000], [""바닐라라떼"", 5500], [""바닐라라떼 (Zero)"", 6000], [""크림라떼"", 6500], [""모카라떼"", 6500], [""초코라떼"", 6000], [""말차라떼"", 6000], [""페퍼민트티"", 6000], [""밀크티"", 6500], [""히비스커스티"", 6000], [""캐모마일티"", 6000]]",기타
488,"['https://search.pstatic.net/common/?autoRotate=true&type=w560_sharpen&src=https%3A%2F%2Fldb-phinf.pstatic.net%2F20241226_83%2F1735175910756QvFLD_PNG%2F1000000683.png', 'https://search.pstatic.net/common/?autoRotate=true&type=w278_sharpen&src=https%3A%2F%2Fldb-phinf.pstatic.net%2F20241226_14%2F1735175911966RoBvT_JPEG%2F1000000787.jpg', 'https://search.pstatic.net/common/?autoRotate=true&type=w278_sharpen&src=https%3A%2F%2Fldb-phinf.pstatic.net%2F20231230_156%2F1703921773618U7jrX_JPEG%2F%25B8%25C5%25C0%25E5%25B3%25BB%25BA%25CE-3.jpg']","서울특별시 마포구 성지길 48, 1층 1호 (합정동)",고쿠노야,85.37,192214.522,449379.5611,0507-1384-1491,수: 11:00 - 21:00; 목: 11:00 - 21:00; 금: 11:00 - 21:00; 토: 11:00 - 21:00; 일: 11:00 - 21:00; 월: 11:00 - 21:00; 화: 11:00 - 21:00,591,"['콜키지 가능', '포장', '배달', '예약', '대기공간', '단체 이용 가능', '무선 인터넷']",주차 불가,"['음식이 맛있어요', '혼밥하기 좋아요', '재료가 신선해요', '양이 많아요']","['바테이블', '1인석', '연인석', '입식', '단체석']","[[""마제소바"", 11000], [""카라이(매운) 마제소바"", 12000], [""마제메시"", 11000], [""카라이(매운) 마제메시"", 12000], [""들기름들깨소바"", 11000]]",일식
489,"['https://search.pstatic.net/common/?autoRotate=true&type=w560_sharpen&src=https%3A%2F%2Fldb-phinf.pstatic.net%2F20241031_270%2F1730357180410Np5Tc_JPEG%2F2410_%25B8%25DE%25B0%25A1%25C4%25A1%25C5%25B2_%25B3%25D7%25C0%25CC%25B9%25F6%25BD%25BA%25B8%25B6%25C6%25AE%25C7%25C3%25B7%25B9%25C0%25CC%25BD%25BA_%25B9%25E8%25B3%25CA.jpg', 'https://search.pstatic.net/common/?autoRotate=true&type=w278_sharpen&src=https%3A%2F%2Fldb-phinf.pstatic.net%2F20240829_144%2F1724906208555d7pzz_JPEG%2F%25B3%25D7%25C0%25CC%25B9%25F601.jpg', 'https://search.pstatic.net/common/?autoRotate=true&type=w278_sharpen&src=https%3A%2F%2Fldb-phinf.pstatic.net%2F20241031_51%2F1730357187060KXoXv_JPEG%2F2410_%25B3%25D7%25C0%25CC%25B9%25F6_%25BD%25BA%25B8%25B6%25C6%25AE%25C7%25C3%25B7%25B9%25C0%25CC%25BD%25BA_%25B0%25ED%25B8%25A3%25B0%25EF%25C1%25B9%25B6%25F3%25B8%25C0%25C0%25D6%25B4%25C2%25C4%25A1%25C5%25B2%25C1%25D6%25BC%25BC%25BF%25E4.jpg']","서울특별시 마포구 동교로8길 5, 1층 (합정동)",치킨플러스 합정점,59.86,191543.9471,449953.2653,0507-1367-3978,수: 17:00 - 24:00; 목: 17:00 - 24:00; 금: 17:00 - 24:00; 토: 17:00 - 24:00; 일: 17:00 - 24:00; 월: 정기휴무 (매주 월요일); 화: 17:00 - 24:00,112,"['생일 혜택', '테이크아웃 할인']",주차 불가,[],[],"[[""똥집튀김"", null], [""밀크치즈볼"", null], [""김말이튀김"", null], [""눈맞은감자튀김"", null], [""No.1포테이토닥토닭"", null], [""아빠의제주깜슐랭"", null], [""조선레드치킨"", null], [""크리미어니언"", null], [""프라임핫쵸킹"", null], [""바삭담백한 후라이드"", null], [""크리스피 후라이드"", null], [""양념치킨"", null], [""간장치킨"", null], [""극장판치킨(고추치즈편)"", null], [""마늘스태미나"", null], [""숯불치킨(소금)"", null], [""숯불치킨(양념)"", null], [""허니강정치킨"", null], [""눈맞은치킨"", null], [""핫쵸킹"", null]]",양식
490,"['https://search.pstatic.net/common/?autoRotate=true&type=w560_sharpen&src=https%3A%2F%2Fldb-phinf.pstatic.net%2F20240714_40%2F1720955684486SWbyi_JPEG%2F20240712_180515.jpg', 'https://search.pstatic.net/common/?autoRotate=true&type=w278_sharpen&src=https%3A%2F%2Fldb-phinf.pstatic.net%2F20240709_38%2F1720510793545KcODO_JPEG%2F20240709_140615.jpg', 'https://search.pstatic.net/common/?autoRotate=true&type=w278_sharpen&src=https%3A%2F%2Fldb-phinf.pstatic.net%2F20240709_205%2F1720510793886Cb8pR_JPEG%2F20240709_140600.jpg']","서울특별시 마포구 독막로 34, 1층 (합정동)",합정술집 도란,36.49,192612.0265,449528.1764,0507-1333-2512,수: 10:00 - 02:00; 목: 10:00 - 02:00; 금: 10:00 - 02:00; 토: 10:00 - 02:00; 일: 10:00 - 02:00; 월: 10:00 - 02:00; 화: 10:00 - 02:00,126,"['콜키지 가능', '단체 이용 가능', '예약', '무선 인터넷', '반려동물 동반', '장애인 휠체어 이용가능', '장애인 휠체어 이용가능']",주차 불가,"['음식이 맛있어요', '특별한 메뉴가 있어요', '친절해요', '메뉴 구성이 알차요']","['룸', '단체석']","[[""슈바인학센 4인"", 44900], [""랭쌥"", 30000], [""슈바인학센 2인"", 28900], [""치킨난반"", 17000], [""비프 타르타르"", 23000], [""마라 감바스"", 18000], [""치킨 프리카세"", 27900], [""치오피노"", 27900], [""짜장스튜"", 23000], [""조개술찜"", 23000], [""스키야키"", 23000], [""소주맥주"", 5000], [""레드락 생맥주"", 5000], [""잔와인(화이트, 레드)"", 4000]]",주점
491,"['https://search.pstatic.net/common/?autoRotate=true&type=w560_sharpen&src=https%3A%2F%2Fldb-phinf.pstatic.net%2F20240625_79%2F1719278435582LLy8T_JPEG%2FKakaoTalk_20240625_101708053_10.jpg', 'https://search.pstatic.net/common/?autoRotate=true&type=w278_sharpen&src=https%3A%2F%2Fldb-phinf.pstatic.net%2F20240625_177%2F1719278435623V6mBN_JPEG%2FKakaoTalk_20240625_101708053.jpg', 'https://search.pstatic.net/common/?autoRotate=true&type=w278_sharpen&src=https%3A%2F%2Fldb-phinf.pstatic.net%2F20240625_265%2F1719278435678OtkNf_JPEG%2FKakaoTalk_20240625_101708053_12.jpg']","서울특별시 마포구 희우정로 27, 1층 (합정동)",정다운식당,81.75,191776.07,449708.4292,,,173,['단체 이용 가능'],무료 주차 가능,"['음식이 맛있어요', '재료가 신선해요', '친절해요', '가성비가 좋아요']",[],"[[""삼겹살(150g)"", 14000], [""목살(150g)"", 14000], [""갈매기살(150g)"", 14000], [""소갈비살(120g)"", 16000], [""살치살(120g)"", 19000], [""부채살(120g)"", 19000], [""정다운(돈)A세트(2인)"", 28000], [""정다운(돈)B세트(3-4인)"", 42000], [""정다운(우)A세트(2인)"", 35000], [""정다운(우)B세트(3-4인)"", 54000]]",한식
492,"['https://search.pstatic.net/common/?autoRotate=true&type=w560_sharpen&src=https%3A%2F%2Fldb-phinf.pstatic.net%2F20230830_155%2F1693321686244NwYtG_JPEG%2FIMG_1007.jpeg', 'https://search.pstatic.net/common/?autoRotate=true&type=w278_sharpen&src=https%3A%2F%2Fldb-phinf.pstatic.net%2F20230830_115%2F1693321670919Tnq1l_JPEG%2FIMG_1123.jpeg', 'https://search.pstatic.net/common/?autoRotate=true&type=w278_sharpen&src=https%3A%2F%2Fpup-review-phinf.pstatic.net%2FMjAyMzEwMTVfMTQ2%2FMDAxNjk3Mjk4MzAxNTU1.7i-eGExQcLLDWcASOO8crMbnl2l_0gvlbb8rSHWVPWAg.-e4A9xvZx9eadyOPO6PdCfPCMMi3ILTJVuM8RObx_mMg.JPEG%2F2A4CCE10-2A72-46E6-A40B-F425494F10C9.jpeg']","서울특별시 마포구 독막로 51, 1층 우측일부호 (합정동)",록갈비 합정점,31.82,192768.8958,449541.8303,02-332-3326,수: 16:00 - 24:00; 목: 16:00 - 24:00; 금: 16:00 - 24:00; 토: 16:00 - 24:00; 일: 16:00 - 24:00; 월: 16:00 - 24:00; 화: 16:00 - 24:00,814,"['포장', '예약', '대기공간']",,"['음식이 맛있어요', '고기 질이 좋아요', '친절해요', '양이 많아요']",[],"[[""양념 쪽갈비"", 17000], [""매운 쪽갈비"", 17000], [""얼음동동 묵사발"", 5000], [""보통국수"", 6000], [""날치알 주먹밥"", 4000]]",한식
493,"['https://search.pstatic.net/common/?autoRotate=true&type=w560_sharpen&src=https%3A%2F%2Fldb-phinf.pstatic.net%2F20160509_123%2F1462804212152WWaVS_JPEG%2F176459636027507_0.jpeg', 'https://search.pstatic.net/common/?autoRotate=true&type=w278_sharpen&src=https%3A%2F%2Fldb-phinf.pstatic.net%2F20200525_49%2F1590413323724ztWqK_JPEG%2FyfecT9-rw1Bcy3WWBTQfk2_W.jpg', 'https://search.pstatic.net/common/?autoRotate=true&type=w278_sharpen&src=https%3A%2F%2Fldb-phinf.pstatic.net%2F20210222_58%2F1613963213764hvGaT_JPEG%2F176459636027507_0.jpeg']","서울특별시 마포구 양화로1길 21, 2층 (합정동)",합정옥,147.6,192007.9239,449700.5404,02-322-4822,수: 11:00 - 22:00; 목: 11:00 - 22:00; 금: 11:00 - 22:00; 토: 11:00 - 22:00; 일: 정기휴무 (매주 일요일); 월: 11:00 - 22:00; 화: 11:00 - 22:00,543,"['예약', '단체 이용 가능', '포장']",주차 가능,"['음식이 맛있어요', '재료가 신선해요', '매장이 넓어요', '친절해요']",[],"[[""양지곰탕"", 12000], [""속대국"", 10000], [""수육(중)"", 40000], [""곱창전골(중)"", 33000]]",한식
494,"['https://search.pstatic.net/common/?autoRotate=true&type=w560_sharpen&src=https%3A%2F%2Fldb-phinf.pstatic.net%2F20220425_250%2F1650842539966uHmfb_JPEG%2F20220424_200908.jpg', 'https://search.pstatic.net/common/?autoRotate=true&type=w278_sharpen&src=https%3A%2F%2Fldb-phinf.pstatic.net%2F20220425_234%2F16508425336962SuU0_JPEG%2F20220424_200857.jpg', 'https://search.pstatic.net/common/?autoRotate=true&type=w278_sharpen&src=https%3A%2F%2Fldb-phinf.pstatic.net%2F20220425_27%2F1650842522589sKz1B_JPEG%2F20220424_200852.jpg']","서울특별시 마포구 독막로 43-1, 1층 101호 (합정동)",참바른김밥,36.2,192709.0688,449542.7009,02-323-8737,수: 09:00 - 20:30; 목: 09:00 - 20:30; 금: 09:00 - 20:30; 토: 09:00 - 20:30; 일: 정기휴무 (매주 일요일); 월: 09:00 - 20:30; 화: 09:00 - 20:30,574,['포장'],주차 불가,"['음식이 맛있어요', '친절해요', '재료가 신선해요', '양이 많아요']",[],"[[""참바른김밥"", 3500], [""참치김밥"", 4500], [""떡볶이"", 4500], [""라볶이"", 5000], [""오뎅탕"", 3500]]",한식
495,"['https://search.pstatic.net/common/?autoRotate=true&type=w560_sharpen&src=https%3A%2F%2Fldb-phinf.pstatic.net%2F20220613_278%2F1655105432628Sn5q1_PNG%2F0292F783-A35D-4CFE-934B-234C95111810.png', 'https://search.pstatic.net/common/?autoRotate=true&type=w278_sharpen&src=https%3A%2F%2Fldb-phinf.pstatic.net%2F20220613_75%2F1655105432099rp2Hq_JPEG%2F178C5806-8ACE-4757-A37D-1CEC53158FF5.jpeg', 'https://search.pstatic.net/common/?autoRotate=true&type=w278_sharpen&src=https%3A%2F%2Fldb-phinf.pstatic.net%2F20220613_42%2F1655105432143alsRK_JPEG%2F8B72B7D1-916B-424F-AEDD-A0345A29A108.jpeg']","서울특별시 마포구 포은로2길 13, 브랜토리움 1층 (합정동)",옆구르기,77.42,191772.5395,449937.9336,0507-1312-5961,수: 정기휴무 (매주 수요일); 목: 11:00 - 20:00; 금: 11:00 - 20:00; 토: 11:00 - 20:00; 일: 11:00 - 17:00; 월: 11:00 - 20:00; 화: 11:00 - 20:00,151,"['무선 인터넷', '반려동물 동반', '포장']",,"['음식이 맛있어요', '특별한 메뉴가 있어요', '친절해요', '재료가 신선해요']",[],"[[""병아리콩 로스트치킨"", 14000], [""게랑토니 (고정)"", 19500], [""소이소이샐러드 (고정)"", 9800], [""참나물버섯 토스트"", 12000], [""새우 알배추롤 (고정)"", 15000], [""포포토스트 (홀수달)"", 9500], [""플랫밤"", 6500], [""귤몬"", 5500], [""패페"", 6000], [""아메리카노"", 4500], [""에스프레소"", 4000], [""라떼"", 5000], [""카푸치노"", 5000], [""탄산수"", 4000], [""샷, 바닐라 시럽 추가"", 500], [""빵 추가"", 3000], [""스크램블"", 3000], [""모닝빵 + 타프나드"", 4500], [""당호박 스프"", 9500]]",양식
496,"['https://search.pstatic.net/common/?autoRotate=true&type=w560_sharpen&src=https%3A%2F%2Fldb-phinf.pstatic.net%2F20240530_291%2F1717070018505omr27_JPEG%2FIMG_6689.jpg', 'https://search.pstatic.net/common/?autoRotate=true&type=w278_sharpen&src=https%3A%2F%2Fldb-phinf.pstatic.net%2F20240530_138%2F1717069997616UDotf_JPEG%2FIMG_6723.jpg', 'https://search.pstatic.net/common/?autoRotate=true&type=w278_sharpen&src=https%3A%2F%2Fldb-phinf.pstatic.net%2F20240530_193%2F17170700332227AVli_JPEG%2FIMG_6548.jpg']","서울특별시 마포구 양화로6길 50, 1층 (합정동)",로우샹로우,94.77,192593.8254,449601.4526,0507-1361-7626,,705,"['콜키지 가능', '단체 이용 가능', '예약', '무선 인터넷', '포장', '배달', '장애인 휠체어 이용가능', '장애인 휠체어 이용가능']",주차 불가,"['음식이 맛있어요', '고기 질이 좋아요', '인테리어가 멋져요', '특별한 메뉴가 있어요']",[],"[[""양갈비"", 29000], [""양등심"", 29000], [""마라양전골"", 29000], [""마라소고기전골"", 29000], [""양 탕면"", 12500], [""마라 탕면"", 13500], [""마라로제면"", 15500], [""마라비빔면"", 12500], [""어향가지덮밥"", 12500], [""마파두부 덮밥"", 11500], [""마늘계란 볶음밥"", 8000]]",중식
497,"['https://search.pstatic.net/common/?autoRotate=true&type=w560_sharpen&src=https%3A%2F%2Fldb-phinf.pstatic.net%2F20221109_112%2F1667990036486XJjVp_JPEG%2F20221109_193257.jpg', 'https://search.pstatic.net/common/?autoRotate=true&type=w278_sharpen&src=https%3A%2F%2Fpup-review-phinf.pstatic.net%2FMjAyMzA2MDJfNTkg%2FMDAxNjg1Njg1ODk1NjYy.b3BZ_FBoZzsECTiHIVGe-gUytW3znnP2mQ8VlltFHDcg.UkbHMubu3UAYin-kRsA7NOi1i1QVxcIE2jarv1oq2_gg.JPEG%2F07F69C04-C98F-4A1F-AE2E-89DAB6A530F4.jpeg', 'https://search.pstatic.net/common/?autoRotate=true&type=w278_sharpen&src=https%3A%2F%2Fpup-review-phinf.pstatic.net%2FMjAyMzA2MjlfMTMw%2FMDAxNjg4MDMxNDU5Njc1.Vv0ZSgi4ATD-WYvGSWonQTemLZP9VpQK7N-ATI6MZ0wg.AosyKLhYwACk_aSD9lj7eZ9pZMyeUO54AcU-YVgySe4g.JPEG%2F3F7EC364-0A60-4ADB-B8E0-1D14F495E0B1.jpeg']","서울특별시 마포구 동교로 44-1, 2층 일부호 (합정동)",어라운드그린,54.26,191737.8869,450048.6577,0507-1480-9797,수: 11:00 - 20:00; 목: 11:00 - 20:00; 금: 11:00 - 17:00; 토: 11:00 - 17:00; 일: 정기휴무 (매주 일요일); 월: 정기휴무 (매주 월요일); 화: 정기휴무 (매주 화요일),93,"['비건 메뉴', '글루텐프리 메뉴', '포장', '무선 인터넷']",주차 불가,"['음식이 맛있어요', '특별한 메뉴가 있어요', '재료가 신선해요', '친절해요']",[],"[[""두부데리야끼 현미밥"", 13000], [""된장소스가지덮밥 현미밥"", 13000], [""깐풍버섯 현미밥"", 13000], [""세가지 버섯 피자"", 14000], [""구황작물 피자"", 15000], [""바질페스토 버섯 피자"", 15000], [""매콤토마토 파스타"", 12000], [""로제파스타 / 리조또"", 13000], [""버섯 크림파스타 / 리조또"", 13000]]",한식
498,"['https://search.pstatic.net/common/?autoRotate=true&type=w560_sharpen&src=https%3A%2F%2Fldb-phinf.pstatic.net%2F20170427_103%2F14932605365545fAMr_JPEG%2F186376446929129_0.jpeg', 'https://search.pstatic.net/common/?autoRotate=true&type=w278_sharpen&src=https%3A%2F%2Fldb-phinf.pstatic.net%2F20170427_36%2F1493260536615kRs0q_JPEG%2F186376446929129_1.jpeg', 'https://search.pstatic.net/common/?autoRotate=true&type=w278_sharpen&src=https%3A%2F%2Fldb-phinf.pstatic.net%2F20170427_82%2F1493260536726CQv9o_JPEG%2F186376446929129_2.jpeg']","서울특별시 마포구 양화로1길 25, 1층 (합정동)",넉탐,80.68,192009.6585,449733.2264,0507-1345-5640,,155,"['단체 이용 가능', '무선 인터넷', '예약']",,"['음식이 맛있어요', '친절해요', '단체모임 하기 좋아요', '가성비가 좋아요']",[],"[[""닭볶음탕"", 22000], [""국물닭발"", 16000], [""해물파전"", 14000], [""오뎅탕"", 14000], [""화이트어니언순살치킨"", 15000]]",한식
499,"['https://search.pstatic.net/common/?autoRotate=true&type=w560_sharpen&src=https%3A%2F%2Fldb-phinf.pstatic.net%2F20200205_263%2F1580873221517BjIvo_JPEG%2FXF847fmlMYMAgG9DN6chr6PT.jpg', 'https://search.pstatic.net/common/?autoRotate=true&type=w278_sharpen&src=https%3A%2F%2Fldb-phinf.pstatic.net%2F20200205_295%2F1580873231555iYuHJ_JPEG%2F2PaeZlM6luDo4Se-divE9OIM.jpg', 'https://search.pstatic.net/common/?autoRotate=true&type=w278_sharpen&src=https%3A%2F%2Fldb-phinf.pstatic.net%2F20200205_82%2F1580873241185cRcke_JPEG%2FA334Q-GWuM1BESF0JD5xXxiT.jpg']","서울특별시 마포구 포은로 34, 1층 106호 (합정동, 합정한강아파트)",망원동즉석떡볶이,36.0,191787.5975,449847.1422,0507-1361-3385,수: 11:00 - 23:30; 목: 11:00 - 23:30; 금: 11:00 - 23:30; 토: 11:00 - 23:30; 일: 11:00 - 23:30; 월: 11:00 - 23:30; 화: 11:00 - 23:30,93,"['포장', '배달', '무선 인터넷']",주차 가능,"['음식이 맛있어요', '친절해요', '양이 많아요', '재료가 신선해요']",[],"[[""망원동즉석떡볶이(커플)"", 14000], [""(BEST)차돌마늘떡볶이(커플)"", 18000], [""(BEST)차돌치즈떡볶이(커플)"", 18000], [""(BEST)차돌박이떡볶이(커플)"", 16000], [""(BEST)매운닭볶음탕(불닭볶음면정도)"", 25000], [""(BEST)무뼈닭발(커플)"", 15000], [""치즈돈까스떡볶이(커플)"", 18000], [""치즈떡볶이(커플)"", 16000], [""짜장떡볶이(커플)"", 16000], [""닭볶음탕(신라면보다조금매워요)"", 25000], [""뼈닭발(커플)"", 13000], [""버터갈릭치즈감자"", 4000], [""고구마(4개)"", 3000], [""야채(4개)"", 3000], [""한마리통오징어튀김"", 8000]]",한식
500,"['https://search.pstatic.net/common/?autoRotate=true&type=w560_sharpen&src=https%3A%2F%2Fldb-phinf.pstatic.net%2F20211205_94%2F1638716367906cSda0_JPEG%2F%25BD%25C5%25B0%25F8%25C1%25D6%25B6%25B1%25BA%25BA%25C0%25CC_%25B7%25CE%25B0%25ED.jpg', 'https://search.pstatic.net/common/?autoRotate=true&type=w278_sharpen&src=https%3A%2F%2Fpup-review-phinf.pstatic.net%2FMjAyMzExMDVfMTY1%2FMDAxNjk5MTczMjA3NTMy.wqO5TGU952LrtuNVdgHhWTjTs2L-nvT7iTiEk3W4kFkg.5BO0pkAT5CurVC6pDG3U6yLkylHgdy-mBqQMXdj4JgQg.JPEG%2F76CE8A33-6452-4919-8277-238BDB50C329.jpeg', 'https://search.pstatic.net/common/?autoRotate=true&type=w278_sharpen&src=https%3A%2F%2Fpup-review-phinf.pstatic.net%2FMjAyNDA0MDhfNTcg%2FMDAxNzEyNTczNDM3MzQx.NrzXzzqPdL0cDfID6GmJC8AGHv1tIF2Es9v29IMK04cg.8MeRQYJpALsHVBeaGYGEYjg2cK72I9uAt1dtbz6Zk_sg.JPEG%2F05DE48E3-40D5-4C03-A02C-983C9AF5AE0C.jpeg']","서울특별시 마포구 포은로 39, 1층 1호 (합정동)",신공주떡볶이,18.0,191720.1258,449866.1735,02-332-3373,수: 정기휴무 (매주 수요일); 목: 정기휴무 (매주 목요일); 금: 12:00 - 20:00; 토: 12:00 - 20:00; 일: 12:00 - 20:00; 월: 정기휴무 (매주 월요일); 화: 정기휴무 (매주 화요일),148,"['포장', '배달']",주차 불가,"['음식이 맛있어요', '친절해요', '특별한 메뉴가 있어요', '재료가 신선해요']",[],"[[""떡볶이"", 4500], [""꼬치오뎅"", 4000], [""순대"", 5000], [""엄마김밥"", 4000], [""진미채듬뿍김밥"", 5000], [""참치듬뿍김밥"", 5000], [""명란듬뿍김밥"", 6000], [""떡꼬치"", 5000], [""수제튀김"", 5000], [""튀김순대"", 5000], [""고뎅탕"", 6000], [""수제식혜"", 4000], [""오징어범벅"", 7000], [""김말이범벅"", 7000], [""츄로떡"", 4000]]",한식
501,"['https://search.pstatic.net/common/?autoRotate=true&type=w560_sharpen&src=https%3A%2F%2Fldb-phinf.pstatic.net%2F20150901_66%2F1441116258954SgVRT_JPEG%2F31010062_0.jpg', 'https://search.pstatic.net/common/?autoRotate=true&type=w278_sharpen&src=https%3A%2F%2Fldb-phinf.pstatic.net%2F20150901_36%2F1441116259161m9FoG_JPEG%2F31010062_1.jpg', 'https://search.pstatic.net/common/?autoRotate=true&type=w278_sharpen&src=https%3A%2F%2Fldb-phinf.pstatic.net%2F20150901_118%2F1441116259367OqyQR_JPEG%2F31010062_2.jpg']","서울특별시 마포구 토정로5길 12 (합정동, 1층)",무대륙,205.33,192723.8383,449304.8643,02-332-8333,,269,"['단체 이용 가능', '무선 인터넷', '반려동물 동반', '포장', '배달', '예약']",무료 주차 가능,[],[],"[[""아메리카노"", 4500], [""카페라떼"", 5000], [""카푸치노"", 5500], [""유자차"", 6000], [""얼그레이"", 6000], [""구운가지 베이글 샌드위치"", 11000], [""토마토 아보카도 베이글 샌드위치"", 11000]]",양식
502,"['https://search.pstatic.net/common/?autoRotate=true&type=w560_sharpen&src=https%3A%2F%2Fldb-phinf.pstatic.net%2F20200525_90%2F15904158321508njGu_JPEG%2F4EM3A_7jvka-9txPmWcfT2XP.jpg', 'https://search.pstatic.net/common/?autoRotate=true&type=w278_sharpen&src=https%3A%2F%2Fpup-review-phinf.pstatic.net%2FMjAyMzA0MjBfMTg4%2FMDAxNjgxOTM0NjI2MDE2.XK2_0UZoxKrDcPyb7WKm_S8QxCWTsG-4j3Bvfgfxv04g.5Rc0B4u8DzLQRjXg7hXjgoRFShfYygHS-flCwLQ8CE0g.JPEG%2F20230418_220335.jpg', 'https://search.pstatic.net/common/?autoRotate=true&type=w278_sharpen&src=https%3A%2F%2Fpup-review-phinf.pstatic.net%2FMjAyNDExMTZfOTAg%2FMDAxNzMxNzU2NTgxMDgw.zbdL6bInASDq_0g5TqQxVq_EupVi5S-8Gs-FnATHPEkg.pPiKaVAKhFAaTKOuoH3MnczS4RRuuJwkke4aKYuDBhEg.JPEG%2F1000050560.jpg.jpg']","서울특별시 마포구 월드컵로3길 27 (합정동, 1층일부)",둥둥막창구이,60.0,192086.8408,449779.6338,,수: 15:00 - 24:00; 목: 15:00 - 24:00; 금: 15:00 - 24:00; 토: 15:00 - 24:00; 일: 정기휴무 (매주 일요일); 월: 15:00 - 24:00; 화: 15:00 - 24:00,205,[],,"['음식이 맛있어요', '친절해요', '양이 많아요', '가성비가 좋아요']",[],"[[""돼지막창 (200g)"", 14000], [""소막창 (180g)"", 19000], [""돼지목살 (200g)"", 14000], [""곱창볶음 (1인분)"", 11000], [""껍데기 (200g)"", 9000], [""무뼈닭발"", 12000]]",한식
503,"['https://search.pstatic.net/common/?autoRotate=true&type=w560_sharpen&src=https%3A%2F%2Fldb-phinf.pstatic.net%2F20250212_226%2F1739291574433161aM_PNG%2FIMG_0039.png', 'https://search.pstatic.net/common/?autoRotate=true&type=w278_sharpen&src=https%3A%2F%2Fldb-phinf.pstatic.net%2F20250212_117%2F1739291563557Pqvaa_PNG%2FIMG_0036.png', 'https://search.pstatic.net/common/?autoRotate=true&type=w278_sharpen&src=https%3A%2F%2Fldb-phinf.pstatic.net%2F20250212_262%2F1739291557786qtBpb_PNG%2FIMG_0040.png']","서울특별시 마포구 희우정로 47, 1층 (합정동)",희도식당,73.98,191638.3125,449857.9735,0507-1345-3962,수: 11:30 - 20:30; 목: 11:30 - 20:30; 금: 11:30 - 20:30; 토: 11:30 - 20:30; 일: 정기휴무 (매주 일요일); 월: 정기휴무 (매주 월요일); 화: 11:30 - 20:30,681,"['무선 인터넷', '반려동물 동반', '유아의자', '포장', '대기공간']",주차 불가,"['음식이 맛있어요', '인테리어가 멋져요', '친절해요', '재료가 신선해요']",[],"[[""희도플래터"", 38000]]",한식
504,"['https://search.pstatic.net/common/?autoRotate=true&type=w560_sharpen&src=https%3A%2F%2Fldb-phinf.pstatic.net%2F20230607_265%2F1686131317202NeJlY_JPEG%2F1686130969953.jpg', 'https://search.pstatic.net/common/?autoRotate=true&type=w278_sharpen&src=https%3A%2F%2Fldb-phinf.pstatic.net%2F20200523_99%2F1590245290809f6Qw8_JPEG%2FImDHMt-bm_dKyF6UU-Wgh4i4.jpg', 'https://search.pstatic.net/common/?autoRotate=true&type=w278_sharpen&src=https%3A%2F%2Fldb-phinf.pstatic.net%2F20200523_231%2F1590245318607aGjiA_JPEG%2Fk9oR40hR9TsfpeGVjfQ-Q4kb.jpg']","서울특별시 마포구 월드컵로1길 14, B119-1,2호 (합정동, 마포 한강 푸르지오)",백두한우곱창,82.8,192171.2354,449751.487,02-337-3688,,559,[],주차 가능,"['마사지가 시원해요', '친절해요', '맞춤 케어를 잘해줘요', '분위기가 편안해요']",[],"[[""모듬(250g)"", 25000], [""백두곱창(250g)"", 25000], [""백두대창(250g)"", 25000], [""백두막창(250g)"", 25000], [""볶음밥"", 4000], [""치즈.떡사리"", 3000], [""특양(200g)"", 26000]]",한식
505,"['https://search.pstatic.net/common/?autoRotate=true&type=w560_sharpen&src=https%3A%2F%2Fldb-phinf.pstatic.net%2F20240719_286%2F17213506749846NHoT_JPEG%2F%25B9%25E8%25B4%25DE%25C0%25C7%25B9%25CE%25C1%25B7_%25B7%25CE%25B0%25ED%25B9%25E8%25B3%25CA%2528170X170%2529.jpg', 'https://search.pstatic.net/common/?autoRotate=true&type=w278_sharpen&src=https%3A%2F%2Fldb-phinf.pstatic.net%2F20240719_33%2F1721350702321LwqxE_PNG%2F20240719_095640.png', 'https://search.pstatic.net/common/?autoRotate=true&type=w278_sharpen&src=https%3A%2F%2Fldb-phinf.pstatic.net%2F20240719_134%2F1721350718915y3p5e_JPEG%2FKakaoTalk_20240718_155853860_04.jpg']","서울특별시 마포구 독막로 38, 1층일부 (합정동)",걸작떡볶이치킨,40.0,192640.7554,449518.1472,02-336-2822,수: 11:00 - 22:00; 목: 11:00 - 22:00; 금: 11:00 - 22:00; 토: 11:00 - 22:00; 일: 11:00 - 22:00; 월: 정기휴무 (매주 월요일); 화: 11:00 - 22:00,100,"['포장', '배달', '무선 인터넷']",,"['음식이 맛있어요', '친절해요', '양이 많아요', '가성비가 좋아요']",[],"[[""로제 떡닭 세트"", 28000], [""숯불킹 떡닭 세트"", 29000], [""마라 로제 떡볶이"", 17000], [""마라 떡볶이"", 13000], [""국물 떡볶이"", 10000], [""로제가래떡떡볶이"", 12000], [""가래떡볶이"", 10000], [""숯불킹 떡볶이"", 15000], [""치즐킹 치킨"", 16000], [""쏘이킹 치킨"", 15000], [""양념 치킨"", 15000], [""후라이드 치킨"", 14000], [""스윗마라시즈닝치킨"", 15000], [""치즈피자"", 11900], [""햄치즈피자"", 13900], [""숯불고기피자"", 15900], [""떡닭피세트"", 37900], [""불닭떡볶이 세트"", 19900], [""혼자서 떡닭세트"", 14500], [""떡순튀세트"", 21000], [""온가족세트"", 36500]]",양식
506,"['https://search.pstatic.net/common/?autoRotate=true&type=w278_sharpen&src=https%3A%2F%2Fldb-phinf.pstatic.net%2F20240815_68%2F17236715753721ye55_JPEG%2FIMG_4485.jpeg', 'https://search.pstatic.net/common/?autoRotate=true&type=w278_sharpen&src=https%3A%2F%2Fldb-phinf.pstatic.net%2F20240914_21%2F1726263599184G6d1M_JPEG%2FIMG_2043.jpeg', 'https://search.pstatic.net/common/?autoRotate=true&type=w278_sharpen&src=https%3A%2F%2Fldb-phinf.pstatic.net%2F20240914_248%2F1726263599251Wn1yG_JPEG%2FIMG_6262.jpeg']","서울특별시 마포구 포은로 40, 1층 (합정동)",폴베리,26.13,191746.7697,449872.5561,0507-1428-0019,화: 12:00 - 21:00,493,"['콜키지 가능', '비건 메뉴', '테이크아웃 할인', '무선 인터넷', '반려동물 동반', '포장']",주차 불가,"['음식이 맛있어요', '재료가 신선해요', '특별한 메뉴가 있어요', '친절해요']","['단체석', '바테이블', '연인석', '1인석']","[[""마르게리타 피자"", 19000], [""사과고르곤졸라 피자"", 23000], [""마리나라 피자"", 18000], [""고메마르게리따 피자"", 27000], [""볼로네제파스타"", 16000], [""토마토모짜렐라 판제로띠"", 7500], [""스파이시라구 판제로띠"", 8900], [""햄치즈 판제로띠"", 9900], [""화이트치즈 깐놀리"", 6500]]",기타
507,"['https://search.pstatic.net/common/?autoRotate=true&type=w560_sharpen&src=https%3A%2F%2Fpup-review-phinf.pstatic.net%2FMjAyMjExMjRfMTMg%2FMDAxNjY5MjIxMzI0Nzcy.gLTzjU3ZRaIavKiWUvNKEsMkJmVCDQk55ejic0Sb0wwg.e7sA5ADj2qtAKn7s_wltC94ghLo6-cV7PGJGOXtVUl8g.JPEG%2F4DF2D330-E0BE-4FF8-AE42-792B2F96D5C9.jpeg', 'https://search.pstatic.net/common/?autoRotate=true&type=w278_sharpen&src=https%3A%2F%2Fpup-review-phinf.pstatic.net%2FMjAyMjExMjRfNTYg%2FMDAxNjY5MjIxMzI0ODEy.q1dvXjpXTe6iX8DhWU7xc_ujq-gTGG5Kl3mG39Cb_4wg.Xk8mdnLeGumb68eU80cETwGrKPtTPFlrYdLkUxHQ8hog.JPEG%2F6029D208-440C-4729-AFBA-E4073AB3A640.jpeg', 'https://search.pstatic.net/common/?autoRotate=true&type=w278_sharpen&src=https%3A%2F%2Fpup-review-phinf.pstatic.net%2FMjAyMzAxMDZfMTgy%2FMDAxNjczMDA5OTU3OTc3.ypXLKC2RI8HSotZQ75mgzaxOKlZbqF_wglW1HHBD-gwg.NomQGd1pNjO85RNdY_Kq5vbbs51MrGHz0NlYxvnL3F0g.JPEG%2F8DA70615-4630-46D8-9D42-467DEEFD9E11.jpeg']","서울특별시 마포구 월드컵로 41, 1층 (합정동)",고미태,30.0,192141.7283,450084.3245,,수: 12:00 - 20:30; 목: 12:00 - 20:30; 금: 12:00 - 20:30; 토: 12:00 - 20:30; 일: 정기휴무 (매주 일요일); 월: 12:00 - 20:30; 화: 12:00 - 20:30,205,[],주차 불가,"['음식이 맛있어요', '특별한 메뉴가 있어요', '재료가 신선해요', '혼밥하기 좋아요']",['바테이블'],"[[""계절 단일 국수 메뉴"", 9800]]",한식
508,"['https://search.pstatic.net/common/?autoRotate=true&type=w560_sharpen&src=https%3A%2F%2Fldb-phinf.pstatic.net%2F20240401_262%2F1711973649707vSjdM_JPEG%2FKakaoTalk_20240401_182333631_20.jpg', 'https://search.pstatic.net/common/?autoRotate=true&type=w278_sharpen&src=https%3A%2F%2Fldb-phinf.pstatic.net%2F20240401_187%2F17119737674264VgND_JPEG%2FKakaoTalk_20240401_182333631_05.jpg', 'https://search.pstatic.net/common/?autoRotate=true&type=w278_sharpen&src=https%3A%2F%2Fldb-phinf.pstatic.net%2F20240401_47%2F17119737375964EGF7_JPEG%2FKakaoTalk_20240401_182403646_05.jpg']","서울특별시 마포구 월드컵로1길 14, B117-1호 (합정동, 마포 한강 푸르지오)",식껍 합정점,57.2,192171.2354,449751.487,02-337-3688,,559,[],주차 가능,"['마사지가 시원해요', '친절해요', '맞춤 케어를 잘해줘요', '분위기가 편안해요']",[],"[[""생고기모듬"", 46000]]",한식
509,"['https://search.pstatic.net/common/?autoRotate=true&type=w560_sharpen&src=https%3A%2F%2Fldb-phinf.pstatic.net%2F20210715_257%2F1626340497178lsDjk_JPEG%2FdcBh7d20O-YaK6HJKpJrHK6u.jpeg.jpg', 'https://search.pstatic.net/common/?autoRotate=true&type=w278_sharpen&src=https%3A%2F%2Fldb-phinf.pstatic.net%2F20240802_21%2F1722549783637XRi36_JPEG%2FIMG_6261.jpeg', 'https://search.pstatic.net/common/?autoRotate=true&type=w278_sharpen&src=https%3A%2F%2Fldb-phinf.pstatic.net%2F20240802_123%2F17225494667743uuIL_JPEG%2FIMG_3537.jpeg']","서울특별시 마포구 월드컵로1길 54, 1층 (합정동)",함반,105.97,191978.4039,449649.8349,0507-1336-0394,수: 11:30 - 21:00; 목: 11:30 - 21:00; 금: 11:30 - 21:00; 토: 11:30 - 21:00; 일: 11:30 - 21:00; 월: 11:30 - 21:00; 화: 11:30 - 21:00,716,['무선 인터넷'],주차 가능,"['음식이 맛있어요', '특별한 메뉴가 있어요', '친절해요', '재료가 신선해요']",[],"[[""모아 함반"", 15000], [""닭고기 함반"", 13000], [""돼지고기 함반"", 15000], [""소고기 함반"", 18000], [""함반2인(모아2+방울양배추구이)"", 36000], [""하이볼모아"", 22000], [""얼그레이하이볼모아"", 22500]]",일식
510,"['https://search.pstatic.net/common/?autoRotate=true&type=w560_sharpen&src=https%3A%2F%2Fldb-phinf.pstatic.net%2F20230820_90%2F1692503367598Bf9xL_JPEG%2F%25B0%25A1%25B0%25D4%25BB%25E7%25C1%25F82.jpg', 'https://search.pstatic.net/common/?autoRotate=true&type=w278_sharpen&src=https%3A%2F%2Fldb-phinf.pstatic.net%2F20230820_293%2F1692503360793yWw7t_JPEG%2F%25B0%25A1%25B0%25D4%25BB%25E7%25C1%25F8.jpg', 'https://search.pstatic.net/common/?autoRotate=true&type=w278_sharpen&src=https%3A%2F%2Fldb-phinf.pstatic.net%2F20230820_168%2F1692505064834Elbsx_JPEG%2F%25B8%25B8%25B5%25CE%25B1%25B9%25BB%25E7%25C1%25F8.JPG']","서울특별시 마포구 성지3길 22, 1층 좌측일부 (합정동)",미필담,33.0,192347.2997,449375.7331,0507-1366-5041,수: 11:30 - 20:30; 목: 11:30 - 20:30; 금: 11:30 - 20:30; 토: 11:30 - 20:30; 일: 11:30 - 20:30; 월: 정기휴무 (매주 월요일); 화: 정기휴무 (매주 화요일),157,"['무선 인터넷', '단체 이용 가능']",주차 불가,"['음식이 맛있어요', '혼밥하기 좋아요', '재료가 신선해요', '특별한 메뉴가 있어요']","['바테이블', '1인석', '연인석']","[[""이북식 손만두국"", 12000], [""수육 무침 1/2"", 15000], [""김치말이 국수 (5-10월)"", 12000], [""양지 온반 (11-3월)"", 13000], [""만두 전골 (11-4월)"", 30000]]",일식
511,"['https://search.pstatic.net/common/?autoRotate=true&type=w560_sharpen&src=https%3A%2F%2Fldb-phinf.pstatic.net%2F20210502_239%2F1619948370345rXOm3_JPEG%2FevzPZl9HJysSX_TsXNytq2zv.jpg', 'https://search.pstatic.net/common/?autoRotate=true&type=w278_sharpen&src=https%3A%2F%2Fpup-review-phinf.pstatic.net%2FMjAyMzAxMTZfMTAx%2FMDAxNjczODUwNzU2Nzky.9qHAJEDArmwA_LfMZLoGnQOyRywl5bbKhAuYe-bLWQMg.modWKOAxmLAGiu1iSiX66Sb0O-Z8r5rWH1uqMkWa3iUg.JPEG%2FAC395899-8A5F-4A52-8630-B0260D62C123.jpeg', 'https://search.pstatic.net/common/?autoRotate=true&type=w278_sharpen&src=https%3A%2F%2Fpup-review-phinf.pstatic.net%2FMjAyMzAyMTRfMjcx%2FMDAxNjc2MzgzOTY3NDk2.qePPaBg6vM4Q5qD2ijXLnMfZxBYgO0YY49qHdL85kLcg.QPMj1PoVf9Hk4NEtydbMH_K2tzpxbUTkUgqP9d578ncg.JPEG%2FEACACC67-6679-4859-A506-B04CF174DFCC.jpeg']","서울특별시 마포구 독막로4길 9, 1층 (합정동)",윤슬,29.75,192592.0035,449497.855,02-6081-2200,,90,[],주차 불가,"['음식이 맛있어요', '특별한 메뉴가 있어요', '대화하기 좋아요', '친절해요']",[],"[[""서울의밤"", 15000]]",일식
512,"['https://search.pstatic.net/common/?autoRotate=true&type=w560_sharpen&src=https%3A%2F%2Fldb-phinf.pstatic.net%2F20160812_15%2F1470969349990ia061_JPEG%2F38281362__.jpg', 'https://search.pstatic.net/common/?autoRotate=true&type=w278_sharpen&src=https%3A%2F%2Fldb-phinf.pstatic.net%2F20160812_81%2F1470969350099PAnYg_JPEG%2F38281362__.jpg', 'https://search.pstatic.net/common/?autoRotate=true&type=w278_sharpen&src=https%3A%2F%2Fldb-phinf.pstatic.net%2F20160812_158%2F1470969350202EM2Hh_JPEG%2F38281362___01.jpg']","서울특별시 마포구 성지1길 18 (합정동,1층우측)",청주식당,23.14,192364.5325,449537.5319,02-322-1788,수: 06:00 - 21:00; 목: 06:00 - 21:00; 금: 06:00 - 21:00; 토: 06:00 - 21:00; 일: 정기휴무 (매주 일요일); 월: 06:00 - 21:00; 화: 06:00 - 21:00,153,"['예약', '단체 이용 가능']",,"['음식이 맛있어요', '가성비가 좋아요', '친절해요', '반찬이 잘 나와요']",[],"[[""청국장"", 9000], [""오징어제육"", 18000], [""해물파전"", 18000], [""부대찌개"", 9000], [""동태찌개"", 9000], [""김치찌개"", 9000], [""고등어구이"", 10000], [""제육볶음"", 9000], [""석화찜(계절)"", 30000]]",한식
513,"['https://search.pstatic.net/common/?autoRotate=true&type=w560_sharpen&src=https%3A%2F%2Fldb-phinf.pstatic.net%2F20160629_46%2F1467210038722dV499_JPEG%2F176579635057922_0.jpeg', 'https://search.pstatic.net/common/?autoRotate=true&type=w278_sharpen&src=https%3A%2F%2Fldb-phinf.pstatic.net%2F20171009_112%2F1507559319173ih41J_JPEG%2F0UlMxlbieog1Na5SgFBF0qv7.jpg', 'https://search.pstatic.net/common/?autoRotate=true&type=w278_sharpen&src=https%3A%2F%2Fldb-phinf.pstatic.net%2F20171009_235%2F1507559160751QgdqY_PNG%2F8lR9zbwsnCU2vNTyY3Zd1h_K.PNG.png']","서울특별시 마포구 포은로 11 (합정동, 1층일부)",잇텐고,33.0,191908.5046,449666.7911,0507-1405-7715,수: 11:30 - 21:00; 목: 11:30 - 21:00; 금: 11:30 - 21:30; 토: 11:30 - 21:30; 일: 11:30 - 21:30; 월: 11:30 - 21:00; 화: 11:30 - 21:00,841,['무선 인터넷'],주차 불가,"['음식이 맛있어요', '특별한 메뉴가 있어요', '혼밥하기 좋아요', '친절해요']",['바테이블'],"[[""키츠네"", 8000], [""키요마사"", 9000], [""미도리카메"", 11000], [""미니차슈동"", 4000], [""토마토쯔께모노"", 4000]]",한식
514,"['https://search.pstatic.net/common/?autoRotate=true&type=w560_sharpen&src=https%3A%2F%2Fldb-phinf.pstatic.net%2F20210624_101%2F1624526252512GKaJy_JPEG%2Fvsrv7uZDC63wlyaCXJETOkaV.jpeg.jpg', 'https://search.pstatic.net/common/?autoRotate=true&type=w278_sharpen&src=https%3A%2F%2Fldb-phinf.pstatic.net%2F20210624_154%2F1624526301841vJUHN_JPEG%2FFN2pLvQWkviiFz6gXSqbQATj.jpeg.jpg', 'https://search.pstatic.net/common/?autoRotate=true&type=w278_sharpen&src=https%3A%2F%2Fldb-phinf.pstatic.net%2F20210624_169%2F1624526334894OH3HA_JPEG%2FQXVHBGhx9Ol0BF2laWHG565_.jpeg.jpg']","서울특별시 마포구 월드컵로3길 31-32 (합정동, 지1층)",합정전,80.5,192058.5031,449729.6324,0507-1365-2539,수: 11:00 - 23:00; 목: 11:00 - 23:00; 금: 11:00 - 24:00; 토: 15:00 - 24:00; 일: 정기휴무 (매주 일요일); 월: 11:00 - 23:00; 화: 11:00 - 23:00,83,"['포장', '단체 이용 가능', '예약', '무선 인터넷']",,"['음식이 맛있어요', '친절해요', '가성비가 좋아요', '매장이 넓어요']",[],"[[""메뉴판"", null], [""메뉴판"", null]]",한식
515,"['https://search.pstatic.net/common/?autoRotate=true&type=w560_sharpen&src=https%3A%2F%2Fldb-phinf.pstatic.net%2F20160108_13%2F1452234877945hAJCI_JPEG%2F176058556457478_0.jpg', 'https://search.pstatic.net/common/?autoRotate=true&type=w278_sharpen&src=https%3A%2F%2Fldb-phinf.pstatic.net%2F20160108_171%2F14522348780039SJfK_JPEG%2F176058556457478_1.jpg', 'https://search.pstatic.net/common/?autoRotate=true&type=w278_sharpen&src=https%3A%2F%2Fldb-phinf.pstatic.net%2F20210501_23%2F1619809307498HLfTW_JPEG%2FURHPtS7aCwdMdcB6lu0LLLpp.jpeg.jpg']","서울특별시 마포구 어울마당로3길 5 (합정동, 1층)",당고집,95.11,192800.2273,449444.7092,,수: 12:00 - 21:00; 목: 12:00 - 21:00; 금: 12:00 - 21:00; 토: 12:00 - 21:00; 일: 12:00 - 21:00; 월: 정기휴무 (매주 월요일); 화: 12:00 - 21:00,642,"['배달', '포장', '무선 인터넷']",,"['디저트가 맛있어요', '특별한 메뉴가 있어요', '친절해요', '음료가 맛있어요']",[],"[[""당고세트 (4가지맛)"", 7900], [""간장당고"", 2100], [""단팥당고"", 2100], [""딸기팥당고"", 2100], [""녹차팥당고"", 2100], [""벚꽃당고"", 3000], [""호박당고"", 2100], [""크런치당고"", 2400], [""카라이당고"", 2100], [""노리당고 (김+간장)"", 2400], [""미타라시당고 (3개)"", 7800], [""사쿠라소다"", 5500], [""메론소다"", 5500], [""크림소다"", 6500], [""레몬에이드"", 6200], [""단팥라떼"", 6300], [""말차"", 5500], [""매실티"", 5500], [""허니유자차"", 5500], [""레몬티"", 5500], [""미숫가루"", 5800]]",한식
516,"['https://search.pstatic.net/common/?autoRotate=true&type=w560_sharpen&src=https%3A%2F%2Fldb-phinf.pstatic.net%2F20230504_219%2F1683179550625Nb0iM_JPEG%2FDSC08132.jpg', 'https://search.pstatic.net/common/?autoRotate=true&type=w278_sharpen&src=https%3A%2F%2Fldb-phinf.pstatic.net%2F20230504_292%2F1683181407706s7xP4_JPEG%2F1.jpg', 'https://search.pstatic.net/common/?autoRotate=true&type=w278_sharpen&src=https%3A%2F%2Fldb-phinf.pstatic.net%2F20230504_163%2F1683181407705rgsJP_JPEG%2F2.jpg']","서울특별시 마포구 월드컵로1길 14, 지하1층 B109-2, B110-1호 (합정동, 마포 한강 푸르지오)",금문중화요리,102.7,192171.2354,449751.487,02-337-3688,,559,[],주차 가능,"['마사지가 시원해요', '친절해요', '맞춤 케어를 잘해줘요', '분위기가 편안해요']",[],"[[""간짜장면"", 7000], [""유니짜장면"", 5000], [""금문짬뽕"", 8000], [""갑오징어짬뽕"", 14000], [""볶음밥"", 7000], [""마파두부밥"", 8000], [""탕수육(소)"", 12000]]",중식
517,"['https://search.pstatic.net/common/?autoRotate=true&type=w560_sharpen&src=https%3A%2F%2Fldb-phinf.pstatic.net%2F20250116_225%2F17370395993129TMoQ_PNG%2F03b82d4924186.png', 'https://search.pstatic.net/common/?autoRotate=true&type=w278_sharpen&src=https%3A%2F%2Fldb-phinf.pstatic.net%2F20250117_157%2F1737039600333Irxcn_PNG%2F43bcefd38bc1b.png', 'https://search.pstatic.net/common/?autoRotate=true&type=w278_sharpen&src=https%3A%2F%2Fldb-phinf.pstatic.net%2F20250117_235%2F1737039600288iSLoo_PNG%2F3cc8c7dee94a0.png']","서울특별시 마포구 월드컵로 39 (합정동, 1층)",하동우렁추어탕,164.0,192146.39,450061.4181,0507-1380-6559,수: 11:00 - 21:30; 목: 11:00 - 21:30; 금: 11:00 - 21:30; 토: 정기휴무 (매주 토요일); 일: 11:00 - 21:30; 월: 11:00 - 21:30; 화: 11:00 - 21:30,823,"['단체 이용 가능', '예약', '무선 인터넷', '포장', '장애인 휠체어 이용가능']",무료 주차 가능,"['음식이 맛있어요', '친절해요', '재료가 신선해요', '양이 많아요']",[],"[[""추어탕+솥밥"", 12000], [""전복 추어탕(2미)+솥밥"", 17000], [""한우국밥+솥밥"", 12000], [""우렁 추어탕+솥밥"", 14000], [""등심돈까스"", 10000], [""곤드레우렁이돌밥"", 11000]]",한식
518,"['https://search.pstatic.net/common/?autoRotate=true&type=w560_sharpen&src=https%3A%2F%2Fpup-review-phinf.pstatic.net%2FMjAyMjExMjdfMjA3%2FMDAxNjY5NDc4MDU3MDEw.3S0YL5dphp9LQ8DhRq9LPOdGMjilOXM2GfLrcyvf9qUg.o6pGwaXzY4wipgYzreKtCwJ1_odOoK8ykMKae9oH5nMg.JPEG%2F8A197347-CC00-4512-ACEF-B46A9D89A5FB.jpeg', 'https://search.pstatic.net/common/?autoRotate=true&type=w278_sharpen&src=https%3A%2F%2Fpup-review-phinf.pstatic.net%2FMjAyMzA2MTZfNTkg%2FMDAxNjg2OTEyMzE4Mjcy.jIJ0d-WShpy_e84zS_fjxWiivy-FOTpS5--E22bopDQg.Iy3Bvj2Ju2u608WGLIGPUqTW0uOZ3HEo1cTGFnPW5oEg.JPEG%2FC944814F-AAA5-4ECB-ADAC-D4900B128916.jpeg', 'https://search.pstatic.net/common/?autoRotate=true&type=w278_sharpen&src=https%3A%2F%2Fpup-review-phinf.pstatic.net%2FMjAyMzAzMzFfMzYg%2FMDAxNjgwMjI5NDM4NzU4.P2BM6lVfURaH-nLZ2-zj6-ZWBy2kDMd_Yx4P2_BTsJkg.E-shPyBQY-fs-wtt-FcHCTFypz0RHe_VxNYCbiqt_Ckg.JPEG%2FC3029295-DDF7-4BB2-A734-B94513A4243B.jpeg']","서울특별시 마포구 마포나루길 582, C& 한강랜드 잠두봉 유람선 선착장 1,2층 (합정동)",잠두봉더나인,989.5,191662.2682,449270.0008,,,150,"['단체 이용 가능', '반려동물 동반']",,"['뷰가 좋아요', '음식이 맛있어요', '매장이 넓어요', '친절해요']",[],"[[""(소)갈비살"", 18000], [""훈제오리"", 18000], [""옛날통닭"", 17000], [""생삼겹살(한돈)"", 18000], [""생목살(한돈)"", 18000], [""즉석라면"", 4000]]",한식
519,"['https://search.pstatic.net/common/?autoRotate=true&type=w560_sharpen&src=https%3A%2F%2Fldb-phinf.pstatic.net%2F20181231_155%2F1546238077335MsRUA_JPEG%2F8oTPQC_Rz8PMGYGVr0o6L-iB.jpg', 'https://search.pstatic.net/common/?autoRotate=true&type=w278_sharpen&src=https%3A%2F%2Fldb-phinf.pstatic.net%2F20181231_123%2F15462380809593GbKM_JPEG%2FB4Ke2YpOOs7nT1udSic250Q5.jpg', 'https://search.pstatic.net/common/?autoRotate=true&type=w278_sharpen&src=https%3A%2F%2Fldb-phinf.pstatic.net%2F20181231_145%2F1546238123834Ok89x_JPEG%2FezQMYyU5KDR9JWNttnuZ7AW8.jpg']","서울특별시 마포구 독막로2길 9, 1층 (합정동)",합정감자탕,71.44,192401.9483,449548.2057,02-334-2440,,248,"['단체 이용 가능', '포장', '무선 인터넷']",,"['음식이 맛있어요', '친절해요', '양이 많아요', '재료가 신선해요']",[],"[[""감자탕 (소)"", 29000], [""육회 (200g)"", 28000], [""메밀전"", 7000], [""뼈다귀 해장국"", 10000], [""감자탕 (대)"", 43000]]",한식
520,"['https://search.pstatic.net/common/?autoRotate=true&type=w560_sharpen&src=https%3A%2F%2Fldb-phinf.pstatic.net%2F20171219_111%2F1513645892517DMpX0_JPEG%2FW4VByKAQEV6oNA6Dpl9r4UFB.jpg', 'https://search.pstatic.net/common/?autoRotate=true&type=w278_sharpen&src=https%3A%2F%2Fldb-phinf.pstatic.net%2F20190415_136%2F1555328681882xIyD2_JPEG%2FJ32li_FHFJ3ovYw5ICHmUCu7.jpg', 'https://search.pstatic.net/common/?autoRotate=true&type=w278_sharpen&src=https%3A%2F%2Fldb-phinf.pstatic.net%2F20200525_118%2F1590414079552ybTdO_JPEG%2FfiJL-2CUC2dQjH3M8fYNtGfn.jpg']","서울특별시 마포구 양화로1길 38 (합정동, 101호)",새벽숯불가든,76.56,192023.1935,449797.932,02-388-9589,수: 17:00 - 23:00; 목: 17:00 - 23:00; 금: 17:00 - 23:00; 토: 14:00 - 23:00; 일: 14:00 - 23:00; 월: 17:00 - 23:00; 화: 17:00 - 23:00,194,"['무선 인터넷', '예약']",주차 가능,"['음식이 맛있어요', '친절해요', '재료가 신선해요', '특별한 메뉴가 있어요']",[],"[[""오겹살 (400g)"", 36000], [""목살 (400g)"", 36000], [""주물럭 (400g)"", 36000], [""흑돼지 김치찌개"", 4000], [""감자 된장밥"", 6000]]",한식
521,"['https://search.pstatic.net/common/?autoRotate=true&type=w560_sharpen&src=https%3A%2F%2Fldb-phinf.pstatic.net%2F20230111_34%2F1673414580845rNmyL_JPEG%2F%25BE%25EE%25B8%25A5%25C0%25CC%25B4%25EB%25B0%25F8%25BF%25F8.jpg', 'https://search.pstatic.net/common/?autoRotate=true&type=w278_sharpen&src=https%3A%2F%2Fldb-phinf.pstatic.net%2F20230111_236%2F1673414630276hqxR4_JPEG%2F%25BE%25EE%25B8%25A5%25C0%25CC%25B4%25EB%25B0%25F8%25BF%25F811.JPG', 'https://search.pstatic.net/common/?autoRotate=true&type=w278_sharpen&src=https%3A%2F%2Fldb-phinf.pstatic.net%2F20230111_10%2F1673414623650kGuvt_JPEG%2F%25BE%25EE%25B8%25A5%25C0%25CC%25B4%25EB%25B0%25F8%25BF%25F812.JPG']","서울특별시 마포구 양화로6길 100 (합정동,1층)",어른이대공원,191.94,192828.6509,449551.3936,0507-1431-3352,수: 16:00 - 03:00; 목: 16:00 - 03:00; 금: 16:00 - 06:00; 토: 16:00 - 06:00; 일: 16:00 - 03:00; 월: 16:00 - 03:00; 화: 16:00 - 03:00,82,"['콜키지 가능', '생일 혜택', '테이크아웃 할인', '단체 이용 가능', '예약', '무선 인터넷']",주차 불가,"['음식이 맛있어요', '음악이 좋아요', '친절해요', '단체모임 하기 좋아요']","['룸', '단체석', '카운터석', '좌식', '바테이블', '루프탑', '연인석', '테라스', '1인석']","[[""콜록콜록 탕수육"", 10000], [""미태리 허니갈릭치킨"", 10000], [""밀라 짬뽕탕"", 10000], [""로제치킨"", 10000], [""어니언카레치킨"", 10000]]",한식
522,"['https://search.pstatic.net/common/?autoRotate=true&type=w560_sharpen&src=https%3A%2F%2Fldb-phinf.pstatic.net%2F20240317_297%2F1710637256379tLQO5_JPEG%2FKakaoTalk_20240317_095331114_02.jpg', 'https://search.pstatic.net/common/?autoRotate=true&type=w278_sharpen&src=https%3A%2F%2Fldb-phinf.pstatic.net%2F20240317_183%2F17106372556310RTmE_PNG%2F%25B7%25B1%25C4%25A1.png', 'https://search.pstatic.net/common/?autoRotate=true&type=w278_sharpen&src=https%3A%2F%2Fldb-phinf.pstatic.net%2F20240317_156%2F1710637255948ykmyN_PNG%2F%25B5%25F0%25B3%25CA.png']","서울특별시 마포구 양화로1길 32 (합정동, 2층일부)",연희중식,67.38,192028.4992,449762.1005,02-323-8588,수: 11:30 - 22:00; 목: 11:30 - 22:00; 금: 11:30 - 22:00; 토: 11:30 - 22:00; 일: 정기휴무 (매주 일요일); 월: 11:30 - 22:00; 화: 11:30 - 22:00,242,"['콜키지 가능', '예약', '포장', '무선 인터넷', '단체 이용 가능', '배달']",주차 불가,"['음식이 맛있어요', '재료가 신선해요', '친절해요', '가성비가 좋아요']",['단체석'],"[[""연희탕수육 (소)"", 16000], [""연희중식 마늘새우"", 25000], [""반반새우"", 24000], [""연희짬뽕"", 9000], [""칠리새우"", 24000], [""깐풍새우"", 24000], [""크림새우"", 24000], [""삼색새우"", 32000], [""마늘새우"", 26000], [""깐풍육(소)"", 18000], [""양장피"", 32000], [""해물짬뽕탕"", 23000], [""해물누룽지탕"", 32000], [""팔보채"", 42000], [""라조기"", 20000], [""라조육"", 20000], [""짜장면"", 7000], [""연희백짬뽕"", 9000], [""연희짬뽕밥"", 9000], [""연희백짬뽕밥"", 9000], [""새우볶음밥"", 8000], ["""", null], ["""", null], ["""", null]]",중식
523,"['https://search.pstatic.net/common/?autoRotate=true&type=w560_sharpen&src=https%3A%2F%2Fnaverbooking-phinf.pstatic.net%2F20240913_148%2F1726218308473bRNO6_JPEG%2F20240913_174357.jpg', 'https://search.pstatic.net/common/?autoRotate=true&type=w278_sharpen&src=https%3A%2F%2Fnaverbooking-phinf.pstatic.net%2F20240913_273%2F1726218307701wnebg_JPEG%2F20240913_174647.jpg', 'https://search.pstatic.net/common/?autoRotate=true&type=w278_sharpen&src=https%3A%2F%2Fnaverbooking-phinf.pstatic.net%2F20240913_88%2F1726218307840tTirQ_JPEG%2F20240913_174640.jpg']","서울특별시 마포구 양화로1길 32 (합정동, 1층일부)",찐육개장,70.94,192028.4992,449762.1005,0507-1412-5255,수: 11:30 - 22:00; 목: 11:30 - 22:00; 금: 11:30 - 22:00; 토: 11:30 - 22:00; 일: 정기휴무 (매주 일요일); 월: 11:30 - 22:00; 화: 11:30 - 22:00,86,"['예약', '단체 이용 가능', '포장']",주차 가능,"['음식이 맛있어요', '친절해요', '재료가 신선해요', '가성비가 좋아요']",[],"[[""얼큰육개장"", 9000], [""소머리곰탕(보통)"", 10000], [""육개장 전골 (소)"", 27000]]",한식
524,"['https://search.pstatic.net/common/?autoRotate=true&type=w560_sharpen&src=https%3A%2F%2Fldb-phinf.pstatic.net%2F20210309_137%2F1615272606322hKAD3_JPEG%2FNjv9Ek1i0sdCytmF0LYdolt8.jpg', 'https://search.pstatic.net/common/?autoRotate=true&type=w278_sharpen&src=https%3A%2F%2Fldb-phinf.pstatic.net%2F20210309_265%2F1615272667638GIAJ2_JPEG%2FO_DnBlLONJip-Rxn7DpVTReP.jpg', 'https://search.pstatic.net/common/?autoRotate=true&type=w278_sharpen&src=https%3A%2F%2Fpup-review-phinf.pstatic.net%2FMjAyMzA2MTJfMTE2%2FMDAxNjg2NTU4NTgwNzYz.hQjDppbwTFXm_irKtSYIwmpIOnAMnDr4PlXc0S2LwVog.xZoU7szsKJAc4tKL7EGZZLu7enwsgs6t0qVPQkORl0Ug.JPEG%2F20230610_163305.jpg']","서울특별시 마포구 양화로1길 32 (합정동, 1층일부)",합정뒷고기,49.6,192028.4992,449762.1005,02-3144-7254,수: 16:30 - 23:00; 목: 16:30 - 23:00; 금: 16:30 - 23:00; 토: 16:30 - 23:00; 일: 정기휴무 (매주 일요일); 월: 16:30 - 23:00; 화: 16:30 - 23:00,156,"['예약', '단체 이용 가능']",,"['음식이 맛있어요', '친절해요', '가성비가 좋아요', '고기 질이 좋아요']",[],"[[""뒷고기 모듬한판"", 39000], [""삼겹셋트"", 45000], [""이베리코 흑돼지 모듬한판"", 49000], [""생삼겹"", 16000], [""가브리"", 16000], [""목덜미"", 16000], [""갈매기"", 16000], [""뽈"", 16000], [""콧등"", 16000], [""항정"", 16000], [""관자"", 16000], [""목살"", 17000], [""배받이"", 17000], [""갈비살"", 17000], [""업진"", 17000], [""이베리코 소세지"", 12000]]",한식
525,"['https://search.pstatic.net/common/?autoRotate=true&type=w560_sharpen&src=https%3A%2F%2Fldb-phinf.pstatic.net%2F20200427_211%2F15879955322605WPOj_JPEG%2F29TKUVn24YswFCwSazPD7iRl.jpg', 'https://search.pstatic.net/common/?autoRotate=true&type=w278_sharpen&src=https%3A%2F%2Fpup-review-phinf.pstatic.net%2FMjAyMjEyMjNfMTQ3%2FMDAxNjcxNzgyOTMwNzE1.GeHgRna3xOzbDS9ytCk0lzEtKCu3vyS2q-Nt38YMLu4g.oD3EGHO72vxOx2HLiimU_mqIgFuNs_aJUSYEqxyE67Eg.JPEG%2FScreenshot_20221223_170436_Samsung_Internet.jpg', 'https://search.pstatic.net/common/?autoRotate=true&type=w278_sharpen&src=https%3A%2F%2Fpup-review-phinf.pstatic.net%2FMjAyMjExMTZfMTMw%2FMDAxNjY4NTgwMTIwODY1.xdhliZQLZKARoenQ6YBC3OG8i6fosxKOd3wtuGWZoUAg.2sKcAQM9GZgP-7ujnGSGpJkE8pbIq8FYDyXoMA_v6Rgg.JPEG%2F20221115_190016.jpg']","서울특별시 마포구 월드컵로 35 (합정동, 1층)",버섯마루,109.0,192146.9016,450025.9482,02-702-5245,수: 11:00 - 21:30; 목: 11:00 - 21:30; 금: 11:00 - 21:30; 토: 11:00 - 21:30; 일: 11:00 - 21:30; 월: 정기휴무 (매주 월요일); 화: 11:00 - 21:30,219,[],,"['음식이 맛있어요', '재료가 신선해요', '친절해요', '양이 많아요']",[],"[[""모듬버섯해물샤브 (1인분)"", 29000], [""스페셜샤브 (1인분)"", 21000], [""버섯매운탕칼국수"", 13000], [""버섯만두전골"", 13000], [""뚝배기불고기"", 10000], [""알밥"", 9000], [""버섯샤브샤브 (1인분)"", 16000], [""버섯불고기 (1인분)"", 16000], [""모듬해물전골 (대)"", 72000], [""버섯해물전골 (중)"", 52000], [""버섯해물전골 (대)"", 59000], [""버섯불낙전골 (중)"", 50000], [""버섯불낙전골 (대)"", 57000], [""모듬해물찜 (대)"", 72000], [""버섯해물찜 (중)"", 52000], [""버섯해물찜 (대)"", 59000], [""버섯아구찜 (중)"", 52000], [""버섯아구찜 (대)"", 59000]]",한식
526,"['https://search.pstatic.net/common/?autoRotate=true&type=w560_sharpen&src=https%3A%2F%2Fldb-phinf.pstatic.net%2F20210627_146%2F1624780528816RhDo6_JPEG%2Fl_XPuKVjezIlYjyLzHgDIaMN.jpeg.jpg', 'https://search.pstatic.net/common/?autoRotate=true&type=w278_sharpen&src=https%3A%2F%2Fldb-phinf.pstatic.net%2F20210627_2%2F1624780535548fUOLb_JPEG%2FNsklDxob4xr0SMOqDCG-vW_w.jpeg.jpg', 'https://search.pstatic.net/common/?autoRotate=true&type=w278_sharpen&src=https%3A%2F%2Fldb-phinf.pstatic.net%2F20210627_56%2F16247805520036M4rW_JPEG%2FTLLkayzpPff7oLec3FqdQnJH.jpeg.jpg']","서울특별시 마포구 월드컵로3길 56, 1층 (합정동)",은하루,85.92,191945.2875,449754.0978,02-322-4508,수: 11:00 - 21:00; 목: 11:00 - 21:00; 금: 11:00 - 21:00; 토: 11:00 - 21:00; 일: 정기휴무 (매주 일요일); 월: 11:00 - 21:00; 화: 11:00 - 21:00,257,[],주차 가능,"['음식이 맛있어요', '재료가 신선해요', '친절해요', '특별한 메뉴가 있어요']",[],"[[""산동식닭고기냉채"", 15000], [""유니짜장"", 8000], [""짬뽕(밥)"", 10000], [""마파두부(중)"", 17000], [""탕수육(중)"", 19000], [""양장피(중)"", 20000], [""유산슬"", 32000], [""깐풍육"", 23000], [""마파두부(대)"", 28000], [""탕수육(대)"", 32000], [""양장피(대)"", 35000], [""팔보채"", 38000], [""칠리새우(6pc 중)"", 19000], [""칠리새우(12pc 대)"", 35000], [""신라탕"", 28000], [""짬뽕탕"", 20000]]",중식
527,"['https://search.pstatic.net/common/?autoRotate=true&type=w560_sharpen&src=https%3A%2F%2Fnaverbooking-phinf.pstatic.net%2F20240314_299%2F1710389664416nYDyE_JPEG%2FKakaoTalk_Photo_2023-12-22-22-06-33_004.jpeg', 'https://search.pstatic.net/common/?autoRotate=true&type=w278_sharpen&src=https%3A%2F%2Fnaverbooking-phinf.pstatic.net%2F20240314_71%2F1710389664224Ittb5_JPEG%2FKakaoTalk_Photo_2023-12-22-22-06-33_003.jpeg', 'https://search.pstatic.net/common/?autoRotate=true&type=w278_sharpen&src=https%3A%2F%2Fnaverbooking-phinf.pstatic.net%2F20240314_62%2F17103896632743Ow7t_JPEG%2FKakaoTalk_Photo_2023-12-22-22-06-34_006.jpeg']","서울특별시 마포구 성지1길 6 (합정동, 1층)",컬투치킨 합정사랑점,43.1,192308.8439,449551.5608,02-336-8999,수: 16:00 - 02:00; 목: 16:00 - 02:00; 금: 16:00 - 02:00; 토: 16:00 - 02:00; 일: 16:00 - 02:00; 월: 16:00 - 02:00; 화: 16:00 - 02:00,398,"['단체 이용 가능', '포장', '배달', '무선 인터넷', '예약']",주차 불가,"['음식이 맛있어요', '친절해요', '가성비가 좋아요', '재료가 신선해요']",[],"[[""오리지널 탕수육(소)"", 22000], [""양념 탕수육(소)"", 19000], [""간장마요 탕수육(소)"", 19000], [""화끈파닭"", 17000], [""순살파닭"", 19000]]",한식
528,"['https://search.pstatic.net/common/?autoRotate=true&type=w560_sharpen&src=https%3A%2F%2Fldb-phinf.pstatic.net%2F20180426_107%2F15247317937824JDp8_JPEG%2F5ztI5lnrq57ZPUbuZzdCTOGI.JPG.jpg', 'https://search.pstatic.net/common/?autoRotate=true&type=w278_sharpen&src=https%3A%2F%2Fldb-phinf.pstatic.net%2F20180426_35%2F15247317624500yWIM_JPEG%2FWF9ajYyvYJnmJhLgcOmJJLGY.JPG.jpg', 'https://search.pstatic.net/common/?autoRotate=true&type=w278_sharpen&src=https%3A%2F%2Fldb-phinf.pstatic.net%2F20180426_59%2F1524731855727ThBhj_JPEG%2FVz0TjTqTI8TFgB2Q54EENLWj.jpg']","서울특별시 마포구 독막로 27 (합정동, 지하1층)",깊은숲,125.45,192558.2575,449586.1524,0507-1410-6865,수: 18:00 - 01:00; 목: 18:00 - 01:00; 금: 18:00 - 02:00; 토: 17:00 - 02:00; 일: 17:00 - 24:00; 월: 정기휴무 (매주 월요일); 화: 18:00 - 01:00,248,"['예약', '무선 인터넷']",,"['술이 다양해요', '음식이 맛있어요', '대화하기 좋아요', '인테리어가 멋져요']",[],"[[""깊은숲"", 8000], [""뱀파이어"", 8000], [""영칼로리"", 8000], [""그의사과"", 8000], [""모히또"", 9000]]",양식
529,"['https://search.pstatic.net/common/?autoRotate=true&type=w560_sharpen&src=https%3A%2F%2Fldb-phinf.pstatic.net%2F20240813_46%2F1723517437972rbB5O_JPEG%2FIMG_0057.jpeg', 'https://search.pstatic.net/common/?autoRotate=true&type=w278_sharpen&src=https%3A%2F%2Fldb-phinf.pstatic.net%2F20240813_278%2F1723517437964360AT_JPEG%2FIMG_0055.jpeg', 'https://search.pstatic.net/common/?autoRotate=true&type=w278_sharpen&src=https%3A%2F%2Fldb-phinf.pstatic.net%2F20240802_253%2F17225718621821JDDa_JPEG%2FIMG_0023.jpeg']","서울특별시 마포구 독막로7길 6, 1층 (합정동)",유라유라,30.0,192744.5001,449547.379,0507-1351-3942,수: 17:30 - 24:00; 목: 17:30 - 24:00; 금: 17:30 - 01:00; 토: 17:30 - 01:00; 일: 정기휴무 (매주 일요일); 월: 17:30 - 24:00; 화: 17:30 - 24:00,280,"['콜키지 가능', '단체 이용 가능', '예약', '노키즈존', '포장', '무선 인터넷']",주차 불가,"['음식이 맛있어요', '대화하기 좋아요', '술이 다양해요', '기본 안주가 좋아요']","['단체석', '카운터석', '연인석', '바테이블', '1인석', '테라스']","[[""사시미2인"", 38000], [""대게내장파스타"", 19000], [""고로케"", 16000]]",양식
530,"['https://search.pstatic.net/common/?autoRotate=true&type=w560_sharpen&src=https%3A%2F%2Fldb-phinf.pstatic.net%2F20200525_170%2F1590415707791KrrR4_JPEG%2FjCZxJFYND4E9Fcmi8JI0FkNY.jpg', 'https://search.pstatic.net/common/?autoRotate=true&type=w278_sharpen&src=https%3A%2F%2Fpup-review-phinf.pstatic.net%2FMjAyMjA3MTFfMTMz%2FMDAxNjU3NTE5ODY2MTIz.wIfAxxAivPg-8u_CvItTuv8KzTg0TBtM2kesetvodkAg.g1qjLOmKCAc3Q5YjQIFa3Hf2LABxFA-v4SUldqEezTwg.JPEG%2Fupload_031ef607493000196bc4fff93828e146.jpeg', 'https://search.pstatic.net/common/?autoRotate=true&type=w278_sharpen&src=https%3A%2F%2Fpup-review-phinf.pstatic.net%2FMjAyMzA1MjFfMTU2%2FMDAxNjg0Njc0MDk4OTg0.eMtyEvynn4kxwiSCsmhAQoZLq1iRB8L-Psy9jKr03bsg.cHqfAJed-lwh8TZnOgeIIBtKIJprx76HQgFrfM70o-4g.JPEG%2FIMG_2399.jpeg']","서울특별시 마포구 월드컵로3길 28 (합정동, 1층)",푸줏간생고기,13.2,192079.6984,449799.9709,02-322-9285,수: 15:00 - 24:00; 목: 15:00 - 24:00; 금: 15:00 - 24:00; 토: 15:00 - 24:00; 일: 15:00 - 24:00; 월: 15:00 - 24:00,84,[],,"['음식이 맛있어요', '친절해요', '고기 질이 좋아요', '가성비가 좋아요']",[],"[[""김치생오겹살 (180g)"", 17000], [""김치생삼겹살 (180g)"", 17000], [""김치생목살 (180g)"", 17000], [""김치항정살 (150g)"", 19000], [""한우차돌박이 (150g)"", 25000], [""소갈비살 (150g)"", 18000], [""껍데기 (200g)"", 9000]]",양식
531,"['https://search.pstatic.net/common/?autoRotate=true&type=w560_sharpen&src=https%3A%2F%2Fldb-phinf.pstatic.net%2F20151224_141%2F1450939693666VLGIT_JPEG%2F167171553165695_0.jpeg', 'https://search.pstatic.net/common/?autoRotate=true&type=w278_sharpen&src=https%3A%2F%2Fldb-phinf.pstatic.net%2F20151224_182%2F1450939693745ojWJU_JPEG%2F167171553165695_1.jpeg', 'https://search.pstatic.net/common/?autoRotate=true&type=w278_sharpen&src=https%3A%2F%2Fldb-phinf.pstatic.net%2F20151224_34%2F1450939693813bvRER_JPEG%2F167171553165695_2.jpeg']","서울특별시 마포구 월드컵로1길 48 (합정동, 1층)",경성양꼬치,29.78,192002.3015,449664.7425,0507-1422-5780,수: 14:00 - 01:30; 목: 14:00 - 01:30; 금: 14:00 - 01:30; 토: 14:00 - 24:00; 일: 정기휴무 (매주 일요일); 월: 14:00 - 01:30; 화: 14:00 - 01:30,101,[],,"['음식이 맛있어요', '친절해요', '고기 질이 좋아요', '가성비가 좋아요']",[],"[[""양꼬치"", null], [""어깨갈비"", null], [""마라갈비"", null], [""고급 양갈비"", null], [""꿔바로우"", null], [""어향육사"", null], [""건두부볶음"", null], [""마파두부"", null], [""물만두"", null], [""옥수수 국수"", null], [""어향육사 덮밥"", null], [""냉면"", null], [""마파두부 덮밥"", null]]",한식
532,"['https://search.pstatic.net/common/?autoRotate=true&type=w560_sharpen&src=https%3A%2F%2Fldb-phinf.pstatic.net%2F20170612_185%2F1497235981392T0VcE_JPEG%2F186559553857653_0.jpeg', 'https://search.pstatic.net/common/?autoRotate=true&type=w278_sharpen&src=https%3A%2F%2Fldb-phinf.pstatic.net%2F20200131_137%2F1580471379789gVgyS_JPEG%2Fdy3JnzOxOGufUcD31HGi2-WR.jpg', 'https://search.pstatic.net/common/?autoRotate=true&type=w278_sharpen&src=https%3A%2F%2Fldb-phinf.pstatic.net%2F20200505_277%2F1588644756467GqJNj_JPEG%2FdCKM-glHSnfSxtoNsfLwFqfL.jpg']","서울특별시 마포구 독막로2길 12 (합정동, 1층)",옹달샘 합정 고깃집,42.0,192377.1259,449534.275,02-332-2440,,95,[],,"['음식이 맛있어요', '고기 질이 좋아요', '친절해요', '직접 잘 구워줘요']",[],"[[""제주 흑돼지 (반근)"", 28000], [""제주 백돼지 (반근)"", 23000], [""김치찌개"", 7000], [""꽁치김치찌개"", 7000], [""햄 김치찌개"", 7000], [""냉면"", 6000]]",한식
533,"['https://search.pstatic.net/common/?autoRotate=true&type=w560_sharpen&src=https%3A%2F%2Fldb-phinf.pstatic.net%2F20240812_28%2F1723422074426ilxyn_JPEG%2F%25B4%25D9%25BB%25E7%25B6%25FB_%25B4%25EB%25C7%25A5_%25B7%25CE%25B0%25ED.jpg', 'https://search.pstatic.net/common/?autoRotate=true&type=w278_sharpen&src=https%3A%2F%2Fldb-phinf.pstatic.net%2F20240812_191%2F1723422070879jxVv8_PNG%2F%25B4%25EB%25C7%25A5%25B9%25E8%25B3%25CA_1%25B9%25F8%25BB%25E7%25C1%25F8.png', 'https://search.pstatic.net/common/?autoRotate=true&type=w278_sharpen&src=https%3A%2F%2Fldb-phinf.pstatic.net%2F20240812_151%2F1723422066983N7ODP_PNG%2F%25B4%25EB%25C7%25A5%25B9%25E8%25B3%25CA_2%25B9%25F8%25BB%25E7%25C1%25F8.png']","서울특별시 마포구 월드컵로 53 (합정동, 1층)",다사랑치킨,69.3,192108.29,450194.4962,02-332-9244,수: 16:00 - 01:00; 목: 16:00 - 01:00; 금: 16:00 - 01:00; 토: 16:00 - 01:00; 일: 정기휴무 (매주 일요일); 월: 16:00 - 01:00; 화: 16:00 - 01:00,193,"['예약', '단체 이용 가능', '포장', '배달']",주차 불가,"['음식이 맛있어요', '매장이 넓어요', '친절해요', '단체모임 하기 좋아요']",[],"[[""닭강정"", 20000], [""러브스틱"", 22000], [""후라이드치킨"", 19000], [""양념치킨"", 20000], [""화살치킨"", 20000], [""순살 닭강정"", 21000], [""순살 패밀리세트"", 32000], [""윙스틱"", 22000], [""블랙버스터 치킨"", 21000], [""레드매직 치킨"", 21000], [""순살 치킨유린기"", 25000], [""순살 칠리치킨"", 25000], [""순살 블랙버스터 치킨"", 22000], [""3계천왕 세트"", 36000], [""트리플세트"", 21000], [""순살 트리플세트"", 22000]]",한식
534,"['https://search.pstatic.net/common/?autoRotate=true&type=w560_sharpen&src=https%3A%2F%2Fldb-phinf.pstatic.net%2F20240115_276%2F1705309954878Ezswb_JPEG%2F%25B6%25B1%25BA%25BA%25C0%25CC5%25C1%25BE%25BC%25BC%25C6%25AE2.jpg', 'https://search.pstatic.net/common/?autoRotate=true&type=w278_sharpen&src=https%3A%2F%2Fldb-phinf.pstatic.net%2F20240115_272%2F1705309966125XKGr9_JPEG%2F%25B6%25B1%25BA%25BA%25C0%25CC5%25C1%25BE%25BC%25BC%25C6%25AE1.jpg', 'https://search.pstatic.net/common/?autoRotate=true&type=w278_sharpen&src=https%3A%2F%2Fldb-phinf.pstatic.net%2F20240115_21%2F1705309960036YHxx6_JPEG%2F%25B8%25F0%25C3%25F7%25B3%25AA%25BA%25A3_%25282%2529.jpg']","서울특별시 마포구 포은로2가길 65, B동 1층 3호 (합정동)",쿠시로지,39.6,192007.9239,449700.5404,0507-1334-0749,수: 17:00 - 02:00; 목: 17:00 - 02:00; 금: 17:00 - 02:00; 토: 17:00 - 02:00; 일: 정기휴무 (매주 일요일); 월: 17:00 - 02:00; 화: 17:00 - 02:00,89,[],,"['음식이 맛있어요', '친절해요', '인테리어가 멋져요', '술이 다양해요']",[],"[[""염통꼬치(2pc)"", 3000], [""네기마꼬치"", 3500], [""무릎연골꼬치"", 3000], [""닭날개꼬치"", 3500], [""닭목살꼬치"", 3500], [""명란안심꼬치"", 3500], [""은행꼬치(2pc)"", 3000], [""가래떡꼬치(1pc)"", 3000], [""새송이버섯꼬치"", 2500], [""베이컨토마토꼬치"", 3500], [""베이컨파인애플꼬치"", 3000], [""베이컨꽈리고추꼬치"", 3500], [""베이컨치즈떡꼬치"", 3000], [""삼겹살꼬치"", 4000], [""팽이삼겹꼬치(2pc)"", 4000], [""소생갈비살꼬치"", 5000], [""이베리코늑간살꼬치"", 4000], [""야끼소바"", 15000], [""치킨가라아게"", 13000], [""쿠시카츠"", 16000], [""떡볶이&김말이"", 12000], ["""", null], ["""", null], ["""", null], ["""", null]]",한식
535,"['https://search.pstatic.net/common/?autoRotate=true&type=w560_sharpen&src=https%3A%2F%2Fldb-phinf.pstatic.net%2F20191221_251%2F1576919352659Uqn8L_JPEG%2FqTot1o6t_occw0Xwxg65NX7O.jpg', 'https://search.pstatic.net/common/?autoRotate=true&type=w278_sharpen&src=https%3A%2F%2Fldb-phinf.pstatic.net%2F20191221_27%2F1576919361389eOxKT_JPEG%2FzR57kA7tBwtU56Rq0TGftjle.jpg', 'https://search.pstatic.net/common/?autoRotate=true&type=w278_sharpen&src=https%3A%2F%2Fldb-phinf.pstatic.net%2F20191221_158%2F15769193680896mu2d_JPEG%2F1L0oDjvBNLxKRHpOVtVzl4K7.jpg']","서울특별시 마포구 포은로 29-1 (합정동, 1층)",콩청대,83.64,191785.863,449797.0947,0507-1361-4434,수: 11:00 - 21:30; 목: 11:00 - 21:30; 금: 11:00 - 21:30; 토: 11:00 - 21:30; 일: 정기휴무 (매주 일요일); 월: 11:00 - 21:30; 화: 11:00 - 21:30,371,[],,"['음식이 맛있어요', '친절해요', '재료가 신선해요', '특별한 메뉴가 있어요']",[],"[[""하양순두부"", 10000], [""빨강순두부"", 11000], [""콩비지찌개"", 10000], [""손만두"", 12000], [""두부김치전골"", 13000], [""청국장순두부"", 11000], [""얼큰별난뚝배기"", 11000], [""황태만두전골"", 15000], [""수육정식"", 15000], [""두부지지미"", 13000], [""두부김치"", 22000], [""도마수육"", 26000], [""해물파전"", 21000]]",한식
536,"['https://search.pstatic.net/common/?autoRotate=true&type=w560_sharpen&src=https%3A%2F%2Fldb-phinf.pstatic.net%2F20241125_109%2F1732544168052VV9Sx_JPEG%2F1000004906.jpg', 'https://search.pstatic.net/common/?autoRotate=true&type=w278_sharpen&src=https%3A%2F%2Fldb-phinf.pstatic.net%2F20241119_29%2F1731944662265jHkKD_JPEG%2F20240828_222540.jpg', 'https://search.pstatic.net/common/?autoRotate=true&type=w278_sharpen&src=https%3A%2F%2Fldb-phinf.pstatic.net%2F20241119_252%2F1732024012144EO8SE_JPEG%2F1000004858.jpg']","서울특별시 마포구 월드컵로3길 44, 1층 (합정동)",카즈,87.62,191992.6557,449791.8556,0507-1323-1634,수: 17:30 - 01:00; 목: 17:30 - 01:00; 금: 17:30 - 01:00; 토: 17:30 - 01:00; 일: 정기휴무 (매주 일요일); 월: 17:30 - 01:00; 화: 17:30 - 01:00,157,"['콜키지 가능', '예약']",주차 불가,"['음식이 맛있어요', '친절해요', '대화하기 좋아요', '술이 다양해요']",[],"[[""오도로 (참다랑어 뱃살)"", 30000], [""메로 된장구이"", 22000], [""도미머리 조림"", 25000], [""에비후라이"", 16000], [""나가사키짬뽕"", 20000]]",일식
537,"['https://search.pstatic.net/common/?autoRotate=true&type=w560_sharpen&src=https%3A%2F%2Fldb-phinf.pstatic.net%2F20190115_220%2F154752164075503eVj_JPEG%2FLmTTcoRQQgDMPvuV7qNrTwZl.jpeg.jpg', 'https://search.pstatic.net/common/?autoRotate=true&type=w278_sharpen&src=https%3A%2F%2Fldb-phinf.pstatic.net%2F20200525_47%2F1590414377270CwQyY_JPEG%2FPJskBYh_9XdZo7KfbH8bBRO3.jpg', 'https://search.pstatic.net/common/?autoRotate=true&type=w278_sharpen&src=https%3A%2F%2Fpup-review-phinf.pstatic.net%2FMjAyMzA3MDVfMTY2%2FMDAxNjg4NTM0ODg0MDU3.9AmZrBVRLts-e2hAEYvxH4VEy8SmNbLzt2VgCF-hFf4g.zSg4JwSdNCF91GNE2XRLEDHFdmdXOr1qpvmAox-wiC8g.JPEG%2F20230702_134435.jpg']","서울특별시 마포구 양화로3길 23, 1층 (합정동)",지리산어탕국수,83.64,192096.6332,449748.2509,02-333-7794,,205,['단체 이용 가능'],,"['음식이 맛있어요', '특별한 메뉴가 있어요', '양이 많아요', '가성비가 좋아요']",[],"[[""어탕밥"", 9000], [""어탕국수"", 9000], [""다슬기탕"", 12000], [""다슬기국수"", 12000], [""빠가매운탕"", 50000], [""메기매운탕"", 50000], [""잡어매운탕"", 50000], [""빠가메기탕"", 65000], [""우렁이탕"", 10000], [""우렁이국슈"", 10000], [""우렁이국수"", 10000]]",한식
538,"['https://search.pstatic.net/common/?autoRotate=true&type=w560_sharpen&src=https%3A%2F%2Fldb-phinf.pstatic.net%2F20200412_106%2F15866987079283GUhW_JPEG%2FdWVJG2GATqZnt3mEzJ1KCuAQ.jpg', 'https://search.pstatic.net/common/?autoRotate=true&type=w278_sharpen&src=https%3A%2F%2Fldb-phinf.pstatic.net%2F20200512_145%2F1589280359633FlBSm_JPEG%2F5RjtGk6ZkCZAdf90EIpmkyEe.jpg', 'https://search.pstatic.net/common/?autoRotate=true&type=w278_sharpen&src=https%3A%2F%2Fldb-phinf.pstatic.net%2F20200621_257%2F1592745132776b7JvM_PNG%2Fu-Xd0QyKbsLZXhL-Y2jxjAoC.png']","서울특별시 마포구 양화로 36 (합정동, 1층)",합정조이떡볶이,40.0,192271.5048,449586.0601,02-2691-5480,수: 11:30 - 21:00; 목: 11:30 - 21:00; 금: 11:30 - 21:00; 토: 12:00 - 20:00; 일: 12:00 - 19:30; 월: 11:30 - 21:00; 화: 11:30 - 21:00,648,"['배달', '포장', '무선 인터넷']",,"['음식이 맛있어요', '가성비가 좋아요', '친절해요', '양이 많아요']",[],"[[""떡볶이"", 4000], [""순대"", 5000], [""원조김밥"", 4000], [""오징어튀김 (한접시)"", 3000], [""오뎅떡볶이 (밀)"", 5000], [""쌀떡볶이"", 5000], [""오뎅쌀떡볶이"", 6000], [""김말이튀김 (2개)"", 1500], [""만두튀김 (2개)"", 1000], [""고구마튀김 (2개)"", 1500], [""오뎅 (1개)"", 1000], [""라면"", 4000], [""계란"", 800]]",양식
539,"['https://search.pstatic.net/common/?autoRotate=true&type=w560_sharpen&src=https%3A%2F%2Fldb-phinf.pstatic.net%2F20201227_176%2F1609050307766QHdxn_JPEG%2F9XHk8K8r7ULHl4dCjgowFXYp.JPG.jpg', 'https://search.pstatic.net/common/?autoRotate=true&type=w278_sharpen&src=https%3A%2F%2Fldb-phinf.pstatic.net%2F20201227_27%2F1609050278072I5xz7_JPEG%2FVzaI7t4M5YgVctItFB-jW_jv.JPG.jpg', 'https://search.pstatic.net/common/?autoRotate=true&type=w278_sharpen&src=https%3A%2F%2Fldb-phinf.pstatic.net%2F20201227_99%2F1609050393709KCzSy_JPEG%2FsiA4oyww8VB-7eJXau_l7ZSt.JPG.jpg']","서울특별시 마포구 월드컵로3길 31-32 (합정동, 1층)",돌황소곱창,82.5,192058.5031,449729.6324,02-713-9903,수: 15:30 - 23:00; 목: 15:30 - 23:00; 금: 15:30 - 23:00; 토: 15:30 - 23:00; 일: 15:30 - 22:00; 월: 15:30 - 23:00; 화: 15:30 - 23:00,734,"['단체 이용 가능', '예약', '포장', '무선 인터넷']",,"['음식이 맛있어요', '친절해요', '재료가 신선해요', '양이 많아요']",[],"[[""돌모듬"", 21000], [""곱창"", 22000], [""대창"", 21000], [""막창"", 21000], [""염통"", 15000], [""특양"", 25000], [""홍창"", 21000]]",한식
540,"['https://search.pstatic.net/common/?autoRotate=true&type=w560_sharpen&src=https%3A%2F%2Fldb-phinf.pstatic.net%2F20200508_172%2F1588866082855RAI6l_JPEG%2Fkbs_it1u7HSsM5Z4qwfVaVPH.jpg', 'https://search.pstatic.net/common/?autoRotate=true&type=w278_sharpen&src=https%3A%2F%2Fldb-phinf.pstatic.net%2F20200728_98%2F15959390095871jObP_JPEG%2F4w4qDZ3Ci3BH_LMoXdCBC0R3.jpg', 'https://search.pstatic.net/common/?autoRotate=true&type=w278_sharpen&src=https%3A%2F%2Fpup-review-phinf.pstatic.net%2FMjAyMzA3MDlfMTQ4%2FMDAxNjg4ODQzMzg5NDk1.ZE7qQ2xgpdv_tpwFLQJ4_QR3VwNzB0tRDRD9Eq8lqBAg.LpA1k7z_IwY91zaQNX2RDExFxZI5Ej2H2Jwrusj0MG8g.JPEG%2F20230709_030418.jpg']","서울특별시 마포구 독막로 49, 1층 (합정동)",합정생고기김치찌개,66.25,192756.9956,449537.3799,02-334-8895,,181,[],,"['음식이 맛있어요', '가성비가 좋아요', '친절해요', '양이 많아요']",[],"[[""생고기 김치찌개"", 9000], [""제육볶음"", 9000], [""돼지불백"", 9000], [""오징어볶음"", 9000], [""수제돈까스"", 9000], [""김치 생삼겹살 (200g)"", 15000], [""생고기 김치전골 (중)"", 28000]]",한식
541,"['https://search.pstatic.net/common/?autoRotate=true&type=w560_sharpen&src=https%3A%2F%2Fldb-phinf.pstatic.net%2F20231013_185%2F1697180645472TFSP7_JPEG%2FKakaoTalk_20231013_153141995_07.jpg', 'https://search.pstatic.net/common/?autoRotate=true&type=w278_sharpen&src=https%3A%2F%2Fldb-phinf.pstatic.net%2F20231013_92%2F1697179097226R7uCb_JPEG%2FKakaoTalk_20231013_153141995_06.jpg', 'https://search.pstatic.net/common/?autoRotate=true&type=w278_sharpen&src=https%3A%2F%2Fldb-phinf.pstatic.net%2F20231025_221%2F1698235772152z0Tsr_JPEG%2F7.jpg']","서울특별시 마포구 월드컵로1길 7 (합정동,1F)",퓨전,22.32,192198.2389,449689.2445,02-335-4764,수: 18:30 - 01:00; 목: 18:30 - 01:00; 금: 18:30 - 01:00; 토: 18:30 - 01:00; 일: 정기휴무 (매주 일요일); 월: 18:30 - 01:00; 화: 18:30 - 01:00,153,[],,"['음식이 맛있어요', '술이 다양해요', '가성비가 좋아요', '친절해요']",[],"[[""메로구이"", null], [""병어 미소야끼"", null], [""은대구 미소야끼"", null], [""옥돔구이"", null], [""숙성 사시미"", null]]",한식
542,"['https://search.pstatic.net/common/?autoRotate=true&type=w560_sharpen&src=https%3A%2F%2Fldb-phinf.pstatic.net%2F20240926_227%2F1727325274258IOVkQ_PNG%2F%25BD%25BA%25C5%25A9%25B8%25B0%25BC%25A6_2024-08-30_124928.png', 'https://search.pstatic.net/common/?autoRotate=true&type=w278_sharpen&src=https%3A%2F%2Fldb-phinf.pstatic.net%2F20240926_244%2F1727325274319o3UnB_PNG%2F%25BD%25BA%25C5%25A9%25B8%25B0%25BC%25A6_2024-08-30_124442.png', 'https://search.pstatic.net/common/?autoRotate=true&type=w278_sharpen&src=https%3A%2F%2Fldb-phinf.pstatic.net%2F20240926_123%2F17273252742956A1pe_PNG%2F%25BD%25BA%25C5%25A9%25B8%25B0%25BC%25A6_2024-08-30_125035.png']","서울특별시 마포구 월드컵로1길 17, 1층 (합정동)",양화정,182.92,192153.9894,449685.5129,02-323-5777,수: 11:30 - 22:30; 목: 11:30 - 22:30; 금: 11:30 - 22:30; 토: 11:30 - 22:30; 일: 11:30 - 22:30; 월: 11:30 - 22:30; 화: 11:30 - 22:30,552,"['콜키지 가능', '단체 이용 가능', '포장', '무선 인터넷', '예약', '유아의자', '장애인 주차구역']",무료 주차 가능,"['음식이 맛있어요', '친절해요', '고기 질이 좋아요', '매장이 넓어요']","['룸', '단체석', '입식']","[[""한돈양념구이 (250g)"", 20000], [""한우육회 (200g)"", 35000], [""갈비탕"", 12000], [""소 양념갈비 (230g)"", 27000], [""소 생갈비 (200g)"", 29000], [""육개장"", 10000], [""갈비우거지탕"", 10000], [""함흥물냉면"", 9000], [""함흥비빔냉면"", 9000]]",한식
543,"['https://search.pstatic.net/common/?autoRotate=true&type=w560_sharpen&src=https%3A%2F%2Fldb-phinf.pstatic.net%2F20240921_178%2F1726881357208BJRpY_JPEG%2FIMG_5433.jpeg', 'https://search.pstatic.net/common/?autoRotate=true&type=w278_sharpen&src=https%3A%2F%2Fldb-phinf.pstatic.net%2F20240921_112%2F1726881355378DkllI_JPEG%2F36BAE029-0736-4925-954D-C7A4E63E2573.jpeg', 'https://search.pstatic.net/common/?autoRotate=true&type=w278_sharpen&src=https%3A%2F%2Fldb-phinf.pstatic.net%2F20240921_229%2F1726881355525kUChL_JPEG%2F2BF85E3E-EE1C-4C37-B3C3-8F21ADA40437.jpeg']","서울특별시 마포구 포은로 48 (합정동,1층)",스미비클럽,66.0,191719.3606,449951.8428,0507-1390-9010,수: 17:00 - 24:00; 목: 17:00 - 24:00; 금: 17:00 - 01:00; 토: 17:00 - 01:00; 일: 17:00 - 23:00; 월: 17:00 - 24:00; 화: 17:00 - 24:00,165,"['콜키지 가능', '예약', '무선 인터넷', '반려동물 동반']",주차 불가,"['음식이 맛있어요', '친절해요', '인테리어가 멋져요', '특별한 메뉴가 있어요']","['단체석', '카운터석', '바테이블', '1인석']","[[""오마카세"", 25000]]",양식
544,"['https://search.pstatic.net/common/?autoRotate=true&type=w560_sharpen&src=https%3A%2F%2Fldb-phinf.pstatic.net%2F20200102_34%2F1577957193007kSyJD_JPEG%2FI0wb30LkGhXPoevhVEJzNEzx.JPG.jpg', 'https://search.pstatic.net/common/?autoRotate=true&type=w278_sharpen&src=https%3A%2F%2Fldb-phinf.pstatic.net%2F20191010_40%2F1570677917327yIgur_JPEG%2FkERH3g_j_fqbZnKSaZXb6_JZ.jpg', 'https://search.pstatic.net/common/?autoRotate=true&type=w278_sharpen&src=https%3A%2F%2Fldb-phinf.pstatic.net%2F20221214_247%2F1670994612821La6PS_JPEG%2FIMG_4381.JPG']","서울특별시 마포구 월드컵로 37 (합정동,1층  106호.107호)",숯닭,68.21,192124.1188,450005.6149,02-336-4261,,89,"['단체 이용 가능', '포장']",주차 가능,"['음식이 맛있어요', '친절해요', '가성비가 좋아요', '재료가 신선해요']",[],"[[""숯불닭갈비"", 12000], [""양념삼겹살(200g)"", 13000], [""주먹고기(200g)"", 12000], [""감자전"", 10000], [""오꼬노미야끼"", 18000]]",주점
546,"['https://search.pstatic.net/common/?autoRotate=true&type=w560_sharpen&src=https%3A%2F%2Fldb-phinf.pstatic.net%2F20240328_261%2F1711601902327yE1Lv_PNG%2FKakaoTalk_20240327_095022787.png', 'https://search.pstatic.net/common/?autoRotate=true&type=w278_sharpen&src=https%3A%2F%2Fldb-phinf.pstatic.net%2F20220629_128%2F1656478639812U5pMQ_JPEG%2F0.%25C8%25A3%25B0%25E8%25BD%25C4_05.jpg', 'https://search.pstatic.net/common/?autoRotate=true&type=w278_sharpen&src=https%3A%2F%2Fldb-phinf.pstatic.net%2F20220629_42%2F16564786340038aiW8_PNG%2Fho_out.png']","서울특별시 마포구 동교로 40 (합정동, 1층일부)",호계식,39.0,191689.4933,450030.0432,0507-1398-0564,수: 11:30 - 20:30; 목: 11:30 - 20:30; 금: 11:30 - 20:30; 토: 11:30 - 20:30; 일: 정기휴무 (매주 일요일); 월: 11:30 - 20:30; 화: 11:30 - 20:30,242,"['포장', '배달']",,"['음식이 맛있어요', '혼밥하기 좋아요', '친절해요', '양이 많아요']",[],"[[""닭온반 (보통)"", 10500], [""닭온반 (특)"", 13500], [""얼큰닭온반 (보통)"", 11500], [""닭국수"", 10500], [""얼큰닭국수"", 11500], [""달콤간장덮밥"", 11500], [""얼큰닭온반(특)"", 14500], [""유린기"", 7000]]",한식
547,"['https://search.pstatic.net/common/?autoRotate=true&type=w560_sharpen&src=https%3A%2F%2Fldb-phinf.pstatic.net%2F20180525_218%2F1527232381800tIcPR_JPEG%2FS-kZ0xN82LzIUpVq9sHLCl7E.jpg', 'https://search.pstatic.net/common/?autoRotate=true&type=w278_sharpen&src=https%3A%2F%2Fldb-phinf.pstatic.net%2F20200525_29%2F1590415082344EiSKt_JPEG%2F2rh4_iuHA-hLVzdbgLmNZEPA.jpg', 'https://search.pstatic.net/common/?autoRotate=true&type=w278_sharpen&src=https%3A%2F%2Fpup-review-phinf.pstatic.net%2FMjAyMjExMThfMTIx%2FMDAxNjY4NzAzMDgwOTQy.ZUBKjyIaCqo5gyBFXD7nuTjIfqZIjfJVrXqtbPKniHUg.Yj_hSOjHy3NgGJITUhH6VOlfCv2IAFMC2SZuSI_s4Kwg.JPEG%2FC20ABBA1-24AD-4A1D-853D-B70810A53C49.jpeg']","서울특별시 마포구 월드컵로3길 31-38 (합정동,1층)",무교동낙지,80.1,192063.9773,449706.7781,02-3142-3379,,100,[],,"['음식이 맛있어요', '가성비가 좋아요', '친절해요', '재료가 신선해요']",[],"[[""산낙지볶음 (소)"", 28000], [""산낙지철판 (1인)"", 17000], [""산낙지전골 (소)"", 33000], [""낙지볶음 (소)"", 18000], [""낙지철판 (1인)"", 12000]]",한식
548,"['https://search.pstatic.net/common/?autoRotate=true&type=w560_sharpen&src=https%3A%2F%2Fldb-phinf.pstatic.net%2F20161021_152%2F1477027689250sEv8S_JPEG%2F176971545826686_0.jpeg', 'https://search.pstatic.net/common/?autoRotate=true&type=w278_sharpen&src=https%3A%2F%2Fldb-phinf.pstatic.net%2F20161021_75%2F14770276894174hAY6_JPEG%2F176971545826686_1.jpeg', 'https://search.pstatic.net/common/?autoRotate=true&type=w278_sharpen&src=https%3A%2F%2Fldb-phinf.pstatic.net%2F20161021_174%2F14770276894784nNa0_JPEG%2F176971545826686_2.jpeg']","서울특별시 마포구 양화로6길 54 (합정동, 2층)",필참치,98.64,192612.8214,449596.3539,02-3142-3700,수: 11:30 - 23:00; 목: 11:30 - 23:00; 금: 11:30 - 23:00; 토: 17:30 - 23:00; 일: 정기휴무 (매주 일요일); 월: 11:30 - 23:00; 화: 11:30 - 23:00,157,"['예약', '단체 이용 가능', '무선 인터넷', '포장']",주차 가능,[],[],"[[""오늘에 초밥(12ps)"", 10000], [""특 초밥(12ps)"", 15000], [""참치초밥(12ps)"", 15000], [""광어초밥(12ps)"", 15000], [""연어 초밥(12ps)"", 12000], [""도로(뱃살)(10ps)"", 30000], [""회 덮밥"", 6000], [""광어덮밥"", 13000], [""연어덮밥"", 10000], [""장어덮밥"", 15000], [""대구탕"", 7000], [""대구지리"", 7000], [""알탕"", 7000], [""우동정식"", 7000], [""특정식"", 23000], [""스페셜"", 28000], [""특스페셜"", 38000], [""실장스페셜"", 55000], [""필스페셜"", 75000]]",한식
549,"['https://search.pstatic.net/common/?autoRotate=true&type=w560_sharpen&src=https%3A%2F%2Fldb-phinf.pstatic.net%2F20171031_19%2F1509434540300Y4dmC_JPEG%2FSx-zpIu5px9LmVpyj9mqLcft.jpg', 'https://search.pstatic.net/common/?autoRotate=true&type=w278_sharpen&src=https%3A%2F%2Fldb-phinf.pstatic.net%2F20180620_284%2F1529460480599sXBwW_JPEG%2FRhF6ZNwtN0np4BPBJw04UjeU.jpg', 'https://search.pstatic.net/common/?autoRotate=true&type=w278_sharpen&src=https%3A%2F%2Fldb-phinf.pstatic.net%2F20180620_192%2F15294604810027oyo3_JPEG%2F6Fp6uQO_rzLDKYiecWJpwBKP.jpg']","서울특별시 마포구 월드컵로3길 31-5 (합정동, 지층)",합정숯불갈비,37.71,192069.4312,449760.9364,0507-1447-8482,수: 13:00 - 23:00; 목: 13:00 - 23:00; 금: 13:00 - 23:00; 토: 정기휴무 (매주 토요일); 일: 13:00 - 23:00; 월: 13:00 - 23:00; 화: 13:00 - 23:00,84,"['무선 인터넷', '예약', '단체 이용 가능']",주차 불가,"['음식이 맛있어요', '친절해요', '가성비가 좋아요', '재료가 신선해요']",[],"[[""돼지양념갈비(250g)"", 14000], [""돼지생갈비(200g)"", 14000], [""소갈비살(150g)"", 14000], [""생삼겹살(180g)"", 14000], [""옛날불고기"", 8500], [""삼겹불고기"", 8500], [""불고기돌솥비빔밥"", 8000], [""생고기김치찌개"", 8000], [""해물된장찌개"", 8000]]",한식
550,"['https://search.pstatic.net/common/?autoRotate=true&type=w560_sharpen&src=https%3A%2F%2Fnaverbooking-phinf.pstatic.net%2F20221013_123%2F1665636886870NKHnO_JPEG%2Fimage.jpg', 'https://search.pstatic.net/common/?autoRotate=true&type=w278_sharpen&src=https%3A%2F%2Fnaverbooking-phinf.pstatic.net%2F20221013_291%2F166563690347450f3S_JPEG%2Fimage.jpg', 'https://search.pstatic.net/common/?autoRotate=true&type=w278_sharpen&src=https%3A%2F%2Fnaverbooking-phinf.pstatic.net%2F20221013_33%2F1665636912654bET2r_JPEG%2Fimage.jpg']","서울특별시 마포구 성지길 27 (합정동,1층)",백미향,149.48,192279.1031,449456.6979,02-312-8253,수: 11:00 - 21:30; 목: 11:00 - 21:30; 금: 11:00 - 21:30; 토: 11:00 - 21:30; 일: 정기휴무 (매주 일요일); 월: 11:00 - 21:30; 화: 11:00 - 21:30,255,"['예약', '단체 이용 가능', '포장', '배달']",,"['음식이 맛있어요', '친절해요', '가성비가 좋아요', '재료가 신선해요']",[],"[[""백미향탕수육"", 20000], [""어향가지"", 30000], [""삼선짬뽕"", 11000], [""짜장면"", 8000], [""팔보채"", 40000], [""차돌짬뽕"", 11000], [""레몬탕수육"", 19000], [""유린기"", 22000]]",중식
551,"['https://search.pstatic.net/common/?autoRotate=true&type=w560_sharpen&src=https%3A%2F%2Fldb-phinf.pstatic.net%2F20180822_76%2F15349017185022NMxQ_JPEG%2FS58HYNYKll0jj3YeH8r3Og2Y.jpg', 'https://search.pstatic.net/common/?autoRotate=true&type=w278_sharpen&src=https%3A%2F%2Fpup-review-phinf.pstatic.net%2FMjAyMzAzMTNfMTMy%2FMDAxNjc4NjM1Mjg1OTU2.NMZU64WgOXfYe-nfOuLm60obs2b02nvpiJr-Tt-Nnmog.K0tkoCLEFLvtpycpxBQfzq_x80031TIoL1tthd2eSp4g.JPEG%2FE0130D3A-AA77-483D-B7B9-3F045F627618.jpeg', 'https://search.pstatic.net/common/?autoRotate=true&type=w278_sharpen&src=https%3A%2F%2Fpup-review-phinf.pstatic.net%2FMjAyMzEwMDFfODcg%2FMDAxNjk2MTQ4NTcxMzYw.JAYqEEc2UixWjUgEfg8Dy3h_1X12-4U-A_HRp7FYun8g.PIUZQQKhQfsK6Vc4VQxdsQkfCgXlt_k7ODawHcyK3TUg.JPEG%2F20231001_154720.jpg']","서울특별시 마포구 동교로 24 (합정동, 1층 일부)",엄마손생선구이,55.0,191560.1346,449977.0341,02-332-9235,,194,[],주차 가능,"['음식이 맛있어요', '가성비가 좋아요', '친절해요', '혼밥하기 좋아요']",[],"[[""모듬생선구이"", 25000], [""갈치구이"", 13000], [""오징어볶음"", 11000], [""제육볶음"", 11000]]",한식
552,"['https://search.pstatic.net/common/?autoRotate=true&type=w560_sharpen&src=https%3A%2F%2Fldb-phinf.pstatic.net%2F20150831_195%2F14409890566614AWnM_JPEG%2FSUBMIT_1413976712055_17920692.jpg', 'https://search.pstatic.net/common/?autoRotate=true&type=w278_sharpen&src=https%3A%2F%2Fldb-phinf.pstatic.net%2F20150831_122%2F1440989056870Ny2o5_JPEG%2FSUBMIT_1413976658600_17920692.jpg', 'https://search.pstatic.net/common/?autoRotate=true&type=w278_sharpen&src=https%3A%2F%2Fpup-review-phinf.pstatic.net%2FMjAyMjA3MTlfMTMg%2FMDAxNjU4MTYxNDI3MjIy.pPP-1F35cqRAJMBl2KGEXEpdQFEWV2OjOVOlhQMSnOYg.yJ9scMowjS5gHLUS6DoBl_DkyXtIhi3iS503CD9s7LUg.JPEG%2Fupload_b9a0cdf2c7712abd32251b087287730b.jpeg']","서울특별시 마포구 독막로3길 6, 지1층 (합정동)",비앤비,64.8,192561.8152,449599.4637,02-722-1254,,106,['무선 인터넷'],,"['술이 다양해요', '친절해요', '대화하기 좋아요', '음식이 맛있어요']",[],[],양식
553,"['https://search.pstatic.net/common/?autoRotate=true&type=w560_sharpen&src=https%3A%2F%2Fldb-phinf.pstatic.net%2F20240401_122%2F1711952197344Yt5EL_JPEG%2F1711951986161.jpg', 'https://search.pstatic.net/common/?autoRotate=true&type=w278_sharpen&src=https%3A%2F%2Fldb-phinf.pstatic.net%2F20240401_68%2F1711952173759Vio6k_JPEG%2F1711951986110.jpg', 'https://search.pstatic.net/common/?autoRotate=true&type=w278_sharpen&src=https%3A%2F%2Fldb-phinf.pstatic.net%2F20240401_218%2F1711952161761arfwb_JPEG%2F1711951986013.jpg']","서울특별시 마포구 포은로 11 (합정동, 1층일부)",미삼,33.25,191908.5046,449666.7911,0507-1399-1892,수: 17:00 - 23:00; 목: 17:00 - 23:00; 금: 17:00 - 23:00; 토: 17:00 - 23:00; 일: 정기휴무 (매주 일요일); 월: 17:00 - 23:00; 화: 17:00 - 23:00,351,"['콜키지 가능', '콜키지 가능', '예약', '포장', '단체 이용 가능', '무선 인터넷', '반려동물 동반']",,"['음식이 맛있어요', '특별한 메뉴가 있어요', '친절해요', '고기 질이 좋아요']",['좌식'],"[[""화이트 불"", 11000], [""더티 마더"", 10000], [""더티 화이트 마더"", 10000], [""스팅어"", 10000]]",한식
554,"['https://search.pstatic.net/common/?autoRotate=true&type=w560_sharpen&src=https%3A%2F%2Fldb-phinf.pstatic.net%2F20200511_131%2F1589208743635TvdHW_JPEG%2FGiFnB0VPvGoehyzk5oWmq8fv.jpg', 'https://search.pstatic.net/common/?autoRotate=true&type=w278_sharpen&src=https%3A%2F%2Fldb-phinf.pstatic.net%2F20200227_31%2F1582791107093cOeHc_JPEG%2FgnwaMvswu3mNZNjF4A7MKhaF.jpeg.jpg', 'https://search.pstatic.net/common/?autoRotate=true&type=w278_sharpen&src=https%3A%2F%2Fldb-phinf.pstatic.net%2F20240402_55%2F1712023815928MpoJD_JPEG%2F1000006772.jpg']","서울특별시 마포구 독막로 54 (합정동,1층 일부)",코리아식당,29.4,192792.8417,449498.1117,02-325-8118,수: 08:00 - 21:00; 목: 08:00 - 21:00; 금: 08:00 - 21:00; 토: 08:00 - 21:00; 일: 정기휴무 (매주 일요일); 월: 08:00 - 21:00; 화: 08:00 - 21:00,302,[],,"['음식이 맛있어요', '친절해요', '재료가 신선해요', '가성비가 좋아요']",[],"[[""바버리 코스트"", 9000], [""옐로우 버드 - 노랑새"", 10000], [""블루 버드 - 파랑새"", 9000]]",한식
555,"['https://search.pstatic.net/common/?autoRotate=true&type=w560_sharpen&src=https%3A%2F%2Fldb-phinf.pstatic.net%2F20200525_39%2F15904128420003EMxr_JPEG%2FBXMFRmBs6XkDBDTft4hb9RzM.jpg', 'https://search.pstatic.net/common/?autoRotate=true&type=w278_sharpen&src=https%3A%2F%2Fpup-review-phinf.pstatic.net%2FMjAyMjEyMDhfMjQ4%2FMDAxNjcwNDg4OTAyOTMz.t9soi12g_Mb4ESKvhVh_FZYb3oZO3yafxmhKfSToHs0g.DveQCS5VGxuXOD2-jdePlhU5QUgiCLluXFPIHtFJmjIg.JPEG%2F6B8F4CD7-E845-47E6-902A-BAFF512725E2.jpeg', 'https://search.pstatic.net/common/?autoRotate=true&type=w278_sharpen&src=https%3A%2F%2Fpup-review-phinf.pstatic.net%2FMjAyNDAxMjJfMjE0%2FMDAxNzA1OTI5MTI0ODU3.wnh7S-yCc1GtPq_8DENNgJ-6Fm-Yp0SCOSVH3AXkm4cg.E9Y2ae_O7geUlZ-adeix62VkTyJFGQP0jIxRtLSjG-gg.JPEG%2F4430B538-E6B5-4F76-9EEF-2A0583A95B72.jpeg']","서울특별시 마포구 월드컵로1길 52 (합정동,1층)",오뎅바,33.0,191993.018,449655.8231,,,106,[],,"['음식이 맛있어요', '특별한 메뉴가 있어요', '친절해요', '가성비가 좋아요']",[],"[[""애플마티니"", 10000], [""해적펀치"", 9000], [""말리부 펀치"", 9000], [""비숍"", 10000]]",한식
556,"['https://search.pstatic.net/common/?autoRotate=true&type=w560_sharpen&src=https%3A%2F%2Fldb-phinf.pstatic.net%2F20200516_161%2F1589557265739UlkK0_JPEG%2Fzwnlu80WDVENVF0a09zxbUBF.jpg', 'https://search.pstatic.net/common/?autoRotate=true&type=w278_sharpen&src=https%3A%2F%2Fpup-review-phinf.pstatic.net%2FMjAyMzAyMjhfMTE5%2FMDAxNjc3NTkwNzkyMzk5.BOJvlYt65knsr6kLSP16LKUfOkTUdpeUc1_6e0P28UEg.e6r4Smvrjdrcu-zeEk5mSThiaiymSCHXmfuq5y1u_Wwg.JPEG%2F905E6B76-B8ED-41DC-85BE-1BFE095D40B6.jpeg', 'https://search.pstatic.net/common/?autoRotate=true&type=w278_sharpen&src=https%3A%2F%2Fpup-review-phinf.pstatic.net%2FMjAyMjEyMDdfMTA0%2FMDAxNjcwNDA1NzI4MDg4.zL2Znr1cdQsMpMWx-9Vy90x3sm7YW4z45FT_07x2aiAg.tFTMiterOO-DMcubL7499RIHdwHSeJ-2exzQOTclONkg.JPEG%2F20221106_181302.jpg']","서울특별시 마포구 월드컵로 45-1 (합정동, 1층)",닭날다,58.52,192124.476,450129.3168,0507-1350-4520,,160,[],,"['음식이 맛있어요', '친절해요', '특별한 메뉴가 있어요', '인테리어가 멋져요']",[],"[[""하비 웰뱅어"", 10000], [""싱가폴 슬링"", 10000], [""오렌지 블라썸"", 8000]]",일식
557,"['https://search.pstatic.net/common/?autoRotate=true&type=w560_sharpen&src=https%3A%2F%2Fldb-phinf.pstatic.net%2F20180105_50%2F1515078036036GDWcU_JPEG%2F66R4uSLXk2fY3_rpEEy7o5OB.jpg', 'https://search.pstatic.net/common/?autoRotate=true&type=w278_sharpen&src=https%3A%2F%2Fldb-phinf.pstatic.net%2F20180105_255%2F1515078040313toCmb_JPEG%2FbGw-GXaxcaPDuVo43mqMmqF_.jpg', 'https://search.pstatic.net/common/?autoRotate=true&type=w278_sharpen&src=https%3A%2F%2Fldb-phinf.pstatic.net%2F20180105_265%2F1515078463515Egf0d_JPEG%2Fv3rTINdp_xLIb4uGyRw9iOo5.jpg']","서울특별시 마포구 포은로 9 (합정동, 1층)",참숯불풍천장어,94.03,191922.5657,449651.7681,02-335-1693,수: 12:00 - 22:00; 목: 12:00 - 22:00; 금: 12:00 - 22:00; 토: 12:00 - 22:00; 일: 정기휴무 (매주 일요일); 월: 12:00 - 22:00; 화: 12:00 - 22:00,124,"['예약', '단체 이용 가능', '무선 인터넷']",주차 불가,"['음식이 맛있어요', '재료가 신선해요', '친절해요', '가성비가 좋아요']",[],[],한식
558,"['https://search.pstatic.net/common/?autoRotate=true&type=w560_sharpen&src=https%3A%2F%2Fldb-phinf.pstatic.net%2F20190924_297%2F15693366593872MkeT_JPEG%2FNxvBq89oNggUOw9OGlyBcOtz.jpg', 'https://search.pstatic.net/common/?autoRotate=true&type=w278_sharpen&src=https%3A%2F%2Fldb-phinf.pstatic.net%2F20190924_186%2F1569336719297c72xP_PNG%2FWvSIWMVneen0pQB0aivsWAHq.png', 'https://search.pstatic.net/common/?autoRotate=true&type=w278_sharpen&src=https%3A%2F%2Fldb-phinf.pstatic.net%2F20211102_125%2F1635818806802hhcPE_JPEG%2Fzd18o_LB9Sxg9Ofygc21An9s.jpg']","서울특별시 마포구 성지길 25-8, 1층 (합정동)",라베니스,62.28,192295.9909,449452.9001,0507-1498-2372,수: 11:30 - 21:00; 목: 11:30 - 21:00; 금: 11:30 - 21:00; 토: 12:00 - 21:00; 일: 12:00 - 21:00; 월: 11:30 - 15:00; 화: 11:30 - 21:00,208,"['콜키지 가능', '무선 인터넷', '예약', '포장', '단체 이용 가능', '유아의자']",주차 불가,"['음식이 맛있어요', '친절해요', '양이 많아요', '인테리어가 멋져요']",[],"[[""MONSTER PASTA SET (2인)"", 35500], [""Aglio Olio"", 15000], [""Spaghetti con gamberett rose"", 18000], [""Pizza quattro formaggi"", 19000]]",한식
559,"['https://search.pstatic.net/common/?autoRotate=true&type=w560_sharpen&src=https%3A%2F%2Fldb-phinf.pstatic.net%2F20190115_133%2F1547481446260BSSXo_JPEG%2FxbhxHbbX31_PHjSDea6WMZD4.jpg', 'https://search.pstatic.net/common/?autoRotate=true&type=w278_sharpen&src=https%3A%2F%2Fldb-phinf.pstatic.net%2F20200525_118%2F1590416754928zd5Al_JPEG%2FeSBj1J0wLQZh6QYBTsH_ZRh9.jpg', 'https://search.pstatic.net/common/?autoRotate=true&type=w278_sharpen&src=https%3A%2F%2Fpup-review-phinf.pstatic.net%2FMjAyMzA1MTVfMTM4%2FMDAxNjg0MTYxMzkxMjgw.zhLW90CMvxF8gyjpYF-SIXtPRcaNroywLH9mO5lrDUkg.zd4wjMPC7ysZP9nH-GA3PJOYwqofmacJg-dGNtuRkWgg.JPEG%2FIMG_1559.jpeg']","서울특별시 마포구 양화로 27 (합정동, 1층)",마포소금구이,24.8,192175.8695,449657.7931,02-324-2198,수: 16:30 - 22:00; 목: 16:30 - 22:00; 금: 16:30 - 22:00; 토: 16:00 - 21:30; 일: 정기휴무 (매주 일요일); 월: 16:30 - 22:00; 화: 16:30 - 22:00,225,[],,"['음식이 맛있어요', '고기 질이 좋아요', '친절해요', '가성비가 좋아요']",[],"[[""껍질 (2인분)"", 16000], [""소금구이 (2인분)"", 24000], [""껍데기 (2인)+소금구이 (2인)"", 40000]]",한식
560,"['https://search.pstatic.net/common/?autoRotate=true&type=w560_sharpen&src=https%3A%2F%2Fldb-phinf.pstatic.net%2F20220718_275%2F1658123908065jVSMl_JPEG%2FIMG_0777.jpg', 'https://search.pstatic.net/common/?autoRotate=true&type=w278_sharpen&src=https%3A%2F%2Fldb-phinf.pstatic.net%2F20220718_209%2F1658123894317FvYfW_JPEG%2FIMG_0736.jpg', 'https://search.pstatic.net/common/?autoRotate=true&type=w278_sharpen&src=https%3A%2F%2Fldb-phinf.pstatic.net%2F20220718_131%2F1658123880171Dajl0_JPEG%2FIMG_0754.jpg']","서울특별시 마포구 양화로 36 (합정동, 1층)",육전국밥 합정점,106.83,192271.5048,449586.0601,02-322-0632,,382,"['단체 이용 가능', '포장', '배달', '무선 인터넷', '예약']",,"['음식이 맛있어요', '혼밥하기 좋아요', '가성비가 좋아요', '매장이 넓어요']",[],"[[""소고기국밥정식"", null], [""소고기국밥"", null], [""육전소고기국밥"", null], [""국밥"", null], [""소불고기전골"", null], [""소곱창전골"", null], [""모둠전"", null], [""소고기육전"", null], [""깻잎전"", null], [""해물파전"", null], [""해물김치전"", null], [""치즈해물파전"", null], [""치즈해물김치전"", null], [""호박전"", null], [""함박곰탕"", null], [""미소곰탕"", null], [""곰탕"", null], [""오징어"", null], [""소갈비찜"", null], [""산적소갈비찜"", null], [""정식"", null], ["""", null], ["""", null], ["""", null], ["""", null], ["""", null], ["""", null], ["""", null]]",한식
561,"['https://search.pstatic.net/common/?autoRotate=true&type=w560_sharpen&src=https%3A%2F%2Fldb-phinf.pstatic.net%2F20240611_63%2F1718074090567MgJyI_PNG%2F04.png', 'https://search.pstatic.net/common/?autoRotate=true&type=w278_sharpen&src=https%3A%2F%2Fldb-phinf.pstatic.net%2F20240611_110%2F1718074090491gqbnt_PNG%2F03.png', 'https://search.pstatic.net/common/?autoRotate=true&type=w278_sharpen&src=https%3A%2F%2Fldb-phinf.pstatic.net%2F20240611_299%2F17180740905671UOg5_PNG%2F02.png']","서울특별시 마포구 양화로1길 42, 엘타워 1층 (합정동)",히게쯔라,90.32,192012.5353,449814.2568,0507-1317-4883,수: 16:00 - 24:00; 목: 16:00 - 24:00; 금: 16:00 - 01:00; 토: 16:00 - 01:00; 일: 16:00 - 24:00; 월: 16:00 - 24:00; 화: 16:00 - 24:00,263,"['콜키지 가능', '예약', '무선 인터넷', '단체 이용 가능']",주차 불가,"['음식이 맛있어요', '친절해요', '특별한 메뉴가 있어요', '술이 다양해요']","['룸', '단체석', '바테이블', '연인석']","[[""메로구이"", 28000], [""게살크림고로케"", 16000], [""사바보우즈시"", 26000], [""타마고우나기"", 32000], [""전복톳파스타"", 28000], [""모츠나베"", 32000], [""치킨난바"", 28000], [""사시미"", 40000], [""관자우니단새우"", 68000]]",일식
562,"['https://search.pstatic.net/common/?autoRotate=true&type=w560_sharpen&src=https%3A%2F%2Fldb-phinf.pstatic.net%2F20241016_44%2F1729030181978v5UoV_PNG%2FIMG_4576.png', 'https://search.pstatic.net/common/?autoRotate=true&type=w278_sharpen&src=https%3A%2F%2Fldb-phinf.pstatic.net%2F20231216_158%2F17026846722441jmxr_JPEG%2F%25BF%25DC%25B0%25FC.jpg', 'https://search.pstatic.net/common/?autoRotate=true&type=w278_sharpen&src=https%3A%2F%2Fldb-phinf.pstatic.net%2F20231226_261%2F1703581183529o6M07_JPEG%2FIMG_4197.jpeg']","서울특별시 마포구 월드컵로 45, 1,2층 (합정동)",행진,188.28,192134.6063,450117.5094,02-336-4275,수: 11:00 - 24:00; 목: 11:00 - 24:00; 금: 11:00 - 24:00; 토: 11:00 - 24:00; 일: 11:00 - 24:00; 월: 11:00 - 24:00; 화: 11:00 - 24:00,319,"['콜키지 가능', '단체 이용 가능', '무선 인터넷', '예약', '대기공간']",주차 불가,"['음식이 맛있어요', '친절해요', '고기 질이 좋아요', '특별한 메뉴가 있어요']",[],"[[""급냉삼겹살"", 15000], [""차돌박이"", 27000], [""LA갈비"", 28000], [""껍데기"", 9000], [""고추장찌개백반(점심메뉴)"", 10000], [""멸치된장찌개백반(점심메뉴)"", 10000], [""제육볶음(점심메뉴)"", 10000], [""청국장백반(점심메뉴)"", 10000], [""비빔국수"", 7000]]",한식
563,"['https://search.pstatic.net/common/?autoRotate=true&type=w560_sharpen&src=https%3A%2F%2Fldb-phinf.pstatic.net%2F20200525_7%2F1590413694520TtLPg_JPEG%2FFTvDUOgNcTT83b0ftVDLm_Yf.jpg', 'https://search.pstatic.net/common/?autoRotate=true&type=w278_sharpen&src=https%3A%2F%2Fpup-review-phinf.pstatic.net%2FMjAyMjExMDhfMTIg%2FMDAxNjY3ODc4MDg1MjMw.y2JR-LnbSPPEvxMH-_LBoAX8FzKlHPmZTbrcTQOZ-Gsg.gYUfocdD2o4xxpzCgZGYusu3WuLgluKy6UJq_KdtTEcg.JPEG%2F329B6CB6-BA37-4AA5-8D3B-97EDCF1AEE93.jpeg', 'https://search.pstatic.net/common/?autoRotate=true&type=w278_sharpen&src=https%3A%2F%2Fpup-review-phinf.pstatic.net%2FMjAyMzEwMjhfMjgg%2FMDAxNjk4NDI0NTU0Njky.vp69OWg7PRXGjWjJti4OffaDcyMXu1dfKNY3HLaNWsgg.Kfm7BaNHw_hO7eMfyXco6yJ724BliVZjBHvivGW2issg.JPEG%2Fupload_3e2bf34f0120229cabb773bedc3fd06a.jpeg']","서울특별시 마포구 양화로1길 31 (합정동, 1층일부)",카에루,24.0,192001.2729,449767.3272,02-325-5103,,112,"['예약', '무선 인터넷']",,"['음식이 맛있어요', '특별한 메뉴가 있어요', '친절해요', '대화하기 좋아요']",[],"[[""카에루 빠다야끼"", 24000], [""사시미 (중)"", 47000], [""혼마구로 (참치)"", 32000], [""히라메 (장어사시미)"", 28000], [""연어샐러드"", 20000]]",양식
564,"['https://search.pstatic.net/common/?autoRotate=true&type=w560_sharpen&src=https%3A%2F%2Fldb-phinf.pstatic.net%2F20201110_151%2F1604976679059UCWhw_JPEG%2FL89USdfx-Uw6H49ZlOSNK2Fa.jpeg.jpg', 'https://search.pstatic.net/common/?autoRotate=true&type=w278_sharpen&src=https%3A%2F%2Fldb-phinf.pstatic.net%2F20201208_143%2F1607405109832fRH0V_JPEG%2FAnPYKME8S-AEGe1WBXTMhUD0.jpeg.jpg', 'https://search.pstatic.net/common/?autoRotate=true&type=w278_sharpen&src=https%3A%2F%2Fldb-phinf.pstatic.net%2F20201208_202%2F1607405189206zo2AM_JPEG%2F4wdW4LVb_PrzSbR0HGmkpkyB.jpeg.jpg']","서울특별시 마포구 독막로8길 23 (합정동, 1층)",츠키젠,59.0,192688.4674,449398.6619,0507-1362-1655,,708,[],,"['음식이 맛있어요', '재료가 신선해요', '친절해요', '특별한 메뉴가 있어요']",[],"[[""로스카츠"", 12500], [""샤톤브리앙"", 14500], [""상로스카츠"", 16000], [""토마호크카츠"", 18000]]",일식
565,"['https://search.pstatic.net/common/?autoRotate=true&type=w560_sharpen&src=https%3A%2F%2Fldb-phinf.pstatic.net%2F20200512_12%2F15892797418050UKMK_JPEG%2FqLhGZ054JrpWLwRwIclsJfn0.jpg', 'https://search.pstatic.net/common/?autoRotate=true&type=w278_sharpen&src=https%3A%2F%2Fpup-review-phinf.pstatic.net%2FMjAyMzAyMjNfMTA0%2FMDAxNjc3MTIzMDI3ODc0.DR9tCWxiJHYPi7TGtDsixlWRcmq0-sWMKouwwDDcb9Eg.nz6SMxqrp06zv7v84qnG5E-M5CxsUuT8KWjIW0LiRRsg.JPEG%2FED98FA39-9CB3-466C-AC10-829CB27D2543.jpeg', 'https://search.pstatic.net/common/?autoRotate=true&type=w278_sharpen&src=https%3A%2F%2Fpup-review-phinf.pstatic.net%2FMjAyMjExMTFfMTQw%2FMDAxNjY4MTQ1ODA2NjYy.XqQyCw_rgsOUUDsyjWVKn7LXue5jPU-8ohpeOuPDdD0g.339MzeoZRP1uA5C_JPEC9MAKjsiTZfy882A3waUJqBEg.JPEG%2F894A690C-35FF-4EB6-AAED-B128E6311A5C.jpeg']","서울특별시 마포구 성지1길 6, 2층 (합정동)",그릭조이,75.66,192308.8439,449551.5608,02-338-2100,수: 12:00 - 21:30; 목: 12:00 - 21:30; 금: 12:00 - 21:30; 토: 12:00 - 21:30; 일: 정기휴무 (매주 일요일); 월: 12:00 - 21:30; 화: 12:00 - 21:30,108,"['예약', '단체 이용 가능', '포장', '무선 인터넷']",주차 가능,"['음식이 맛있어요', '특별한 메뉴가 있어요', '친절해요', '재료가 신선해요']",[],"[[""그리스식 샌드위치"", 10000], [""치킨 수블라키"", 13000], [""무사카"", 14000], [""해물치즈오븐구이와 파스타"", 16000], [""쇠고시 스튜(Stifado)"", 16000], [""Fish Pasta"", 17000], [""무사카(Moussaka)"", 15000], [""그릭샐러드 파스타 (채식)"", 15000], [""크린치킨 파스타"", 16000]]",양식
566,"['https://search.pstatic.net/common/?autoRotate=true&type=w560_sharpen&src=https%3A%2F%2Fldb-phinf.pstatic.net%2F20240714_17%2F1720954032716zr139_GIF%2FKakaoTalk_20240714_194610491.g', 'https://search.pstatic.net/common/?autoRotate=true&type=w278_sharpen&src=https%3A%2F%2Fldb-phinf.pstatic.net%2F20240714_201%2F1720954212011dgtjF_JPEG%2F%25C5%25A9%25B1%25E2%25BA%25AF%25C8%25AFA7400916.jpg', 'https://search.pstatic.net/common/?autoRotate=true&type=w278_sharpen&src=https%3A%2F%2Fldb-phinf.pstatic.net%2F20240714_260%2F1720954314648L3Yql_JPEG%2F%25C5%25A9%25B1%25E2%25BA%25AF%25C8%25AFA7400928.jpg']","서울특별시 마포구 월드컵로3길 31-6, 1층 (합정동)",고삼이 합정직영점,102.63,192045.885,449765.629,0507-1357-4350,,94,"['포장', '무선 인터넷', '예약', '대기공간', '단체 이용 가능']",주차 불가,"['음식이 맛있어요', '재료가 신선해요', '친절해요', '양이 많아요']",[],"[[""고등어구이"", 12000], [""오징어볶음"", 13000], [""삼치구이"", 15000], [""소불고기"", 12000], [""순두부찌개"", 8000], [""된장찌개"", 8000]]",한식
567,"['https://search.pstatic.net/common/?autoRotate=true&type=w560_sharpen&src=https%3A%2F%2Fldb-phinf.pstatic.net%2F20230710_280%2F1688966027578rKbpx_JPEG%2F9CB56959-9CDE-44D3-BA31-1605F745F365.jpeg', 'https://search.pstatic.net/common/?autoRotate=true&type=w278_sharpen&src=https%3A%2F%2Fldb-phinf.pstatic.net%2F20230710_149%2F1688966028301LbXuT_JPEG%2F3A52E448-7308-4924-92CF-5368730A5F31.jpeg', 'https://search.pstatic.net/common/?autoRotate=true&type=w278_sharpen&src=https%3A%2F%2Fldb-phinf.pstatic.net%2F20230710_297%2F1688966027653DLxie_JPEG%2F63EF7FC8-ED47-40C7-BFF5-909282A7476C.jpeg']","서울특별시 마포구 토정로 31 (합정동, 1층일부)",낭만식탁,28.93,192367.7244,449278.7088,,수: 11:30 - 21:00; 목: 11:30 - 21:00; 금: 11:30 - 21:00; 토: 11:30 - 20:00; 일: 정기휴무 (매주 일요일); 월: 11:30 - 21:00; 화: 11:30 - 21:00,159,"['포장', '무선 인터넷', '배달']",주차 불가,"['음식이 맛있어요', '혼밥하기 좋아요', '친절해요', '양이 많아요']",[],"[[""명란아보카도 덮밥"", 10000], [""오겹살 덮밥"", 9000], [""우삼겹 덮밥"", 9000], [""연어 덮밥"", 11000]]",한식
568,"['https://search.pstatic.net/common/?autoRotate=true&type=w560_sharpen&src=https%3A%2F%2Fldb-phinf.pstatic.net%2F20250102_4%2F1735814538933Ibjjq_JPEG%2F1280_900%2528%25B6%25B1%25B8%25E9%2529-4.jpg', 'https://search.pstatic.net/common/?autoRotate=true&type=w278_sharpen&src=https%3A%2F%2Fldb-phinf.pstatic.net%2F20240720_137%2F17214528199234BoFH_JPEG%2F%25C0%25B0%25C0%25FC-1.jpg', 'https://search.pstatic.net/common/?autoRotate=true&type=w278_sharpen&src=https%3A%2F%2Fldb-phinf.pstatic.net%2F20240720_235%2F1721452896153xxMpt_JPEG%2F1280_900%2528%25C0%25B0%25C0%25FC%25BD%25C3%25B8%25AE%25C1%25EE%2529.jpg']","서울특별시 마포구 월드컵로1길 14 (합정동, 마포한강푸르지오B115-2호)",육전면사무소 합정역점,53.74,192171.2354,449751.487,02-337-3688,,559,[],주차 가능,"['마사지가 시원해요', '친절해요', '맞춤 케어를 잘해줘요', '분위기가 편안해요']",[],"[[""불고기사골쫀득떡면"", 9000], [""소고기해장생면"", 8500], [""소고기생면"", 8500], [""소고기자작생면"", 8000]]",한식
570,"['https://search.pstatic.net/common/?autoRotate=true&type=w560_sharpen&src=https%3A%2F%2Fldb-phinf.pstatic.net%2F20220808_226%2F1659913299126CnXlU_JPEG%2F7AA74146-51D3-4455-9B1F-AA4466A10357.jpeg', 'https://search.pstatic.net/common/?autoRotate=true&type=w278_sharpen&src=https%3A%2F%2Fldb-phinf.pstatic.net%2F20170605_175%2F1496629173506ASfId_JPEG%2F186555514953368_0.jpeg', 'https://search.pstatic.net/common/?autoRotate=true&type=w278_sharpen&src=https%3A%2F%2Fldb-phinf.pstatic.net%2F20170605_95%2F1496629173608Fzh89_JPEG%2F186555514953368_1.jpeg']","서울특별시 마포구 성지3길 67 (합정동, 1층)",몰토베네,62.76,192565.2795,449337.5854,0507-1375-5682,수: 11:30 - 21:30; 목: 11:30 - 21:30; 금: 11:30 - 21:30; 토: 11:30 - 21:30; 일: 11:30 - 21:30; 월: 11:30 - 21:30; 화: 11:30 - 21:30,432,"['예약', '무선 인터넷', '단체 이용 가능']",,"['음식이 맛있어요', '친절해요', '특별한 메뉴가 있어요', '재료가 신선해요']",[],"[[""살라미샐러드"", 27000], [""살라미 미스티"", 36000], [""판체타 알리오에올리오 파스타"", 28000], [""풍기 알리오에올리오 파스타"", 27000], [""스페셜 파스타(새우)"", 29000], [""뽀모도라니 파스타"", 25000], [""라구 파스타"", 28000], [""마르게리따 프레스카"", 27000], [""프로슈토 에 루꼴라 피자"", 34000], [""프로슈토 에 모짜 피자"", 30000], [""라구 피자"", 30000], [""푸타네스카 피자"", 29000], [""풍기 피자"", 30000], [""포르마지 꼰 코파 피자"", 34000]]",기타
571,"['https://search.pstatic.net/common/?autoRotate=true&type=w560_sharpen&src=https%3A%2F%2Fldb-phinf.pstatic.net%2F20181223_144%2F1545531172490p01Fc_JPEG%2FHVIPEXgSK8IrmPbSrSQYociB.jpeg.jpg', 'https://search.pstatic.net/common/?autoRotate=true&type=w278_sharpen&src=https%3A%2F%2Fpup-review-phinf.pstatic.net%2FMjAyMjExMjBfMTIx%2FMDAxNjY4OTQ3MzAxODMz.RPixkKMACadTYkxK7g_N9RFFGLULnhxg6tM18_YKtb0g.xv2WLkqR9qHs0i2v_qNY5XiWKmkZWxkrpAy2rpo3zdsg.JPEG%2F6316DB4C-38A6-472B-BCFC-5F8F17942360.jpeg', 'https://search.pstatic.net/common/?autoRotate=true&type=w278_sharpen&src=https%3A%2F%2Fpup-review-phinf.pstatic.net%2FMjAyMjExMjFfMzYg%2FMDAxNjY5MDAwMjAyNzAw.ap-pFgF4hm_x9-jQpfHYl6HbIKW4GUpZifQqm6KfVa0g.S9rbKRAnV06EeuQydegYmGGOfqVSwUnzjQONztykmycg.JPEG%2F3264AA67-46EE-4519-BC61-2D526F75A8D7.jpeg']","서울특별시 마포구 동교로 68 (합정동, 1층)",본전횟집,21.75,191953.8041,450135.9681,02-333-5266,,153,[],,"['음식이 맛있어요', '재료가 신선해요', '친절해요', '양이 많아요']",[],"[[""광어 2인"", 40000], [""우럭 2인"", 45000], [""광어+도다리 2인"", 45000], [""광어+우럭 2인"", 45000], [""우럭+도다리 2인"", 45000], [""도다리+산낙지 2인"", 68000]]",일식
572,"['https://search.pstatic.net/common/?autoRotate=true&type=w278_sharpen&src=https%3A%2F%2Fldb-phinf.pstatic.net%2F20240503_102%2F1714701069136u7u2d_JPEG%2FIMG_6739.jpeg', 'https://search.pstatic.net/common/?autoRotate=true&type=w278_sharpen&src=https%3A%2F%2Fldb-phinf.pstatic.net%2F20240318_151%2F17107709712984OGOg_JPEG%2FIMG_1050.jpeg', 'https://search.pstatic.net/common/?autoRotate=true&type=w278_sharpen&src=https%3A%2F%2Fldb-phinf.pstatic.net%2F20240310_236%2F1710066723973mBuH6_JPEG%2FIMG_7980.jpeg']","서울특별시 마포구 독막로 43-1 (합정동, 3층)",시소,61.2,192709.0688,449542.7009,0507-1412-8744,수: 17:00 - 01:00; 목: 17:00 - 01:00; 금: 17:00 - 01:00; 토: 17:00 - 01:00; 일: 17:00 - 01:00; 월: 정기휴무 (매주 월요일); 화: 17:00 - 01:00,96,['콜키지 가능'],주차 불가,"['음식이 맛있어요', '친절해요', '대화하기 좋아요', '인테리어가 멋져요']","['바테이블', '연인석', '1인석', '단체석']","[[""봉골레 술찜"", 26000], [""토마토 새우탕"", 28000], [""크림 새우탕"", 28000]]",양식
573,"['https://search.pstatic.net/common/?autoRotate=true&type=w560_sharpen&src=https%3A%2F%2Fldb-phinf.pstatic.net%2F20220923_299%2F1663934777911C3AoB_JPEG%2F20220923_070841.jpg', 'https://search.pstatic.net/common/?autoRotate=true&type=w278_sharpen&src=https%3A%2F%2Fldb-phinf.pstatic.net%2F20170222_183%2F1487748274674yupdK_JPEG%2F186172565453514_0.jpeg', 'https://search.pstatic.net/common/?autoRotate=true&type=w278_sharpen&src=https%3A%2F%2Fldb-phinf.pstatic.net%2F20200525_135%2F1590414972864J5G7D_JPEG%2F2IgewhOER6RQtTVi4kG2Q8z9.jpg']","서울특별시 마포구 월드컵로1길 28 (합정동, 2층)",홍콩반점,83.7,192096.7906,449704.7407,0507-1426-6901,목: 10:40 - 20:50; 금: 10:40 - 20:50; 토: 정기휴무 (매주 토요일); 일: 10:40 - 20:50; 월: 10:40 - 20:50; 화: 10:40 - 20:50; 수: 10:40 - 20:50,466,"['예약', '단체 이용 가능', '포장', '배달']",,"['음식이 맛있어요', '친절해요', '가성비가 좋아요', '양이 많아요']",[],"[[""짜장면"", 5000], [""짬뽕"", 6000], [""우동"", 6000], [""쟁반짜장"", 7000], [""볶음밥"", 6000]]",중식
574,"['https://search.pstatic.net/common/?autoRotate=true&type=w560_sharpen&src=https%3A%2F%2Fldb-phinf.pstatic.net%2F20240621_91%2F1718979330176EvhcU_JPEG%2FIMG_1770.jpeg', 'https://search.pstatic.net/common/?autoRotate=true&type=w278_sharpen&src=https%3A%2F%2Fldb-phinf.pstatic.net%2F20220926_217%2F16641610516668JqXc_JPEG%2FBE3BA39D-EE3E-4423-AA4E-5AE583ECC024.jpeg', 'https://search.pstatic.net/common/?autoRotate=true&type=w278_sharpen&src=https%3A%2F%2Fldb-phinf.pstatic.net%2F20190603_18%2F1559543887783zl0L0_JPEG%2FNf1YpxOzY9iUHOBiOJSr8LoY.jpg']","서울특별시 마포구 양화로 50, 지1층 (합정동)",신김치생삼겹살2호,224.23,192377.2777,449695.09,02-6405-8690,목: 16:30 - 23:30; 금: 16:30 - 23:30; 토: 16:30 - 23:30; 일: 16:30 - 23:30; 월: 16:30 - 23:30; 화: 16:30 - 23:30; 수: 16:30 - 23:30,236,[],주차 가능,"['음식이 맛있어요', '친절해요', '고기 질이 좋아요', '단체모임 하기 좋아요']",[],"[[""삼겹살 (180g)"", 16000], [""목살 (180g)"", 16000], [""항정살 (180g)"", 19000], [""물냉면"", 6000], [""계란탕"", 5000]]",중식
575,"['https://search.pstatic.net/common/?autoRotate=true&type=w560_sharpen&src=https%3A%2F%2Fldb-phinf.pstatic.net%2F20201022_220%2F1603358679772nD2Xk_JPEG%2FtZNL7QAQujfu994DYsZrjuGF.jpg', 'https://search.pstatic.net/common/?autoRotate=true&type=w278_sharpen&src=https%3A%2F%2Fldb-phinf.pstatic.net%2F20200819_282%2F1597795165487T7SWd_JPEG%2Fz0miMoqdJZrUlqv27JhRR0rA.jpg', 'https://search.pstatic.net/common/?autoRotate=true&type=w278_sharpen&src=https%3A%2F%2Fldb-phinf.pstatic.net%2F20200211_104%2F15813473810058T1cI_JPEG%2FBNo3ml_4WbWuKCujFYq6x54L.JPG.jpg']","서울특별시 마포구 독막로 34, 1층 일부 좌측호 (합정동)",스미비부타동 본점,30.0,192612.0265,449528.1764,0507-1311-4076,목: 11:30 - 21:00; 금: 11:30 - 21:00; 토: 11:30 - 21:00; 일: 11:30 - 21:00; 월: 11:30 - 21:00; 화: 11:30 - 21:00; 수: 11:30 - 21:00,688,"['무선 인터넷', '포장', '단체 이용 가능']",주차 불가,"['음식이 맛있어요', '혼밥하기 좋아요', '친절해요', '양이 많아요']",[],"[[""부타동"", 10000], [""마제소바"", 11000], [""부타마제소바"", 14000], [""마제메시"", 11000]]",일식
576,"['https://search.pstatic.net/common/?autoRotate=true&type=w560_sharpen&src=https%3A%2F%2Fldb-phinf.pstatic.net%2F20240821_90%2F1724222615513ziDHL_JPEG%2F%25BB%25F8%25B7%25AF%25B5%25E5%25C6%25F7%25C4%25C9.jpg', 'https://search.pstatic.net/common/?autoRotate=true&type=w278_sharpen&src=https%3A%2F%2Fldb-phinf.pstatic.net%2F20240920_78%2F1726794849720s4bV4_JPEG%2FKakaoTalk_20240920_101343860.jpg', 'https://search.pstatic.net/common/?autoRotate=true&type=w278_sharpen&src=https%3A%2F%2Fldb-phinf.pstatic.net%2F20240920_18%2F1726794849662lL3Jx_JPEG%2FKakaoTalk_20240920_101343860_01.jpg']","서울특별시 마포구 양화로6길 102, 정원빌딩 1층 (합정동)",블랙루머,49.8,192845.7755,449554.4331,0507-1400-4571,,183,"['비건 메뉴', '유기농 메뉴', '글루텐프리 메뉴', '포장', '단체 이용 가능', '배달', '예약', '무선 인터넷', '반려동물 동반']",주차 불가,"['음식이 맛있어요', '재료가 신선해요', '특별한 메뉴가 있어요', '양이 많아요']","['룸', '단체석', '좌식', '테라스']","[[""블랙스페셜_블랙스페셜샐러드&포케"", 23000], [""블랙스페셜_블랙스페셜요거트RED"", 9000], [""블랙스페셜_ 루머스페셜요거트GREEN"", 9000], [""샐러드&포케_스테이크"", 14500], [""샐러드&포케_닭가슴살"", 10500], [""샐러드&포케_쉬림프"", 10000], [""샐러드&포케_베이직"", 8500], [""스무디보울_키위"", 10000], [""스무디보울_초코"", 10000], [""오트밀_애플시나몬"", 8000], [""오버나이트오트밀_피넛버터&바나나"", 6500], [""오버나이트오트밀_얼그레이그래놀라"", 6000], [""오버나이트오트밀_믹스베리"", 6500], [""시리얼보울_믹스베리"", 8000], [""시리얼보울_망고"", 8000], [""수제그릭요거트_믹스베리+초코"", 8000], [""수제그릭요거트_바나나+피넛버터"", 8000], [""베이크고구마_버터군고구마"", 6000], [""(비건)스페셜 오트 음료/주류"", 5500], [""에이드"", 5000]]",한식
577,"['https://search.pstatic.net/common/?autoRotate=true&type=w560_sharpen&src=https%3A%2F%2Fldb-phinf.pstatic.net%2F20231025_158%2F16981966778271piyr_JPEG%2F51C0DCF5-41D2-4304-ADA6-3C0111D576D7.jpeg', 'https://search.pstatic.net/common/?autoRotate=true&type=w278_sharpen&src=https%3A%2F%2Fldb-phinf.pstatic.net%2F20241103_155%2F1730624368589KPnam_JPEG%2FIMG_7878_2.jpg', 'https://search.pstatic.net/common/?autoRotate=true&type=w278_sharpen&src=https%3A%2F%2Fldb-phinf.pstatic.net%2F20231025_106%2F1698196678764BkHQJ_JPEG%2F8828375F-3A0B-4B0B-BF4C-F0DDEE0E6CE1.jpeg']","서울특별시 마포구 포은로 21, 1층 101호 (합정동)",라무라,56.0,191853.0089,449728.489,0507-1332-8490,,987,"['단체 이용 가능', '무선 인터넷']",무료 주차 가능,"['음식이 맛있어요', '친절해요', '특별한 메뉴가 있어요', '혼밥하기 좋아요']","['바테이블', '단체석', '1인석']","[[""흑색 닭"", 16500]]",일식
578,"['https://search.pstatic.net/common/?autoRotate=true&type=w560_sharpen&src=https%3A%2F%2Fldb-phinf.pstatic.net%2F20220815_55%2F1660552460736fafz2_JPEG%2F341D8A1F-0B4B-4672-9209-FE43C3BE9673.jpeg', 'https://search.pstatic.net/common/?autoRotate=true&type=w278_sharpen&src=https%3A%2F%2Fldb-phinf.pstatic.net%2F20220815_61%2F166055246097426coF_JPEG%2F1B55A6FF-D317-4311-A68E-85BC0B2326BF.jpeg', 'https://search.pstatic.net/common/?autoRotate=true&type=w278_sharpen&src=https%3A%2F%2Fldb-phinf.pstatic.net%2F20220815_44%2F1660552460734wVBuw_JPEG%2FD4DBF74A-67DE-4D33-B3FD-F1AB9E9BB432.jpeg']","서울특별시 마포구 포은로 27, 1층 102호 (합정동)",윤멘,49.6,191810.8966,449771.7252,,목: 11:30 - 20:30; 금: 11:30 - 20:30; 토: 11:30 - 20:30; 일: 11:30 - 20:30; 월: 정기휴무 (매주 월요일); 화: 11:30 - 20:30; 수: 11:30 - 20:30,431,[],주차 불가,"['음식이 맛있어요', '친절해요', '혼밥하기 좋아요', '특별한 메뉴가 있어요']",[],"[[""모츠츠케멘(200g)"", 13900], [""모츠츠케멘(300g)"", 14900]]",일식
579,"['https://search.pstatic.net/common/?autoRotate=true&type=w560_sharpen&src=https%3A%2F%2Fldb-phinf.pstatic.net%2F20231109_229%2F169952164841713GTP_JPEG%2FIMG_8529.jpeg', 'https://search.pstatic.net/common/?autoRotate=true&type=w278_sharpen&src=https%3A%2F%2Fldb-phinf.pstatic.net%2F20231123_156%2F1700748912711P9W6Q_JPEG%2FD2FF6FF7-478F-4ECB-B48D-DAC52C95FD4F.jpeg', 'https://search.pstatic.net/common/?autoRotate=true&type=w278_sharpen&src=https%3A%2F%2Fldb-phinf.pstatic.net%2F20231123_85%2F1700748914655D3wg2_JPEG%2F1A0DCDF2-EABC-4D5B-9903-F3CFC432B061.jpeg']","서울특별시 마포구 토정로3길 17, 지1층 (합정동)",헤이브,50.57,192356.4053,449362.8378,0507-1342-9702,목: 12:00 - 23:00; 금: 12:00 - 24:00; 토: 13:00 - 24:00; 일: 13:00 - 23:00; 월: 정기휴무 (매주 월요일); 화: 12:00 - 23:00; 수: 12:00 - 23:00,166,"['테이크아웃 할인', '무선 인터넷', '단체 이용 가능', '포장', '예약']",주차 불가,"['디저트가 맛있어요', '커피가 맛있어요', '인테리어가 멋져요', '음료가 맛있어요']","['바테이블', '연인석', '카운터석', '1인석', '단체석', '테라스']","[[""수제 애플망고 셔벗"", 7000], [""트리플베리 셔벗 에이드"", 7000], [""헤이브 코코넛"", 7000]]",양식
580,"['https://search.pstatic.net/common/?autoRotate=true&type=w560_sharpen&src=https%3A%2F%2Fldb-phinf.pstatic.net%2F20240805_253%2F1722839586087WScJH_JPEG%2F%25B3%25D7%25C0%25CC%25B9%25F61.jpg', 'https://search.pstatic.net/common/?autoRotate=true&type=w278_sharpen&src=https%3A%2F%2Fldb-phinf.pstatic.net%2F20240805_173%2F1722839603269xa4o1_JPEG%2F%25B3%25D7%25C0%25CC%25B9%25F62.jpg', 'https://search.pstatic.net/common/?autoRotate=true&type=w278_sharpen&src=https%3A%2F%2Fldb-phinf.pstatic.net%2F20240805_19%2F1722839616411Im41v_JPEG%2F%25B3%25D7%25C0%25CC%25B9%25F63.jpg']","서울특별시 마포구 포은로 39, 1층 (합정동, 일부)",형제집,48.0,191726.8594,449859.4299,0507-1489-2230,수: 18:30 - 03:00; 목: 18:30 - 03:00; 금: 18:30 - 03:00; 토: 18:00 - 03:00; 일: 18:00 - 03:00; 월: 18:30 - 03:00; 화: 18:30 - 03:00,135,"['예약', '반려동물 동반', '단체 이용 가능']",주차 불가,"['음식이 맛있어요', '친절해요', '대화하기 좋아요', '음악이 좋아요']","['단체석', '연인석', '바테이블', '1인석']","[[""소주"", 5000], [""형제집 고기치즈 짜파그라탕"", 16000], [""형제집 소맥"", 6000], [""형제집 치닭삼"", 20000], [""고기 야끼소바"", 20000], [""형제집 하이볼"", 9000]]",일식
581,"['https://search.pstatic.net/common/?autoRotate=true&type=w560_sharpen&src=https%3A%2F%2Fldb-phinf.pstatic.net%2F20230605_86%2F1685955444326rfpqO_JPEG%2F2B791440-6887-4D2C-8072-3C494EF8A57D.jpeg', 'https://search.pstatic.net/common/?autoRotate=true&type=w278_sharpen&src=https%3A%2F%2Fldb-phinf.pstatic.net%2F20231018_181%2F16975962823112sXrt_JPEG%2FIMG_7083.jpeg', 'https://search.pstatic.net/common/?autoRotate=true&type=w278_sharpen&src=https%3A%2F%2Fldb-phinf.pstatic.net%2F20231018_122%2F1697596260455M1Aqo_JPEG%2FIMG_8584.jpeg']","서울특별시 마포구 포은로 14, 1층 105호 (합정동)",슬오라,30.0,191915.9254,449694.8673,0507-1478-7377,수: 18:00 - 01:00; 목: 18:00 - 01:00; 금: 18:00 - 01:00; 토: 18:00 - 01:00; 일: 18:00 - 24:00; 월: 정기휴무 (매주 월요일); 화: 18:00 - 01:00,113,"['콜키지 가능', '무선 인터넷', '반려동물 동반', '예약', '포장']",무료 주차 가능,"['음식이 맛있어요', '술이 다양해요', '음악이 좋아요', '친절해요']",['바테이블'],"[[""유자보쌈과미나리무침"", 19000], [""양갈비스테이크"", 24000]]",한식
582,"['https://search.pstatic.net/common/?autoRotate=true&type=w560_sharpen&src=https%3A%2F%2Fldb-phinf.pstatic.net%2F20221028_279%2F1666942648653sPyMh_JPEG%2F20221028_163658.jpg', 'https://search.pstatic.net/common/?autoRotate=true&type=w278_sharpen&src=https%3A%2F%2Fpup-review-phinf.pstatic.net%2FMjAyMzAyMTJfNiAg%2FMDAxNjc2MjA2OTY2MDM3.2C41fA93qL4plPHlJQPqFBuYYvYWOwcru-nPwvUNKQog.I3eC6-PNbQgOsfNHELRbpO4WIqRMXEuzmPPCj-Skjjwg.JPEG%2F2DD4EA81-3F32-423D-B967-E0B0027281C6.jpeg', 'https://search.pstatic.net/common/?autoRotate=true&type=w278_sharpen&src=https%3A%2F%2Fpup-review-phinf.pstatic.net%2FMjAyMzAzMjdfNzEg%2FMDAxNjc5ODc3Mjc2OTM1.x90W-BvJFiWp1q1mPSS2CojnR2t6VZ3KF9qH4SoX_u4g.grMAY1fNHLY0BZMFKN-d-verdgIQRkF-Kjp5rmHR_1gg.JPEG%2F599E36E7-DDEF-49E9-8903-4D498BC3BC03.jpeg']","서울특별시 마포구 포은로 25 (합정동,1층)",돈까스광명,24.9,191822.8896,449758.9662,,,188,['무선 인터넷'],,"['음식이 맛있어요', '재료가 신선해요', '혼밥하기 좋아요', '친절해요']",[],"[[""등심"", 11000]]",중식
583,"['https://search.pstatic.net/common/?autoRotate=true&type=w560_sharpen&src=https%3A%2F%2Fldb-phinf.pstatic.net%2F20220809_205%2F1660052636710BmjTK_JPEG%2FKakaoTalk_20220809_224156226_01.jpg', 'https://search.pstatic.net/common/?autoRotate=true&type=w278_sharpen&src=https%3A%2F%2Fldb-phinf.pstatic.net%2F20220823_267%2F1661237545428PDDxL_JPEG%2F%25BD%25E6%25B3%25D7%25C0%25CF_JIA_JIA_%25282%2529.jpg', 'https://search.pstatic.net/common/?autoRotate=true&type=w278_sharpen&src=https%3A%2F%2Fldb-phinf.pstatic.net%2F20220809_41%2F1660052599597NAngd_JPEG%2FKakaoTalk_20220809_224118955.jpg']","서울특별시 마포구 독막로 18, 합정하이팍빌딩 1층 101호 (합정동)",자자,192.17,192442.4815,449567.2946,02-336-3389,목: 11:00 - 21:30; 금: 11:00 - 21:30; 토: 11:00 - 21:30; 일: 11:00 - 21:00; 월: 11:00 - 21:30; 화: 정기휴무 (매주 화요일); 수: 11:00 - 21:30,210,"['단체 이용 가능', '포장', '예약', '무선 인터넷']",주차 가능,"['음식이 맛있어요', '재료가 신선해요', '친절해요', '특별한 메뉴가 있어요']",[],"[[""고추잡채"", 25000], [""경장육슬"", 25000], [""볶음밥"", 10000], [""X.O해물볶음밥"", 15000], [""마파두부밥"", 10000], [""가지덮밥"", 10000], [""잡채밥"", 10000], [""잡탕밥"", 16000], [""류산슬덮밥"", 16000], [""유슬짬뽕밥"", 8000], [""해물짬뽕밥"", 15000], [""유니짜장면"", 8000], [""고추간짜장"", 9000], [""해물간짜장"", 15000], [""유슬짬뽕"", 8000], [""해물짬뽕"", 15000], [""백고추해물짬뽕"", 15000], [""라조육"", 24000], [""깐풍육"", 24000], [""탕수육"", 22000]]",중식
584,"['https://search.pstatic.net/common/?autoRotate=true&type=w560_sharpen&src=https%3A%2F%2Fldb-phinf.pstatic.net%2F20220817_125%2F1660741016108Bw9aN_JPEG%2F193A88C5-1209-46DD-8BBC-160804F9FAC9.jpeg', 'https://search.pstatic.net/common/?autoRotate=true&type=w278_sharpen&src=https%3A%2F%2Fldb-phinf.pstatic.net%2F20220817_38%2F1660741017049vEFNr_JPEG%2F4ED6F6FD-870A-4DA4-9199-06105656783C.jpeg', 'https://search.pstatic.net/common/?autoRotate=true&type=w278_sharpen&src=https%3A%2F%2Fldb-phinf.pstatic.net%2F20220817_154%2F1660741015571LbPPM_JPEG%2F28D8FAE3-1E36-46A3-B5C2-FD81072A7A77.jpeg']","서울특별시 마포구 월드컵로5길 74 (합정동, 1층일부)",넌덕,28.95,191842.6215,449832.2814,0507-1334-5187,목: 11:30 - 20:30; 금: 11:30 - 20:30; 토: 12:00 - 18:00; 일: 정기휴무 (매주 일요일); 월: 11:30 - 20:30; 화: 11:30 - 20:30; 수: 11:30 - 20:30,192,"['포장', '무선 인터넷', '배달']",무료 주차 가능,"['음식이 맛있어요', '친절해요', '재료가 신선해요', '특별한 메뉴가 있어요']",[],"[[""2달의버거"", 10900], [""넌덕버거"", 8900], [""치즈버거"", 7900], [""루꼴라버거"", 9900], [""버섯버거"", 9900]]",일식
585,"['https://search.pstatic.net/common/?autoRotate=true&type=w560_sharpen&src=https%3A%2F%2Fldb-phinf.pstatic.net%2F20171023_230%2F1508719936265o3hpU_JPEG%2FdXhJ9Ir6lBqKpGUc_WWhglPC.jpg', 'https://search.pstatic.net/common/?autoRotate=true&type=w278_sharpen&src=https%3A%2F%2Fldb-phinf.pstatic.net%2F20171023_35%2F1508721580869jcy4H_PNG%2Fb4mRMSMkxdDkLdCcG-3hJTn3.png', 'https://search.pstatic.net/common/?autoRotate=true&type=w278_sharpen&src=https%3A%2F%2Fldb-phinf.pstatic.net%2F20171023_96%2F15087200096673Q6C0_JPEG%2FsXsrLqQYJ2u3rvq3cAARWK37.jpg']","서울특별시 마포구 독막로 55 (합정동, 나동 1층 일부)",족발애감동,59.46,192810.7165,449544.2099,02-322-5257,수: 17:00 - 04:00; 목: 17:00 - 04:00; 금: 17:00 - 04:00; 토: 17:00 - 04:00; 일: 17:00 - 04:00; 화: 17:00 - 04:00,90,[],,"['음식이 맛있어요', '단체모임 하기 좋아요', '매장이 넓어요', '친절해요']",[],"[[""냉채족발"", 37000], [""돼지김치찌개"", 7000], [""매운 족 (대)"", 37000], [""매운 족 (중)"", 33000], [""물막국수"", 6000], [""반반"", 36000], [""반반족발"", 36000], [""보쌈 (대)"", 33000], [""보쌈 (중)"", 29000], [""어리굴젓비빔밥"", 7000], [""쟁반막국수 (대)"", 13000], [""쟁반막국수 (중)"", 7000], [""족.보세트"", 37000], [""족발 (대)"", 34000], [""족발 (중)"", 30000], [""족발 뒷다리(중)"", 30000], [""족발 앞다리(대)"", 34000]]",한식
586,"['https://search.pstatic.net/common/?autoRotate=true&type=w560_sharpen&src=https%3A%2F%2Fldb-phinf.pstatic.net%2F20230121_4%2F1674227845230UFHWE_JPEG%2F20230119_212343.jpg', 'https://search.pstatic.net/common/?autoRotate=true&type=w278_sharpen&src=https%3A%2F%2Fldb-phinf.pstatic.net%2F20230123_78%2F1674470515520gHV8I_JPEG%2FKakaoTalk_20230123_194040130.jpg', 'https://search.pstatic.net/common/?autoRotate=true&type=w278_sharpen&src=https%3A%2F%2Fldb-phinf.pstatic.net%2F20230123_28%2F1674470515224OYxJ7_JPEG%2FKakaoTalk_20230123_194040130_02.jpg']","서울특별시 마포구 성지길 36-20, 지1층 (합정동)",이키,75.11,192212.9099,449448.6408,,수: 18:00 - 01:00; 목: 18:00 - 01:00; 금: 18:00 - 01:00; 토: 17:00 - 01:00; 일: 17:00 - 24:00; 월: 18:00 - 01:00; 화: 18:00 - 01:00,127,"['예약', '단체 이용 가능']",,"['음식이 맛있어요', '특별한 메뉴가 있어요', '인테리어가 멋져요', '친절해요']",[],"[[""제철사시미"", 30000], [""완도김파스타"", 16000], [""멘치까스"", 15000], [""크림브륄레"", 7000]]",일식
587,"['https://search.pstatic.net/common/?autoRotate=true&type=w560_sharpen&src=https%3A%2F%2Fldb-phinf.pstatic.net%2F20180802_45%2F1533189138260S03ys_JPEG%2FL_n1TA5b6R0RBSllwQMblbsF.jpg', 'https://search.pstatic.net/common/?autoRotate=true&type=w278_sharpen&src=https%3A%2F%2Fldb-phinf.pstatic.net%2F20180802_116%2F1533189140866NAqoD_JPEG%2F6V_VtHmF2NgvRAVKfKuq1QAh.jpg', 'https://search.pstatic.net/common/?autoRotate=true&type=w278_sharpen&src=https%3A%2F%2Fldb-phinf.pstatic.net%2F20180802_160%2F15331891438111X0Tq_JPEG%2Fypa0ClYnZgDkw79DKSsFQmFn.jpg']","서울특별시 마포구 월드컵로1길 14, 지1층 B118-1, B118-2호 (합정동, 마포 한강 푸르지오)",이가네양꼬치 합정점,137.0,192171.2354,449751.487,02-337-3688,,559,[],주차 가능,"['마사지가 시원해요', '친절해요', '맞춤 케어를 잘해줘요', '분위기가 편안해요']",[],"[[""양왕갈비 (250g)"", 26000], [""양등심꼬치 (250g)"", 23000], [""양왕꼬치 (1인분)"", 18000], [""탕수육"", 21000], [""가지요리"", 20000], [""마파두부"", 16000], [""온면"", 7000], [""볶음밥"", 7000]]",중식
588,"['https://search.pstatic.net/common/?autoRotate=true&type=w560_sharpen&src=https%3A%2F%2Fldb-phinf.pstatic.net%2F20231005_17%2F1696496870915DEp2H_PNG%2Fbackground.png', 'https://search.pstatic.net/common/?autoRotate=true&type=w278_sharpen&src=https%3A%2F%2Fldb-phinf.pstatic.net%2F20220413_95%2F16498372247004AKQ7_PNG%2F%25C0%25CE%25BD%25BA%25C5%25B8%25B1%25D7%25B7%25A5_%25C7%25C7%25B5%25E5png-01.png', 'https://search.pstatic.net/common/?autoRotate=true&type=w278_sharpen&src=https%3A%2F%2Fldb-phinf.pstatic.net%2F20231005_165%2F1696496963825NyfF8_JPEG%2Fimage_30.jpg']","서울특별시 마포구 양화진4길 17, 동원빌딩 4층 (합정동)",같이양조장,90.47,192087.9368,449456.8027,0507-1493-9991,목: 10:00 - 18:00; 금: 10:00 - 18:00; 토: 10:00 - 18:00; 일: 정기휴무 (매주 일요일); 월: 정기휴무 (매주 월요일); 화: 정기휴무 (매주 화요일); 수: 10:00 - 18:00,128,"['포장', '예약']",무료 주차 가능,[],[],[],한식
