id,size,road_address,name,latitude,longitude,phone,business_hours,review_count,facilities,parking,very_good,seat_info,menu,category
1,63.02,"서울특별시 마포구 양화로6길 57-12, 1층 (서교동)",라운지목화 합정관,192669.3832,449648.5161,0507-1469-7338,화: 17:00 - 02:00; 수: 17:00 - 02:00; 목: 17:00 - 02:00; 금: 17:00 - 02:00; 토: 17:00 - 02:00; 일: 17:00 - 02:00; 월: 정기휴무 (매주 월요일),291,"['단체 이용 가능', '예약', '무선 인터넷']",주차 불가,"[['""음식이 맛있어요""', 293], ['""인테리어가 멋져요""', 168], ['""친절해요""', 129], ['""대화하기 좋아요""', 114]]","['카운터석', '입식', '바테이블']","[[""아보카도크림새우"", 19900], [""깐풍기"", 18500], [""사천가지튀김"", 19000], [""칠리새우"", 19000], [""깐풍새우"", 19500], [""새콤바삭유린기"", 19000], [""멘보샤"", 16000], [""마라크림면"", 18500], [""고추잡채"", 18500], [""진마파두부&꽃빵"", 18500], [""산동식마늘똥볶음"", 18000], [""해물짬뽕탕"", 18500], [""우삼겹마라탕"", 18500], [""찹쌀누룽지달걀탕"", 18500], [""홍콩식 오이무침"", 9500], [""중화 옥수수전"", 12000], [""닭껍질교자"", 11000], [""매콤푸주튀김"", 11000], [""우유튀김"", 11000], [""새우짜조"", 11000]]",중식
2,610.52,"서울특별시 마포구 양화로 81, H 스퀘어 102호,103호,104호,105호 (서교동)",탭샵바 합정점,192565.8569,449977.7782,0507-1467-0765,화: 11:00 - 24:00; 수: 11:00 - 24:00; 목: 11:00 - 24:00; 금: 11:00 - 24:00; 토: 11:00 - 24:00; 일: 11:00 - 24:00; 월: 11:00 - 24:00,131,"['와인 페어링', '전문 소믈리에', '포장', '단체 이용 가능', '배달', '예약', '무선 인터넷', '남/녀 화장실 구분', '장애인 휠체어 이용가능', '출입구 휠체어 이용가능']",무료 주차 가능,"[['""술이 다양해요""', 111], ['""음식이 맛있어요""', 99], ['""인테리어가 멋져요""', 76], ['""음악이 좋아요""', 52]]","['룸', '단체석', '카운터석', '테라스', '좌식', '1인석', '연인석']","[[""루꼴라 치즈 떡볶이"", 9900]]",한식
3,48.37,"서울특별시 마포구 와우산로29마길 7-8, 지1층 우측호 (서교동)",연남골목냉면,193472.1057,450345.4305,,,38,[],,"[['""음식이 맛있어요""', 58], ['""재료가 신선해요""', 15], ['""양이 많아요""', 14], ['""혼밥하기 좋아요""', 12]]",[],"[[""명태회냉면"", 10000], [""물냉면"", 8000], [""비빔냉면"", 8000], [""돈가스"", 9000], [""반반이(등심+치즈)"", 10000], [""비빔밥"", 8000], [""튀김만두"", 5000], [""찐만두"", 5000], [""갈비만두"", 5000], [""메밀전병"", 7000]]",한식
4,54,"서울특별시 마포구 독막로3길 24-10, 지1층 A호 (서교동)",유아하,192626.3225,449645.0116,0507-1432-7841,수: 17:00 - 24:00; 목: 17:00 - 24:00; 금: 17:00 - 02:00; 토: 17:00 - 02:00; 일: 17:00 - 24:00; 월: 17:00 - 24:00,60,"['콜키지 가능', '생일 혜택', '단체 이용 가능']",주차 불가,"[['""음식이 맛있어요""', 60], ['""인테리어가 멋져요""', 38], ['""특별한 메뉴가 있어요""', 38], ['""친절해요""', 31]]","['바테이블', '1인석', '테라스', '연인석', '카운터석', '좌식', '단체석']","[[""유아하 할머니의 훠궈"", 32900], [""우삼겹 후추탕"", 25000], [""튀김 동파육"", 29000], [""딴화 마라샹궈"", 27000], [""아하챠오멘"", 22000], [""마라두부"", 15000], [""3가지 작은안주"", 15000], [""손녀의 최애안주"", 15000], [""오이 때려만듦"", 8000], [""수제물만두"", 12000], [""할머니의 단골메뉴"", 12000], [""타이완 새우볶음밥"", 11000], [""땅콩아이스크림"", 5000]]",중식
5,93.82,"서울특별시 마포구 와우산로27길 62, 2층 (서교동)",증증일상,193340.6966,450339.4518,02-333-5888,화: 11:00 - 22:30; 수: 정기휴무 (매주 수요일); 목: 11:00 - 22:30; 금: 11:00 - 22:30; 토: 11:00 - 22:30; 일: 11:00 - 22:30; 월: 11:00 - 22:30,476,"['포장', '배달', '무선 인터넷', '유아의자', '예약']",주차 불가,"[['""음식이 맛있어요""', 480], ['""친절해요""', 223], ['""특별한 메뉴가 있어요""', 184], ['""가성비가 좋아요""', 174]]",[],"[[""꽌탕바오(육즙 샤오롱바오)"", 7300], [""성젠바오(육즙 군만두)"", 7000], [""소고기샤오롱바오"", 7300]]",중식
6,102.25,"서울특별시 마포구 잔다리로2길 7, S368빌딩 1층 (서교동)",낙경,192894.0848,449922.7996,0507-1367-5784,화: 17:00 - 02:30; 수: 17:00 - 02:30; 목: 17:00 - 02:30; 금: 17:00 - 02:30; 토: 17:00 - 02:30; 일: 17:00 - 02:30; 월: 17:00 - 02:30,312,"['콜키지 가능', '생일 혜택', '예약', '무선 인터넷', '남/녀 화장실 구분', '단체 이용 가능', '노키즈존']",주차 불가,"[['""음식이 맛있어요""', 320], ['""친절해요""', 192], ['""인테리어가 멋져요""', 176], ['""특별한 메뉴가 있어요""', 147]]",[],"[[""살치플레이트"", 38000], [""문어 플레이트"", 37000], [""육사시미&연어"", 35000], [""미나리해물탕"", 32000], [""밀푀유나베"", 28000], [""바질크림파스타"", 22000], [""어향가지"", 25000], [""레몬크림새우"", 28000], [""유린기"", 26000], [""된장항정볶음"", 24000], [""육회냉파스타"", 23000], [""수육전골"", 30000], [""돈마호크 김치찜"", 30000], [""레몬크림치킨"", 27000], [""해산물마라볶음"", 25000], [""육전&알배추무침"", 24000], [""차돌 들깨볶음 (고양이귀면)"", 24000], [""쯔란삼겹튀김"", 30000], [""해물야끼소바"", 25000]]",한식
7,90,"서울특별시 마포구 와우산로25길 13, 2층 (서교동)",왕소야,193376.5934,450193.4151,0507-1369-8093,,552,"['포장', '무선 인터넷', '예약', '단체 이용 가능']",무료 주차 가능,"[['""음식이 맛있어요""', 751], ['""재료가 신선해요""', 482], ['""친절해요""', 406], ['""특별한 메뉴가 있어요""', 285]]",['단체석'],"[[""삼선간짜장면"", null], [""해물짬뽕"", null], [""짬뽕밥"", null], [""잡채밥"", null], [""마파두부밥"", null], [""마라두부밥"", null], [""마파두부"", null], [""짬뽕탕"", null], [""깐풍기"", null], [""유린기"", null], [""오향장육"", null], [""양장피"", null], [""깐풍새우"", null], [""칠리새우"", null], [""동파육"", null], [""고추잡채꽃빵"", null], [""삼선간짜장"", null], [""마라우육탕면"", null], [""꿔바로우"", null], [""크림중새우"", null], [""난자완스"", null], ["""", null], ["""", null], ["""", null], ["""", null], ["""", null], ["""", null], ["""", null], ["""", null], ["""", null], ["""", null], ["""", null], ["""", null], ["""", null], ["""", null], ["""", null], ["""", null]]",중식
8,76.38,"서울특별시 마포구 홍익로5안길 24, 1층 101호 (서교동)",잇스시,192988.885,450160.268,0507-1447-8882,화: 11:30 - 24:00; 수: 11:30 - 24:00; 목: 11:30 - 24:00; 금: 11:30 - 24:00; 토: 11:30 - 24:00; 일: 11:30 - 24:00; 월: 정기휴무 (매주 월요일),763,"['콜키지 가능', '비건 메뉴', '포장', '배달', '예약', '남/녀 화장실 구분', '무선 인터넷', '단체 이용 가능']",유료 주차 가능,"[['""음식이 맛있어요""', 772], ['""재료가 신선해요""', 484], ['""친절해요""', 364], ['""인테리어가 멋져요""', 352]]","['단체석', '카운터석', '좌식', '바테이블', '연인석', '1인석']","[[""스시 플레이트"", 24000], [""포테이토 롤"", 17000], [""로즈 롤"", 17000], [""레인보우 롤"", 15000], [""트러플 롤"", 28000], [""크리스피 롤"", 15000], [""파이어워크"", 17000]]",일식
9,86.56,"서울특별시 마포구 와우산로17길 19-24, 스페이스빌딩 1층 (서교동)",호박꽃 홍대점,192978.9548,449666.6206,0507-1332-1694,수: 15:00 - 23:00; 목: 15:00 - 23:00; 금: 15:00 - 24:00; 토: 15:00 - 24:00; 일: 15:00 - 23:00; 월: 정기휴무 (매주 월요일); 화: 15:00 - 23:00,269,"['콜키지 가능', '생일 혜택', '단체 이용 가능', '무선 인터넷', '남/녀 화장실 구분', '예약']",주차 불가,"[['""음식이 맛있어요""', 271], ['""재료가 신선해요""', 172], ['""친절해요""', 163], ['""인테리어가 멋져요""', 146]]","['카운터석', '좌식', '바테이블', '1인석', '단체석']","[[""호박꽃 모리아와세 (3-4인)"", 108000], [""호박꽃 모리아와세 (2-3인)"", 73000], [""부채끝살 (100g)"", 22000], [""꽃갈비 (100g)"", 22000], [""갈비본살 (100g)"", 20000], [""토시살 (100g)"", 19000], [""부채살 (100g)"", 20000], [""안창살 (100g)"", 21000], [""갈비살 (100g)"", 19000], [""우설 (100g)"", 21000], [""소꼬리 (100g)"", 21000], [""닭목살 (120g)"", 10000]]",한식
10,90,"서울특별시 마포구 양화로6길 65, 1층 (서교동)",해몽 마포점,192667.4817,449614.5323,0507-1386-1922,화: 17:00 - 23:00; 수: 17:00 - 23:00; 목: 17:00 - 23:00; 금: 17:00 - 23:00; 토: 17:00 - 23:00; 일: 정기휴무 (매주 일요일); 월: 17:00 - 23:00,188,"['콜키지 가능', '남/녀 화장실 구분', '무선 인터넷', '예약', '단체 이용 가능']",주차 불가,"[['""음식이 맛있어요""', 191], ['""고기 질이 좋아요""', 146], ['""친절해요""', 118], ['""직접 잘 구워줘요""', 65]]","['단체석', '입식']","[[""등갈비"", 18000], [""목살김치찌개"", 7000], [""냄비비빔밥"", 5000], [""라면"", 4000]]",한식
11,57.66,"서울특별시 마포구 와우산로17길 20 (서교동,1층)",골목포차,193019.4842,449800.2944,0507-1362-6949,화: 18:00 - 04:00; 수: 18:00 - 04:00; 목: 18:00 - 05:00; 금: 17:00 - 06:00; 토: 17:00 - 06:00; 일: 18:00 - 04:00; 월: 18:00 - 04:00,65,"['생일 혜택', '남/녀 화장실 구분', '예약', '단체 이용 가능', '반려동물 동반', '무선 인터넷', '노키즈존', '대기공간', '좌석 휠체어 이용가능']",주차 불가,"[['""음식이 맛있어요""', 64], ['""가성비가 좋아요""', 44], ['""친절해요""', 33], ['""음악이 좋아요""', 31]]","['테라스', '연인석', '1인석']","[[""차돌 순두부찌개"", 21900]]",중식
12,202.2,"서울특별시 마포구 어울마당로 140, 2층 (서교동)",역전할머니맥주 홍대입구역점,193357.5838,450430.0744,02-322-1982,,195,[],,"[['""음식이 맛있어요""', 206], ['""가성비가 좋아요""', 121], ['""기본 안주가 좋아요""', 101], ['""술이 다양해요""', 67]]",[],"[[""버터구이 오징어입"", null], [""먹태"", null], [""튀김 쥐포"", null], [""할멘보샤"", null], [""갈릭빠다포테이토"", null], [""30cm 롱치즈돈까스"", null], [""순살 치킨"", null], [""콘치즈그라탕"", null], [""짜빠구리"", null], [""불짬뽕탕"", null], [""모듬 소세지"", null], [""염통 꼬치"", null], [""치즈 라볶이"", null], [""바지락순두부"", null], [""살얼음파인애플"", null], [""어묵탕"", null]]",한식
13,143.38,"서울특별시 마포구 와우산로17길 15, 서교동빌딩 1층 (서교동)",만선호프,193047.5088,449757.4822,0507-1360-1803,화: 17:00 - 08:00; 수: 17:00 - 08:00; 목: 17:00 - 08:00; 금: 17:00 - 09:00; 토: 17:00 - 09:00; 일: 17:00 - 08:00; 월: 17:00 - 08:00,146,"['남/녀 화장실 구분', '단체 이용 가능', '예약', '반려동물 동반']",,"[['""음식이 맛있어요""', 100], ['""음악이 좋아요""', 63], ['""단체모임 하기 좋아요""', 62], ['""가성비가 좋아요""', 51]]",[],"[[""을지로골뱅이"", 28000], [""닭볶음탕"", 28000], [""부대찌개"", 28000], [""뚝배기불고기"", 25000], [""후라이드치킨"", 19000], [""마늘치킨"", 20000], [""삼겹볶음김치"", 26000], [""돼지김치찌개"", 24000], [""해물짬뽕탕"", 24000], [""제육볶음"", 21000], [""낙지소면"", 21000], [""치즈무뼈닭발"", 22000], [""오뎅탕"", 21000], [""노가리황태"", 1500], [""설탕토마토"", 8000], [""해물라면"", 10000], [""번데기탕"", 10000], [""파인샤베트"", 10000], [""황도"", 10000], [""쥐포"", 10000], [""아귀포"", 10000]]",양식
14,35,"서울특별시 마포구 어울마당로 80, 1층 102호 (서교동)",달콤왕가탕후루 홍대1호점,193010.1328,449987.6045,,,49,[],,"[['""디저트가 맛있어요""', 47], ['""친절해요""', 10], ['""특별한 메뉴가 있어요""', 9], ['""가성비가 좋아요""', 5]]",[],[],한식
15,60,"서울특별시 마포구 독막로9길 38, DE빌딩 1층 101호 (서교동)",오늘하루,192914.5744,449736.6509,0507-1411-5548,,135,"['단체 이용 가능', '예약', '무선 인터넷']",,"[['""음식이 맛있어요""', 126], ['""기본 안주가 좋아요""', 83], ['""술이 다양해요""', 63], ['""친절해요""', 63]]",[],"[[""불떡볶이"", 23000], [""블랙타이거새우구이"", 38000], [""리코타치즈셀러드"", 16000], [""스피모듬이묵탕"", 23000], [""해물라면"", 8000], [""열무국수"", 8000], [""코코넛샤베트"", 9000], [""파인애플샤베트"", 7000], [""리코타치즈샐러드"", 16000], [""갈릭꿀모짜렐라피자"", 16000], [""바싹불고기샐러드"", 23000], [""LA갈비와 아스파라거스구이"", 33000], [""모듬마른안주"", 16000], [""통오징어버터구이"", 18000], [""해물누룽지탕"", 23000], [""통낙지해물알탕"", 26000], [""킹블랙타이거 새우구이"", 38000], [""해물떡볶이"", 23000], [""문어새우관자 갈릭버터구이"", 26000]]",한식
16,47,"서울특별시 마포구 독막로3길 23, 1층 (서교동)",야타이 쇼부,192590.67,449687.1233,0507-1439-9040,화: 17:00 - 01:30; 수: 17:00 - 01:30; 목: 17:00 - 01:30; 금: 17:00 - 03:00; 토: 17:00 - 03:00; 일: 17:00 - 01:30; 월: 17:00 - 01:30,152,"['생일 혜택', '콜키지 가능', '예약', '단체 이용 가능', '무선 인터넷']",주차 불가,"[['""음식이 맛있어요""', 145], ['""기본 안주가 좋아요""', 64], ['""인테리어가 멋져요""', 62], ['""술이 다양해요""', 57]]","['단체석', '바테이블', '연인석', '1인석']","[[""카사바칩"", 2900], [""오이무침"", 3900], [""은행볶음"", 3900], [""얼음황도"", 4900], [""감자사라다"", 5900], [""창란크림치즈"", 6900], [""닭껍질튀김"", 6900], [""모찌리도후"", 7900], [""파인애플샤베트"", 7900], [""문어소세지"", 7900], [""교자구이"", 7900], [""닭염통볶음"", 8900], [""명란계란말미"", 8900], [""모뎀한접시"", 9900], [""야끼소바"", 16000], [""치킨가라마게"", 15000], [""명란계란말이"", 16000], [""게살크림고로케"", 14000], [""우삼겹숙주볶음"", 14000], [""모둠꼬치 5종"", 16000]]",한식
17,27,"서울특별시 마포구 와우산로 162-4, 지층 102호 (서교동)",감초통닭,193810.1096,450325.7658,0507-1340-3007,,68,"['테이크아웃 할인', '배달', '포장', '무선 인터넷', '예약', '대기공간']",주차 불가,"[['""음식이 맛있어요""', 71], ['""친절해요""', 31], ['""재료가 신선해요""', 23], ['""가성비가 좋아요""', 23]]",['테라스'],[],양식
18,79.84,"서울특별시 마포구 독막로3길 33-3, 지1층 (서교동)",그늘,192604.7245,449730.5021,0507-1341-8480,화: 15:30 - 02:00; 수: 15:30 - 02:00; 목: 15:30 - 02:00; 금: 15:30 - 02:00; 토: 14:30 - 02:00; 일: 15:30 - 02:00; 월: 15:30 - 02:00,741,"['콜키지 가능', '단체 이용 가능', '무선 인터넷', '예약', '반려동물 동반']",주차 불가,"[['""음식이 맛있어요""', 715], ['""술이 다양해요""', 388], ['""인테리어가 멋져요""', 344], ['""기본 안주가 좋아요""', 325]]",[],"[[""감태육회"", 28000], [""보쌈"", 32000], [""김치찜"", 30000], [""미나리새우전"", 20000], [""김치전"", 18000], [""닭목살과 닭껍질 볶음"", 20000], [""대패삼겹비빔국수"", 20000], [""얼큰조개탕"", 25000], [""명란두부탕"", 25000], [""곶감크림치즈"", 12000], [""유자토마토"", 8000], [""미나리조개탕"", 25000], [""불고기피자감자전"", 20000], [""들기름막국수"", 13000], [""뻥튀기아이스크림"", 7000], [""청어알비빔빕"", 15000], [""육회비빔밥"", 15000], [""명란비빔밥"", 8000], [""불고기또띠아쌈"", 23000], [""투움바 감자수제비"", 23000]]",한식
19,91.67,"서울특별시 마포구 월드컵로14길 56, 2층 (서교동)",오소바텐,192287.901,450480.4956,02-336-5485,화: 11:00 - 21:00; 수: 11:00 - 21:00; 목: 11:00 - 21:00; 금: 11:00 - 21:00; 토: 11:00 - 21:00; 일: 11:00 - 21:00; 월: 11:00 - 21:00,42,['출입구 휠체어 이용가능'],주차 불가,"[['""음식이 맛있어요""', 50], ['""특별한 메뉴가 있어요""', 29], ['""재료가 신선해요""', 23], ['""친절해요""', 17]]",[],"[[""냉츠케소바(200g)"", 12000], [""새우츠케소바(200g)"", 13000], [""농후츠케소바(200g)"", 14000]]",일식
20,118.04,"서울특별시 마포구 와우산로19길 11 (서교동, 지하1층)",디스,193079.8584,449877.5916,0507-1354-7090,화: 19:00 - 04:00; 수: 19:00 - 04:00; 목: 19:00 - 04:00; 금: 19:00 - 05:00; 토: 19:00 - 05:00; 일: 19:00 - 04:00; 월: 19:00 - 04:00,32,"['무선 인터넷', '남/녀 화장실 구분', '단체 이용 가능']",,"[['""술이 다양해요""', 14], ['""친절해요""', 13], ['""음악이 좋아요""', 11], ['""가성비가 좋아요""', 10]]",[],"[[""조니워커블랙"", null], [""치즈스틱"", null], [""감자튀김"", null], [""나초"", null], [""치킨텐더"", null], [""오렌지주스"", null], [""크랜베리주스"", null], [""롱아일랜드아이스티"", null]]",양식
21,103.26,"서울특별시 마포구 양화로16길 30 (서교동, 3층)",카페 위밋데얼,192961.7005,450075.9373,0507-1328-7842,화: 정기휴무 (매주 화요일); 수: 12:00 - 20:00; 목: 12:00 - 20:00; 금: 12:00 - 20:00; 토: 12:00 - 20:00; 일: 12:00 - 20:00; 월: 정기휴무 (매주 월요일),346,"['단체 이용 가능', '포장', '무선 인터넷', '반려동물 동반', '예약', '방문접수/출장']",주차 불가,"[['""음료가 맛있어요""', 210], ['""커피가 맛있어요""', 171], ['""친절해요""', 170], ['""디저트가 맛있어요""', 144]]",[],"[[""초코 퍼지 라떼"", 6500], [""크림라떼"", 6500], [""말차라떼"", 6000], [""딸기라떼"", 6500], [""메론소다"", 6500]]",양식
22,85.5,"서울특별시 마포구 와우산로15길 49, 2층 좌측, 3층 (서교동)",개화당,192943.9915,449600.9201,,화: 정기휴무 (매주 화요일); 수: 정기휴무 (매주 수요일); 목: 정기휴무 (매주 목요일); 금: 18:00 - 04:00; 토: 18:00 - 04:00; 일: 정기휴무 (매주 일요일); 월: 정기휴무 (매주 월요일),123,"['반려동물 동반', '남/녀 화장실 구분', '단체 이용 가능']",주차 불가,"[['""음식이 맛있어요""', 115], ['""술이 다양해요""', 67], ['""음악이 좋아요""', 61], ['""인테리어가 멋져요""', 56]]","['테라스', '루프탑', '바테이블', '좌식', '1인석', '입식', '연인석']","[[""스지오뎅탕"", 24000], [""통목살김치찌개"", 22000], [""떠먹는두부김치"", 22000], [""야끼소바"", 19000], [""가라아게"", 12000], [""닭교자"", 8000], [""닭껍질튀김"", 8000], [""감자튀김"", 7000], [""새우튀김"", 6000], [""소세지치즈"", 6000], [""바나나뷔렐레"", 6000], [""얼린포도"", 5000], [""크리미번"", 4000], [""마쉬멜로구이"", 1000], [""생맥주"", 6000], [""꿀맥주"", 8000], [""소주"", 5000], [""항정볶음(타래, 매콤)"", 24000], [""순살백숙"", 22000]]",주점
23,31.16,"서울특별시 마포구 양화로 56, 동양한강트레벨 지1층 B103-2호 (서교동)",로타리,192402.4686,449701.625,,화: 정기휴무 (매주 화요일); 수: 정기휴무 (매주 수요일); 목: 정기휴무 (매주 목요일); 금: 정기휴무 (매주 금요일); 토: 정기휴무 (매주 토요일); 일: 10:00 - 22:00; 월: 정기휴무 (매주 월요일),114,"['무선 인터넷', '남/녀 화장실 구분']",,"[['""음식이 맛있어요""', 96], ['""친절해요""', 53], ['""특별한 메뉴가 있어요""', 43], ['""술이 다양해요""', 41]]",[],[],일식
24,98.9,"서울특별시 마포구 독막로5길 33, 2층 (서교동)",미지,192731.5038,449689.3189,0507-1436-4015,수: 17:00 - 21:00; 목: 17:00 - 21:00; 금: 17:00 - 21:00; 토: 13:00 - 21:00; 일: 13:00 - 21:00; 월: 17:00 - 21:00; 화: 17:00 - 21:00,657,"['생일 혜택', '콜키지 가능', '예약', '무선 인터넷', '단체 이용 가능']",주차 불가,"[['""음식이 맛있어요""', 524], ['""친절해요""', 354], ['""재료가 신선해요""', 260], ['""특별한 날 가기 좋아요""', 250]]",[],"[[""미지코스1인"", 79000]]",한식
25,132,"서울특별시 마포구 잔다리로 23, 1층 (서교동, 예랑빌딩)",401,192878.7278,449832.7663,02-325-0805,,208,"['예약', '단체 이용 가능', '무선 인터넷', '남/녀 화장실 구분']",주차 불가,"[['""음식이 맛있어요""', 176], ['""친절해요""', 72], ['""고기 질이 좋아요""', 52], ['""매장이 넓어요""', 30]]",[],"[[""제주 목살 (180g)"", 15000], [""꽃삼겹 (400g)"", 39000], [""꽃목살 (300g)"", 23000], [""차돌박이 (150g)"", 15000], [""양념갈비 (250g)"", 14000]]",한식
26,80.28,"서울특별시 마포구 어울마당로 136-3, 2층 (서교동)",꽃게나라,193326.1843,450419.0731,02-332-6548,,163,"['포장', '남/녀 화장실 구분', '무선 인터넷', '예약']",,"[['""음식이 맛있어요""', 155], ['""재료가 신선해요""', 108], ['""친절해요""', 95], ['""양이 많아요""', 74]]",[],"[[""간장게장정식(대)"", 38000], [""꽃게탕"", 65000], [""닭볶음"", 32000], [""삼계탕"", 16000], [""양념게장"", 29000], [""닭한마리칼국수"", 32000], [""묵은지 닭볶음"", 37000], [""전복삼계탕"", 24000]]",한식
27,95,"서울특별시 마포구 독막로7길 45, 2층 (서교동)",단디,192824.2387,449733.7188,0507-1316-7757,화: 18:00 - 01:00; 수: 18:00 - 01:00; 목: 18:00 - 01:00; 금: 18:00 - 02:00; 토: 17:00 - 02:00; 일: 17:00 - 24:00; 월: 18:00 - 01:00,331,"['생일 혜택', '단체 이용 가능', '예약', '무선 인터넷', '대기공간']",주차 불가,"[['""음식이 맛있어요""', 317], ['""인테리어가 멋져요""', 140], ['""대화하기 좋아요""', 128], ['""기본 안주가 좋아요""', 117]]","['단체석', '카운터석', '좌식', '바테이블', '테라스', '1인석']","[[""차돌묵은지 파스타"", 24000], [""냉수육"", 24000], [""대패전골"", 24000], [""묵은지전골"", 24000], [""짜투게티"", 10000], [""오겹 깐풍육"", 24000], [""갈릭 트러플 감자튀김"", 9000], [""마라차돌전골"", 25000], [""만두 전골"", 19000], [""고기가 더 많은 두부김치"", 18000], [""차돌숙주볶음"", 20000], [""어묵탕"", 17000], [""김치전"", 9900], [""참치마요 크래커"", 6000], [""아이스홍시"", 4000], [""단디 육회"", 18000], [""차돌 순두부 파스타"", 24000], [""꿀 막걸리 하이볼"", 8000], [""짐빔 하이볼 진저/토닉"", 7000]]",한식
28,51,"서울특별시 마포구 월드컵로10길 27, 1층 101호 (서교동)",해주방,192249.2288,450313.7221,0507-1315-6705,화: 11:30 - 23:00; 수: 11:30 - 23:00; 목: 11:30 - 23:00; 금: 11:30 - 23:00; 토: 정기휴무 (매주 토요일); 일: 정기휴무 (매주 일요일); 월: 11:30 - 23:00,79,[],,"[['""음식이 맛있어요""', 113], ['""재료가 신선해요""', 44], ['""친절해요""', 37], ['""혼밥하기 좋아요""', 32]]",[],"[[""고등어 덮밥"", 12000], [""베이컨 김치 볶음밥"", 10000], [""명란 마요 덮밥"", 13000], [""떡갈비 덮밥"", 16000], [""가지 마라 덮밥"", 16000], [""타마고 카츠"", 10000], [""마라 오이"", 6000], [""떡갈비 롤"", 13000], [""두부야 가지 마라"", 16000]]",일식
29,44.46,"서울특별시 마포구 독막로9길 14, 경일빌딩 1층 (서교동)",쏘시지요,192852.1286,449634.9122,0507-1336-7946,화: 17:00 - 02:00; 수: 17:00 - 02:00; 목: 17:00 - 02:00; 금: 17:00 - 02:00; 토: 17:00 - 02:00; 일: 17:00 - 02:00; 월: 17:00 - 02:00,166,"['단체 이용 가능', '예약', '무선 인터넷']",주차 불가,"[['""음식이 맛있어요""', 151], ['""가성비가 좋아요""', 117], ['""인테리어가 멋져요""', 49], ['""친절해요""', 46]]",['단체석'],"[[""닭날개튀김"", 990], [""오사카쏘시지"", 2900], [""닭껍질꼬치"", 1500], [""오꼬노미야끼"", 9900], [""치킨가라아게"", 9000], [""유린기"", 9500], [""명란마요구이"", 8000], [""야끼소면"", 11000], [""소스듬뿍새우튀김"", 6500], [""염통꼬치"", 5500], [""김치볶음밥"", 6900], [""고르곤피자"", 12000], [""먹태"", 12900], [""나가사키 짬뽕탕"", 13000], [""바지락탕"", 9900], [""오뎅탕"", 10900], [""국물떡볶이"", 9900], [""새우튀김우동"", 7000], [""생맥주"", 1900], [""하이볼/사케하이볼"", 4900]]",일식
30,131.14,"서울특별시 마포구 어울마당로 140, 1층 (서교동)",육전국밥 홍대점,193357.5838,450430.0744,02-336-2275,,271,"['단체 이용 가능', '포장', '배달', '무선 인터넷', '남/녀 화장실 구분']",주차 불가,"[['""음식이 맛있어요""', 319], ['""양이 많아요""', 95], ['""가성비가 좋아요""', 91], ['""재료가 신선해요""', 86]]","['1인석', '입식', '바테이블']","[[""소고기육전 (소)"", 15000], [""해물파전"", 18000], [""치즈해물파전"", 20000], [""모둠전"", 28000], [""깻잎전"", 15000], [""소불고기전골 (2인)"", 28000], [""소곱창전골 (중)"", 38000], [""소고기국밥정식"", 15500], [""육전소고기국밥"", 10000], [""소고기국밥"", 9000], [""오징어초무침"", 20000], [""미소곰탕정식"", 16500], [""물막국수정식"", 15500], [""비빔막국수정식"", 15500], [""함박곰탕"", 15000], [""미소곰탕"", 10000], [""육전물막국수"", 10000], [""육전비빔막국수"", 10000], [""육전모둠전골 (중)"", 35000], [""소고기완자"", 15000], [""육전완자반반"", 20000]]",한식
31,92,"서울특별시 마포구 와우산로23길 42, 1층 (서교동)",와따분식 홍대점,193186.2433,450271.8837,0507-1363-3047,,234,"['배달', '포장', '무선 인터넷']",주차 불가,"[['""음식이 맛있어요""', 213], ['""재료가 신선해요""', 73], ['""가성비가 좋아요""', 73], ['""혼밥하기 좋아요""', 69]]","['좌식', '바테이블', '입식']","[[""투게더 세트"", 12500], [""트리플 세트"", 15500], [""콰트로세트 세트"", 19500], [""패밀리 세트"", 25500], [""라면세트"", 8500], [""덮밥세트"", 8500], [""우동세트"", 10500], [""쫄면세트"", 10500], [""와따 돈까스"", 7500], [""맵맵떡볶이"", 4500], [""맵달떡볶이"", 4500], [""순대"", 5000], [""삶은계란"", 1000], [""부산어묵 (3개)"", 3000], [""튀김세트 (소)"", 3800], [""돈까스 덮밥"", 8000], [""모둠 튀김 덮밥"", 8000], [""불제육 덮밥"", 8500], [""직화 불고기 덮밥"", 8500], [""샐러드김밥"", 3800], [""와따계란김밥"", 4500]]",한식
32,107.7,"서울특별시 마포구 와우산로19길 19, 2층 (서교동)",너가술집사장,193040.2828,449882.2149,0507-1318-9046,화: 17:00 - 03:00; 수: 17:00 - 05:00; 목: 17:00 - 05:00; 금: 17:00 - 06:00; 토: 17:00 - 06:00; 일: 17:00 - 05:00; 월: 17:00 - 05:00,646,"['무선 인터넷', '남/녀 화장실 구분', '단체 이용 가능', '장애인 주차구역']",,"[['""음식이 맛있어요""', 588], ['""기본 안주가 좋아요""', 363], ['""술이 다양해요""', 282], ['""특별한 메뉴가 있어요""', 248]]",[],"[[""김치찌개"", 15900], [""매콤크림감바스"", 14900], [""꼬치 어묵탕"", 13900], [""참치순두부찌개"", 14900], [""교자만두"", 10900], [""떡갈비"", 10900], [""오돌뼈"", 14900], [""치킨윙&봉"", 14900]]",주점
33,70.94,"서울특별시 마포구 홍익로 3-3, 2층 (서교동)",한월,193191.3149,450071.6892,0507-1472-0126,화: 정기휴무 (매주 화요일); 수: 17:00 - 02:00; 목: 17:00 - 02:00; 금: 17:00 - 02:00; 토: 17:00 - 02:00; 일: 17:00 - 02:00; 월: 17:00 - 02:00,201,"['남/녀 화장실 구분', '반려동물 동반', '예약', '포장']",,"[['""음식이 맛있어요""', 195], ['""술이 다양해요""', 133], ['""특별한 메뉴가 있어요""', 109], ['""인테리어가 멋져요""', 83]]",[],[],한식
34,166.54,"서울특별시 마포구 독막로7길 20 (서교동,2층)",왔쏘 홍대점,192786.2352,449607.9105,02-336-7772,화: 12:00 - 23:00; 수: 12:00 - 23:00; 목: 12:00 - 23:00; 금: 12:00 - 23:00; 토: 12:00 - 23:00; 일: 12:00 - 23:00; 월: 12:00 - 23:00,137,"['무한 리필', '예약', '단체 이용 가능']",,"[['""음식이 맛있어요""', 88], ['""가성비가 좋아요""', 67], ['""친절해요""', 51], ['""양이 많아요""', 37]]",['단체석'],"[[""무한리필 흑우 한마리 (성인)"", 28900], [""무한리필 흑우 한마리 (초등학생)"", 19000], [""무한리필 흑우 한마리 (36개월이상)"", 9000]]",양식
35,35.33,"서울특별시 마포구 어울마당로5길 31, B1층 좌측호 (서교동)",88야키토리,192757.3971,449688.8388,,,37,"['단체 이용 가능', '예약']",,"[['""음식이 맛있어요""', 39], ['""술이 다양해요""', 17], ['""대화하기 좋아요""', 14], ['""친절해요""', 12]]",[],"[[""쯔꾸네"", 6000], [""표고쯔꾸네"", 5000], [""왕새우"", 4500], [""명란가슴살"", 3600], [""닭가슴연골"", 3500], [""닭껍질"", 3500], [""닭근위"", 3500], [""부추삼겹"", 3500], [""우설숯불구이"", 28000], [""소갈비살구이"", 20000], [""닭목살구이"", 18000], [""왕새우숯불구이"", 18000], [""명란숯불구이"", 17000], [""참마숯불구이"", 10000], [""제주딱새우장"", 29000], [""88오코노미야끼"", 18000], [""카와폰즈"", 15000], [""고구마버터스틱"", 12000], [""멘다이사라다"", 8000], [""포테이토사라다"", 6000]]",일식
36,58.3,"서울특별시 마포구 와우산로15길 49, 2층 일부 우측호 (서교동)",김김포차,192943.9915,449600.9201,,화: 17:00 - 03:00; 수: 17:00 - 03:00; 목: 17:00 - 03:00; 금: 17:00 - 03:00; 토: 16:00 - 03:00; 일: 16:00 - 03:00; 월: 17:00 - 03:00,49,"['무선 인터넷', '반려동물 동반', '예약', '단체 이용 가능']",주차 불가,"[['""음식이 맛있어요""', 45], ['""가성비가 좋아요""', 33], ['""친절해요""', 24], ['""특별한 메뉴가 있어요""', 21]]","['단체석', '카운터석']","[[""골뱅이(소면)"", 16000], [""황도"", 11000], [""은행"", 11000], [""통골뱅이"", 16000], [""과일안주"", 20000], [""황태포"", 11000], [""쇠고기육포"", 10000], [""대구포땅콩"", 10000], [""미니족발"", 14000], [""무뼈닭발"", 14000], [""두부김치"", 14000], [""계란말이"", 12000], [""소세지볶음찜"", 14000], [""부대찌개"", 16000], [""어묵탕"", 12000], [""후라이드치킨"", 15000], [""양념치킨"", 16000], [""반반치킨"", 16000], [""새우튀김"", 13000], [""돈까스"", 13000], [""감자튀김"", 11000]]",한식
37,16,"서울특별시 마포구 홍익로3길 35 (서교동,1층)",미쉐,193008.271,450061.4942,0507-1340-8790,,116,"['포장', '배달']",주차 불가,"[['""음료가 맛있어요""', 73], ['""가성비가 좋아요""', 61], ['""디저트가 맛있어요""', 58], ['""커피가 맛있어요""', 42]]",[],"[[""킹 소프트콘"", 1000], [""오리지널 밀크티"", 3000], [""생레몬 워터"", 1200], [""딸기치즈폼 우롱티"", 3800], [""블랙밀크티"", 3000], [""흑당 밀크티"", 3000], [""치즈폼 우롱티"", 3000], [""망고 아이스크림 쉐이크"", 2800], [""망고 선데이 아이스크림"", 2800], [""오렌지 망고우롱티"", 3000], [""치즈폼 블랙티"", 3000], [""블랙티"", 1200], [""우롱티"", 1200], [""치즈폼 밀크티"", 3800], [""단팥 밀크티"", 3000], [""삼형제 밀크티"", 3800]]",한식
38,98,"서울특별시 마포구 와우산로27길 68, 2층 (서교동)",석,193313.4863,450358.6984,,화: 11:30 - 21:00; 수: 11:30 - 21:00; 목: 11:30 - 21:00; 금: 11:30 - 21:00; 토: 11:30 - 21:00; 일: 11:30 - 21:00; 월: 정기휴무 (매주 월요일),700,"['단체 이용 가능', '예약', '무선 인터넷', '남/녀 화장실 구분', '포장']",주차 불가,"[['""음식이 맛있어요""', 695], ['""양이 많아요""', 431], ['""친절해요""', 339], ['""특별한 메뉴가 있어요""', 319]]",[],"[[""돌짜장(대)"", 29800], [""돌짜장(중)"", 19800], [""팔보면"", 19800], [""탕수육"", 17000], [""멘보샤"", 9900], [""연태하이볼"", 7000]]",중식
39,52.07,"서울특별시 마포구 와우산로17길 24-3, 1층 (서교동)",황포25,193000.7234,449794.7063,,화: 19:00 - 10:00; 수: 19:00 - 10:00; 목: 19:00 - 10:00; 금: 19:00 - 10:00; 토: 19:00 - 10:00; 일: 19:00 - 10:00; 월: 19:00 - 10:00,117,"['단체 이용 가능', '예약', '포장', '남/녀 화장실 구분', '무선 인터넷']",,"[['""음식이 맛있어요""', 115], ['""친절해요""', 78], ['""기본 안주가 좋아요""', 56], ['""가성비가 좋아요""', 43]]",[],"[[""오뎅탕"", 20000], [""얼큰수제비탕"", 21000], [""만두전골"", 21000], [""돼지김치찌개"", 21000], [""부대찌개"", 21000], [""닭도리탕"", 25000], [""후라이드치킨(순살)"", 21000], [""양념치킨(순살)"", 22000], [""파닭(순살)"", 22000], [""깐풍치킨"", 23000], [""감자튀김"", 17000], [""오돌뼈주먹밥"", 21000], [""통마늘모래집(소금)"", 19000], [""치즈소세지"", 19000], [""제육볶음주먹밥"", 21000], [""무뼈닭발"", 19000], [""두부김치"", 19000], [""매콤골뱅이"", 21000], [""파전/김치전"", 19000], [""도토리묵"", 19000], [""오리훈제"", 23000]]",양식
40,253.66,"서울특별시 마포구 양화로16길 15, 무광빌딩 2층 201호 (서교동)",일편장어,192919.6411,450117.1677,0507-1384-6716,,139,"['콜키지 가능', '생일 혜택', '단체 이용 가능', '예약', '무선 인터넷', '남/녀 화장실 구분', '대기공간', '출입구 휠체어 이용가능', '좌석 휠체어 이용가능']",주차 불가,"[['""음식이 맛있어요""', 128], ['""재료가 신선해요""', 108], ['""매장이 넓어요""', 71], ['""친절해요""', 56]]","['단체석', '입식']",[],한식
41,148.5,"서울특별시 마포구 동교로 129, 1층 102호 (서교동)",청운,192730.3769,450187.3952,050-7982-5405,,339,[],,"[['""음식이 맛있어요""', 318], ['""가성비가 좋아요""', 117], ['""친절해요""', 114], ['""양이 많아요""', 111]]",[],"[[""짜장면"", 6000], [""짬뽕"", 7000], [""홍합짬뽕"", 8000], [""탕수육 (소)"", 16000], [""간짜장"", 7000], [""사천짜장"", 8000]]",중식
42,58.59,"서울특별시 마포구 양화로6길 99-3 (서교동,지하1층)",철인7호,192840.8424,449589.606,0507-1373-7175,화: 16:00 - 02:00; 수: 16:00 - 02:00; 목: 16:00 - 02:00; 금: 16:00 - 02:00; 토: 16:00 - 02:00; 일: 16:00 - 02:00; 월: 16:00 - 02:00,773,"['테이크아웃 할인', '예약', '포장', '배달', '무선 인터넷']",주차 불가,"[['""음식이 맛있어요""', 697], ['""양이 많아요""', 345], ['""친절해요""', 298], ['""가성비가 좋아요""', 251]]",[],"[[""난리세트"", 19900], [""철인3종세트"", 19900], [""마라꽃치킨세트(뼈)"", 20900], [""정통팩"", 14900], [""후라이드 반마리(뼈)"", 10000], [""양념친킨 반마리(뼈)"", 10500], [""치즈스틱4pc(4p)"", 3000], [""시즈닝)양념감자(중)"", 3000], [""시즈닝)양념감자(대)"", 6000], [""양배추 샐러드"", 2000], [""무 추가"", 500], [""바삭바삭똥집튀김"", 9000], [""크림치즈볼4pc"", 3000], [""왕만두튀김3pc"", 3000], [""간장치킨 반마리(뼈)"", 10500], [""홍갈(칠리마늘)치킨 반마리(뼈)"", 10500], [""마라치킨 반마리(뼈)신라면맵기"", 10500], [""매운간장치킨 반마리(뼈)"", 10500]]",한식
43,219.84,"서울특별시 마포구 독막로3길 13 (서교동, 1층, 2층, 3층)",지하102호 5호점,192558.0373,449641.8136,0507-1357-1025,수: 15:30 - 05:00; 목: 15:30 - 05:00; 금: 15:30 - 06:00; 토: 15:30 - 06:00; 일: 15:30 - 05:00; 월: 15:30 - 05:00; 화: 15:30 - 05:00,384,"['생일 혜택', '콜키지 가능', '단체 이용 가능', '반려동물 동반', '남/녀 화장실 구분', '무선 인터넷', '예약']",유료 주차 가능,"[['""음식이 맛있어요""', 343], ['""인테리어가 멋져요""', 212], ['""기본 안주가 좋아요""', 154], ['""친절해요""', 149]]","['루프탑', '룸', '단체석', '연인석', '1인석', '테라스', '입식']","[[""차돌박이마늘짬뽕"", 22000], [""오늘의 사시미"", 37000], [""숯불닭구이"", 20000], [""일본식 오뎅탕"", 20000], [""매운 해물 국물 떡볶이"", 18000], [""차돌박이마늘쌈뽕"", 22000], [""스키야키"", 22000], [""바지락탕"", 18000], [""모듬사시미"", 41000], [""연어사시미"", 35000], [""참치모듬"", 50000], [""갑오징어회"", 20000], [""광어세비체"", 2000], [""진짜파인애플샤베트"", 10000], [""우유튀김"", 9000], [""야채튀김"", 8000], [""타다끼"", 25000], [""닭구이"", 20000], [""일본식야끼교자"", 18000], [""동문어가라아게"", 25000], [""닭껍질"", 6000]]",일식
44,119.73,"서울특별시 마포구 와우산로21길 10, 2층 (서교동)",길상양꼬치,193159.9252,450034.5746,0507-1441-3514,화: 11:30 - 23:30; 수: 11:30 - 23:30; 목: 11:30 - 23:30; 금: 11:30 - 23:30; 토: 11:30 - 23:30; 일: 11:30 - 23:30; 월: 11:30 - 23:30,64,"['단체 이용 가능', '남/녀 화장실 구분', '대기공간', '포장', '예약']",주차 불가,"[['""음식이 맛있어요""', 63], ['""고기 질이 좋아요""', 47], ['""매장이 넓어요""', 31], ['""친절해요""', 29]]",[],"[[""양꼬치(10개)"", 16000], [""양삼겹꼬치(10개)"", 16000], [""양갈비살꼬치(10개)"", 18000], [""소갈비살꼬치(10개)"", 19000], [""양갈비구이(500g)"", 45000], [""고급양갈비구이(245g)"", 29000], [""마늘꼬치(2개)"", 3000], [""모둠꼬치"", 38000]]",중식
45,215.48,"서울특별시 마포구 잔다리로 14, 2층 (서교동)",무청감자탕 홍대점,193006.6564,449868.7867,0502-1909-2468,,36,"['포장', '배달']",,"[['""음식이 맛있어요""', 35], ['""양이 많아요""', 24], ['""매장이 넓어요""', 21], ['""재료가 신선해요""', 16]]",[],"[[""시래기감자탕"", null], [""묵은지감자탕"", null], [""부대찌개전골"", null], [""마라감자탕"", null], [""볼케이노뼈구이"", null], [""로제뼈찜"", null], [""간장뼈찜"", null], [""시래기뼈해장국"", null], [""묵은지해장국"", null], [""육개장"", null], [""부대찌개"", null], [""뚝배기불고기"", null], [""황태탕"", null], [""순살시래기해장국"", null], [""우렁시래기해장국"", null], [""수제떡갈비"", null], [""계란말이"", null], [""가래떡국물떡볶이"", null], [""가래떡로제떡볶이"", null], [""반반만두"", null]]",한식
46,37.62,"서울특별시 마포구 와우산로21길 36-6 (서교동, 지하1층 B01호)",혼가츠,193041.153,450043.4969,02-322-8850,수: 11:00 - 21:30; 목: 11:00 - 21:30; 금: 11:00 - 21:30; 토: 11:00 - 21:30; 일: 11:00 - 21:30; 월: 11:00 - 21:30; 화: 11:00 - 21:30,763,"['단체 이용 가능', '무선 인터넷', '남/녀 화장실 구분']",,"[['""음식이 맛있어요""', 676], ['""양이 많아요""', 223], ['""가성비가 좋아요""', 213], ['""친절해요""', 211]]",[],"[[""혼가츠 왕돈까스"", 13000], [""생등심 돈까스"", 12000], [""버터갈릭감자튀김"", 8000], [""생안심 돈까스"", 12000], [""치즈 돈까스"", 12000]]",일식
47,72.04,"서울특별시 마포구 월드컵로14길 19, charis 빌딩 2층 (서교동)",한상팔삼 우육미면,192108.6561,450436.7128,0507-1427-3457,화: 11:30 - 21:00; 수: 11:30 - 21:00; 목: 11:30 - 21:00; 금: 11:30 - 21:00; 토: 11:30 - 21:00; 일: 정기휴무 (매주 일요일); 월: 11:30 - 21:00,232,"['글루텐프리 메뉴', '단체 이용 가능', '무선 인터넷']",주차 불가,"[['""음식이 맛있어요""', 233], ['""재료가 신선해요""', 114], ['""친절해요""', 111], ['""인테리어가 멋져요""', 96]]","['룸', '연인석']","[[""시그니처 우육면"", null], [""애호박 고기짬뽕"", null]]",중식
48,48.91,"서울특별시 마포구 월드컵로14길 62, 1층 (서교동)",파스토보이 마포점,192320.5627,450503.4112,02-325-5345,화: 11:00 - 23:00; 수: 11:00 - 23:00; 목: 11:00 - 23:00; 금: 11:00 - 23:00; 토: 11:00 - 23:00; 일: 11:00 - 23:00; 월: 11:00 - 23:00,102,['포장'],,"[['""음식이 맛있어요""', 101], ['""친절해요""', 33], ['""가성비가 좋아요""', 33], ['""재료가 신선해요""', 21]]",[],"[[""그릴드 치킨 스테이크 샐러드"", 16900], [""목살 스테이크 샐러드"", 16900], [""우삼겹 마라 크림 파스타"", 12900], [""그릴드 치킨 크림 파스타"", 11900], [""베이컨 까르보나라"", 10900], [""해물 크림 파스타"", 10900], [""매콤 해물 파스타"", 10900], [""해물 올리브 파스타"", 10900], [""토마토 미트 파스타"", 10900], [""토마토 해물 파스타"", 9900], [""베이컨 로제 파스타"", 11500], [""해물 로제 파스타"", 11500], [""우삼겹 필라프"", 11900], [""새우 필라프"", 10900], [""목살 필라프"", 10900], [""김치 필라프"", 10900], [""그릴드 치킨 투움바 파스타"", 13900]]",양식
49,26,"서울특별시 마포구 월드컵북로7길 14, 1층 일부호 (서교동)",열정의선창,192601.5304,450670.3991,0507-1371-3415,화: 19:00 - 02:00; 수: 19:00 - 02:00; 목: 19:00 - 02:00; 금: 19:00 - 02:00; 토: 19:00 - 02:00; 일: 19:00 - 02:00; 월: 정기휴무 (매주 월요일),97,['생일 혜택'],무료 주차 가능,"[['""술이 다양해요""', 72], ['""특별한 메뉴가 있어요""', 63], ['""인테리어가 멋져요""', 53], ['""친절해요""', 53]]","['좌식', '바테이블', '단체석', '룸']",[],한식
50,73.49,"서울특별시 마포구 와우산로29바길 5-4, 1층 (서교동)",숨은꼬치,193425.8005,450404.1478,0507-1345-8580,화: 정기휴무 (매주 화요일); 수: 17:00 - 24:00; 목: 17:00 - 24:00; 금: 17:00 - 02:00; 토: 17:00 - 02:00; 일: 17:00 - 02:00; 월: 17:00 - 24:00,124,"['콜키지 가능', '예약', '무선 인터넷', '단체 이용 가능']",주차 불가,"[['""음식이 맛있어요""', 128], ['""고기 질이 좋아요""', 92], ['""친절해요""', 61], ['""직접 잘 구워줘요""', 51]]",[],"[[""양꼬치(10개)"", 14000], [""우육면(오리지널/토마토/마라)"", 10000]]",중식
51,46,"서울특별시 마포구 와우산로29다길 22, 지하1층 102호 (서교동)",간바레미나상,193502.3141,450268.3561,,화: 정기휴무 (매주 화요일); 수: 17:00 - 24:00; 목: 17:00 - 24:00; 금: 17:00 - 24:00; 토: 17:00 - 24:00; 일: 17:00 - 24:00; 월: 17:00 - 24:00,97,"['반려동물 동반', '예약', '단체 이용 가능', '대기공간']",주차 불가,"[['""음식이 맛있어요""', 85], ['""음악이 좋아요""', 51], ['""인테리어가 멋져요""', 45], ['""대화하기 좋아요""', 43]]",[],"[[""와규타다끼"", 20000], [""치킨가라아게&웨지감자"", 16000], [""토마토홍합스튜"", 19000], [""명란마요치즈감자"", 17000], [""연어카레구이"", 19000], [""깐풍치킨난반"", 19000], [""오꼬노미야끼"", 16000], [""오뎅나베"", 20000], [""비빔진미채고추만두"", 17000]]",일식
52,60,"서울특별시 마포구 독막로9길 4, 지하1층 (서교동)",힙하디,192824.0314,449582.3896,0507-1389-1362,화: 정기휴무 (매주 화요일); 수: 정기휴무 (매주 수요일); 목: 20:00 - 02:00; 금: 20:00 - 02:00; 토: 20:00 - 02:00; 일: 정기휴무 (매주 일요일); 월: 정기휴무 (매주 월요일),110,"['단체 이용 가능', '예약']",,"[['""음악이 좋아요""', 103], ['""술이 다양해요""', 84], ['""인테리어가 멋져요""', 65], ['""친절해요""', 40]]",[],"[[""힙합"", 18000], [""하우스"", 18000], [""디스코"", 18000]]",한식
53,60,"서울특별시 마포구 양화로6길 57-24, 지1층 B01호 (서교동, 엘림빌라)",동백상회 합정,192697.4344,449692.5417,0507-1370-2987,화: 17:00 - 03:00; 수: 17:00 - 03:00; 목: 17:00 - 03:00; 금: 17:00 - 05:00; 토: 17:00 - 05:00; 일: 17:00 - 03:00; 월: 17:00 - 03:00,363,"['콜키지 가능', '무선 인터넷', '단체 이용 가능', '포장', '예약']",주차 불가,"[['""음식이 맛있어요""', 351], ['""기본 안주가 좋아요""', 146], ['""친절해요""', 143], ['""인테리어가 멋져요""', 142]]","['단체석', '바테이블', '연인석', '카운터석', '1인석', '좌식']","[[""산문어숙회"", 38000], [""산문어매콤찜"", 38000], [""가리비술찜"", 38000], [""가리비회"", 32000], [""연포탕"", 38000], [""참소라숙회"", 32000], [""소라무침"", 32000], [""산낙지"", 22000], [""알탕"", 24000], [""골빔면"", 20000], [""비빔삼겹살"", 12000], [""오므라이스"", 9000], [""시원한황도"", 8000], [""설탕토마토"", 8000], [""쥐포"", 8000], [""치즈스틱"", 8000], [""해물라면"", 10000], [""치즈감자채전"", 15000], [""타코와사비"", 10000], [""닭튀김"", 18000]]",한식
54,43.63,"서울특별시 마포구 와우산로29바길 12, 지1층 좌측호 (서교동)",우라난바,193392.0153,450406.9112,0507-1490-1811,화: 18:00 - 03:00; 수: 18:00 - 03:00; 목: 18:00 - 03:00; 금: 18:00 - 03:00; 토: 18:00 - 03:00; 일: 18:00 - 03:00; 월: 18:00 - 01:00,399,"['무선 인터넷', '예약', '단체 이용 가능', '반려동물 동반']",주차 불가,"[['""음식이 맛있어요""', 355], ['""술이 다양해요""', 223], ['""인테리어가 멋져요""', 176], ['""친절해요""', 173]]","['좌식', '테라스', '단체석', '1인석', '바테이블']","[[""오뎅 중접"", 8000], [""우삼겹짬뽕탕"", 22000], [""곱창전골"", 24000], [""조개탕"", 21000], [""우동"", 7000], [""조니워커블랙"", 6500], [""쿠보타만주"", 22000], [""세키토바"", 11900]]",일식
55,30,"서울특별시 마포구 월드컵북로 41, 1층 103호 (서교동)",제이스피자,192693.3478,450633.1682,0507-1473-2082,화: 11:30 - 23:00; 수: 11:30 - 23:00; 목: 11:30 - 23:00; 금: 11:30 - 23:00; 토: 11:30 - 23:00; 일: 11:30 - 23:00; 월: 11:30 - 23:00,223,"['포장', '무선 인터넷', '남/녀 화장실 구분']",주차 불가,"[['""음식이 맛있어요""', 211], ['""재료가 신선해요""', 146], ['""인테리어가 멋져요""', 114], ['""친절해요""', 108]]",[],"[[""치즈피자"", 17500], [""페퍼로니 피자"", 18000], [""초리조칠리 피자"", 20000], [""머쉬룸 피자"", 21000], [""올더웨이 피자"", 23000]]",양식
56,53.12,"서울특별시 마포구 와우산로29길 34, 1층 101호 (서교동)",한솥도시락 홍대서교점,193590.799,450355.9392,02-322-1253,화: 08:00 - 21:00; 수: 08:00 - 21:00; 목: 08:00 - 21:00; 금: 08:00 - 21:00; 토: 08:00 - 21:00; 일: 08:00 - 21:00; 월: 08:00 - 21:00,86,"['포장', '배달']",주차 불가,"[['""음식이 맛있어요""', 93], ['""가성비가 좋아요""', 62], ['""재료가 신선해요""', 49], ['""특별한 메뉴가 있어요""', 45]]",[],"[[""치킨마요"", 3800], [""스팸 김치볶음밥"", 4900], [""소불고기 철판볶음밥"", 5100], [""핫 치즈 닭갈비 덮밥"", 6000], [""왕카레돈까스 덮밥"", 6100], [""돈까스도련님"", 4900], [""송정식 떡갈비"", 6900], [""돈까스 덮밥"", 4300], [""새우돈까스 덮밥"", 4400], [""마파두부 덮밥"", 5000], [""숯불직화구이 덮밥"", 6000], [""묵은지 김치찌개"", 5000], [""김치 부대찌개"", 6100], [""제육볶음 사각도시락"", 4700], [""치킨제육"", 5000], [""메가 치킨제육"", 7800], [""돈치 고기고기"", 6100], [""탕수육도련님 고기고기"", 6100], [""돈까스도련님 고기고기"", 6600], [""해바라기"", 10000]]",한식
57,70.33,"서울특별시 마포구 와우산로21길 28-8, 1층 (서교동)",현우동 홍대,193074.957,450044.9247,0507-1362-4032,화: 정기휴무 (매주 화요일); 수: 11:30 - 21:30; 목: 11:30 - 21:30; 금: 11:30 - 21:30; 토: 11:30 - 21:30; 일: 11:30 - 21:30; 월: 11:30 - 21:30,151,"['남/녀 화장실 구분', '단체 이용 가능']",주차 불가,"[['""음식이 맛있어요""', 167], ['""친절해요""', 84], ['""특별한 메뉴가 있어요""', 72], ['""혼밥하기 좋아요""', 61]]",[],"[[""카츠동"", 12000], [""텐동"", 12000], [""카레동"", 10000], [""타닌동"", 11000], [""카케우동"", 8000], [""키츠네우동"", 10000], [""키자미우동"", 9000], [""타마고토지우동"", 11000], [""멘타이코앙카케 타마고토지우동"", 14000], [""니꾸우동"", 12000], [""텐뿌라우동"", 13000], [""카레우동"", 10000], [""카츠카레우동"", 13000], [""멘타이코가마바타우동"", 14000], [""붓카케우동"", 8000], [""텐뿌라붓카케우동"", 13000], [""토리텐붓카케우동"", 12000], [""에비텐모찌우동"", 13000], [""텐토지동"", 14000], [""치킨가라아게"", 5000]]",일식
58,122.38,"서울특별시 마포구 홍익로5안길 24, 2층 (서교동)",육현전 홍대직영점,192988.885,450160.268,0507-1392-9207,화: 14:00 - 24:00; 수: 14:00 - 24:00; 목: 14:00 - 24:00; 금: 14:00 - 01:00; 토: 14:00 - 01:00; 일: 14:00 - 24:00; 월: 14:00 - 24:00,779,"['콜키지 가능', '콜키지 가능', '비건 메뉴', '단체 이용 가능', '무선 인터넷', '남/녀 화장실 구분', '예약']",유료 주차 가능,"[['""음식이 맛있어요""', 717], ['""고기 질이 좋아요""', 704], ['""인테리어가 멋져요""', 363], ['""친절해요""', 334]]","['룸', '연인석', '바테이블', '단체석', '1인석']","[[""21일 숙성 지리산 흑돼지 오겹살"", 18000]]",한식
59,90,"서울특별시 마포구 양화로10길 20, 1층 101호 (서교동)",언덕집,192631.1821,449829.4127,0507-1318-9863,화: 17:00 - 03:00; 수: 17:00 - 03:00; 목: 17:00 - 03:00; 금: 17:00 - 04:00; 토: 17:00 - 04:00; 일: 17:00 - 03:00; 월: 17:00 - 03:00,186,"['무선 인터넷', '단체 이용 가능']",,"[['""음식이 맛있어요""', 197], ['""친절해요""', 106], ['""음악이 좋아요""', 80], ['""대화하기 좋아요""', 72]]",[],"[[""육사시미(150g)"", 21000], [""한우 타다끼(150g)"", 22000], [""한우 육회 (200g)"", 25000], [""한우(150g)와 산낙지(1미)"", 31000], [""한우(100g) + 낙지(2미) 물회"", 35000], [""산낙지 탕탕이 (2미)"", 21000], [""꼬들목살구이"", 19000], [""양념꼬들목살"", 20000], [""오겹수육한판"", 26000], [""고갈비 (소금)"", 18000], [""고갈비 (양념)"", 19000], [""막창순대볶음"", 20000], [""매콤무뼈닭발"", 20000], [""통오징어부추전"", 20000], [""미나리김치전"", 19000], [""해물전골"", 36000], [""수육순대술국"", 27000], [""조개탕"", 19000], [""전복 닭한마리 백숙"", 26000], [""순두부대찌개"", 19000], [""오뎅탕"", 19000]]",한식
60,41.12,"서울특별시 마포구 월드컵북로5나길 18 (서교동, 서교동대우미래사랑 140호)",무무,192577.9908,450569.6705,,화: 17:00 - 03:00; 수: 17:00 - 03:00; 목: 17:00 - 03:00; 금: 17:00 - 03:00; 토: 17:00 - 03:00; 일: 17:00 - 03:00; 월: 17:00 - 03:00,149,"['콜키지 가능', '단체 이용 가능', '무선 인터넷', '남/녀 화장실 구분']",주차 불가,"[['""음식이 맛있어요""', 155], ['""친절해요""', 59], ['""재료가 신선해요""', 49], ['""인테리어가 멋져요""', 46]]","['1인석', '입식', '단체석']","[[""양지수육전골"", 17900], [""마라양지수육전골"", 18900], [""백후추탕수육"", 13900], [""사천식닭냉채"", 13900], [""감자튀김과 크림새우"", 13900], [""파채기름면"", 9900], [""깐풍가지튀김"", 9900], [""마늘오이무침"", 6900], [""에그팟타이"", 8900], [""계란볶음밥"", 5900], [""야끼만두"", 5900]]",한식
61,143.12,"서울특별시 마포구 와우산로23길 56, 지하1층 (서교동)",블랭크,193194.3428,450335.2642,0507-1362-7840,화: 정기휴무 (매주 화요일); 수: 정기휴무 (매주 수요일); 목: 정기휴무 (매주 목요일); 금: 정기휴무 (매주 금요일); 토: 정기휴무 (매주 토요일); 일: 00:00 - 24:00; 월: 정기휴무 (매주 월요일),356,"['남/녀 화장실 구분', '노키즈존']",주차 불가,"[['""음식이 맛있어요""', 377], ['""음악이 좋아요""', 222], ['""인테리어가 멋져요""', 175], ['""대화하기 좋아요""', 112]]",[],"[[""차돌파스타"", 18900], [""얼큰해장우동"", 9900], [""새우볶음밥"", 8900]]",양식
62,248,"서울특별시 마포구 와우산로29마길 8, 1,2,3,4층 (서교동)",우물집,193447.8815,450388.9505,0507-1447-8956,,411,"['단체 이용 가능', '포장', '예약', '무선 인터넷', '남/녀 화장실 구분']",,"[['""음식이 맛있어요""', 403], ['""인테리어가 멋져요""', 288], ['""재료가 신선해요""', 246], ['""특별한 메뉴가 있어요""', 190]]",[],"[[""한우차돌박이"", 12000], [""갓김치볶음밥"", 6000], [""고사리표고솥밥"", 7000], [""곤드레 토마토 바질 솥밥"", 7000], [""한우 차돌박이 삼합 (M)"", 52000], [""한우 차돌박이 콩나물 불고기 (M)"", 52000], [""차돌박이 맑은 야채 전골과 솥밥"", 29000], [""우삼겹 맑은 야채 전골과 솥밥"", 24000]]",한식
63,33,"서울특별시 마포구 와우산로29바길 11-3, 1층 일부호 (서교동)",박서교숙성회,193414.9333,450393.6371,0507-1304-8593,,267,[],,"[['""음식이 맛있어요""', 268], ['""재료가 신선해요""', 200], ['""친절해요""', 123], ['""가성비가 좋아요""', 63]]",[],"[[""숙성회(소)"", 35000], [""새우튀김"", 14000], [""문어숙회"", 15000], [""오징어숙회"", 15000], [""태국고로케"", 20000], [""꽃게라면"", 8000]]",일식
64,84.58,"서울특별시 마포구 양화로7길 71, 1층 (서교동)",한본새 서교,192306.1003,450175.2446,0507-1411-4844,화: 11:00 - 15:00; 수: 11:00 - 15:00; 목: 11:00 - 15:00; 금: 11:00 - 15:00; 토: 11:00 - 15:00; 일: 정기휴무 (매주 일요일); 월: 11:00 - 15:00,364,"['남/녀 화장실 구분', '무선 인터넷', '포장', '단체 이용 가능']",주차 불가,"[['""음식이 맛있어요""', 373], ['""재료가 신선해요""', 206], ['""혼밥하기 좋아요""', 171], ['""친절해요""', 146]]","['바테이블', '좌식']",[],한식
65,58,"서울특별시 마포구 와우산로 81, 서봉갤러리 1층 일부호 (서교동)",대표분식,193142.9029,449945.9388,,화: 10:00 - 19:00; 수: 10:00 - 19:00; 목: 10:00 - 19:00; 금: 10:00 - 19:00; 토: 10:00 - 19:00; 일: 정기휴무 (매주 일요일); 월: 10:00 - 19:00,128,"['무선 인터넷', '남/녀 화장실 구분', '배달', '예약', '포장']",무료 주차 가능,"[['""음식이 맛있어요""', 126], ['""혼밥하기 좋아요""', 55], ['""매장이 청결해요""', 45], ['""재료가 신선해요""', 43]]",[],[],한식
66,64.97,"서울특별시 마포구 와우산로32길 11, 지1층 (서교동)",한량,193815.605,450284.435,0507-1378-7258,화: 16:00 - 01:00; 수: 16:00 - 01:00; 목: 16:00 - 01:00; 금: 16:00 - 01:00; 토: 16:00 - 01:00; 일: 16:00 - 01:00,270,"['단체 이용 가능', '예약']",,"[['""음식이 맛있어요""', 242], ['""고기 질이 좋아요""', 241], ['""친절해요""', 141], ['""매장이 청결해요""', 83]]",[],"[[""한량삼겹살"", 14000], [""한량꽃목살"", 14000], [""한량한접시"", 33000], [""두툼벌집껍데기"", 8000], [""쫄깃가브리살"", 17000], [""눈꽃항정살"", 18000], [""차돌된장찌개"", 5000], [""고기김치찌개"", 5000], [""꽃게해장라면"", 6000], [""냉면"", 6000], [""버터간장계란밥(1인)"", 3500]]",한식
67,77.28,"서울특별시 마포구 독막로9길 5, 1층 (서교동)",오하이요,192817.9648,449606.7264,0507-1342-9053,화: 17:30 - 02:00; 수: 17:30 - 02:00; 목: 17:30 - 02:00; 금: 17:30 - 02:00; 토: 17:30 - 02:00; 일: 17:30 - 02:00; 월: 17:30 - 02:00,906,['무선 인터넷'],주차 불가,"[['""음식이 맛있어요""', 857], ['""술이 다양해요""', 504], ['""인테리어가 멋져요""', 434], ['""가성비가 좋아요""', 427]]",[],"[[""토리 모리아와세"", 18900], [""중독 나폴리탄"", 14900], [""점보 가라아게"", 14900], [""점보 가라아게(핫 양념)"", 15900], [""점보 가라아게(치킨난반)"", 15900], [""차슈 돈코츠 나베 (매운맛)"", 18900], [""우삼겹 스키야키 나베"", 17900], [""간사이 야끼소바"", 14900], [""해산물 테판 매콤우동"", 14900], [""바지락 술찜"", 16900], [""오하이요 시그니처 플래터"", 23900]]",일식
68,219.99,"서울특별시 마포구 와우산로17길 14, 2층 (서교동)",장모님 부대찌개,193050.1918,449790.2463,0507-1413-8790,화: 18:00 - 10:00; 수: 18:00 - 10:00; 목: 18:00 - 10:00; 금: 18:00 - 10:00; 토: 18:00 - 10:00; 일: 18:00 - 10:00; 월: 정기휴무 (매주 월요일),50,"['단체 이용 가능', '예약', '남/녀 화장실 구분', '포장', '무선 인터넷', '출입구 휠체어 이용가능', '좌석 휠체어 이용가능']",주차 불가,"[['""음식이 맛있어요""', 51], ['""매장이 넓어요""', 40], ['""친절해요""', 24], ['""재료가 신선해요""', 20]]","['단체석', '테라스', '입식', '룸']","[[""장모님부대찌개스폐셜 2인"", 25000], [""장모님부대찌개 스페셜 3인"", 34000], [""장모님부대찌개 스페셜 4인"", 43000], [""우삼겹부대찌개 스페셜 2인"", 32000], [""우삼겹부대찌개 스페셜 3인"", 42000], [""우삼겹부대찌개 스페셜 4인"", 50000], [""베이컨 부대찌개 스페셜 2인"", 29000], [""베이컨 부대찌개 스페셜 3인"", 39000], [""베이컨 부대찌개 스페셜 4인"", 48000], [""장모님 부대찌개"", 9000], [""계란말이"", 7000]]",한식
69,64.31,"서울특별시 마포구 와우산로29바길 24, 1층 우측호 (서교동)",술쑤시개,193354.6456,450360.1811,0507-1343-4409,화: 17:00 - 03:00; 수: 17:00 - 03:00; 목: 17:00 - 03:00; 금: 17:00 - 03:00; 토: 17:00 - 03:00; 일: 정기휴무 (매주 일요일); 월: 17:00 - 03:00,165,"['유기농 메뉴', '반려동물 동반', '예약', '단체 이용 가능', '무선 인터넷', '대기공간']",주차 불가,"[['""음식이 맛있어요""', 160], ['""친절해요""', 83], ['""인테리어가 멋져요""', 82], ['""음악이 좋아요""', 66]]","['룸', '단체석', '테라스', '1인석', '바테이블', '루프탑', '카운터석']","[[""마늘치킨"", 25000], [""크림치킨"", 23000], [""꼬치어묵탕"", 20000], [""토마토 해장 파스탕"", 23000], [""매콤 알리오올리오"", 18000], [""훈제족발"", 18000], [""차돌숙주볶음"", 18000], [""두부김치"", 18000], [""마라 마파두부"", 18000], [""해쉬감튀 & 소세지"", 16000], [""타코야끼"", 9000]]",양식
70,89.92,"서울특별시 마포구 홍익로 3-30, 포도빌딩 1층 (서교동)",홍대물갈비 홍대본점,193129.2025,450074.6403,0507-1443-3811,화: 10:30 - 23:30; 수: 10:30 - 23:30; 목: 10:30 - 23:30; 금: 10:30 - 23:30; 토: 10:30 - 23:30; 일: 10:30 - 22:00; 월: 10:30 - 23:30,996,"['포장', '배달', '예약', '단체 이용 가능', '무선 인터넷']",주차 불가,"[['""음식이 맛있어요""', 924], ['""고기 질이 좋아요""', 522], ['""친절해요""', 481], ['""양이 많아요""', 469]]",[],"[[""홍대물갈비(1인)"", 16000], [""로제물갈비(1인)"", 16000], [""홍대소불고기(1인)"", 16000], [""볶음밥"", 3000], [""고기튀김"", 12900], [""치즈카츠"", 12900], [""등심카츠"", 10900], [""버터갈릭감자"", 5500]]",한식
71,127.08,"서울특별시 마포구 홍익로5안길 8, 1층 (서교동)",상구네솥뚜껑삼겹살 홍대점,193008.991,450195.988,02-6951-1062,화: 14:30 - 01:00; 수: 14:30 - 01:00; 목: 14:30 - 01:00; 금: 14:30 - 02:00; 토: 14:30 - 02:00; 일: 14:30 - 02:00; 월: 14:30 - 01:00,338,"['콜키지 가능', '남/녀 화장실 구분', '무선 인터넷', '예약', '대기공간', '단체 이용 가능']",주차 불가,"[['""음식이 맛있어요""', 330], ['""고기 질이 좋아요""', 247], ['""친절해요""', 131], ['""매장이 넓어요""', 117]]",[],"[[""시래기+문경약돌돼지생삼겹/목살 (100g)"", 8900], [""미나리+문경약돌돼지생삼겹/목살 (100g)"", 8900], [""국내산 1+등급 문경약돌돼지 생삼겹살 (100g)"", 7900], [""국내산 1+등급 문경약돌돼지 생목살 (100g)"", 7900], [""항정살(100g)"", 8900], [""가브리살 (100g)"", 8900], [""늑간살 (100g)"", 8900], [""후식 막국수"", 5000], [""후식 (물/비빔)냉면"", 5000], [""리얼치즈계란찜"", 5000], [""청국장이 들어간 된장찌개"", 5000], [""문경약돌돼지 김치찌개"", 5000], [""솥뚜껑볶음밥"", 3000]]",한식
72,76,"서울특별시 마포구 월드컵북로7길 34, 1층 (서교동)",유알티,192521.5754,450612.6208,0507-1343-1826,수: 10:30 - 21:00; 목: 10:30 - 21:00; 금: 10:30 - 21:00; 토: 10:30 - 21:00; 일: 10:30 - 21:00; 월: 정기휴무 (매주 월요일); 화: 정기휴무 (매주 화요일),285,"['글루텐프리 메뉴', '비건 메뉴', '유기농 메뉴', '콜키지 가능', '포장', '반려동물 동반', '무선 인터넷', '유아의자', '단체 이용 가능', '예약', '배달', '출입구 휠체어 이용가능', '좌석 휠체어 이용가능']",주차 불가,"[['""특별한 메뉴가 있어요""', 171], ['""음식이 맛있어요""', 160], ['""친절해요""', 120], ['""디저트가 맛있어요""', 114]]",[],"[[""팟타이"", 15000], [""빵과버터"", 6000], [""햄치즈 크루아상 샌드위치"", 10000], [""미트볼 토마토스튜와 사워도우"", 16000], [""고사리 들기름 파스타"", 20000], [""바질 크림 뇨끼"", 18000], [""채소피클"", 2000], [""공정무역 드립커피"", 5000], [""디카페인 드립커피"", 5000], [""하동 무농약 라임에이드"", 8000], [""100% 의성 유기농 사과주스"", 7500], [""100% 오렌지주스"", 6000], [""화덕채소구이와 사워도우"", 23000], [""비온뒤맥주"", 10000], [""딸기 금귤 리코타 샐러드"", 17000], [""화덕 버섯구이와 토종콩 후무스"", 24000], [""냉이 오일 파스타"", 18000], [""트러플 머쉬룸 크루아상 샌드위치"", 10000], [""햄치즈 치아바타 샌드위치"", 13000], [""트러플 머쉬룸 치아바타샌드위치"", 13000]]",양식
73,64.17,"서울특별시 마포구 독막로7길 21, 2층 (서교동)",신서울전,192765.9713,449627.097,0507-1386-1447,화: 16:00 - 01:00; 수: 16:00 - 01:00; 목: 16:00 - 01:00; 금: 16:00 - 04:00; 토: 16:00 - 04:00; 일: 정기휴무 (매주 일요일); 월: 16:00 - 01:00,681,['생일 혜택'],유료 주차 가능,"[['""음식이 맛있어요""', 610], ['""기본 안주가 좋아요""', 302], ['""술이 다양해요""', 288], ['""인테리어가 멋져요""', 251]]","['단체석', '연인석', '루프탑']","[[""서울보쌈"", 28000], [""새둥지전"", 16000], [""새우둥지전"", 21000], [""전찌개"", 26000], [""소고기탕면"", 28000], [""모듬전"", 25000], [""미나리새우전"", 25000], [""통새우김치전"", 20000], [""육전"", 19000], [""소곱창전골"", 28000], [""오돌뼈주먹밥"", 21000], [""순살옛날간장치킨"", 16000], [""낙지볶음"", 25000], [""순살순대볶음"", 26000], [""신선로망고빙수"", 28000]]",한식
74,324.21,"서울특별시 마포구 월드컵북로 19, 대상빌딩 1층 (서교동)",대서리,192834.6537,450457.7126,0507-1341-8064,화: 11:30 - 24:00; 수: 11:30 - 24:00; 목: 11:30 - 24:00; 금: 11:30 - 24:00; 토: 16:00 - 24:00; 일: 11:30 - 24:00; 월: 11:30 - 24:00,334,"['단체 이용 가능', '남/녀 화장실 구분', '무선 인터넷']",주차 불가,"[['""음식이 맛있어요""', 306], ['""고기 질이 좋아요""', 269], ['""매장이 넓어요""', 203], ['""특별한 메뉴가 있어요""', 113]]","['단체석', '입식']","[[""육회(200g)"", 23000], [""오꼬노미계란찜"", 8000], [""열무냉국수"", 6000], [""김치찌개"", 7000], [""된장술밥"", 7000], [""테라"", 6000], [""비빔열무국수"", 6000], [""치즈볶음밥"", 8000], [""대서리모듬(450g)."", 51000], [""태극살(150g)"", 20000], [""삼겹살(150g)"", 17000], [""목살(150g)"", 17000], [""얇은삼겹살(150g)"", 17000], [""짜계치"", 5000], [""통수육 쌈치찌개 정식"", 12000], [""한우사골 설렁탕"", 10000], [""돼지불고기"", 13000], [""뚝배기 제육볶음"", 11000], [""계란말이"", 8000]]",주점
75,74,"서울특별시 마포구 와우산로29길 4-13, 2,3층 (서교동)",데이원,193692.5169,450313.8823,0507-1377-9973,,45,[],주차 불가,"[['""커피가 맛있어요""', 43], ['""디저트가 맛있어요""', 31], ['""음료가 맛있어요""', 30], ['""친절해요""', 24]]",[],"[[""딸기 라떼"", 6500]]",주점
76,306.72,"서울특별시 마포구 홍익로3길 44, 호곡빌딩 4층 (서교동)",추파,192984.7094,450043.4181,0507-1303-5582,화: 18:00 - 02:00; 수: 18:00 - 02:00; 목: 18:00 - 02:00; 금: 18:00 - 02:00; 토: 17:00 - 02:00; 일: 17:00 - 02:00; 월: 18:00 - 02:00,148,"['생일 혜택', '단체 이용 가능', '남/녀 화장실 구분']",주차 불가,"[['""음식이 맛있어요""', 141], ['""인테리어가 멋져요""', 81], ['""단체모임 하기 좋아요""', 71], ['""매장이 넓어요""', 62]]","['단체석', '룸']","[[""크림닭강정"", 22000], [""구운삼겹플레이트"", 22000], [""돼지고기김치찌개"", 18000], [""된장술밥"", 15000], [""치즈감자전"", 15000], [""명란크림파스타"", 18000], [""차돌들깨파스타"", 18000], [""콘튀김"", 8000], [""스팸계란후라이"", 8000], [""닭껍질말이"", 8000], [""짜계치"", 6000], [""치즈라면"", 6000]]",한식
77,141.71,"서울특별시 마포구 잔다리로 12, 홍석빌딩 1층 (서교동)",슈퍼방구 홍대점,193025.1374,449867.8312,0507-1349-7402,,177,[],,"[['""음식이 맛있어요""', 136], ['""음악이 좋아요""', 57], ['""인테리어가 멋져요""', 51], ['""가성비가 좋아요""', 49]]",[],"[[""엄마가해준삼겹김치찌개"", 17000], [""강냉이턴매콤오돌뼈"", 17000], [""큰손 두부김치"", 15000], [""황도화채"", 14000], [""옛날빙수(feat.캔모아)"", 15000]]",한식
78,49.57,"서울특별시 마포구 와우산로29마길 16, 지1층 좌측호 (서교동)",만휘군상,193428.6493,450360.5491,0507-1317-6754,화: 17:00 - 01:00; 수: 17:00 - 01:00; 목: 17:00 - 01:00; 금: 17:00 - 01:00; 토: 17:00 - 01:00; 일: 정기휴무 (매주 일요일); 월: 17:00 - 01:00,98,"['콜키지 가능', '예약', '단체 이용 가능', '무선 인터넷']",주차 불가,"[['""음식이 맛있어요""', 96], ['""술이 다양해요""', 77], ['""특별한 메뉴가 있어요""', 62], ['""인테리어가 멋져요""', 52]]",['단체석'],"[[""그릴드포크"", 27000], [""명태튀김 깽쏨소스"", 30000], [""고노와다 파스타"", 19000], [""돼지부속 탕수육"", 19000], [""김짬뽕"", 25000], [""닭무침"", 21000], [""한치 물회"", 21000], [""닭전골"", 24000], [""멕시코식 라구파스타"", 19000], [""돼지고기 장조림과 메쉬포테이토"", 19000], [""한치 통찜"", 26000], [""새우튀김 코코넛크림커리"", 24000]]",일식
79,114.73,"서울특별시 마포구 양화로6길 91, 1층 (서교동)",무제,192793.6028,449585.7304,0507-1326-7630,,228,"['콜키지 가능', '생일 혜택', '단체 이용 가능', '남/녀 화장실 구분', '예약', '무선 인터넷', '노키즈존']",주차 불가,"[['""음식이 맛있어요""', 229], ['""인테리어가 멋져요""', 153], ['""특별한 메뉴가 있어요""', 107], ['""술이 다양해요""', 102]]","['룸', '단체석', '바테이블', '1인석', '테라스', '입식']","[[""사시미 모리아와세"", 39000], [""메로구이"", 26000], [""에비후라이"", 8000], [""코보레 스시"", 27000], [""나폴리탄"", 16000], [""바질 바지락찜"", 14000], [""닭구이"", 14000], [""세세리"", 16000], [""건 표고 튀김"", 11000], [""이소베마끼"", 22000], [""팥양갱"", 6000], [""네기도로 타베루"", 21000], [""우니"", 70000], [""전복 내장 파스타"", 24000], [""토마토스튜"", 19000], [""치킨 가라아게"", 14000], [""가지 튀김"", 11000]]",일식
80,83,"서울특별시 마포구 독막로3길 29, 2층 (서교동)",선비다이닝,192603.2283,449717.1817,0507-1414-7018,화: 16:00 - 01:30; 수: 16:00 - 01:30; 목: 16:00 - 01:30; 금: 16:00 - 01:30; 토: 16:00 - 01:30; 일: 16:00 - 01:30; 월: 16:00 - 01:30,587,"['콜키지 가능', '단체 이용 가능', '무선 인터넷', '대기공간', '예약', '노키즈존']",주차 불가,"[['""음식이 맛있어요""', 559], ['""술이 다양해요""', 332], ['""기본 안주가 좋아요""', 229], ['""특별한 메뉴가 있어요""', 195]]",['단체석'],"[[""치즈감자채전"", 7000], [""불잡채와납작만두"", 11000], [""해물떡라면"", 8000], [""김치전"", 7000], [""떡구이"", 5000]]",한식
81,92,"서울특별시 마포구 잔다리로 35, 1층 101호 (서교동)",솥돈 홍대점,192798.7317,449918.6079,0507-1470-2779,화: 11:00 - 22:30; 수: 11:00 - 22:30; 목: 11:00 - 22:30; 금: 11:00 - 22:30; 토: 12:00 - 22:30; 일: 12:00 - 22:30; 월: 11:00 - 22:30,535,"['콜키지 가능', '단체 이용 가능', '무선 인터넷', '남/녀 화장실 구분']",,"[['""음식이 맛있어요""', 530], ['""고기 질이 좋아요""', 464], ['""친절해요""', 197], ['""직접 잘 구워줘요""', 182]]",['단체석'],"[[""솥돈 삼겹살"", 16000], [""솥돈 목살"", 16000], [""솥 김치칼국수"", 8000], [""솥 김치알밥"", 4000]]",한식
82,46.2,"서울특별시 마포구 와우산로29라길 7, 지하1층 일부 1호 (서교동)",밍키친,193515.2652,450352.9273,0507-1411-6411,화: 정기휴무 (매주 화요일); 수: 17:00 - 02:00; 목: 17:00 - 02:00; 금: 17:00 - 02:00; 토: 17:00 - 02:00; 일: 17:00 - 02:00; 월: 17:00 - 02:00,41,"['콜키지 가능', '단체 이용 가능', '포장', '무선 인터넷', '예약']",무료 주차 가능,"[['""음식이 맛있어요""', 43], ['""가성비가 좋아요""', 24], ['""친절해요""', 18], ['""기본 안주가 좋아요""', 16]]","['바테이블', '연인석', '1인석']","[[""미나리 초무침"", 16000], [""갓김치 파스타"", 16500], [""갈치속젓 오일 파스타"", 16500], [""차돌된장 (술) 찌개"", 18000], [""바지락 술찜"", 16000], [""해장짬뽕라면"", 8500], [""볶음김치전"", 8500], [""김치커리계란말이"", 14500], [""치즈김치볶음밥"", 8000], [""파닭전"", 16000], [""치즈구이&차돌육전"", 17000], [""닭치찌개"", 18000], [""타이소스수육냉채"", 19500], [""부채살큐브야채볶음"", 19000], [""아이스요거트&아이스크림"", 13000], [""중국식오이탕탕이"", 8500]]",한식
83,80.9,"서울특별시 마포구 어울마당로 58-1, 2층 (서교동)",불간짬뽕,192982.3766,449782.4797,0507-1395-3772,화: 11:00 - 21:00; 수: 11:00 - 21:00; 목: 11:00 - 21:00; 금: 11:00 - 22:00; 토: 11:00 - 22:00; 일: 12:00 - 21:00; 월: 정기휴무 (매주 월요일),360,"['무한 리필', '포장', '무선 인터넷', '단체 이용 가능', '예약', '유아의자', '배달']",주차 불가,"[['""음식이 맛있어요""', 348], ['""재료가 신선해요""', 176], ['""양이 많아요""', 156], ['""친절해요""', 121]]","['연인석', '입식', '단체석']","[[""간짬뽕(1,2,3단)"", 12000], [""소고기해물짬뽕(일반,매운)"", 12000], [""유니짜장"", 8000], [""탕수육(소)"", 17000], [""탕수육(중)"", 22000], [""탕수육(대)"", 27000], [""반만두"", 5000], [""군만두"", 8000], [""세트1 짜장+짬뽕(선택가능1)+탕수육(소)"", 35000], [""세트2 짜장+짬뽕(선택가능1)+탕수육(중)"", 40000], [""세트3 짬뽕(선택가능1)+짬뽕(선택가능1)+탕수육(소)"", 39000], [""세트4 짬뽕(선택가능1)+짬뽕(선택가능1)+탕수육(중)"", 44000]]",중식
84,45.43,"서울특별시 마포구 동교로 140, 1층 우측호 (서교동)",우미토부,192651.2187,450314.1156,0507-1439-5452,화: 11:30 - 21:00; 수: 11:30 - 21:00; 목: 11:30 - 21:00; 금: 11:30 - 21:00; 토: 정기휴무 (매주 토요일); 일: 정기휴무 (매주 일요일); 월: 11:30 - 21:00,54,['무선 인터넷'],주차 불가,"[['""음식이 맛있어요""', 58], ['""재료가 신선해요""', 36], ['""특별한 메뉴가 있어요""', 29], ['""혼밥하기 좋아요""', 25]]","['좌식', '카운터석', '바테이블']","[[""아지후라이정식"", 13000], [""아지에비타마동"", 12000], [""아지MIX후라이정식"", 15000], [""아지사케후라이정식"", 12000], [""사케동"", 16000], [""치킨가라아게정식"", 11000], [""아지사시미동"", 12000], [""아지에비후라이정식"", 12000], [""아지에지타마돈부리"", 12000]]",일식
85,389.35,"서울특별시 마포구 월드컵북로5길 12, 도경빌딩 1층 (서교동)",소담촌,192677.7665,450573.6321,02-332-3008,,173,['무한 리필'],무료 주차 가능,"[['""음식이 맛있어요""', 183], ['""재료가 신선해요""', 139], ['""양이 많아요""', 78], ['""가성비가 좋아요""', 77]]","['룸', '좌식', '입식']","[[""월남쌈해물샤브정식"", 19000], [""명품한우샤브정식"", 19000], [""월남쌈버섯샤브"", 21900], [""월남쌈명품한우샤브"", 24500], [""월남쌈와규샤브정식"", 16000], [""월남쌈샤브정식"", 14900], [""월남쌈샤브"", 16900], [""월남쌈와규샤브"", 21000], [""월남쌈스페셜샤브"", 26000], [""우삼겹구이&샤브"", 20000], [""돈삼겹구이&샤브"", 21000], [""와규구이&샤브"", 22900], [""월남쌈버섯샤브정식"", 16500], [""주먹밥(소불고기,간장버터치즈,참치마요)"", 2500], [""떡볶이"", 5000]]",한식
86,40,"서울특별시 마포구 와우산로27길 26, 지하1층 일부호 (서교동)",타코베이커,193484.2028,450242.5771,0507-1338-4085,화: 정기휴무 (매주 화요일); 수: 15:00 - 24:00; 목: 15:00 - 24:00; 금: 15:00 - 24:00; 토: 12:00 - 24:00; 일: 12:00 - 24:00; 월: 15:00 - 24:00,61,[],,"[['""음식이 맛있어요""', 59], ['""친절해요""', 29], ['""재료가 신선해요""', 27], ['""인테리어가 멋져요""', 27]]",[],"[[""베이커타코"", 6500], [""대파타코"", 7500], [""치즈타코"", 7500], [""치폴레타코"", 7500]]",일식
87,66.1,"서울특별시 마포구 독막로3길 27, 1층 우측호 (서교동)",주락간,192602.7823,449705.5851,0507-1408-9096,화: 17:00 - 01:00; 수: 17:00 - 01:00; 목: 17:00 - 01:00; 금: 17:00 - 02:00; 토: 16:00 - 02:00; 일: 16:00 - 01:00; 월: 17:00 - 01:00,258,"['생일 혜택', '단체 이용 가능', '무선 인터넷', '예약']",주차 불가,"[['""음식이 맛있어요""', 253], ['""기본 안주가 좋아요""', 167], ['""친절해요""', 114], ['""인테리어가 멋져요""', 112]]","['단체석', '입식']","[[""민물새우가득한 얼큰 매운탕"", 20000], [""수비드로 조리한 항정살 제철나물무침"", 22000], [""시나몬 크런치 토스트"", 8900], [""김치메밀전병"", 8900], [""꿀고구마튀김"", 8900], [""주문즉시 튀긴 김부각"", 8900], [""고기가득 시장국물떡볶이"", 14000], [""우삼겹알배추찜"", 15000], [""고기가득 한장 계란육전"", 18000], [""포두부김치쌈"", 19000], [""<당일배송> 바지락술찜"", 21000], [""매콤한 알곤이비빔칼국수"", 21000], [""매콤한 낙지볶음with(고수or깻잎)"", 22000], [""100%닭다리살 순살 닭볶음탕"", 26000], [""매일삶는 아롱사태 샤브샤브"", 28000], [""고기넣고 만든 강된장 비빔밥"", 8000], [""웰컴 식전주 무료"", null]]",한식
88,106.25,"서울특별시 마포구 월드컵북로5나길 18, 1층 105호 (서교동, 서교동 대우미래사랑)",우리동네연탄고기,192577.9908,450569.6705,0507-1433-3482,화: 16:00 - 22:30; 수: 16:00 - 22:30; 목: 16:00 - 22:30; 금: 16:00 - 22:30; 토: 16:00 - 22:30; 일: 16:00 - 22:30; 월: 16:00 - 22:30,128,"['무선 인터넷', '남/녀 화장실 구분', '단체 이용 가능', '예약']",,"[['""음식이 맛있어요""', 168], ['""친절해요""', 110], ['""매장이 청결해요""', 87], ['""재료가 신선해요""', 73]]",[],"[[""뚱돼지 삼겹살"", 15000], [""두툼 뚱목살"", 15000], [""그 시절 연탄 생갈비"", 15000], [""등심덧살 가브리"", 16000], [""항정살"", 17000], [""단짠단짝 돼지갈비"", 16000], [""꼬들한 꼬들살"", 16000], [""꼬수운 초벌막창"", 15000], [""쫄깃 껍데기"", 7000]]",한식
89,98,"서울특별시 마포구 양화로6길 91, 2층 (서교동)",주도,192793.6028,449585.7304,0507-1416-7504,화: 17:00 - 02:00; 수: 17:00 - 02:00; 목: 17:00 - 02:00; 금: 17:00 - 04:00; 토: 17:00 - 04:00; 일: 17:00 - 02:00; 월: 17:00 - 02:00,151,"['생일 혜택', '단체 이용 가능', '예약', '포장', '무선 인터넷', '남/녀 화장실 구분']",주차 불가,"[['""음식이 맛있어요""', 147], ['""인테리어가 멋져요""', 79], ['""친절해요""', 65], ['""대화하기 좋아요""', 59]]","['룸', '테라스', '단체석']","[[""항정 & 바지락 술찜"", 33000], [""한우 아보카도 육회"", 26000], [""한우 육사시미 플레이트"", 24000], [""수비드 냉 제육"", 25000], [""빼쉐"", 26000], [""빠네 로제 떡볶이"", 23000], [""닭 목살 구이"", 23000], [""화끈 불 돼지꼬랑지"", 25000], [""추억의 경양식 왕 돈까스"", 21000], [""주도 해장 라면"", 7000], [""트러플 짜파게티"", 9000], [""통새우 미나리전"", 19000], [""주도 항정 수육"", 26000], [""주도 반반 수육"", 28000], [""삼겹 & 바지락 술찜"", 31000]]",한식
90,66,"서울특별시 마포구 동교로22길 38, 1층 일부호 (서교동)",나스 서교,192677.4899,450231.7505,0507-1380-9144,수: 18:00 - 01:00; 목: 18:00 - 01:00; 금: 18:00 - 01:00; 토: 18:00 - 01:00; 일: 정기휴무 (매주 일요일); 월: 정기휴무 (매주 월요일); 화: 18:00 - 01:00,106,"['콜키지 가능', '단체 이용 가능', '반려동물 동반', '예약']",무료 주차 가능,"[['""음식이 맛있어요""', 108], ['""친절해요""', 54], ['""특별한 메뉴가 있어요""', 54], ['""술이 다양해요""', 45]]",[],"[[""2인사시미"", 34000], [""고등어봉초밥"", 28000]]",일식
91,89.92,"서울특별시 마포구 양화로6길 57-22, 1층 (서교동)",불막열삼 합정점,192689.0107,449682.0286,0507-1360-9376,화: 17:00 - 01:00; 수: 17:00 - 01:00; 목: 17:00 - 01:00; 금: 17:00 - 02:00; 토: 17:00 - 02:00; 일: 17:00 - 02:00; 월: 정기휴무 (매주 월요일),233,"['글루텐프리 메뉴', '콜키지 가능', '예약', '무선 인터넷', '남/녀 화장실 구분', '단체 이용 가능']",주차 불가,"[['""음식이 맛있어요""', 220], ['""고기 질이 좋아요""', 177], ['""친절해요""', 120], ['""가성비가 좋아요""', 86]]","['입식', '단체석']","[[""냉삼겹"", null], [""무뼈불닭발"", null], [""땡초라면"", null], [""우삼겹 된장찌개"", null], [""소곱창전골"", null], [""우삼겹"", null], [""파막창"", null], [""소곱창"", null], [""소대창"", null], [""생막창"", null], [""불막창"", null], [""소막창"", null], [""꼬들살"", null], [""생삼겹"", null], [""왕갈비"", null], [""흑미쌀냉면"", null], [""계란찜"", null], [""돼지껍데기"", null]]",한식
92,148,"서울특별시 마포구 월드컵북로 9-1, 1층 (서교동)",육전국밥 서교점,192896.8542,450392.8418,02-322-6364,수: 00:00 - 24:00; 목: 00:00 - 24:00; 금: 00:00 - 24:00; 토: 00:00 - 24:00; 일: 00:00 - 24:00; 월: 00:00 - 24:00,166,"['포장', '단체 이용 가능', '예약', '남/녀 화장실 구분']",무료 주차 가능,"[['""음식이 맛있어요""', 202], ['""매장이 넓어요""', 68], ['""혼밥하기 좋아요""', 61], ['""재료가 신선해요""', 53]]","['룸', '1인석', '바테이블', '입식']","[[""육전소고기국밥"", 10000], [""소고기국밥"", 9000]]",한식
93,45.21,"서울특별시 마포구 잔다리로7길 5, 1층 (서교동)",오성국수,192632.2418,450071.2744,02-336-5453,화: 11:00 - 20:00; 수: 11:00 - 20:00; 목: 11:00 - 20:00; 금: 11:00 - 20:00; 토: 정기휴무 (매주 토요일); 일: 11:00 - 20:00; 월: 11:00 - 20:00,104,"['비건 메뉴', '포장', '무선 인터넷', '대기공간', '단체 이용 가능']",주차 불가,"[['""음식이 맛있어요""', 99], ['""혼밥하기 좋아요""', 53], ['""재료가 신선해요""', 52], ['""친절해요""', 51]]","['바테이블', '1인석', '좌식']","[[""멸치국수"", 6500], [""멸고국수"", 8500], [""소불고기비빔국수"", 10000], [""비빔국수"", 7500], [""고기비빔국수"", 9500], [""크래미김밥"", 3500], [""매콤어묵국수"", 7500], [""참치김밥"", 3500], [""일미김밥"", 3500], [""불고기김밥"", 4500], [""고기만두"", 4000], [""미니고기덮밥"", 4500]]",한식
94,51.42,"서울특별시 마포구 와우산로15길 33, 1층 (서교동)",이크,193007.4909,449650.4372,0507-1439-1466,화: 11:30 - 24:00; 수: 11:30 - 24:00; 목: 11:30 - 24:00; 금: 11:30 - 01:00; 토: 18:00 - 01:00; 일: 18:00 - 24:00; 월: 11:30 - 24:00,181,"['콜키지 가능', '콜키지 가능', '단체 이용 가능', '무선 인터넷', '예약']",주차 불가,"[['""음식이 맛있어요""', 179], ['""인테리어가 멋져요""', 113], ['""친절해요""', 97], ['""특별한 메뉴가 있어요""', 83]]","['단체석', '바테이블', '좌식']","[[""야키토리 5종"", 17000], [""야키토리 7종"", 23000]]",일식
95,99.75,"서울특별시 마포구 와우산로19길 27, 2층 (서교동)",무제 홍대점,193007.6748,449883.8158,0507-1361-6840,화: 18:00 - 03:00; 수: 18:00 - 03:00; 목: 18:00 - 03:00; 금: 18:00 - 04:00; 토: 18:00 - 04:00; 일: 정기휴무 (매주 일요일); 월: 정기휴무 (매주 월요일),129,"['생일 혜택', '콜키지 가능', '단체 이용 가능', '무선 인터넷', '남/녀 화장실 구분', '노키즈존', '예약', '반려동물 동반']",무료 주차 가능,"[['""음식이 맛있어요""', 127], ['""인테리어가 멋져요""', 90], ['""음악이 좋아요""', 69], ['""특별한 메뉴가 있어요""', 63]]","['단체석', '카운터석', '좌식', '바테이블', '연인석']","[[""묵은지 들기름 냉 파스타"", 9000], [""소고기 토마토 스튜"", 19000], [""비스큐 (새우) 오일 파스타"", 12000], [""갈릭 쉬림프 라이스"", 10000], [""냉 보쌈"", 16000], [""갈빗살구이"", 18000], [""국물 해물 떡볶이"", 17000], [""가라유린기"", 16000], [""감바스"", 16000], [""치즈 폭탄 나쵸쓰"", 10900], [""무제 스크렘블 에그"", 10900], [""파인샤베트"", 8000], [""스지탕"", 19000], [""해물꽃게탕"", 21000], [""연어샐러드"", 14000], [""가라아게"", 13000]]",한식
96,54.12,"서울특별시 마포구 독막로7길 56, 1층 좌측호 (서교동)",톤토로,192880.5061,449767.969,0507-1498-5959,수: 17:00 - 02:00; 목: 17:00 - 02:00; 금: 17:00 - 02:00; 토: 17:00 - 02:00; 일: 17:00 - 02:00; 월: 17:00 - 02:00; 화: 17:00 - 02:00,89,"['콜키지 가능', '무선 인터넷', '남/녀 화장실 구분', '단체 이용 가능']",주차 불가,"[['""음식이 맛있어요""', 84], ['""인테리어가 멋져요""', 69], ['""특별한 메뉴가 있어요""', 38], ['""친절해요""', 27]]",[],"[[""톤토로(항정살)"", 3000], [""목살"", 3500], [""꼬들살"", 3800], [""뽈살"", 3500], [""톤츠쿠네"", 4000], [""닭날개"", 3500], [""닭목살"", 2500], [""닭염통"", 1500], [""톤스키야키"", 15500], [""흑후추오돌튀김"", 9000], [""연유치즈토마토"", 4500]]",일식
97,91.4,"서울특별시 마포구 와우산로27길 6, 1층 (서교동)",돼동여지도,193566.1133,450185.3744,0507-1443-0604,화: 11:00 - 23:00; 수: 11:00 - 23:00; 목: 11:00 - 23:00; 금: 11:00 - 23:00; 토: 11:00 - 23:00; 일: 정기휴무 (매주 일요일); 월: 11:00 - 23:00,153,"['단체 이용 가능', '예약', '무선 인터넷']",주차 불가,"[['""음식이 맛있어요""', 152], ['""고기 질이 좋아요""', 123], ['""양이 많아요""', 62], ['""가성비가 좋아요""', 59]]",[],"[[""냉동삼겹살"", 10900], [""차돌박이"", 13900]]",한식
98,13.42,"서울특별시 마포구 와우산로29바길 18, 지하1층 일부호 (서교동)",홍대하녹,193375.8789,450384.2268,,,113,"['글루텐프리 메뉴', '포장', '배달', '방문접수/출장', '예약', '단체 이용 가능', '무선 인터넷', '남/녀 화장실 구분', '대기공간']",주차 불가,"[['""음식이 맛있어요""', 94], ['""친절해요""', 64], ['""인테리어가 멋져요""', 62], ['""특별한 메뉴가 있어요""', 55]]",['바테이블'],"[[""흑임자 찹쌀떡"", 1500], [""아몬드 찹쌀떡"", 1500], [""호박 찹쌀떡"", 1500], [""바나나 찹쌀떡"", 1500], [""쑥 찹쌀떡"", 2000], [""오리지널 찹쌀떡"", 2000], [""카스테라 찹쌀떡"", 3000], [""돼지바 찹쌀떡"", 3000], [""백년초 찹쌀떡"", 3000], [""오메기떡"", 3000], [""인절미 크림떡"", 3000]]",한식
99,147.35,"서울특별시 마포구 양화로6길 73, 2층 (서교동)",목벌,192711.3815,449598.0041,0507-1387-8729,화: 12:00 - 23:00; 수: 12:00 - 23:00; 목: 12:00 - 23:00; 금: 12:00 - 23:00; 토: 12:00 - 23:00; 일: 12:00 - 23:00; 월: 정기휴무 (매주 월요일),39,"['콜키지 가능', '생일 혜택', '단체 이용 가능', '예약', '무선 인터넷', '대기공간', '출입구 휠체어 이용가능']",유료 주차 가능,"[['""음식이 맛있어요""', 40], ['""고기 질이 좋아요""', 32], ['""인테리어가 멋져요""', 23], ['""친절해요""', 16]]","['테라스', '연인석']","[[""목벌 한우모둠세트"", 87000], [""목벌 한우 눈꽃갈비"", 27000], [""한우 소갈비살 (생/양념)"", 19000], [""목벌 한우 등심"", 25000], [""목벌 하이볼"", 8000], [""한우 고기말이"", 20000], [""목벌 한우 육사시미 1++"", 28000], [""목벌 한우 육회 1++"", 25000], [""한우 달래 된장찌개"", 9000], [""목벌 육회비빔밥"", 13000], [""한우 소고기 강된장 (점심 메뉴)"", 12000], [""돌판 차돌 누룽지 볶음밥"", 12000], [""돌판 트러플 짜파게티"", 8000], [""차돌박이 라면"", 10000], [""목벌 얼칡이 냉면 (물/비빔)"", 9000], [""미국식 떡갈비 정식"", 14000], [""뚝배기 불고기"", 13000], [""목벌 한우 된장 술밥"", 11000], [""콜키지 프리"", 1]]",한식
100,105.9,"서울특별시 마포구 양화로8길 16-22, 1층 (서교동)",안목가돈,192440.4988,449683.1882,0507-1378-4459,,191,"['콜키지 가능', '단체 이용 가능', '무선 인터넷', '예약', '남/녀 화장실 구분', '대기공간']",주차 불가,"[['""음식이 맛있어요""', 180], ['""고기 질이 좋아요""', 164], ['""인테리어가 멋져요""', 102], ['""친절해요""', 58]]","['단체석', '룸', '입식', '테라스']","[[""돼지한판(500g)"", 50000], [""삼각살(150g) *한정판매*"", 16000], [""가브리살(150g)"", 16000], [""꼬들살(150g)"", 16000], [""오겹살(150g)"", 16000], [""치즈계란찜"", 5000], [""파김치볶음밥"", 6000], [""꽃게된장찌개"", 6000], [""김치말이국수"", 7000], [""차돌된장국수"", 8000]]",한식
101,60.34,"서울특별시 마포구 양화로16길 26, 성화빌딩 1층 (서교동)",홍대맛집 해삼,192947.336,450081.215,0507-1431-1833,,131,[],,"[['""음식이 맛있어요""', 88], ['""양이 많아요""', 73], ['""재료가 신선해요""', 59], ['""가성비가 좋아요""', 55]]",[],"[[""제육볶음"", 10900], [""치즈제육"", 10900], [""김치제육"", 10900], [""제육돌솥"", 10900], [""오징어&삼겹살"", 13000], [""LA갈비"", 27000], [""해장국"", 10900], [""소불고기(달콤) (2인분 이상)"", 13900], [""돼재불고기(매콤) (2인분 이상)"", 11900]]",한식
102,67.83,"서울특별시 마포구 동교로12안길 51, 코람데오빌리지 1층 101호 (서교동)",담택,192433.6851,450248.2936,0507-1347-4561,수: 11:30 - 21:00; 목: 11:30 - 21:00; 금: 11:30 - 21:00; 토: 11:30 - 21:00; 일: 정기휴무 (매주 일요일); 화: 11:30 - 21:00,901,[],주차 불가,"[['""음식이 맛있어요""', 846], ['""특별한 메뉴가 있어요""', 375], ['""혼밥하기 좋아요""', 334], ['""친절해요""', 269]]",['카운터석'],"[[""시오라멘"", 9500], [""유즈시오라멘"", 10500], [""레몬시오라멘"", 10500], [""와사비시오라멘"", 11500], [""새우시오라멘"", 11500], [""목살추가"", 2500], [""삼겹살추가"", 3000], [""계란추가"", 1500], [""버터추가"", 2500], [""에비시오라멘"", 11500], [""히야시탄탄멘"", 12000]]",일식
103,129,"서울특별시 마포구 월드컵북로 15, 아도디아빌딩 1층 (서교동)",스시이안앤 홍대입구역점,192854.7731,450437.4747,0507-1326-8253,,62,"['단체 이용 가능', '방문접수/출장', '예약', '남/녀 화장실 구분', '무선 인터넷']",무료 주차 가능,"[['""음식이 맛있어요""', 51], ['""가성비가 좋아요""', 33], ['""재료가 신선해요""', 30], ['""친절해요""', 21]]",['단체석'],"[[""회전초밥 전문점 전시당 균일가"", 1990]]",일식
104,67.32,"서울특별시 마포구 독막로3길 28, 3층 (서교동)",오로시,192619.935,449688.8054,0507-1316-3029,수: 17:00 - 24:00; 목: 17:00 - 24:00; 금: 17:00 - 24:00; 토: 17:00 - 24:00; 일: 17:00 - 23:00; 월: 정기휴무 (매주 월요일),449,"['생일 혜택', '콜키지 가능', '단체 이용 가능', '예약', '무선 인터넷', '포장', '배달']",주차 불가,"[['""음식이 맛있어요""', 419], ['""인테리어가 멋져요""', 227], ['""특별한 메뉴가 있어요""', 208], ['""친절해요""', 184]]",[],"[[""고등어 봉초밥"", 25000], [""숙성 대방어 사시미 (2인)"", 49000], [""오늘의 사시미 (2인)"", 31000], [""왕새우 후토마끼 (5p)"", 19000], [""고등어 이소베 마끼"", 19000], [""항정살 간장조림"", 23000], [""카다이프 새우튀김 (5p)"", 19000], [""치킨 난반"", 17000], [""오뎅 덴뿌라"", 12000], [""차돌 우동 샐러드"", 18000], [""오뎅 나베"", 20000], [""바지락 술찜"", 19000], [""나가사키 짬뽕"", 21000], [""포테토 사라다"", 9900]]",일식
105,32.78,"서울특별시 마포구 독막로3길 38, 지층2호 (서교동)",한라맥주 합정점,192644.9038,449730.8002,0507-1431-2092,화: 18:00 - 02:00; 수: 18:00 - 02:00; 목: 18:00 - 02:00; 금: 18:00 - 03:00; 토: 18:00 - 03:00; 일: 18:00 - 02:00; 월: 18:00 - 02:00,316,"['단체 이용 가능', '예약', '남/녀 화장실 구분', '대기공간', '무선 인터넷']",주차 불가,"[['""음식이 맛있어요""', 291], ['""기본 안주가 좋아요""', 181], ['""술이 다양해요""', 120], ['""인테리어가 멋져요""', 104]]","['테라스', '좌식', '단체석']","[[""수제닭다리살튀김"", 13500], [""크림파스타"", 12500], [""30cm치즈롤카츠"", 10000], [""돈코츠수제비만두"", 10900], [""청양크림파스타"", 12500], [""목살스테이크"", 13900], [""김치우동"", 10500], [""얼큰짬뽕탕"", 12500], [""얼큰조개탕"", 9900], [""나가사끼짬뽕탕"", 12500], [""오뎅탕"", 9900], [""육포"", 9900], [""오징어입"", 8900], [""가문어통족"", 9900], [""한치"", 9900], [""버터구이오징어"", 9900], [""바베큐오징어"", 9900], [""반건조오징어"", 11500], [""튀김쥐포"", 4000], [""참쥐포"", 7500], [""먹태"", 14500]]",한식
106,93.6,"서울특별시 마포구 독막로7길 27, 1층 일부 좌측호 (서교동)",바코주막,192776.6871,449657.6746,0507-1490-5884,,225,"['단체 이용 가능', '예약', '반려동물 동반', '남/녀 화장실 구분', '무선 인터넷']",무료 주차 가능,"[['""음식이 맛있어요""', 230], ['""특별한 메뉴가 있어요""', 112], ['""기본 안주가 좋아요""', 101], ['""인테리어가 멋져요""', 88]]","['단체석', '연인석', '입식']","[[""메뉴"", null]]",한식
107,53.12,"서울특별시 마포구 양화로 72, 101동 1층 126호 (서교동, 서교동 효성 해링턴 타워)",구복만두 홍대합정본사직영점,192571.3982,449840.2342,02-323-5565,수: 10:00 - 21:00; 목: 10:00 - 21:00; 금: 10:00 - 21:00; 토: 10:00 - 21:00; 일: 10:00 - 21:00; 월: 10:00 - 21:00; 화: 10:00 - 21:00,325,"['포장', '배달', '남/녀 화장실 구분', '무선 인터넷', '장애인 휠체어 이용가능']",무료 주차 가능,"[['""음식이 맛있어요""', 321], ['""친절해요""', 164], ['""혼밥하기 좋아요""', 145], ['""재료가 신선해요""', 141]]","['바테이블', '1인석', '좌식']","[[""구복 전통만두"", 7500], [""구복 김치만두"", 7500], [""구복 통새우만두"", 8500], [""구복 샤오롱바오"", 8500]]",중식
108,100.96,"서울특별시 마포구 동교로12안길 36, 모드 1층 (서교동)",오므상칼칼데스 합정본점,192360.9257,450207.5834,0507-1392-8040,수: 11:30 - 21:30; 목: 11:30 - 21:30; 금: 11:30 - 21:30; 토: 11:30 - 20:30; 일: 정기휴무 (매주 일요일); 월: 11:30 - 21:30; 화: 11:30 - 21:30,471,"['콜키지 가능', '무한 리필', '포장', '무선 인터넷', '남/녀 화장실 구분', '단체 이용 가능', '출입구 휠체어 이용가능']",주차 불가,"[['""음식이 맛있어요""', 455], ['""양이 많아요""', 236], ['""인테리어가 멋져요""', 217], ['""재료가 신선해요""', 151]]","['단체석', '입식']","[[""오므상 하이볼"", 7500], [""돈카츠 오므카레"", 12900], [""함박 오므카레"", 12900], [""스테이크 오므카레"", 16900], [""이태리 오므카레"", 14500], [""모둠튀김 오므카레"", 13900], [""가라아게 오므카레"", 12500], [""레몬소바"", 8500], [""새우튀김 우동"", 7500], [""오므 크림 파스타"", 14000], [""돈카츠 정식"", 12900], [""치즈돈카츠 정식"", 15900], [""함박 정식"", 14500], [""스테키동"", 14900], [""한입 스테이크"", 9500], [""김치교자튀김"", 4900], [""버터갈릭 감자튀김"", 4900], [""오므상 시그니처 세트"", 34500], [""미트 러버스 함박 오븐카레"", 19000], [""미트 러버스 스테이크 오븐카레"", 23000]]",일식
109,32.6,"서울특별시 마포구 와우산로29길 40-18, 지층 왼쪽호 (서교동)",도란도란,193584.9949,450385.0873,0507-1380-2819,수: 10:00 - 21:50; 목: 10:00 - 21:50; 금: 10:00 - 21:50; 토: 10:00 - 21:50; 일: 10:00 - 21:50; 월: 10:00 - 21:50; 화: 10:00 - 21:50,595,"['포장', '예약']",주차 불가,"[['""음식이 맛있어요""', 376], ['""아늑해요""', 281], ['""컨셉이 독특해요""', 262], ['""인테리어가 멋져요""', 242]]",['좌식'],"[[""타코야끼 만들기(2인)"", 30000], [""타코야끼 만들기(3인)"", 40000], [""메론소다"", 4500], [""크림소다"", 4500], [""아메리카노"", 3000], [""카페라떼"", 3500], [""콜라"", 3000]]",일식
110,51.54,"서울특별시 마포구 와우산로15길 37, 지층 일부호 (서교동)",록집,192992.707,449638.9682,0507-1467-9099,수: 14:00 - 24:00; 목: 12:00 - 24:00; 금: 12:00 - 24:00; 토: 12:00 - 24:00; 일: 12:00 - 24:00; 월: 14:00 - 22:00; 화: 정기휴무 (매주 화요일),54,"['테이크아웃 할인', '생일 혜택', '단체 이용 가능', '무선 인터넷', '포장', '반려동물 동반']",주차 불가,"[['""인테리어가 멋져요""', 46], ['""커피가 맛있어요""', 36], ['""디저트가 맛있어요""', 26], ['""음료가 맛있어요""', 24]]","['단체석', '카운터석', '입식', '연인석', '바테이블', '1인석', '테라스']","[[""록라떼"", 6500], [""집라떼"", 6500], [""파이3종"", 4000], [""애플에이드"", 6500], [""피치에이드"", 6500], [""리치커렌트릴렉서"", 6500]]",한식
111,36,"서울특별시 마포구 와우산로 162-14, 1층 일부(좌측)1호 (서교동)",재지패티,193839.2175,450301.1276,0507-1342-7227,수: 11:00 - 21:30; 목: 11:00 - 21:30; 금: 11:00 - 21:30; 토: 11:00 - 21:30; 일: 11:00 - 21:30; 월: 11:00 - 21:30; 화: 11:00 - 21:30,220,"['배달', '포장', '무선 인터넷']",주차 불가,"[['""음식이 맛있어요""', 227], ['""재료가 신선해요""', 116], ['""친절해요""', 88], ['""혼밥하기 좋아요""', 84]]","['바테이블', '입식']","[[""치즈 도프"", 11900], [""할라피뇨 밤"", 12900], [""초코 케이크 쉐이크"", 11900]]",양식
112,43.7,"서울특별시 마포구 월드컵로 86, 1층 일부호 (서교동)",역전우동0410 망원역점,191977.5169,450474.7574,0507-1372-2082,수: 11:00 - 22:00; 목: 11:00 - 22:00; 금: 11:00 - 22:00; 토: 11:00 - 22:00; 일: 11:00 - 22:00; 월: 11:00 - 22:00; 화: 11:00 - 22:00,92,[],,"[['""음식이 맛있어요""', 78], ['""가성비가 좋아요""', 52], ['""혼밥하기 좋아요""', 44], ['""재료가 신선해요""', 34]]",[],"[[""옛날우동"", 4500]]",한식
113,54,"서울특별시 마포구 양화로6길 73, 1층 102,103호 (서교동)",이자카야 고도리,192711.3815,449598.0041,,화: 18:00 - 05:00; 수: 18:00 - 05:00; 목: 18:00 - 05:00; 금: 18:00 - 05:00; 토: 18:00 - 05:00; 일: 18:00 - 23:55; 월: 정기휴무 (매주 월요일),172,"['단체 이용 가능', '예약', '무선 인터넷', '남/녀 화장실 구분', '출입구 휠체어 이용가능', '좌석 휠체어 이용가능']",주차 불가,"[['""음식이 맛있어요""', 150], ['""술이 다양해요""', 113], ['""인테리어가 멋져요""', 99], ['""특별한 메뉴가 있어요""', 65]]","['카운터석', '1인석', '바테이블', '단체석', '룸']","[[""가쓰오우동"", 9000], [""고기우동"", 12000], [""부타동"", 9000], [""규동"", 11000], [""카라아게동"", 11000], [""오야코동"", 12000], [""육즙가득카라아게"", 10000], [""매콤달콤 깐풍 카라아게"", 13000], [""꾸덕뚜덕 풍미 크림 카라아게"", 14000], [""바삭바삭 닭껍질 카라아게"", 10000], [""닭 다리살 데리야끼"", 13000], [""닭 다리살 소금구이"", 13000], [""나라타마(부추계란볶음)"", 10000], [""아게다시 도후(4개)(두부튀김)"", 10000], [""나스야끼(가지구이)"", 12000], [""쇼가야끼(돼지고기생강구이)"", 13000], [""돼지고기 숙주 볶음"", 12000], [""우삼겹 숙주볶음"", 13000], [""토마토 모짜렐라 카프레제"", 15000], [""오뎅탕"", 15000], [""나가사키 짬뽕"", 18000]]",일식
114,84.87,"서울특별시 마포구 잔다리로 66, 1층 (서교동)",카가와,192621.0612,450169.4038,0507-1421-1434,,296,"['비건 메뉴', '무한 리필', '유기농 메뉴', '단체 이용 가능', '포장', '배달', '무선 인터넷', '예약', '대기공간', '반려동물 동반', '좌석 휠체어 이용가능']",무료 주차 가능,"[['""음식이 맛있어요""', 319], ['""재료가 신선해요""', 141], ['""친절해요""', 118], ['""양이 많아요""', 106]]","['단체석', '입식', '바테이블', '1인석']","[[""뚝배기직화소고기숙주우동"", 12900], [""모리아와세텐푸라냉/온우동"", 13000], [""우엉튀김우동"", 10000], [""등심카츠정식"", 12000], [""안심카츠정식"", 13000], [""모듬카츠정식"", 13000], [""카케우동"", 8000], [""붓카케우동"", 8000], [""니꾸카레밥"", 11000], [""돈카츠카레밥"", 12000], [""모리아와세모듬텐푸라튀김"", 6000], [""감태유부초밥(2pc)"", 3000], [""니꾸추가"", 2500], [""유부추가"", 1500], [""온센타마고추가"", 1000], [""한잔맥주"", 2500]]",일식
115,108.6,"서울특별시 마포구 와우산로 104, 2층 (서교동)",면식당 홍익대점,193301.7261,450082.2633,0507-1344-2548,수: 10:30 - 21:00; 목: 10:30 - 21:00; 금: 10:30 - 21:00; 토: 10:30 - 21:00; 일: 10:30 - 21:00; 월: 10:30 - 21:00; 화: 10:30 - 21:00,506,"['글루텐프리 메뉴', '단체 이용 가능', '포장', '배달', '예약', '무선 인터넷']",주차 불가,"[['""음식이 맛있어요""', 509], ['""혼밥하기 좋아요""', 236], ['""매장이 넓어요""', 235], ['""양이 많아요""', 223]]","['단체석', '바테이블', '입식', '1인석']","[[""돈코츠라멘"", 8400], [""매운돈코츠라멘"", 8900], [""쇼유라멘"", 7900], [""에비돈코츠라멘"", 10400], [""큰부타동"", 8500], [""큰김치부타동"", 8900], [""마제소밥(면대신밥)"", 8500], [""마제소바"", 9400], [""카제소바"", 10000], [""냉소바 (계절메뉴)"", 8500], [""판소바"", 8400], [""김치마제소바"", 10000], [""샤브쌀국수"", 8900], [""매운샤브쌀국수"", 9500], [""수제등심카츠"", 10500], [""매운파돈카츠"", 11500], [""더블체다카츠"", 11900], [""반반카츠"", 11900], [""모짜치즈카츠"", 12500], [""매콤카레카츠"", 13500]]",일식
116,142,"서울특별시 마포구 성미산로2길 33, 城廣빌딩 1층 (서교동)",서부청기와감자탕 망원역점,191991.1511,450528.9459,0507-1432-1809,목: 00:00 - 24:00; 금: 00:00 - 24:00; 토: 00:00 - 24:00; 일: 00:00 - 24:00; 월: 00:00 - 24:00; 화: 00:00 - 24:00,135,"['무한 리필', '단체 이용 가능', '포장', '방문접수/출장', '무선 인터넷', '남/녀 화장실 구분', '대기공간']",주차 불가,"[['""음식이 맛있어요""', 137], ['""양이 많아요""', 76], ['""재료가 신선해요""', 67], ['""매장이 넓어요""', 57]]",[],"[[""감자탕(소)"", 36000], [""뼈해장국"", 10000]]",한식
117,43.08,"서울특별시 마포구 와우산로29마길 6, 1층 (서교동)",멘타쿠,193454.9977,450399.4894,0507-1374-5247,수: 11:00 - 21:00; 목: 11:00 - 21:00; 금: 11:00 - 21:00; 토: 11:00 - 21:00; 일: 11:00 - 21:00; 월: 11:00 - 21:00; 화: 11:00 - 21:00,147,[],주차 불가,"[['""음식이 맛있어요""', 145], ['""혼밥하기 좋아요""', 79], ['""특별한 메뉴가 있어요""', 73], ['""재료가 신선해요""', 58]]",['바테이블'],"[[""기본츠케멘"", 10500], [""매운츠케멘"", 11000], [""들깨 츠케멘"", 11500], [""매운들깨츠케멘"", 12000]]",일식
118,49.25,"서울특별시 마포구 양화로 72, 1층 125호 (서교동, 서교동 효성 해링턴 타워)",온복비빔국수,192571.3982,449840.2342,0507-1424-2583,수: 10:30 - 21:00; 목: 10:30 - 21:00; 금: 10:30 - 21:00; 토: 10:30 - 21:00; 일: 10:30 - 21:00; 월: 10:30 - 21:00; 화: 10:30 - 21:00,323,"['포장', '배달', '남/녀 화장실 구분']",무료 주차 가능,"[['""음식이 맛있어요""', 310], ['""혼밥하기 좋아요""', 141], ['""양이 많아요""', 130], ['""재료가 신선해요""', 126]]",[],[],한식
119,56.42,"서울특별시 마포구 잔다리로 30-18, 지1층 (서교동)",잔향,192866.2285,449931.3502,0507-1434-0946,화: 17:00 - 01:00; 수: 17:00 - 01:00; 목: 17:00 - 01:00; 금: 17:00 - 02:00; 토: 17:00 - 02:00; 일: 17:00 - 01:00; 월: 정기휴무 (매주 월요일),59,"['무선 인터넷', '단체 이용 가능', '예약']",주차 불가,"[['""음식이 맛있어요""', 55], ['""친절해요""', 34], ['""대화하기 좋아요""', 32], ['""인테리어가 멋져요""', 31]]","['좌식', '단체석']","[[""치즈김치전"", null], [""두부김치"", null]]",한식
120,91.57,"서울특별시 마포구 어울마당로 122, 2층 (서교동)",태초갈비,193201.642,450344.5878,0507-1337-4590,,42,"['단체 이용 가능', '무선 인터넷', '남/녀 화장실 구분', '대기공간', '예약']",주차 불가,"[['""음식이 맛있어요""', 40], ['""고기 질이 좋아요""', 35], ['""친절해요""', 22], ['""인테리어가 멋져요""', 18]]","['연인석', '좌식']","[[""한우갈비살(1인분)"", 38000], [""우대갈비(최소주문2인분)"", 73000], [""한우육회비빔밥"", 8000], [""육회물냉면"", 8000], [""육회비빔냉면"", 8000], [""육회빙수"", 19000]]",한식
121,108.75,"서울특별시 마포구 홍익로 25, 지1층 일부호 (서교동)",프레퍼스 다이어트 푸드 홍대직영점,193048.4631,450243.5707,02-3144-0992,,720,[],,"[['""음식이 맛있어요""', 654], ['""재료가 신선해요""', 550], ['""혼밥하기 좋아요""', 277], ['""매장이 넓어요""', 251]]",[],"[[""곰탕메뉴1"", 17900], [""곰탕메뉴2"", 9900], [""곰탕메뉴3"", 11900], [""곰탕메뉴4"", 8900]]",한식
122,43,"서울특별시 마포구 와우산로29라길 21, 지층 102호 (서교동)",헬로팬 홍대점,193471.6257,450289.6728,0507-1401-0781,수: 11:00 - 22:00; 목: 11:00 - 22:00; 금: 11:00 - 22:00; 토: 11:00 - 22:00; 일: 11:00 - 22:00; 월: 11:00 - 22:00; 화: 11:00 - 22:00,57,"['콜키지 가능', '생일 혜택', '테이크아웃 할인', '포장', '배달', '무선 인터넷']",주차 불가,"[['""음식이 맛있어요""', 52], ['""친절해요""', 33], ['""양이 많아요""', 24], ['""고기 질이 좋아요""', 19]]",['룸'],[],한식
123,94.77,"서울특별시 마포구 어울마당로 49, 2층 (서교동)",에이셉피자 홍대점,192918.5876,449703.5976,,수: 12:00 - 00:30; 목: 12:00 - 00:30; 금: 12:00 - 01:30; 토: 12:00 - 01:30; 일: 12:00 - 00:30; 월: 12:00 - 00:30; 화: 12:00 - 00:30,366,"['포장', '배달', '단체 이용 가능', '무선 인터넷', '예약']",주차 불가,"[['""음식이 맛있어요""', 349], ['""인테리어가 멋져요""', 279], ['""특별한 메뉴가 있어요""', 169], ['""친절해요""', 141]]",[],"[[""에이셉 (싱글)"", 14900], [""코리안 플레이버 (싱글)"", 16900], [""더블 페퍼로니 (싱글)"", 15900], [""핫 치킨 크림 (싱글)"", 15900], [""치즈 (싱글)"", 12900], [""하와이안 (싱글)"", 15900], [""스위트 고구마 (싱글)"", 15900], [""베이컨 체다 (싱글)"", 15900], [""베이컨 포테이토 (싱글)"", 16900], [""불고기 (싱글)"", 16900], [""오리지널 (싱글)"", 17900], [""버팔로 윙 (9조각)"", 12000], [""버팔로스틱 (9조각)"", 12000], [""치킨텐더 (9조각)"", 12000], [""새우링 (9조각)"", 13000], [""감자튀김"", 5000], [""오지치즈감자튀김"", 9000], [""나쵸"", 5000], [""토마토 / 크림 스파게티"", 9000], [""토마토 / 크림 리조또"", 9000], [""우유빙수"", 13900]]",양식
124,63.58,"서울특별시 마포구 와우산로29길 69, 1층 101호 (서교동)",황금복돼지,193430.8653,450431.6233,0507-1482-9402,,209,"['예약', '단체 이용 가능', '무선 인터넷', '배달', '포장']",주차 불가,"[['""음식이 맛있어요""', 178], ['""가성비가 좋아요""', 122], ['""양이 많아요""', 100], ['""친절해요""', 87]]","['단체석', '좌식']","[[""치즈삼겹살(200g)"", 15000], [""삼겹살(200g)"", 12000], [""항정살(200g)"", 12000], [""차돌박이(200g)"", 16000]]",한식
125,50.2,"서울특별시 마포구 독막로3길 18, 302호 (서교동)",안트로,192587.2384,449648.9957,0507-1357-6407,수: 정기휴무 (매주 수요일); 목: 17:00 - 23:00; 금: 17:00 - 24:00; 토: 17:00 - 24:00; 일: 정기휴무 (매주 일요일); 월: 17:00 - 23:00; 화: 17:00 - 23:00,102,"['무선 인터넷', '예약', '배달', '포장']",,"[['""음식이 맛있어요""', 96], ['""친절해요""', 62], ['""재료가 신선해요""', 53], ['""현지 맛에 가까워요""', 49]]",[],"[[""치미창가"", 17000]]",기타
126,89.09,"서울특별시 마포구 성미산로2길 43, 1층 201호 (서교동)",성립,192029.075,450483.5877,,수: 18:00 - 24:00; 목: 18:00 - 24:00; 금: 18:00 - 24:00; 토: 17:00 - 24:00; 일: 17:00 - 24:00; 월: 정기휴무 (매주 월요일); 화: 18:00 - 24:00,80,"['콜키지 가능', '예약', '단체 이용 가능', '무선 인터넷']",무료 주차 가능,"[['""음식이 맛있어요""', 81], ['""친절해요""', 50], ['""술이 다양해요""', 45], ['""특별한 메뉴가 있어요""', 32]]","['카운터석', '바테이블']","[[""사시미 모리아와세 2인"", 36000], [""오늘의 봉초밥"", 25000], [""초당 옥수수 튀김 (여름한정)"", 17000], [""스키야키"", 25000], [""이소베마끼"", 17000], [""부타노 가쿠니"", 17000]]",일식
127,25.55,"서울특별시 마포구 잔다리로3안길 27, b03호 (서교동)",넨네,192843.3694,449795.3289,0507-1347-9339,화: 16:30 - 02:00; 수: 16:30 - 02:00; 목: 16:30 - 02:00; 금: 16:30 - 02:00; 토: 16:30 - 02:00; 일: 16:30 - 01:00; 월: 정기휴무 (매주 월요일),118,"['콜키지 가능', '반려동물 동반', '노키즈존']",주차 불가,"[['""음식이 맛있어요""', 107], ['""가성비가 좋아요""', 61], ['""혼술하기 좋아요""', 51], ['""친절해요""', 50]]","['좌식', '테라스', '입식', '1인석']","[[""오이시"", 4000], [""안키모띠"", 9000], [""도테야끼"", 9000], [""유부냠우동"", 7000], [""건조가오리지느러미"", 8000], [""오뎅모리"", 9900], [""마시멜로"", 4000], [""야끼소바"", 8500], [""돈코츠신라멘"", 7500], [""캬베츠사라다"", 4000], [""메론미니빙수"", 4000], [""트러플타코뇨끼"", 12009], [""게우파스타"", 9500], [""카레우동"", 9500], [""들깨크림나베"", 15000]]",일식
128,115.5,"서울특별시 마포구 동교로19길 48 (서교동, 1층일부)",송가네정육식당,192622.0878,450584.4138,02-323-7469,,160,[],,"[['""음식이 맛있어요""', 110], ['""고기 질이 좋아요""', 54], ['""친절해요""', 41], ['""양이 많아요""', 27]]",[],"[[""생삼겹살"", null], [""생목살"", null], [""생항정살"", null], [""껍데기"", null], [""돼지고기"", null], [""한우등심"", null], [""한우육회"", null], [""한우모듬"", null], [""한우갈비살"", null], [""한우차돌박이"", null], [""돼지고기김치찌개"", null], [""돼지왕갈비"", null]]",한식
129,79.35,"서울특별시 마포구 와우산로29바길 12, 1층 (서교동)",오제키,193392.0153,450406.9112,,화: 16:00 - 03:00; 수: 정기휴무 (매주 수요일); 목: 16:00 - 03:00; 금: 16:00 - 03:00; 토: 16:00 - 03:00; 일: 16:00 - 03:00; 월: 16:00 - 03:00,182,"['단체 이용 가능', '예약', '무선 인터넷', '남/녀 화장실 구분']",,"[['""음식이 맛있어요""', 191], ['""친절해요""', 107], ['""가성비가 좋아요""', 71], ['""대화하기 좋아요""', 68]]",[],"[[""참치 사시미"", 35000], [""밀퓌유 나베"", 23000], [""치킨 가라아게"", 18000], [""야끼소바 + 빵"", 18000]]",일식
130,59.24,"서울특별시 마포구 양화로6길 57-13 (서교동, 2층201호)",블루먼데이,192660.3599,449669.3333,,수: 18:30 - 24:00; 목: 18:30 - 24:00; 금: 18:30 - 01:00; 토: 18:30 - 01:00; 일: 18:30 - 23:00; 월: 18:30 - 24:00; 화: 18:30 - 24:00,45,"['무선 인터넷', '단체 이용 가능', '예약']",,"[['""음악이 좋아요""', 35], ['""친절해요""', 20], ['""술이 다양해요""', 18], ['""대화하기 좋아요""', 17]]",[],"[[""Limeto"", 17000], [""Jin&tonic"", 15000], [""Vodca&tonic"", 15000]]",한식
131,74.76,"서울특별시 마포구 와우산로21길 36-4, 2층 (서교동)",티퍼프,193038.609,450034.0331,0507-1353-0302,수: 18:00 - 02:00; 목: 18:00 - 02:00; 금: 18:00 - 03:00; 토: 18:00 - 03:00; 일: 18:00 - 02:00; 월: 18:00 - 02:00; 화: 정기휴무 (매주 화요일),47,[],,"[['""친절해요""', 34], ['""음식이 맛있어요""', 14], ['""인테리어가 멋져요""', 13], ['""매장이 청결해요""', 12]]",[],"[[""후카"", 24000], [""이벤트세트"", 75000]]",한식
132,63.9,"서울특별시 마포구 성미산로2길 43, 지하1층 (서교동)",서울미트볼,192029.075,450483.5877,02-337-4391,수: 11:00 - 21:00; 목: 11:00 - 21:00; 금: 11:00 - 21:00; 토: 11:00 - 21:00; 일: 정기휴무 (매주 일요일); 월: 11:00 - 21:00; 화: 11:00 - 21:00,343,"['단체 이용 가능', '포장', '무선 인터넷']",주차 가능,"[['""음식이 맛있어요""', 394], ['""양이 많아요""', 149], ['""가성비가 좋아요""', 119], ['""특별한 메뉴가 있어요""', 112]]",[],"[[""서울미트볼 + 라이스"", 11500], [""그레이비 미트볼 + 라이스"", 11500], [""머쉬룸 크림 미트볼 + 라이스"", 11500], [""엔초비 파스타 + 미트볼"", 11500], [""서울 크리미 + 미트볼"", 11500], [""서울 알리오 + 미트볼"", 11500], [""스파이시 토마토 + 미트볼"", 11500], [""명란 바질 파스타 + 미트볼"", 11900], [""카레크림 파스타"", 11900], [""엔초비 머쉬룸 파스타"", 11900], [""날치알 로제 파스타"", 11900], [""서울 비빔밥"", 9500], [""서울 카레밥"", 9500], [""토마토 베이컨 필라프"", 9500], [""머쉬룸 크림 리조또"", 9500], [""감자 프라이"", 6500], [""허니 고구마 스틱"", 7500], [""바질 샐러드"", 9500], [""서울 샐러드"", 9500]]",양식
133,179.6,"서울특별시 마포구 와우산로21길 20-11, 철록헌 1층 좌측호 (서교동)",호요 홍대점,193101.7423,450067.4562,0507-1471-0827,화: 17:00 - 02:00; 수: 17:00 - 02:00; 목: 17:00 - 02:00; 금: 17:00 - 02:00; 토: 13:00 - 02:00; 일: 13:00 - 23:50; 월: 17:00 - 02:00,357,['남/녀 화장실 구분'],,"[['""음식이 맛있어요""', 359], ['""친절해요""', 229], ['""술이 다양해요""', 189], ['""인테리어가 멋져요""', 163]]",[],"[[""히로시마 오꼬노미야끼"", 16000], [""살치살 스테이크"", 28000], [""규타다끼"", 23000], [""연어사시미"", 25000], [""야끼소바"", 11000]]",일식
134,64.7,"서울특별시 마포구 양화로6길 57-16, 지1층 (서교동)",고엔,192675.1936,449658.6687,0507-1383-4516,수: 17:00 - 01:00; 목: 17:00 - 01:00; 금: 17:00 - 02:00; 토: 17:00 - 02:00; 일: 17:00 - 01:00; 월: 17:00 - 01:00; 화: 17:00 - 01:00,108,"['콜키지 가능', '단체 이용 가능', '예약', '무선 인터넷']",주차 불가,"[['""음식이 맛있어요""', 105], ['""친절해요""', 58], ['""술이 다양해요""', 54], ['""인테리어가 멋져요""', 49]]","['룸', '단체석', '바테이블']","[[""명란치즈감자"", 18500], [""투뿔육회와감태김밥"", 25000], [""매콤해물파스타전골"", 25000], [""나가사끼하얀짬뽕"", 23000], [""생연어 사시미와 특제 육회"", 34000]]",한식
135,166,"서울특별시 마포구 와우산로 76, 2층 (서교동)",한성짬뽕,193169.7092,449877.0128,0507-1397-5745,수: 11:30 - 21:00; 목: 11:30 - 21:00; 금: 11:30 - 21:00; 토: 11:30 - 15:00; 일: 정기휴무 (매주 일요일); 월: 11:30 - 21:00; 화: 11:30 - 21:00,164,"['콜키지 가능', '무선 인터넷', '남/녀 화장실 구분', '포장', '배달']",주차 불가,"[['""음식이 맛있어요""', 161], ['""양이 많아요""', 107], ['""친절해요""', 77], ['""재료가 신선해요""', 70]]",['1인석'],"[[""소고기짬뽕"", 12000], [""꼬막짬뽕"", 12000], [""한방냉짬뽕"", 15000], [""볶음밥"", 8000], [""자장면"", 8000], [""문어와친구들"", 28000], [""하얀소고기짬뽕"", 13000]]",중식
136,343.81,"서울특별시 마포구 독막로7길 23, 1,2층 (서교동)",대동,192766.7976,449640.4631,0507-1362-2494,,185,"['콜키지 가능', '예약', '단체 이용 가능', '무선 인터넷', '남/녀 화장실 구분', '노키즈존', '대기공간']",주차 불가,"[['""음식이 맛있어요""', 120], ['""대화하기 좋아요""', 77], ['""인테리어가 멋져요""', 60], ['""친절해요""', 54]]","['좌식', '연인석', '1인석']","[[""점보오뎅탕"", 32000], [""명란구이"", 12000], [""떡구이"", 12000]]",일식
137,42.58,"서울특별시 마포구 와우산로17길 24-4, 1층 (서교동)",퍼블릭,193000.7234,449794.7063,0507-1315-2069,화: 19:00 - 03:00; 수: 19:00 - 03:00; 목: 19:00 - 03:00; 금: 19:00 - 05:00; 토: 19:00 - 05:00; 일: 19:00 - 02:00; 월: 19:00 - 03:00,45,['단체 이용 가능'],,"[['""인테리어가 멋져요""', 30], ['""친절해요""', 29], ['""음식이 맛있어요""', 19], ['""특별한 메뉴가 있어요""', 16]]",[],"[[""후카"", 24000]]",양식
138,46.95,"서울특별시 마포구 양화로6길 99-9, 지하1층 (서교동)",이츠야,192855.2158,449613.6518,02-336-9244,수: 정기휴무 (매주 수요일); 목: 11:30 - 15:00; 금: 11:30 - 15:00; 토: 11:30 - 15:00; 일: 11:30 - 15:00; 월: 정기휴무 (매주 월요일); 화: 정기휴무 (매주 화요일),125,"['무선 인터넷', '단체 이용 가능', '포장']",,"[['""음식이 맛있어요""', 128], ['""고기 질이 좋아요""', 103], ['""친절해요""', 86], ['""재료가 신선해요""', 69]]",[],"[[""등심"", 15000], [""안심"", 17000], [""특등심"", 18000]]",일식
139,141.16,"서울특별시 마포구 동교로18길 4, A동 1층 (서교동)",바다애,192546.9623,450285.8967,02-335-1003,수: 14:00 - 23:00; 목: 14:00 - 23:00; 금: 14:00 - 23:00; 토: 14:00 - 23:00; 일: 14:00 - 22:30; 월: 14:00 - 22:30; 화: 14:00 - 23:00,269,"['포장', '남/녀 화장실 구분', '배달', '무선 인터넷']",주차 불가,"[['""음식이 맛있어요""', 165], ['""재료가 신선해요""', 116], ['""친절해요""', 54], ['""양이 많아요""', 54]]",['입식'],"[[""대방어+참돔(4인)"", 130000], [""대방어+광어(4인)"", 105000], [""대방어 (4인)"", 105000], [""대방어 (3인)"", 85000], [""대방어 (2인)"", 65000], [""대방어+연어(2인)"", 60000]]",일식
140,175.48,"서울특별시 마포구 홍익로5안길 32, 2층 (서교동, 홍대가자Ⅰ빌딩)",테즈쿠리,192958.3682,450137.6193,0507-1367-2707,,544,"['단체 이용 가능', '포장', '예약', '무선 인터넷', '남/녀 화장실 구분', '배달']",유료 주차 가능,"[['""음식이 맛있어요""', 440], ['""양이 많아요""', 319], ['""매장이 넓어요""', 297], ['""인테리어가 멋져요""', 209]]","['단체석', '연인석', '1인석', '좌식', '카운터석']","[[""연어카츠정식"", 20900], [""연어냉모밀정식"", 20900], [""연어판모밀정식"", 20900], [""우동정식"", 14900], [""냉모밀정식"", 14900], [""판모밀정식"", 14900], [""토마토파스타정식"", 17900], [""크림파스타정식"", 17900], [""로제파스타정식"", 17900], [""카레덮밥정식"", 14900], [""생선카츠정식"", 14900], [""등심카츠정식"", 14900], [""통베이컨카레덮밥"", 12900], [""가라아게카레덮밥"", 11900], [""고로케카레덮밥"", 11900], [""등심카츠카레덮밥"", 11900], [""생선카츠카레덮밥"", 11900], [""치킨카츠카레덮밥"", 11900], [""스테이크덮밥"", 10900], [""우삼겹덮밥"", 10900], [""차슈덮밥"", 10900]]",일식
141,116,"서울특별시 마포구 독막로9길 43 (서교동,2층)",데스페라도,192904.9434,449767.6819,0507-1435-5835,화: 19:00 - 03:00; 수: 19:00 - 03:00; 목: 19:00 - 03:00; 금: 19:00 - 04:30; 토: 19:00 - 04:30; 일: 18:30 - 02:00; 월: 19:00 - 03:00,86,"['남/녀 화장실 구분', '무선 인터넷', '대기공간', '단체 이용 가능', '포장', '배달', '예약']",주차 불가,"[['""술이 다양해요""', 75], ['""음식이 맛있어요""', 60], ['""음악이 좋아요""', 40], ['""친절해요""', 32]]","['단체석', '바테이블', '카운터석']","[[""올라 감바스"", 24900], [""기네스 생맥주"", 11900], [""코젤다크 생맥주"", 8900], [""파울라너 생맥주"", 7900], [""쉬림프 칵테일"", 9900], [""씨푸드 외국 짬뽕"", 26900], [""크리미 술찜"", 22900], [""쿠반 모히또 &피냐 콜라다"", 19900], [""하우스 상그리아"", 12900], [""과카몰레 나초스"", 24900], [""기네스 석화 세트"", 33000], [""베이컨 크림 파스타"", 22900], [""해산물 토마토 파스타"", 21900], [""해산물 크림 파스타"", 22900]]",양식
142,39.06,"서울특별시 마포구 양화로6길 57-22, 지층 101호 (서교동)",지하102호 3호점,192689.0107,449682.0286,0507-1369-4568,화: 16:00 - 04:00; 수: 16:00 - 04:00; 목: 16:00 - 04:00; 금: 14:00 - 06:00; 토: 14:00 - 06:00; 일: 16:00 - 04:00; 월: 16:00 - 04:00,141,"['콜키지 가능', '생일 혜택', '반려동물 동반', '예약', '단체 이용 가능', '무선 인터넷']",무료 주차 가능,"[['""음식이 맛있어요""', 130], ['""친절해요""', 68], ['""기본 안주가 좋아요""', 52], ['""술이 다양해요""', 51]]","['단체석', '좌식', '테라스']","[[""오늘의사시미"", 37000], [""차돌박이마늘짬뽕"", 22000], [""나가사끼짬뽕"", 25000], [""일본식오뎅탕"", 20000], [""얼큰바지락탕"", 18000], [""매운해물국물떡볶이"", 18000], [""2종사시미"", 41000], [""생연어사시미"", 30000], [""생연어샐러드"", 30000], [""참치타다끼"", 25000], [""육사시미"", 30000], [""한우육회 (200g)"", 25000], [""돌문어숙회"", 30000], [""숯불닭구이"", 20000], [""닭모듬꼬치구이"", 24000], [""일본식야끼교자"", 18000], [""야끼소바"", 18000], [""차돌숙주볶음"", 18000], [""명란구이"", 18000], [""모듬소시지구이"", 18000]]",양식
143,58,"서울특별시 마포구 양화로6길 45 (서교동, 1층 101호 일부)",해정집,192578.6986,449635.2088,0507-1427-9042,수: 10:00 - 23:00; 목: 10:00 - 23:00; 금: 10:00 - 23:00; 토: 10:00 - 23:00; 일: 10:00 - 23:00; 월: 10:00 - 23:00; 화: 10:00 - 23:00,458,"['콜키지 가능', '단체 이용 가능', '예약', '무선 인터넷', '남/녀 화장실 구분', '포장', '장애인 주차구역']",유료 주차 가능,"[['""음식이 맛있어요""', 435], ['""인테리어가 멋져요""', 222], ['""재료가 신선해요""', 208], ['""친절해요""', 147]]","['룸', '단체석', '입식', '연인석']","[[""맑은 해정국밥"", 12000], [""진한 해정국밥"", 12000], [""얼큰 해정국밥"", 13000], [""스지국밥"", 15000], [""들기름항정수육면"", 20000], [""스지수육"", 27000], [""얼큰만두전골"", 32000], [""매운 불스지"", 26000], [""항정보쌈"", 35000], [""해정전골"", 45000]]",한식
144,77.97,"서울특별시 마포구 양화로6길 57-10, 1층 (서교동)",장미장,192677.3194,449642.042,0507-1410-4655,수: 17:30 - 02:00; 목: 17:30 - 02:00; 금: 17:30 - 02:00; 토: 17:30 - 02:00; 일: 17:30 - 02:00; 월: 정기휴무 (매주 월요일); 화: 17:30 - 02:00,48,"['단체 이용 가능', '예약', '무선 인터넷', '남/녀 화장실 구분']",주차 불가,"[['""음식이 맛있어요""', 44], ['""기본 안주가 좋아요""', 25], ['""음악이 좋아요""', 24], ['""대화하기 좋아요""', 20]]","['단체석', '좌식', '테라스']","[[""존슨탕"", 23000], [""연유토스트"", 10000], [""장미꿀토마토"", 9000], [""육회"", 23000], [""가라야게&감튀"", 18000], [""묵은지김치찌갸"", 23000]]",한식
145,41,"서울특별시 마포구 어울마당로 136-13, 1층 102호 (서교동)",더6회,193365.88,450391.2187,0507-1444-1818,수: 17:00 - 24:00; 목: 17:00 - 24:00; 금: 17:00 - 24:00; 토: 17:00 - 24:00; 일: 17:00 - 24:00; 월: 17:00 - 24:00; 화: 17:00 - 24:00,175,"['생일 혜택', '포장', '배달']",주차 불가,"[['""음식이 맛있어요""', 170], ['""재료가 신선해요""', 143], ['""친절해요""', 106], ['""매장이 청결해요""', 89]]",['단체석'],"[[""육사시미(200g)"", 36000], [""육회(180g)"", 26000], [""매콤육회(160g)"", 24000], [""육전"", 24000], [""육반달무침"", 26000], [""차돌숙주볶음"", 18000]]",한식
146,96.77,"서울특별시 마포구 와우산로29바길 11-5, 1층 (서교동)",훌리건,193422.2892,450387.2361,0507-1365-0341,수: 11:00 - 20:10; 목: 11:00 - 20:10; 금: 11:00 - 20:10; 토: 11:00 - 21:10; 일: 11:00 - 21:10; 월: 11:00 - 20:10; 화: 11:00 - 20:10,737,"['테이크아웃 할인', '단체 이용 가능', '무선 인터넷', '남/녀 화장실 구분', '포장', '반려동물 동반']",주차 불가,"[['""인테리어가 멋져요""', 414], ['""디저트가 맛있어요""', 393], ['""커피가 맛있어요""', 383], ['""친절해요""', 311]]","['단체석', '테라스', '바테이블', '연인석']","[[""아메리카노"", 5000]]",양식
147,39.9,"서울특별시 마포구 월드컵로10길 15, 1층 좌측호 (서교동)",잡을손,192203.125,450285.5285,02-322-7967,수: 11:30 - 23:00; 목: 11:30 - 23:00; 금: 11:30 - 23:00; 토: 11:30 - 23:00; 일: 정기휴무 (매주 일요일); 월: 11:30 - 23:00; 화: 11:30 - 23:00,133,"['콜키지 가능', '무선 인터넷', '예약', '단체 이용 가능', '포장']",유료 주차 가능,"[['""음식이 맛있어요""', 133], ['""재료가 신선해요""', 76], ['""특별한 메뉴가 있어요""', 71], ['""친절해요""', 66]]",['바테이블'],"[[""닭개장"", 12000], [""항정수육"", 29000], [""달고기전"", 23500], [""전복비빔국수"", 17000]]",한식
148,110.43,"서울특별시 마포구 와우산로27길 28, 1층 (서교동)",샤브로21 서교,193473.9273,450249.4868,02-333-4951,수: 10:30 - 22:00; 목: 10:30 - 22:00; 금: 10:30 - 22:00; 토: 10:30 - 22:00; 일: 10:30 - 22:00; 월: 10:30 - 22:00; 화: 10:30 - 22:00,300,"['남/녀 화장실 구분', '무선 인터넷', '대기공간']",주차 불가,"[['""음식이 맛있어요""', 325], ['""가성비가 좋아요""', 211], ['""혼밥하기 좋아요""', 197], ['""재료가 신선해요""', 153]]",[],"[[""샤브로21 샤브샤브"", 7500], [""얼큰 샤브샤브"", 8500], [""마라 샤브샤브"", 8800], [""미소 샤브샤브"", 8500], [""포 샤브샤브"", 8500], [""반반 샤브샤브"", 9000], [""스키야키"", 8500], [""규동"", 6500], [""부타동"", 6500], [""카라이 규동"", 6800], [""카라이 부타동"", 6800]]",한식
149,92.9,"서울특별시 마포구 양화로6길 57, 3층 (서교동)",먼로,192632.0867,449620.7473,,,42,"['포장', '무선 인터넷']",,"[['""음료가 맛있어요""', 24], ['""인테리어가 멋져요""', 23], ['""디저트가 맛있어요""', 21], ['""친절해요""', 20]]",[],"[[""아메리카노"", 4000], [""카페라떼"", 5000], [""바닐라라떼"", 5500], [""연유라떼"", 5500], [""카라멜 마끼아또"", 5500]]",양식
150,104.61,"서울특별시 마포구 와우산로19길 19, 1층 (서교동)",킹케밥,193040.2828,449882.2149,0507-1375-0300,,202,"['단체 이용 가능', '포장', '배달', '방문접수/출장', '무선 인터넷', '남/녀 화장실 구분']",주차 가능,"[['""음식이 맛있어요""', 181], ['""친절해요""', 79], ['""매장이 넓어요""', 76], ['""특별한 메뉴가 있어요""', 74]]",[],"[[""치킨케밥"", 6900], [""램 케밥"", 7900], [""믹스 케밥"", 8900], [""비프 케밥"", 9900], [""팔라펠 랩"", 7500], [""크리스피 치킨"", 8500], [""킹치킨케밥"", 8900], [""킹 믹스 케밥"", 10900], [""킹 비프케밥"", 11900], [""킹 팔라펠케밥"", 9500], [""킹 고등어케밥"", 10000], [""킹케밥 덮밥 닭고기"", 10500], [""킹케밥 덮밥 양고기"", 11500], [""치킨 케밥 치킨"", 8900], [""치즈 케밥 램"", 9900], [""치즈 케밥 비프"", 11900], [""치즈 케밥 믹스"", 10500], [""아다나 비프 스테이크"", 18500], [""박스 케밥 치킨"", 8900], [""박스 케밥 램"", 9900]]",양식
151,89,"서울특별시 마포구 와우산로21길 28, 2층 (서교동)",타오,193072.0193,450026.4245,0507-1427-1209,수: 11:30 - 21:00; 목: 11:30 - 21:00; 금: 11:30 - 21:00; 토: 11:30 - 21:00; 일: 11:30 - 21:00; 월: 11:30 - 21:00; 화: 11:30 - 21:00,285,"['포장', '무선 인터넷', '반려동물 동반']",,"[['""음식이 맛있어요""', 333], ['""재료가 신선해요""', 165], ['""친절해요""', 140], ['""매장이 청결해요""', 120]]",[],"[[""마라탕"", 2000], [""마라샹궈"", 3000]]",중식
152,91.21,"서울특별시 마포구 양화로6길 13, 2층 (서교동)",88노가리 합정점,192427.201,449674.7358,0507-1446-5030,수: 18:00 - 02:00; 목: 18:00 - 02:00; 금: 18:00 - 03:00; 토: 18:00 - 03:00; 일: 18:00 - 01:00; 월: 18:00 - 02:00; 화: 18:00 - 02:00,84,['생일 혜택'],주차 불가,"[['""음식이 맛있어요""', 68], ['""가성비가 좋아요""', 60], ['""친절해요""', 54], ['""기본 안주가 좋아요""', 31]]",[],"[[""먹태"", 16000], [""떡볶이"", 10000]]",양식
153,45.2,"서울특별시 마포구 홍익로2길 43, 1층 4호 (서교동)",비밥,193263.3986,450357.5865,0507-1394-6333,수: 11:00 - 20:00; 목: 11:00 - 20:00; 금: 11:00 - 20:00; 토: 11:00 - 20:00; 일: 11:00 - 20:00; 월: 정기휴무 (매주 월요일); 화: 11:00 - 20:00,173,"['비건 메뉴', '포장']",주차 불가,"[['""음식이 맛있어요""', 162], ['""재료가 신선해요""', 121], ['""가성비가 좋아요""', 106], ['""혼밥하기 좋아요""', 84]]","['단체석', '좌식']","[[""차돌박이비빔밥"", 9500], [""소불고기비빔밥(소)"", 7000], [""소불고기비빔밥(대)"", 9000], [""두부야채비빔밥(소)"", 6500], [""두부야채비빔밥(대)"", 8000], [""비밥비빔밥(소)"", 6000], [""비밥비빔밥(대)"", 7500], [""두부(채식)비빔밥+김치전"", 7500]]",한식
154,96.18,"서울특별시 마포구 와우산로29마길 27, 디자인카운티 2층 (서교동)",스아게 K,193412.3853,450304.1655,02-336-1029,수: 11:30 - 21:30; 목: 11:30 - 21:30; 금: 11:30 - 21:30; 토: 12:00 - 21:00; 일: 12:00 - 21:00; 월: 정기휴무 (매주 월요일); 화: 11:30 - 21:30,779,"['무선 인터넷', '남/녀 화장실 구분', '포장', '배달']",주차 불가,"[['""음식이 맛있어요""', 795], ['""특별한 메뉴가 있어요""', 419], ['""재료가 신선해요""', 222], ['""혼밥하기 좋아요""', 187]]","['바테이블', '테라스']","[[""하와이안 카레"", 14000], [""가쿠니 카레"", 12000], [""닭꼬치 카레"", 11000], [""야채 카레"", 11000], [""닭다리 카레"", 10000]]",일식
155,123.88,"서울특별시 마포구 독막로3길 35, 지상1층 (서교동)",바코포차,192621.8162,449740.0899,0507-1368-1337,,221,"['단체 이용 가능', '예약', '무선 인터넷', '남/녀 화장실 구분', '반려동물 동반']",,"[['""음식이 맛있어요""', 138], ['""기본 안주가 좋아요""', 44], ['""단체모임 하기 좋아요""', 43], ['""가성비가 좋아요""', 38]]",[],"[[""한우산낙지탕탕이 (소)"", 29000], [""한우통삼겹한판 (소) (300g)"", 19000], [""생조개탕"", 19000], [""한우육사시미 (소)"", 19000], [""고추장삼겹살"", 19000], [""연포탕"", 33000], [""꾼겨안꾼겨"", 21000], [""막창과껍데기"", 19000], [""한우스지탕(백탕)"", 25000], [""한우육회"", 33000], [""껍데기야채볶음"", 19000], [""누룽지백숙"", 22000], [""오징어순대 (소)"", 20000], [""김치전"", 18000], [""얼큰차돌짬뽕탕"", 21000], [""한돈오겹수육 (소)"", 19000], [""해물부추전"", 18000], [""누룽지김치찌개"", 20000], [""산낙지탕탕이"", 21000], [""바코알찜"", 23000], [""오뎅탕"", 21000]]",주점
156,55.82,"서울특별시 마포구 양화로6길 57-13, 지1층 (서교동, 동궁빌리지)",호계 합정본점,192660.3599,449669.3333,0507-1305-6797,수: 16:00 - 24:00; 목: 16:00 - 24:00; 금: 16:00 - 24:00; 토: 16:00 - 24:00; 일: 16:00 - 24:00; 월: 16:00 - 24:00; 화: 16:00 - 24:00,237,"['생일 혜택', '콜키지 가능', '포장', '예약', '무선 인터넷']",주차 불가,"[['""음식이 맛있어요""', 235], ['""특별한 메뉴가 있어요""', 157], ['""인테리어가 멋져요""', 141], ['""친절해요""', 110]]","['단체석', '연인석']","[[""모닝글로리 태산 통닭"", 32000], [""화산 칠리오일 새우 통닭"", 32000], [""(시그니처)모닝글로리 통닭"", 25000], [""칠리오일 통닭"", 24000], [""마그마 크림통닭"", 28000], [""사천식 비빔면"", 8000], [""쯔란 감자튀김"", 8000], [""마라사리곰탕(소컵)"", 5000], [""회오리 오이냉채"", 6500], [""고기짬뽕 라면"", 6000], [""충칭 라지즈"", 16000], [""마장면"", 9000], [""건두부 무침"", 8000]]",한식
157,40,"서울특별시 마포구 와우산로29나길 7, 1층 (서교동)",바다생고기,193605.0836,450283.9517,02-6052-9098,수: 15:30 - 02:00; 목: 15:30 - 02:00; 금: 15:30 - 02:00; 토: 15:30 - 02:30; 일: 15:30 - 01:00; 월: 15:30 - 02:00; 화: 15:30 - 02:00,931,"['예약', '무선 인터넷']",주차 불가,"[['""음식이 맛있어요""', 855], ['""재료가 신선해요""', 567], ['""양이 많아요""', 375], ['""친절해요""', 328]]",[],"[[""소고기대창전골"", 29000], [""알마니명품알탕"", 18000], [""스지오뎅탕 (소)"", 10000], [""제철생선 짚불구이와 마라소스"", 18000], [""소꼬리와 스지 짚불구이"", 18000]]",한식
158,94,"서울특별시 마포구 어울마당로5길 3, 1층 (서교동)",도적,192877.1003,449619.4424,0507-1348-6746,수: 16:00 - 00:30; 목: 16:00 - 00:30; 금: 16:00 - 00:30; 토: 16:00 - 00:30; 일: 16:00 - 00:30; 월: 16:00 - 00:30; 화: 16:00 - 00:30,746,"['콜키지 가능', '예약', '단체 이용 가능', '무선 인터넷', '남/녀 화장실 구분']",무료 주차 가능,"[['""음식이 맛있어요""', 774], ['""고기 질이 좋아요""', 605], ['""친절해요""', 268], ['""양이 많아요""', 201]]",['단체석'],"[[""칼삼겹살"", 18000], [""고추장 삼겹살"", 18000], [""가브리살"", 20000], [""항정살"", 21000], [""김치칼국수"", 7000], [""비빔국수"", 7000]]",한식
159,72.72,"서울특별시 마포구 양화로8길 38, 서교동빌딩 1층 (서교동)",김숙성 합정점,192562.5169,449653.9181,0507-1397-0770,수: 16:00 - 01:00; 목: 16:00 - 01:00; 금: 16:00 - 01:00; 토: 13:00 - 01:00; 일: 13:00 - 01:00; 월: 16:00 - 01:00; 화: 16:00 - 01:00,194,"['단체 이용 가능', '예약']",,"[['""음식이 맛있어요""', 180], ['""고기 질이 좋아요""', 169], ['""친절해요""', 92], ['""직접 잘 구워줘요""', 79]]","['입식', '연인석', '테라스']","[[""김숙성 스페셜 1"", 54000], [""김숙성 삼겹살"", 16000], [""김숙성 가브리살"", 18000], [""김숙성 특목살"", 16000]]",한식
160,85,"서울특별시 마포구 양화로16길 18, B01호 (서교동)",홍대족발,192901.9554,450100.5986,,,347,"['단체 이용 가능', '무선 인터넷', '남/녀 화장실 구분', '포장']",주차 불가,"[['""음식이 맛있어요""', 343], ['""고기 질이 좋아요""', 151], ['""양이 많아요""', 133], ['""친절해요""', 98]]",['테라스'],"[[""족발 한상차림"", 38000], [""불족발"", 41000], [""홍대막국수"", 8000], [""반반 한상차림"", 43000], [""꿀참외 막걸리"", 13000], [""델몬트 포도소주"", 8000]]",양식
161,46,"서울특별시 마포구 월드컵로10길 13, 1층 좌측호 (서교동)",피오리,192190.5837,450278.3313,0507-1330-9427,수: 11:30 - 21:00; 목: 11:30 - 21:00; 토: 11:30 - 21:00; 일: 12:00 - 21:00; 월: 정기휴무 (매주 월요일); 화: 11:30 - 21:00,462,"['콜키지 가능', '무선 인터넷', '예약']",주차 불가,"[['""음식이 맛있어요""', 503], ['""친절해요""', 351], ['""인테리어가 멋져요""', 269], ['""특별한 메뉴가 있어요""', 247]]",[],"[[""할라피뇨 화이트라구"", 18000], [""포르치니 버섯 리소또"", 16000], [""크리스피 오겹살"", 27000]]",양식
162,97,"서울특별시 마포구 와우산로21길 19-11, 지하1층 (서교동)",꼬치록록,193120.1728,449957.9635,0507-1369-2109,화: 18:30 - 04:30; 수: 18:30 - 04:30; 목: 18:30 - 04:30; 금: 18:30 - 04:30; 토: 18:30 - 04:30; 일: 정기휴무 (매주 일요일); 월: 정기휴무 (매주 월요일),32,"['단체 이용 가능', '무선 인터넷', '남/녀 화장실 구분', '포장', '반려동물 동반', '출입구 휠체어 이용가능', '좌석 휠체어 이용가능']",주차 불가,"[['""음식이 맛있어요""', 30], ['""가성비가 좋아요""', 16], ['""친절해요""', 14], ['""인테리어가 멋져요""', 11]]","['단체석', '좌식', '연인석']","[[""매운 삼겹 라면"", 5000], [""록록 마니스 떡볶이"", 8900], [""삼겹 라면세트"", 7000]]",양식
163,388.69,"서울특별시 마포구 와우산로17길 19-8, 1,2층 (서교동)",라루즈,192990.5064,449740.9647,0507-1309-3605,화: 17:00 - 06:00; 수: 17:00 - 06:00; 목: 17:00 - 06:00; 금: 17:00 - 06:00; 토: 17:00 - 06:00; 일: 17:00 - 06:00; 월: 17:00 - 06:00,140,"['반려동물 동반', '남/녀 화장실 구분', '단체 이용 가능']",,"[['""술이 다양해요""', 94], ['""인테리어가 멋져요""', 77], ['""음악이 좋아요""', 75], ['""음식이 맛있어요""', 72]]","['바테이블', '루프탑', '테라스', '연인석', '카운터석', '1인석']","[[""바베큐 콤보 (S)"", 30000], [""브리스킷 플레이트 (소)"", 18000], [""풀드포크 플레이트 (돼지)"", 12000], [""스페어 립 풀 (돼지)"", 29000], [""양갈비 스테이크 (2조각)"", 18000], [""페페로니피자"", 29000], [""페페로니피자 (슬라이스)"", 4000], [""치즈피자"", 29000], [""치즈피자 (슬라이스)"", 4000], [""하프&하프피자"", 29000], [""풀드포크피자"", 18000], [""핫크림 파스타"", 10000], [""쉬림프 로제 파스타"", 10000], [""맥앤치즈"", 9000], [""그릴시저샐러드"", 9000], [""고기칠리감자튀김"", 12000], [""어니언링"", 10000], [""감자튀김"", 8000], [""버팔로 윙"", 11000], [""화이트 버팔로 윙"", 11000], [""페퍼 윙"", 11000]]",양식
164,138.43,"서울특별시 마포구 와우산로21길 31-11, 1층 (서교동)",육산장,193046.4921,449970.9685,0507-1428-7226,수: 16:00 - 23:00; 목: 16:00 - 23:00; 금: 16:00 - 23:00; 토: 16:00 - 23:00; 일: 16:00 - 23:00; 월: 16:00 - 23:00; 화: 16:00 - 23:00,498,"['생일 혜택', '단체 이용 가능', '예약', '무선 인터넷', '반려동물 동반']",무료 주차 가능,"[['""음식이 맛있어요""', 447], ['""고기 질이 좋아요""', 340], ['""인테리어가 멋져요""', 293], ['""야외공간이 멋져요""', 144]]","['테라스', '단체석']","[[""산장우대갈비(1인)(280g)"", 32000], [""산장삼겹한판 2인"", 32000], [""우대갈비 된장찌개"", 12000], [""삼겹듬뿍 김치찌개"", 6000], [""물냉면"", 6000], [""비빔냉면"", 6000], [""해장라면"", 5000], [""김치볶음밥"", 5000], [""산장목살한판 2인"", 32000], [""산장삼겹목살한판 2인"", 32000], [""스지마라탕"", 19000], [""된장술밥"", 7000], [""된장찌개"", 6000], [""한우육회"", 23000], [""한우육회 비빔냉면"", 10000], [""불닭볶음면"", 5000], [""공기밥"", 1000]]",한식
165,20,"서울특별시 마포구 어울마당로 57, 1층 (서교동)",북촌손만두 홍대로데오점,192947.074,449784.0944,02-337-1282,수: 10:30 - 24:00; 목: 10:30 - 24:00; 금: 10:30 - 05:00; 토: 10:30 - 05:00; 일: 10:30 - 24:00; 월: 10:30 - 24:00; 화: 10:30 - 24:00,208,"['예약', '포장', '배달', '무선 인터넷']",,"[['""음식이 맛있어요""', 191], ['""혼밥하기 좋아요""', 80], ['""가성비가 좋아요""', 61], ['""친절해요""', 56]]",[],"[[""만두짬뽕밥"", null], [""만두곰탕"", null], [""만두육개장"", null], [""얼큰만둣국"", null], [""북촌용모밀"", null], [""새끼만두"", null], [""새우만두"", null], [""새우튀김만두"", null], [""모둠만두"", null], [""큰모둠만두"", null], [""굴림만두"", null], [""북촌튀김만두"", null], [""마늘새끼튀김만두"", null], [""마늘튀김만두"", null], [""고추장튀김만두"", null], [""매운고추장튀김만두"", null], [""찐만두"", null], [""갈비만두"", null], [""북촌피냉면"", null], [""북촌만둣국"", null]]",한식
166,75.72,"서울특별시 마포구 잔다리로 20-13, 지하1층 (서교동)",정든집,192924.9487,449909.9995,02-333-0907,수: 18:00 - 24:00; 금: 18:00 - 24:00; 토: 18:00 - 24:00; 일: 정기휴무 (매주 일요일); 월: 18:00 - 24:00; 화: 18:00 - 24:00,95,[],,"[['""음식이 맛있어요""', 73], ['""대화하기 좋아요""', 41], ['""친절해요""', 38], ['""혼술하기 좋아요""', 25]]",[],"[[""부산어묵"", 1500], [""새우볼"", 7500], [""떡구이"", 6500], [""교자"", 8500], [""새우완탕"", 8500], [""명란밥"", 9000], [""새우튀김"", 9000], [""시샤모"", 9000], [""오징어다리튀김"", 10000], [""닭꼬치구이"", 12000], [""버섯구이"", 12000], [""닭껍질말이튀김"", 13500], [""규스지조림"", 15000], [""대하구이"", 15000], [""문어튀김"", 16000], [""참소라"", 20000], [""레몬"", 2500]]",주점
167,77.29,"서울특별시 마포구 어울마당로 40, 1층 102호,103호 (서교동)",뉴욕버거,192918.1256,449588.7689,02-332-8989,,154,"['포장', '단체 이용 가능', '배달', '예약']",,"[['""음식이 맛있어요""', 160], ['""가성비가 좋아요""', 77], ['""재료가 신선해요""', 61], ['""혼밥하기 좋아요""', 56]]",[],"[[""어니언링"", null], [""플레인스콘"", null], [""제로미트너겟"", null], [""아메리칸데미원버거"", null], [""오찡버거"", null], [""뉴욕버거"", null], [""리얼딥치즈버거"", null], [""빅후렌치후라이"", null], [""빈스미트핫도그"", null], [""순살치킨"", null], [""스위트핫도그"", null], [""에그포테이토버거"", null], [""치킨텐더"", null], [""치킹버거(갈릭)"", null], [""치킹버거(칠리)"", null], [""크리스피 윙&봉"", null], [""통새우버거"", null], [""바베큐버거"", null], [""대왕치즈스틱"", null], [""더블치즈프라이즈"", null]]",양식
168,49.1,"서울특별시 마포구 독막로3길 28-7, 1층 (서교동)",우미사치,192641.3168,449696.3174,0507-1363-7443,수: 16:30 - 23:00; 목: 16:30 - 23:00; 금: 16:30 - 23:00; 토: 16:30 - 23:00; 일: 16:30 - 23:00; 월: 정기휴무 (매주 월요일); 화: 16:30 - 23:00,188,"['콜키지 가능', '무선 인터넷', '단체 이용 가능', '예약', '포장']",주차 불가,"[['""음식이 맛있어요""', 186], ['""재료가 신선해요""', 144], ['""친절해요""', 74], ['""특별한 메뉴가 있어요""', 69]]",['단체석'],"[[""모듬초밥(10pc)"", 19000], [""우미초밥(12pc)"", 24000], [""숙성회플레이트(1~2인)"", 32000], [""크림치즈왕새우후토마끼(6pc)"", 20000], [""고등어봉초밥"", 24000], [""시메사바"", 20000], [""런치특선초밥(10p)(점심특선)"", 15000], [""한우대창구이"", 20000], [""오다리가라아게"", 16000], [""깐풍치킨"", 17000], [""게살크림고로케&명란마요"", 12000], [""카다이프새우튀김2p"", 9000], [""꼬치모듬오뎅탕"", 18000], [""해물폭탄짬뽕탕"", 25000], [""한우대창모츠나베"", 25000], [""한우트러플육회"", 25000]]",한식
169,50.5,"서울특별시 마포구 와우산로29마길 7 (서교동, 지하1층 일부)",히메시야,193461.7957,450375.2018,0507-1410-4562,수: 11:40 - 21:30; 목: 11:40 - 21:30; 금: 11:40 - 21:30; 토: 11:40 - 21:30; 일: 11:40 - 21:30; 월: 11:40 - 21:30; 화: 11:40 - 21:30,155,"['포장', '무선 인터넷', '남/녀 화장실 구분', '배달']",,"[['""음식이 맛있어요""', 155], ['""혼밥하기 좋아요""', 77], ['""친절해요""', 67], ['""재료가 신선해요""', 52]]",[],"[[""카츠동"", 7000], [""히라메쯔께동"", 12000], [""히라메사케동"", 11500], [""치라시스시"", 12500], [""카레"", 5000]]",일식
170,83.23,"서울특별시 마포구 독막로3길 17, 1층 (서교동)",얼맥당 홍대카페거리점,192573.803,449666.24,,수: 16:00 - 02:00; 목: 16:00 - 02:00; 금: 17:00 - 03:00; 토: 17:00 - 03:00; 일: 16:00 - 02:00; 월: 16:00 - 02:00; 화: 16:00 - 02:00,331,"['남/녀 화장실 구분', '포장', '무선 인터넷']",주차 불가,"[['""음식이 맛있어요""', 211], ['""가성비가 좋아요""', 183], ['""기본 안주가 좋아요""', 144], ['""친절해요""', 81]]",[],"[[""감자튀김"", 6000], [""황태부각"", 6900], [""모둠 소세지"", 11900], [""쥐포"", 6900], [""먹태"", 12000]]",양식
171,58,"서울특별시 마포구 와우산로21길 28-6 (서교동, 1층)",홍대씨부엉,193070.9535,450037.1101,0507-1378-5253,수: 11:00 - 23:00; 목: 11:00 - 23:00; 금: 11:00 - 23:00; 토: 11:00 - 23:00; 일: 11:00 - 23:00; 월: 11:00 - 23:00; 화: 11:00 - 23:00,562,"['단체 이용 가능', '무선 인터넷', '반려동물 동반', '포장']",주차 불가,"[['""음식이 맛있어요""', 473], ['""특별한 메뉴가 있어요""', 244], ['""친절해요""', 209], ['""재료가 신선해요""', 133]]",[],"[[""미트 볶이 (2-3인)"", 14000], [""씨 볶이 (2-3인)"", 20000], [""미니크랩 가라아게"", 5000], [""치킨 가라아게"", 8000], [""퉁마늘 똥집 가라아게"", 8000]]",한식
172,41.85,"서울특별시 마포구 양화로6길 57-5 (서교동, 지하1층 일부)",더쿠포차,192637.266,449633.1011,0507-1303-2676,수: 16:00 - 02:00; 목: 16:00 - 02:00; 금: 16:00 - 05:00; 토: 16:00 - 05:00; 일: 16:00 - 02:00; 월: 16:00 - 02:00; 화: 16:00 - 02:00,54,"['무선 인터넷', '포장', '남/녀 화장실 구분', '예약']",,"[['""음식이 맛있어요""', 45], ['""기본 안주가 좋아요""', 32], ['""가성비가 좋아요""', 24], ['""친절해요""', 19]]",[],"[[""더쿠사태핫해"", 16000], [""국물 떡볶이"", 16000], [""매콤치즈 오돌뼈"", 17000], [""더쿠 감자전"", 15000], [""더쿠 오삼 볶음"", 17000]]",한식
173,134.98,"서울특별시 마포구 동교로 156-5 (서교동, 1층)",들풀,192841.4197,450359.1898,02-325-7224,수: 11:00 - 22:00; 목: 11:00 - 22:00; 금: 11:00 - 22:00; 토: 11:00 - 21:00; 일: 정기휴무 (매주 일요일); 월: 11:00 - 22:00; 화: 11:00 - 22:00,481,"['단체 이용 가능', '무선 인터넷', '예약', '포장', '배달', '남/녀 화장실 구분']",주차 가능,"[['""음식이 맛있어요""', 461], ['""재료가 신선해요""', 179], ['""친절해요""', 172], ['""매장이 청결해요""', 121]]",[],"[[""매운 수비드 돼지갈비찜"", 36000], [""수비드 소갈비찜"", 53000], [""백합 바지락술찜"", 22000], [""불고기 떡볶이"", 22000], [""오리고기와 야채볶음"", 35000], [""제육볶음(요리)"", 18000]]",한식
174,91.05,"서울특별시 마포구 독막로3길 27 (서교동, 지하1층)",만월당 합정점,192602.7823,449705.5851,0507-1306-3732,수: 11:00 - 02:00; 목: 11:00 - 02:00; 금: 11:00 - 02:00; 토: 16:00 - 02:00; 일: 16:00 - 02:00; 월: 11:00 - 02:00; 화: 11:00 - 02:00,414,"['남/녀 화장실 구분', '단체 이용 가능', '예약', '무선 인터넷', '대기공간']",주차 불가,"[['""음식이 맛있어요""', 380], ['""기본 안주가 좋아요""', 271], ['""인테리어가 멋져요""', 152], ['""술이 다양해요""', 128]]",['입식'],"[[""모듬전+김치찌개"", 31000], [""치즈감자전"", 19000], [""차돌버섯샤브"", 22000], [""한우육회"", 24000], [""돼지김치두루치기"", 22000], [""나가사끼짬뽕"", 20000], [""김치어묵우동"", 19000], [""속풀이조개탕"", 18000], [""어묵탕"", 17000], [""운수좋은날"", 20000], [""모듬전"", 26000], [""치즈김치전"", 19000], [""소고기육전"", 19000], [""해물부추전"", 18000], [""감자전"", 17000], [""김치전"", 17000], [""깻잎제육볶음"", 19000], [""골뱅이소면"", 20000], [""매콤오돌뼈"", 18000], [""바지락술찜"", 18000], [""도토리묵무침"", 16000]]",양식
175,324.74,"서울특별시 마포구 어울마당로 86, 2-4층 (서교동)",오렌지,193025.0931,450048.9995,02-335-3113,화: 16:00 - 04:00; 수: 16:00 - 04:00; 목: 16:00 - 04:00; 금: 16:00 - 06:00; 토: 16:00 - 06:00; 일: 16:00 - 04:00; 월: 16:00 - 04:00,85,"['단체 이용 가능', '예약', '남/녀 화장실 구분']",주차 불가,"[['""음식이 맛있어요""', 60], ['""대화하기 좋아요""', 47], ['""단체모임 하기 좋아요""', 35], ['""오래 머무르기 좋아요""', 22]]",[],"[[""칠리치즈 새우 포테이토"", 20000], [""쏘세지야채볶음"", 13000], [""제주도 골뱅이 쫄면 무침"", 19000], [""통마늘 똥집"", 19000]]",양식
176,49,"서울특별시 마포구 양화로6길 57-7 (서교동, 1층 일부)",터틀탭스,192642.4115,449642.2865,0507-1468-9579,수: 17:00 - 24:00; 목: 17:00 - 24:00; 금: 17:00 - 24:00; 토: 16:00 - 24:00; 일: 16:00 - 24:00; 화: 정기휴무 (매주 화요일),129,"['테이크아웃 할인', '반려동물 동반', '예약', '무선 인터넷']",주차 불가,"[['""술이 다양해요""', 101], ['""음식이 맛있어요""', 94], ['""친절해요""', 51], ['""인테리어가 멋져요""', 48]]","['단체석', '카운터석', '바테이블', '1인석', '연인석']","[[""미국 전통 오리지널 버팔로윙"", 15000], [""DAD레시피 풀드포크버거"", 15000], [""트러플 감자튀김"", 11000], [""스윗포테이토 프라이즈"", 12000]]",한식
177,69.3,"서울특별시 마포구 독막로9길 6, 1층 (서교동)",더피자보이즈,192829.6462,449592.9627,02-322-9896,수: 12:00 - 21:00; 목: 12:00 - 21:00; 금: 12:00 - 21:30; 토: 12:00 - 21:30; 일: 12:00 - 21:00; 월: 12:00 - 21:00; 화: 12:00 - 21:00,201,"['단체 이용 가능', '포장', '무선 인터넷']",주차 불가,"[['""음식이 맛있어요""', 194], ['""친절해요""', 37], ['""특별한 메뉴가 있어요""', 36], ['""양이 많아요""', 31]]",[],"[[""super supreme"", 23000], [""pepperoni"", 19000], [""4 kinds of cheese"", 19000], [""hawiian"", 22000], [""potato"", 22000], [""Corn Cheese"", 22000], [""Bacon&Cheese"", 23000], [""Bulgogi"", 23000], [""Creamy Chicken"", 24000], [""Triple Mushroom"", 22000], [""Garlic Shrimp"", 25000], [""Soft Drink"", 2500], [""Half & Half - R"", 25000], [""Quarter - L"", 30000]]",양식
178,124.9,"서울특별시 마포구 월드컵북로5길 68, 1층 104,105호 (서교동, 광남벨라스2차아파트)",식신매운갈비찜,192429.0042,450436.0821,0507-1319-8587,수: 11:00 - 23:00; 목: 11:00 - 23:00; 금: 11:00 - 23:00; 토: 11:00 - 23:00; 일: 11:00 - 23:00; 월: 11:00 - 23:00; 화: 정기휴무 (매주 화요일),731,"['콜키지 가능', '예약', '단체 이용 가능', '남/녀 화장실 구분', '무선 인터넷', '포장', '유아의자', '장애인 주차구역']",무료 주차 가능,"[['""음식이 맛있어요""', 627], ['""친절해요""', 291], ['""양이 많아요""', 249], ['""고기 질이 좋아요""', 181]]","['입식', '단체석']","[[""매운소갈비찜세트(2인세트)"", 45000], [""매운돼지갈비찜세트(2인세트)"", 35000], [""매운 소갈비찜 (1인분)"", 20000], [""매운 돼지갈비찜 (1인분)"", 15000], [""장금이 전통소갈비찜 (1인분)"", 20000], [""크림이 눈꽃 소갈비찜 (1인분)"", 20000], [""크림이면돼지 로제갈비찜"", 16000], [""하얀 (수제)순두부&비빔밥"", 9500], [""얼큰 (수제)순두부&비빔밥"", 9500], [""들깨 (수제)순두부&비빔밥"", 9500], [""차돌 (수제)순두부&비빔밥"", 9500], [""굴 (수제)순두부&비빔밥(11-2월)"", 10000], [""생고기김치찜"", 9000], [""부대김치찜"", 9500]]",한식
179,50,"서울특별시 마포구 월드컵북로5길 21, 1층 (서교동)",장독대,192661.5565,450515.9701,02-333-4761,수: 10:00 - 21:00; 목: 10:00 - 21:00; 금: 10:00 - 21:00; 토: 정기휴무 (매주 토요일); 일: 정기휴무 (매주 일요일); 월: 10:00 - 21:00; 화: 10:00 - 21:00,97,[],,"[['""음식이 맛있어요""', 104], ['""친절해요""', 56], ['""재료가 신선해요""', 38], ['""가성비가 좋아요""', 34]]",[],"[[""순두부찌개"", 8000], [""청국장찌개"", 8000], [""김치찌개"", 8000], [""제육덮밥"", 8000], [""오삼덮밥"", 8000], [""쌈밥정식"", 10000], [""오징어정식"", 10000]]",한식
180,47.85,"서울특별시 마포구 와우산로27길 24, 뉴빌503 지층 102호 (서교동)",모닭모닭,193500.3217,450232.6132,0507-1487-9930,수: 16:00 - 01:00; 목: 16:00 - 01:00; 금: 16:00 - 02:00; 토: 16:00 - 02:00; 일: 16:00 - 24:00; 월: 16:00 - 01:00; 화: 16:00 - 01:00,92,"['단체 이용 가능', '포장', '무선 인터넷']",,"[['""음식이 맛있어요""', 91], ['""친절해요""', 30], ['""가성비가 좋아요""', 27], ['""특별한 메뉴가 있어요""', 24]]",[],"[[""파닭(4꼬치)"", 16500], [""닭 맑은탕"", 23000], [""삼겹살 김치전골"", 17000], [""매콤 골뱅이와 쫄면사리"", 19000], [""먹태"", 15000]]",양식
181,102.6,"서울특별시 마포구 잔다리로3길 29 (서교동,지하1층)",하랑,192714.6355,449831.7618,,수: 12:00 - 01:00; 목: 12:00 - 01:00; 금: 12:00 - 01:00; 토: 17:00 - 02:00; 일: 정기휴무 (매주 일요일); 월: 12:00 - 01:00; 화: 12:00 - 01:00,39,"['반려동물 동반', '남/녀 화장실 구분', '무선 인터넷', '단체 이용 가능', '포장']",주차 불가,"[['""음식이 맛있어요""', 56], ['""친절해요""', 25], ['""가성비가 좋아요""', 16], ['""대화하기 좋아요""', 13]]","['바테이블', '연인석', '좌식']","[[""일본식 카레라이스"", 6000], [""베이컨 데리야끼 덮밥"", 8000], [""나가사키 짬뽕"", 7000], [""일본식 간장 우동"", 7000], [""오뎅 나베"", null]]",한식
182,40.88,"서울특별시 마포구 동교로 125, 1층 일부 (서교동)",토리비,192508.7966,450322.7345,0507-1363-4597,,671,"['콜키지 가능', '테이크아웃 할인', '남/녀 화장실 구분', '단체 이용 가능', '무선 인터넷', '포장', '예약']",무료 주차 가능,"[['""음식이 맛있어요""', 661], ['""기본 안주가 좋아요""', 449], ['""가성비가 좋아요""', 346], ['""친절해요""', 252]]","['입식', '테라스', '1인석', '연인석']","[[""토리나베 오리지널(1인)(2인이상)"", 16900], [""토리나베 얼큰마라(1인)(2인이상)"", 17900]]",일식
183,47,"서울특별시 마포구 월드컵북로7길 11, 1층 (서교동)",두찜 홍대입구역점,192617.2652,450646.3182,02-322-6799,,161,"['배달', '포장', '예약']",무료 주차 가능,"[['""음식이 맛있어요""', 209], ['""양이 많아요""', 65], ['""친절해요""', 39], ['""가성비가 좋아요""', 35]]",[],"[[""불닭로제찜닭"", null], [""가지튀김"", null], [""까만찜닭"", null], [""납작만두"", null], [""닭볶음탕"", null], [""로제닭발"", null], [""로제찜닭"", null], [""로제찜닭게티"", null], [""마라로제찜닭"", null], [""매콤찜닭게티"", null], [""묵은지찜닭"", null], [""빨간찜닭"", null], [""스팸부대찜닭"", null], [""시래기찜닭"", null], [""치즈몽땅찜닭(까만)"", null], [""치즈몽땅찜닭(빨간)"", null], [""치즈볼"", null], [""통등심돈까스"", null], [""튀김만두"", null], [""트러플크림찜닭"", null], [""트러플크림찜닭게티"", null]]",한식
184,95.64,"서울특별시 마포구 양화로6길 57-24, 1층 (서교동, 엘림빌라)",나베공방,192697.4344,449692.5417,,수: 15:00 - 01:00; 목: 15:00 - 01:00; 금: 15:00 - 02:00; 토: 15:00 - 02:00; 일: 15:00 - 01:00; 월: 15:00 - 01:00; 화: 15:00 - 01:00,364,[],,"[['""음식이 맛있어요""', 397], ['""친절해요""', 264], ['""대화하기 좋아요""', 173], ['""특별한 메뉴가 있어요""', 165]]",[],"[[""미즈타키나베"", 29000], [""두유나베"", 29000], [""모쯔나베"", 29000], [""매콤두반장나베"", 29000], [""창코나베"", 29000], [""통베이컨과 양배추쌈"", 17000], [""가지쯔꾸네튀김"", 17000]]",일식
185,59.18,"서울특별시 마포구 독막로3길 18, 5층 (서교동)",디껨,192587.2384,449648.9957,0507-1363-7304,수: 17:00 - 04:00; 목: 17:00 - 04:00; 금: 17:00 - 04:00; 토: 17:00 - 05:00; 일: 15:00 - 05:00; 월: 17:00 - 04:00; 화: 17:00 - 04:00,518,"['콜키지 가능', '생일 혜택', '와인 페어링', '무선 인터넷', '예약', '단체 이용 가능']",주차 불가,"[['""음식이 맛있어요""', 469], ['""인테리어가 멋져요""', 398], ['""친절해요""', 289], ['""대화하기 좋아요""', 206]]","['테라스', '바테이블', '좌식', '루프탑']","[[""트러플 뇨끼"", 19000], [""바베큐 플레이트"", 27000]]",주점
186,26,"서울특별시 마포구 잔다리로 30-32, 지1층 B01호 (서교동)",카츠하루 홍대점,192869.8215,449967.6276,,수: 11:30 - 21:00; 목: 11:30 - 21:00; 금: 11:30 - 21:00; 토: 12:00 - 21:00; 일: 12:00 - 21:00; 월: 11:30 - 21:00; 화: 정기휴무 (매주 화요일),39,[],,"[['""음식이 맛있어요""', 64], ['""가성비가 좋아요""', 32], ['""재료가 신선해요""', 31], ['""친절해요""', 26]]",[],"[[""로스세트"", 12500], [""히레세트"", 13500], [""생선세트"", 13500], [""믹스세트"", 13500], [""통치즈세트"", 15500], [""히레특선(점심특선)"", 10000], [""생선특선(점심특선)"", 10000], [""로스카츠정식"", 10000], [""히레카츠(안심)"", 11000], [""생선카츠정식"", 11000], [""믹스카츠"", 11000], [""통치즈카츠"", 13000], [""유부유동"", 7500], [""김치우동"", 7000], [""어묵우동"", 8000], [""에비우동"", 8500], [""냉소바"", 7000]]",일식
187,51.31,"서울특별시 마포구 월드컵로14길 17, 지층 (서교동)",이담쌀롱,192098.4141,450433.5316,,,142,"['예약', '무선 인터넷', '남/녀 화장실 구분', '단체 이용 가능']",,"[['""음식이 맛있어요""', 138], ['""친절해요""', 68], ['""대화하기 좋아요""', 48], ['""특별한 메뉴가 있어요""', 36]]",[],"[[""특 와규 철판구이"", 29000], [""담이나베 (모츠나베) (소고기)"", 29000], [""담이네 토마토 스튜"", 29000], [""가리비 관자 버터구이"", 23000], [""우육 짬뽕"", 24000], [""이담쌀롱st. 스키야키"", 24000], [""이담쌀롱st. 유린기"", 22000], [""페퍼로니 치즈 감자전"", 24000], [""고추잡채"", 29000], [""유산슬"", 29000], [""라구돈패야끼"", 24000], [""오꼬노미야키"", 18000]]",일식
188,48,"서울특별시 마포구 와우산로29라길 11, 지하1층 102호 (서교동)",시장냉면,193497.5767,450326.9787,02-332-6606,수: 정기휴무 (매주 수요일); 목: 11:00 - 21:00; 금: 11:00 - 21:00; 토: 11:00 - 21:00; 일: 11:00 - 21:00; 월: 11:00 - 21:00; 화: 11:00 - 21:00,200,"['포장', '무선 인터넷']",,"[['""음식이 맛있어요""', 236], ['""친절해요""', 117], ['""가성비가 좋아요""', 97], ['""혼밥하기 좋아요""', 94]]",[],"[[""얼큰냉면"", 7500], [""가락국수"", 7500], [""비빔냉면"", 7000], [""물냉면"", 6500], [""찐만두 한판(10개)"", 4000], [""튀김만두 한판(10개)"", 5000], [""곱배기"", 1000], [""음료"", 1000], [""찐만두 4개 세트"", 2000], [""튀김만두 4개 세트"", 2500]]",한식
189,145.42,"서울특별시 마포구 독막로7길 63, 지송재 1층 (서교동)",금별맥주 홍대점,192867.6123,449820.0652,02-335-7771,수: 16:00 - 05:00; 목: 16:00 - 05:00; 금: 15:00 - 05:00; 토: 15:00 - 05:00; 일: 15:00 - 05:00; 월: 16:00 - 03:00; 화: 16:00 - 05:00,454,"['예약', '단체 이용 가능', '무선 인터넷', '남/녀 화장실 구분']",무료 주차 가능,"[['""음식이 맛있어요""', 452], ['""가성비가 좋아요""', 215], ['""인테리어가 멋져요""', 192], ['""친절해요""', 183]]","['단체석', '연인석']",[],양식
190,141.39,"서울특별시 마포구 어울마당로 94-7, 대유빌딩 1층 (서교동)",루디스,193071.6502,450114.5453,0507-1328-1581,수: 18:00 - 06:00; 목: 18:00 - 06:00; 금: 18:00 - 06:00; 토: 18:00 - 06:00; 일: 18:00 - 06:00; 월: 18:00 - 06:00; 화: 정기휴무 (매주 화요일),58,"['전문 소믈리에', '와인 페어링', '생일 혜택', '콜키지 가능', '테이크아웃 할인', '유기농 메뉴', '무선 인터넷', '남/녀 화장실 구분', '예약', '노키즈존']",주차 불가,"[['""음식이 맛있어요""', 47], ['""친절해요""', 40], ['""인테리어가 멋져요""', 35], ['""대화하기 좋아요""', 32]]","['단체석', '바테이블', '연인석']","[[""홍차"", 9000]]",양식
191,64.96,"서울특별시 마포구 동교로 112, 1층 (서교동)",오로촌,192364.7484,450256.8076,0507-1394-4811,,455,"['콜키지 가능', '포장', '단체 이용 가능']",무료 주차 가능,"[['""음식이 맛있어요""', 467], ['""친절해요""', 229], ['""가성비가 좋아요""', 208], ['""특별한 메뉴가 있어요""', 161]]","['좌식', '1인석', '테라스']","[[""해장라멘"", 9000], [""닭고기편유"", 7000], [""흑돼지냉제육"", 7000], [""중화잡채"", 10000], [""계란볶음밥"", 9000], [""땅콩초계무침"", 7000], [""야채강된장"", 7000], [""쫄멘"", 7000]]",일식
192,56.11,"서울특별시 마포구 월드컵로14길 16, 1층 101호 (서교동)",끼토,192103.9186,450409.1302,,수: 18:00 - 01:00; 목: 18:00 - 01:00; 금: 18:00 - 02:00; 토: 18:00 - 02:00; 일: 18:00 - 01:00; 월: 18:00 - 01:00; 화: 정기휴무 (매주 화요일),164,"['무선 인터넷', '노키즈존', '출입구 휠체어 이용가능', '좌석 휠체어 이용가능']",주차 불가,"[['""음식이 맛있어요""', 171], ['""친절해요""', 103], ['""대화하기 좋아요""', 70], ['""혼술하기 좋아요""', 52]]","['카운터석', '바테이블', '1인석']","[[""닭꼬치5종세트"", 17500], [""추천7종"", 25500], [""추천9종"", 32500], [""토리완탕"", 15000], [""나폴리탄"", 15000], [""명란버터감자"", 12000], [""야키오니기리"", 6000], [""토마토매실절임"", 6000], [""오이미소절임"", 6000], [""치킨난반"", 15000], [""카키후라이"", 12000], [""커리와구운바게트"", 12000], [""낫또히야얏코"", 11000], [""크림치즈와창란젓"", 10000], [""시나몬바닐라아이스"", 6000], [""오뎅모리와세"", 15000], [""우동"", 10000], [""돈테키"", 15000]]",일식
193,83,"서울특별시 마포구 양화로6길 39, 2층 202호 (서교동)",블랑루즈,192548.2927,449643.3377,0507-1340-5152,수: 15:00 - 03:00; 목: 15:00 - 03:00; 금: 15:00 - 03:00; 토: 15:00 - 03:00; 일: 15:00 - 24:00; 월: 15:00 - 03:00; 화: 15:00 - 03:00,475,"['콜키지 가능', '와인 페어링', '콜키지 가능']",무료 주차 가능,"[['""음식이 맛있어요""', 439], ['""대화하기 좋아요""', 285], ['""친절해요""', 279], ['""기본 안주가 좋아요""', 201]]","['단체석', '바테이블', '연인석', '입식', '1인석']","[[""구운 밤과 새송이 버섯"", 14000], [""브리치즈 멜란자네"", 13000], [""시나몬 고구마 탕후루"", 13000], [""토마토 홍합찜"", 22000], [""블루 치즈 홍합찜"", 22000], [""블랑루즈 감바스"", 22000], [""생양송이 루꼴라 샐러드(W. 그뤼에르 치즈)"", 16000], [""이베리코 살치촌햄과 샐러리 스틱"", 17000], [""통닭다리살 청양 크림 파스타"", 22000], [""치즈&샤퀴테리(S)"", 25000], [""스모크 치즈와 올리브 절임"", 18000], [""브리치즈 오븐 구이 (W. 군고구마)"", 18000], [""매생이 홍합 크림 파스타, 근데 이제 들기름을 곁들인"", 20000], [""블랑루즈 아이스크림(AKA. 세미프레도)"", 6000], [""호두 곶감 말이(4조각)"", 5500], [""로제 떡볶이"", 15000], [""블랑루즈 안심 스테이크"", 42000], [""명란 꽈리고추 오일 파스타"", 20000], [""아삭아삭 샐러리샐러드"", 13000], [""당근 라페와 마스카포네 치즈"", 13000]]",양식
194,83.73,"서울특별시 마포구 독막로3길 21, 1층 (서교동)",우규,192580.2195,449677.1121,0507-1448-3465,수: 17:00 - 02:00; 목: 17:00 - 02:00; 금: 17:00 - 02:00; 토: 16:00 - 02:00; 일: 16:00 - 02:00; 월: 17:00 - 02:00; 화: 17:00 - 02:00,738,"['남/녀 화장실 구분', '무선 인터넷', '포장']",주차 불가,"[['""음식이 맛있어요""', 763], ['""친절해요""', 330], ['""대화하기 좋아요""', 273], ['""인테리어가 멋져요""', 257]]",[],"[[""[A세트] 연어 + 육회"", 39000], [""연어사시미"", 21000], [""육회"", 21000], [""[B세트] 육회 + 육사시미"", 36000], [""[C세트] 연어 + 육회 + 육사시미"", 55000], [""오뎅탕"", 18000], [""알탕"", 18000], [""치킨 가라아게"", 12000]]",한식
195,44.19,"서울특별시 마포구 독막로3길 33-5, 지1층 (서교동)",이양권반상,192596.252,449739.1349,0507-1436-4830,수: 11:00 - 21:00; 목: 11:00 - 21:00; 금: 11:00 - 21:00; 토: 11:00 - 21:00; 일: 11:00 - 21:00; 월: 11:00 - 21:00; 화: 11:00 - 21:00,833,"['포장', '배달', '무선 인터넷']",주차 불가,"[['""음식이 맛있어요""', 849], ['""양이 많아요""', 569], ['""혼밥하기 좋아요""', 382], ['""친절해요""', 352]]","['1인석', '바테이블']","[[""중국인 친구가 가르쳐준 볶음밥 + 제육볶음"", 10900], [""오레오튀김"", 4900], [""제육볶음면"", 10900], [""제육볶음마요면"", 10900], [""차돌강된장덮밥"", 10900], [""차돌숙주볶음덮밥"", 9900], [""로제육 (면)"", 11500], [""로제또 (밥)"", 11500], [""파스타면 없는 샐러드 파스타"", 10900], [""제육볶음마요덮밥"", 9900], [""제육볶음덮밥"", 9900], [""이양권샐러드"", 7900], [""고로케 (4p + 수제소스)"", 4500], [""마제소바가 되고 싶은 차돌숙주볶음면"", 11500], [""하이볼 (레몬,자몽,얼그레이)"", 5000], [""수제청에이드"", 4000], [""코카콜라 355ml"", 2000], [""스프라이트 355ml"", 2000], [""환타(오렌지) 355ml"", 2000], [""코카제로 355ml"", 2000]]",한식
196,98.34,"서울특별시 마포구 동교로 114, 태복빌딩 1층 101호 (서교동)",한국피자헛 홍대서교점,192387.5364,450259.0493,02-3141-4053,,163,"['포장', '배달']",주차 가능,"[['""음식이 맛있어요""', 120], ['""친절해요""', 32], ['""재료가 신선해요""', 29], ['""가성비가 좋아요""', 22]]",[],"[[""립스테이크 L"", 36900], [""매콤연유 팝콘치킨(20ea)"", 3400], [""판타스틱 콤보"", 9300], [""리치 치즈 파스타"", 7900], [""알로하 하와이 L"", 27900], [""콤비네이션 L"", 27900], [""직화불고기 L"", 33900], [""베이컨포테이토 L"", 33900], [""멜팅치즈 포테이토 L"", 27900], [""소이갈릭 윙 4조각"", 4200], [""수퍼슈프림 L"", 33900], [""씨푸드킹 L"", 36900], [""직화불고기 L"", 33900], [""코울슬로"", 1600], [""콤비네이션&페페로니러버 L"", 27900], [""페페로니 러버 L"", 25900], [""치즈 러버 L"", 23900]]",양식
197,46,"서울특별시 마포구 와우산로29바길 11-3, 1층 102호 (서교동)",화담,193414.9333,450393.6371,0507-1325-2822,수: 16:30 - 01:00; 목: 16:30 - 01:00; 금: 16:30 - 03:00; 토: 16:30 - 03:00; 일: 16:30 - 01:00; 월: 16:30 - 01:00; 화: 16:30 - 01:00,299,"['콜키지 가능', '무선 인터넷', '단체 이용 가능', '예약']",주차 불가,"[['""음식이 맛있어요""', 280], ['""친절해요""', 167], ['""인테리어가 멋져요""', 121], ['""특별한 메뉴가 있어요""', 106]]","['카운터석', '좌식']","[[""우삼겹해물짬뽕"", 19900], [""토마토 홍합스튜"", 18900], [""감바스알아히요"", 12900], [""계란게살새우완자탕"", 17900], [""우삼겹숙주볶음"", 17900], [""마파두부"", 16900], [""칠리가지 새우튀김"", 18900], [""돼지꼬리갈비"", 23900], [""중화 삼겹간장볶음"", 19900], [""어향 가지 새우튀김"", 18900], [""망고크림 가지새우"", 19900], [""모듬어묵탕"", 18900], [""삼겹 뿌링클"", 21900], [""꿀토마토"", 8900]]",한식
198,69.3,"서울특별시 마포구 와우산로21길 28-12, 1층 (서교동)",또보겠지떡볶이집 깐따삐아점,193079.1341,450062.2288,0507-1394-8645,수: 11:30 - 21:00; 목: 11:30 - 21:00; 금: 11:30 - 21:00; 토: 11:30 - 21:00; 일: 11:30 - 21:00; 월: 정기휴무 (매주 월요일); 화: 11:30 - 21:00,456,['포장'],주차 불가,"[['""음식이 맛있어요""', 625], ['""친절해요""', 200], ['""특별한 메뉴가 있어요""', 131], ['""가성비가 좋아요""', 130]]",[],"[[""또보겠지 즉석 떡볶이 (2인분)"", 14000]]",한식
199,82.64,"서울특별시 마포구 와우산로21길 31-12, 1층 202호 (서교동)",카페 꼬모,193023.9533,449964.4656,0507-1373-9237,,192,"['포장', '예약', '반려동물 동반']",주차 가능,"[['""음료가 맛있어요""', 134], ['""커피가 맛있어요""', 128], ['""친절해요""', 114], ['""디저트가 맛있어요""', 109]]",[],"[[""카페라떼"", 5800], [""딸기라떼"", 6000], [""아메리카노"", 5500], [""아이스티"", 5500], [""쿠키세트"", 5500], [""현상쿠키"", 45000], [""현상마카롱"", 4500], [""복숭아아이스티"", 5000], [""자몽티"", 5500], [""블루레몬에이드"", 6000], [""콜드브루(아메리카노)"", 5500], [""바닐라라떼"", 5800]]",한식
200,65.01,"서울특별시 마포구 와우산로15길 50, 2층 (서교동)",카페 라스플라미아,192937.789,449610.8106,0507-1438-1349,수: 15:00 - 23:00; 목: 15:00 - 23:00; 금: 12:30 - 24:00; 토: 12:30 - 24:00; 일: 15:30 - 22:00; 월: 정기휴무 (매주 월요일); 화: 15:00 - 19:00,140,"['무선 인터넷', '단체 이용 가능', '예약']",,"[['""친절해요""', 92], ['""인테리어가 멋져요""', 89], ['""음식이 맛있어요""', 88], ['""특별한 메뉴가 있어요""', 64]]",[],"[[""하몽 with 부라타치즈"", 15000], [""카페 데 라 까사"", 7000], [""하몽&치즈 플래터"", 21000], [""상그리아"", 8000], [""바스크 치즈케이크"", 6000], [""로사마레(에이드/보드카 택1)"", 7000], [""모히또 블랑카(칵테일)"", 12000], [""라 또마띠나(에이드only)"", 7000], [""레부히또(Tio PEPE only)"", 12000], [""세뇨르 그레이(진only)"", 12000], [""가스파초"", 8000], [""파스타"", 16000], [""기네스 생맥주"", 11000]]",기타
201,61.7,"서울특별시 마포구 월드컵북로7길 11, 1층 110호 (서교동)",이모네,192617.2652,450646.3182,02-336-0131,,68,[],,"[['""음식이 맛있어요""', 94], ['""양이 많아요""', 37], ['""친절해요""', 27], ['""혼밥하기 좋아요""', 25]]",[],"[[""닭도리탕 (소)"", 25000], [""감자탕"", 25000], [""꼬막데침"", 20000], [""감자전"", 10000], [""계란말이"", 10000], [""닭볶음탕"", 9000]]",한식
202,428,"서울특별시 마포구 어울마당로 74, 금광빌딩 1,2층 (서교동)",다트플렉스,193005.5075,449927.3402,02-336-7770,수: 16:00 - 01:00; 목: 16:00 - 01:00; 금: 16:00 - 02:00; 토: 13:00 - 02:00; 일: 13:00 - 01:00; 월: 16:00 - 01:00; 화: 16:00 - 01:00,167,"['포장', '배달', '남/녀 화장실 구분', '무선 인터넷']",주차 불가,"[['""친절해요""', 107], ['""음식이 맛있어요""', 94], ['""인테리어가 멋져요""', 79], ['""단체모임 하기 좋아요""', 65]]",[],"[[""다트 세트"", 38500], [""칵테일 세트"", 31500], [""병맥주 세트"", 50000], [""바틀 세트"", 107000], [""다트(1시간)"", 20000], [""다트(30분)"", 12000], [""아메리칸치즈 피자"", 10900], [""크레이지 미트치즈 피자"", 11900], [""속쓰리라차 피자"", 12900], [""허니 고르곤졸라 피자"", 12900], [""달콤고구마 피자"", 12900], [""스트릿 콘치즈 피자"", 12900], [""슈퍼콤비네이션 피자"", 13900], [""매니악 페퍼로니 피자"", 13900], [""베이컨포테이토 피자"", 13900], [""페퍼로니&포테이토 피자"", 14900], [""치킨앤콘 반반피자"", 14900], [""미트치즈 파스타"", 11900], [""토마토 치즈 파스타"", 11900], [""베이컨 로제 파스타"", 11900], [""포테이토앤치즈볼"", 11900], ["""", null], ["""", null], ["""", null]]",양식
203,69.83,"서울특별시 마포구 어울마당로 136, 2층 (서교동)",금별맥주 홍대입구역점,193299.6228,450414.0699,02-3333-6633,,74,"['단체 이용 가능', '무선 인터넷', '남/녀 화장실 구분']",주차 불가,"[['""인테리어가 멋져요""', 36], ['""술이 다양해요""', 33], ['""음식이 맛있어요""', 33], ['""친절해요""', 30]]","['좌식', '루프탑']",[],양식
204,97.25,"서울특별시 마포구 독막로7길 60, 2층 (서교동)",모이정,192882.9505,449785.8767,02-336-2885,수: 18:00 - 02:00; 목: 18:00 - 02:00; 금: 18:00 - 02:00; 토: 18:00 - 02:00; 일: 18:00 - 02:00; 월: 정기휴무 (매주 월요일); 화: 18:00 - 02:00,62,"['콜키지 가능', '생일 혜택', '무선 인터넷', '반려동물 동반', '남/녀 화장실 구분', '단체 이용 가능', '포장']",주차 불가,"[['""음식이 맛있어요""', 61], ['""친절해요""', 38], ['""기본 안주가 좋아요""', 30], ['""대화하기 좋아요""', 23]]","['단체석', '좌식', '바테이블', '1인석']","[[""명란아보카도샌드구이"", 20000], [""우설 숯불구이"", 22000], [""에이히레"", 16000], [""타이거새우 숯불구이"", 20000], [""통감자버터구이"", 9000], [""옥수수버터구이"", 9000], [""통마늘숯불구이"", 9000], [""모츠나베"", 30000], [""모이전골"", 30000], [""나가사키짬뽕"", 30000], [""오뎅나베"", 26000], [""오코노미야키"", 18000], [""돈가츠나베"", 16000], [""야키우동"", 20000], [""모모가츠"", 20000], [""치킨 가라아게"", 22000], [""문어가라아게"", 20000], [""난코츠가라아게"", 17000], [""쭈꾸미가라아게"", 13000], [""마제소바"", 12000]]",한식
205,67.78,"서울특별시 마포구 어울마당로5길 46, 지상2층 (서교동)",제이케이,192702.8101,449744.2091,0507-1308-7305,수: 17:00 - 01:00; 목: 17:00 - 01:00; 금: 16:00 - 02:00; 토: 16:00 - 02:00; 일: 16:00 - 01:00; 월: 17:00 - 01:00; 화: 17:00 - 01:00,485,"['콜키지 가능', '생일 혜택', '단체 이용 가능', '반려동물 동반', '예약', '장애인 휠체어 이용가능', '출입구 휠체어 이용가능']",무료 주차 가능,"[['""음식이 맛있어요""', 392], ['""술이 다양해요""', 271], ['""친절해요""', 227], ['""인테리어가 멋져요""', 156]]","['좌식', '단체석']","[[""감바스"", 20000], [""제이케이로제파스타"", 18000], [""불닭까르보나라"", 18000], [""제이케이엽떡"", 18000], [""진짜 리얼 짜장떡볶이"", 18000], [""에그인헬"", 18000], [""이베리코 목살 스테끼"", 25000], [""각종 칵테일"", 8000], [""찐 코젤시나몬"", 8000]]",주점
206,44.97,"서울특별시 마포구 홍익로 10, 101동 지1층 140호 (서교동, 서교푸르지오)",모모유부 홍대점,193187.803,450172.1789,02-334-8583,수: 11:00 - 21:00; 목: 11:00 - 21:00; 금: 11:00 - 21:00; 토: 11:00 - 21:00; 일: 11:00 - 21:00; 월: 11:00 - 21:00; 화: 11:00 - 21:00,511,"['무선 인터넷', '배달', '포장', '방문접수/출장', '예약', '남/녀 화장실 구분', '단체 이용 가능']",유료 주차 가능,"[['""음식이 맛있어요""', 620], ['""혼밥하기 좋아요""', 301], ['""재료가 신선해요""', 227], ['""친절해요""', 184]]",[],[],한식
207,84.09,"서울특별시 마포구 양화로 120, 1층 102호 (서교동)",3일한우국밥,192893.8191,450188.2679,02-336-0107,,237,"['단체 이용 가능', '포장', '배달', '방문접수/출장', '무선 인터넷']",,"[['""음식이 맛있어요""', 299], ['""혼밥하기 좋아요""', 123], ['""친절해요""', 83], ['""양이 많아요""', 73]]",[],"[[""갈비만두 8개"", 6000], [""한우국밥"", 11000], [""한우곰탕"", 9000], [""한우국밥(특)"", 14000], [""매운갈비찜(소)"", 20000]]",한식
208,98,"서울특별시 마포구 월드컵북로 49, 1층 (서교동)",마포구이마당 서교직영점,192633.9888,450702.5337,02-3144-2417,수: 16:00 - 22:30; 목: 16:00 - 22:30; 금: 16:00 - 22:30; 토: 16:00 - 22:30; 일: 16:00 - 22:30; 월: 16:00 - 22:30; 화: 16:00 - 22:30,226,"['예약', '남/녀 화장실 구분', '단체 이용 가능', '무선 인터넷', '유아의자']",무료 주차 가능,"[['""음식이 맛있어요""', 165], ['""고기 질이 좋아요""', 90], ['""친절해요""', 85], ['""양이 많아요""', 69]]",[],"[[""냉동삼겹(200g)"", 8000], [""우삼겹(200g)"", 10000], [""통삼겹살(200g)"", 12000], [""통목살(200g)"", 14000], [""통막창(200g)"", 12000]]",한식
209,77.63,"서울특별시 마포구 잔다리로 74, 1층 101호 (서교동)",서오릉피자 서교점,192576.446,450217.6011,02-6460-0016,수: 11:00 - 23:30; 목: 11:00 - 23:30; 금: 11:00 - 23:50; 토: 11:00 - 23:50; 일: 15:00 - 22:30; 월: 11:00 - 23:30; 화: 11:00 - 23:30,330,"['배달', '예약', '포장', '남/녀 화장실 구분', '무선 인터넷']",,"[['""음식이 맛있어요""', 398], ['""재료가 신선해요""', 235], ['""가성비가 좋아요""', 228], ['""친절해요""', 215]]",[],"[[""한마리 훈제치킨"", 14000], [""갈릭피뇨치즈오븐스파게티"", 9000], [""핫칠리 킹쉬림프 (L)"", 28000], [""서오릉갈비 (L)"", 26000], [""채소 콤비네이션(L)"", 21000], [""12첩 콤비네이션(L)"", 21000], [""왕릉 불고기(L)"", 22000], [""왕릉 고추 불고기(L)"", 23000], [""홍페퍼치노(L)"", 23000], [""치즈왕창(L)"", 21000], [""포테이토(L)"", 21000], [""베이컨 포테이토(L)"", 23000], [""고르곤졸라 씬(L)"", 21000], [""킹쉬림프(L)"", 27000], [""베이컨 치즈오븐 스파게티"", 9000], [""치즈오븐 스파게티"", 8000]]",기타
210,64.23,"서울특별시 마포구 월드컵로 40, 1층 101호 (서교동)",장수멸치국수,192196.2645,450075.1178,02-6406-9818,수: 11:00 - 21:00; 목: 11:00 - 21:00; 금: 11:00 - 21:00; 토: 11:00 - 15:00; 일: 정기휴무 (매주 일요일); 월: 11:00 - 21:00; 화: 11:00 - 21:00,201,[],,"[['""음식이 맛있어요""', 186], ['""가성비가 좋아요""', 77], ['""혼밥하기 좋아요""', 68], ['""양이 많아요""', 64]]",[],"[[""멸치국수"", 7000], [""비빔국수"", 8000], [""냉모밀"", 9000], [""비빔모밀"", 9000], [""열무국수 (계절메뉴)"", 8000], [""콩국수 (계절메뉴)"", 10000], [""떡만두국 (계절메뉴)"", 9000]]",한식
211,58.59,"서울특별시 마포구 양화로6길 99-5, 지하1층 (서교동)",포리포리텐진,192845.5826,449597.9808,,일: 정기휴무 (매주 일요일); 월: 정기휴무 (매주 월요일); 화: 17:00 - 24:00,167,[],,"[['""음식이 맛있어요""', 167], ['""가성비가 좋아요""', 120], ['""대화하기 좋아요""', 70], ['""친절해요""', 69]]",[],"[[""야끼교자"", 5500], [""가라아게"", 7500], [""레몬크림새우"", 7000], [""깐쇼새우"", 7000], [""마보도후"", 8000], [""새우마늘찜"", 9000], [""칠리가지"", 6500], [""치즈 크림 감자"", 6500], [""허니 버터 고구마"", 6500], [""야끼메시"", 6500], [""방방지"", 6500], [""텐진하이볼"", 6000], [""레몬하이볼"", 6000], [""진저하이볼"", 6000], [""산토리하이볼"", 8000]]",일식
212,140.47,"서울특별시 마포구 홍익로5길 57, 1층 (서교동)",영빈,192844.395,450065.3919,02-325-3259,수: 11:00 - 21:00; 목: 11:00 - 21:00; 금: 11:00 - 21:00; 토: 11:00 - 21:00; 일: 정기휴무 (매주 일요일); 월: 11:00 - 21:00; 화: 11:00 - 21:00,175,"['단체 이용 가능', '배달']",,"[['""음식이 맛있어요""', 161], ['""친절해요""', 58], ['""가성비가 좋아요""', 50], ['""양이 많아요""', 41]]",[],"[[""짜장면"", 7000], [""짬뽕"", 8000], [""간짜장"", 8000], [""삼선우동"", 10000], [""삼선짜장"", 10000], [""삼선짬뽕"", 10000], [""굴짬뽕"", 10000], [""차돌박이짬뽕"", 10000], [""고추짬뽕"", 10000], [""쟁반짜장"", 18000], [""볶음밥"", 8000], [""짬뽕밥"", 8000], [""잡채밥"", 10000], [""마파두부밥"", 10000], [""삼선볶음밥"", 10000], [""잡탕밥"", 15000], [""유산슬밥"", 15000], [""만두"", 7000], [""물만두"", 7000], [""탕수육(소)"", 15000], [""깐풍기(소)"", 22000]]",중식
213,76.9,"서울특별시 마포구 어울마당로 112-3, 2층 (서교동)",어리라운지,193155.7933,450285.6311,0507-1489-3315,,231,"['무선 인터넷', '단체 이용 가능', '예약']",,"[['""술이 다양해요""', 188], ['""음식이 맛있어요""', 131], ['""인테리어가 멋져요""', 116], ['""친절해요""', 91]]",[],"[[""칵테일들"", 10000], [""안주"", 8000], [""4잔세트 칵테일"", 27000], [""6잔세트 칵테일"", 42000]]",양식
214,75.06,"서울특별시 마포구 동교로 108, 고니빌딩 1층 (서교동)",한합,192336.5405,450250.6059,0507-1339-2362,수: 18:00 - 01:00; 목: 18:00 - 01:00; 금: 17:30 - 01:00; 토: 17:30 - 01:00; 월: 18:00 - 01:00; 화: 18:00 - 01:00,164,"['콜키지 가능', '생일 혜택', '와인 페어링', '단체 이용 가능', '무선 인터넷', '예약', '노키즈존']",주차 불가,"[['""음식이 맛있어요""', 160], ['""술이 다양해요""', 112], ['""인테리어가 멋져요""', 86], ['""특별한 메뉴가 있어요""', 80]]","['바테이블', '1인석', '카운터석', '입식']",[],양식
215,231.4,"서울특별시 마포구 양화로 128, 1층 (서교동)",청기와타운,192949.572,450232.3091,0507-1340-8145,수: 11:30 - 22:00; 목: 11:30 - 22:00; 금: 11:30 - 22:00; 토: 11:30 - 22:00; 일: 11:30 - 22:00; 월: 11:30 - 22:00; 화: 11:30 - 22:00,795,"['콜키지 가능', '콜키지 가능', '생일 혜택', '단체 이용 가능', '포장', '예약', '무선 인터넷', '남/녀 화장실 구분', '유아의자', '좌석 휠체어 이용가능']",주차 불가,"[['""음식이 맛있어요""', 804], ['""고기 질이 좋아요""', 390], ['""친절해요""', 369], ['""매장이 넓어요""', 238]]","['룸', '좌식', '연인석']","[[""수원왕갈비"", 29000], [""LA양념갈비"", 26000], [""육회"", 28000], [""무생채볶음밥"", 12000], [""돼지갈비"", 22000], [""돼지갈비정식"", 22000], [""타우너스 갈비"", 24000], [""빗살로스"", 28000], [""안창살"", 24000], [""수원양념갈비"", 26000], [""양념게장"", 9000], [""LA순두부찌개"", 8000], [""토장찌개"", 8000], [""육회비빔밥"", 12000], [""양곰탕"", 12000], [""우설"", 34000], [""생갈비"", 36000]]",일식
216,93.88,"서울특별시 마포구 잔다리로 109, 이지스빌딩 1층 (서교동)",몽그로페페,192339.6726,450490.8075,0507-1337-6750,수: 11:30 - 22:00; 목: 11:30 - 22:00; 금: 11:30 - 22:00; 토: 11:00 - 22:00; 일: 정기휴무 (매주 일요일); 월: 정기휴무 (매주 월요일); 화: 11:30 - 22:00,33,"['와인 페어링', '콜키지 가능', '남/녀 화장실 구분', '단체 이용 가능', '무선 인터넷', '포장', '예약']",주차 불가,"[['""음식이 맛있어요""', 30], ['""친절해요""', 18], ['""재료가 신선해요""', 15], ['""특별한 메뉴가 있어요""', 15]]",[],"[[""비프 부르기뇽"", 25000], [""비프 스테이크"", 35000], [""아쉬 파르망티에"", 18000]]",양식
217,95,"서울특별시 마포구 잔다리로 83 (서교동, 1층)",서교가든숯불갈비,192480.317,450273.3657,0507-1393-8310,수: 11:30 - 22:00; 목: 11:30 - 22:00; 금: 11:30 - 22:00; 토: 13:00 - 22:00; 일: 13:00 - 22:00; 월: 11:30 - 22:00; 화: 11:30 - 22:00,132,[],,"[['""음식이 맛있어요""', 168], ['""친절해요""', 50], ['""재료가 신선해요""', 46], ['""가성비가 좋아요""', 34]]",[],"[[""돼지갈비 (200g)"", 15000], [""한우 특등심(150g)"", 49000], [""생삼겹 (180g)"", 15000], [""생목살 (180g)"", 15000], [""생갈매기살 (180g)"", 15000], [""껍데기 (150g)"", 8000], [""육회(150g)"", 29000]]",한식
218,25,"서울특별시 마포구 양화로8길 32-15, 1층 (서교동)",무니,192483.3951,449680.3628,,수: 17:00 - 01:00; 목: 17:00 - 01:00; 금: 17:00 - 01:00; 토: 16:00 - 01:00; 일: 정기휴무 (매주 일요일); 월: 17:00 - 01:00; 화: 17:00 - 01:00,67,"['예약', '무선 인터넷']",,"[['""음식이 맛있어요""', 46], ['""특별한 메뉴가 있어요""', 25], ['""친절해요""', 23], ['""대화하기 좋아요""', 20]]",[],"[[""참치회"", 52000], [""우니+사시미"", 45000], [""숙성모듬회"", 38000], [""칠리새우"", 19000], [""안키모"", 10000]]",일식
219,457.56,"서울특별시 마포구 잔다리로2길 13, 지1층,1층,2층,3층 (서교동)",토끼정,193003.6396,449813.5333,02-333-0638,수: 11:30 - 22:00; 목: 11:30 - 22:00; 금: 11:30 - 22:00; 토: 11:30 - 22:00; 일: 11:30 - 22:00; 월: 11:30 - 22:00; 화: 11:30 - 22:00,945,['예약'],주차 불가,"[['""음식이 맛있어요""', 686], ['""친절해요""', 329], ['""양이 많아요""', 232], ['""특별한 메뉴가 있어요""', 221]]",[],"[[""쿠시카츠 정식"", null], [""날치알 토끼밥"", null], [""산더미 양배추 샐러드"", null], [""명란 크림 파스타"", null], [""프레시 바질 파스타"", null], [""일본풍 토마토 파스타"", null], [""큐브 스테이크 카레"", null], [""토끼정 크림 카레 우동"", null], [""카레우동"", null], [""스테이크 덮밥"", null], [""반반 덮밥"", null], [""갈비맛 삼겹 덮밥"", null], [""매콤한 고기 덮밥"", null], [""오꼬노미-야끼 파스타"", null], [""치즈 카츠 정식"", null], [""프리미엄 카츠 정식"", null], [""철판 큐브 스테이크 정식"", null], [""촌두부 크림치즈와 빵과 크래커"", null], [""간장닭튀김"", null], [""함밤 스테-끼 밥"", null]]",한식
220,65.04,"서울특별시 마포구 와우산로32길 13, 1층 (서교동)",최고집,193823.8492,450285.3453,0507-1402-0532,수: 16:00 - 01:00; 목: 16:00 - 01:00; 금: 16:00 - 01:00; 토: 16:00 - 01:00; 일: 16:00 - 01:00; 월: 16:00 - 01:00; 화: 16:00 - 01:00,409,[],,"[['""음식이 맛있어요""', 399], ['""고기 질이 좋아요""', 335], ['""친절해요""', 161], ['""양이 많아요""', 159]]",[],"[[""냉동삼겹살"", 12000], [""돼지껍데기"", 10000], [""고추장찌개"", 7000], [""짜파게티"", 5000], [""비빔면"", 5000], [""계란찜"", 4000], [""볶음밥"", 4000], [""공기밥"", 1000]]",양식
221,46,"서울특별시 마포구 동교로 125 (서교동, 1층일부)",달빛소굴,192508.7966,450322.7345,02-336-8988,수: 17:00 - 03:00; 목: 17:00 - 03:00; 금: 17:00 - 03:00; 토: 17:00 - 03:00; 일: 정기휴무 (매주 일요일); 월: 17:00 - 03:00; 화: 17:00 - 03:00,59,[],,"[['""음식이 맛있어요""', 46], ['""친절해요""', 35], ['""가성비가 좋아요""', 33], ['""단체모임 하기 좋아요""', 30]]",[],"[[""프라이드 치킨"", 23000], [""닭껍질 튀김"", 15000], [""닭똥집튀김"", 15000], [""케이준 샐러드"", 18000], [""모듬소세지"", 19000], [""멘보샤 or 감자튀김"", 17000], [""골뱅이소면"", 20000], [""감자튀김"", 15000], [""과일"", 28000], [""화채"", 25000], [""먹태"", 18000], [""육포"", 20000], [""문어 or 노가리"", 18000], [""가오리 날개"", 18000], [""훈제족발"", 23000], [""훈제 오리무침"", 25000], [""알탕"", 18000], [""번데기탕"", 13000], [""해물누룽지탕"", 20000], [""어묵탕"", 15000], [""나가사키짬뽕"", 18000], ["""", null]]",양식
222,203.01,"서울특별시 마포구 독막로7길 57, 1,2층 (서교동)",허밍벨라,192856.2174,449788.1427,0507-1478-7050,수: 11:00 - 22:00; 목: 11:00 - 22:00; 금: 11:00 - 23:00; 토: 11:00 - 23:00; 일: 11:00 - 22:00; 월: 11:00 - 22:00; 화: 11:00 - 22:00,454,['테이크아웃 할인'],무료 주차 가능,"[['""디저트가 맛있어요""', 351], ['""커피가 맛있어요""', 278], ['""인테리어가 멋져요""', 275], ['""음료가 맛있어요""', 172]]","['테라스', '좌식', '연인석', '바테이블']","[[""피스타치오 크림라떼"", 6500], [""티(TEA)"", 6000], [""에이드(ADE)"", 6500], [""아메리카노"", 5000], [""카페라떼"", 6000], [""바닐라라떼"", 6500], [""카푸치노"", 6000], [""아이스크림 라떼"", 7000], [""더치커피"", 6000], [""바나나 라떼"", 6500], [""복숭아 아이스티"", 5500], [""로얄 밀크티"", 6500], [""초코라떼"", 6000], [""딸기라떼(ICE)"", 7000], [""우유 팥빙수"", 10000], [""망고 우유빙수"", 11000], [""딸기청 우유빙수"", 12000]]",양식
223,64.44,"서울특별시 마포구 와우산로29길 48-6 (서교동, 지1층일부)",탐탐오향족발,193543.8492,450406.4304,02-392-3989,수: 14:30 - 23:30; 목: 14:30 - 23:30; 금: 14:30 - 23:30; 토: 14:30 - 23:30; 일: 14:30 - 23:30; 월: 14:30 - 23:30; 화: 정기휴무 (매주 화요일),256,"['예약', '단체 이용 가능', '포장', '배달', '무선 인터넷', '남/녀 화장실 구분']",주차 가능,"[['""음식이 맛있어요""', 246], ['""친절해요""', 99], ['""고기 질이 좋아요""', 74], ['""양이 많아요""', 69]]",[],"[[""오향족발(뒷다리)"", 39000], [""오향족발(앞다리)"", 44000], [""오향족발(특대(앞다리))"", 57000], [""마늘족발(뒷다리)"", 42000], [""마늘족발(앞다리)"", 46000], [""마늘족발(특대(앞다리))"", 59000], [""양념족발(뒷다리)"", 42000], [""양념족발(앞다리)"", 46000], [""냉채족발(앞다리(중))"", 42000], [""냉채족발(앞다리(대))"", 46000], [""냉채족발(특대(앞다리))"", 59000], [""오향반마늘반(뒷다리)"", 42000], [""오향반마늘반(앞다리)"", 46000], [""오향반마늘반(특대(앞다리))"", 59000], [""오향반양념반(뒷다리)"", 42000], [""오향반양념반(앞다리)"", 46000], [""오향반양념반(특대(앞다리))"", 59000], [""마늘반양념반(뒷다리)"", 44000], [""마늘반양념반(앞다리)"", 48000], [""마늘반양념반(특대(앞다리))"", 60000]]",한식
224,39,"서울특별시 마포구 와우산로21길 36-4 (서교동, 1층일부)",천사곱창,193038.609,450034.0331,02-337-9297,,186,['포장'],,"[['""음식이 맛있어요""', 189], ['""친절해요""', 97], ['""가성비가 좋아요""', 39], ['""양이 많아요""', 35]]",[],"[[""모듬 (220g)"", 17900], [""소곱창 (200g)"", 16900], [""소막창 (200g)"", 16900], [""소대창 (200g)"", 16900], [""천사국수"", 3500]]",한식
225,123.06,"서울특별시 마포구 독막로5길 23 (서교동, 1층)",빼레,192705.1637,449650.8839,02-3144-1015,수: 18:00 - 02:00; 목: 18:00 - 02:00; 금: 18:00 - 02:00; 토: 18:00 - 02:00; 일: 정기휴무 (매주 일요일); 월: 18:00 - 02:00; 화: 18:00 - 02:00,75,"['콜키지 가능', '예약', '단체 이용 가능', '포장', '무선 인터넷', '출입구 휠체어 이용가능', '좌석 휠체어 이용가능']",주차 불가,"[['""음식이 맛있어요""', 78], ['""특별한 메뉴가 있어요""', 48], ['""친절해요""', 34], ['""대화하기 좋아요""', 30]]","['단체석', '좌식', '바테이블']","[[""바지락술밥"", 28000], [""흑임자가라아게"", 25000], [""매콤바지락스튜"", 28000], [""갈릭 새우버터구이"", 28000], [""빼레 안주세트"", 85000]]",일식
226,66.36,"서울특별시 마포구 와우산로29바길 20, 1층 (서교동)",누바,193365.4714,450367.6018,,수: 18:10 - 01:00; 목: 18:10 - 01:00; 금: 17:10 - 02:00; 토: 13:10 - 02:00; 일: 13:10 - 24:00; 월: 18:10 - 01:00; 화: 18:10 - 01:00,41,"['무선 인터넷', '예약']",,"[['""술이 다양해요""', 40], ['""음식이 맛있어요""', 16], ['""인테리어가 멋져요""', 16], ['""친절해요""', 16]]",[],"[[""클로버 진 칵테일"", 15000], [""꼬냑 하이볼"", 15000], [""꼬냑 위트 칵테일"", 15000], [""에스프레소"", 3000], [""아메리카노"", 5000], [""아포가토"", 8000], [""카페 코레토"", 8000]]",양식
227,45,"서울특별시 마포구 와우산로29바길 6 (서교동, 지하1층)",키즈나,193409.4737,450431.772,0507-1432-6676,수: 17:00 - 02:00; 목: 17:00 - 02:00; 금: 17:00 - 02:00; 토: 17:00 - 02:00; 일: 17:00 - 02:00; 월: 정기휴무 (매주 월요일); 화: 17:00 - 02:00,231,"['예약', '단체 이용 가능']",,"[['""음식이 맛있어요""', 204], ['""대화하기 좋아요""', 89], ['""기본 안주가 좋아요""', 80], ['""인테리어가 멋져요""', 67]]",[],"[[""모듬꼬치구이 (10종)"", 29000], [""명란삼겹비빔멘"", 16000], [""나가사키짬뽕"", 19000], [""간사이오뎅"", 18000], [""소고기타다끼(살치살)"", 25000], [""명란계란말이"", 15000], [""메로구이"", 25000], [""모듬가라아게"", 23000], [""토리가라아게"", 16000], [""닭껍질튀김"", 12000], [""생연어사시미 (중)"", 29000], [""생연어사시미 (소)"", 15000]]",일식
228,89.38,"서울특별시 마포구 독막로9길 43, 3층 (서교동)",옥탑방 부엉이,192904.9434,449767.6819,02-332-6603,수: 18:00 - 01:00; 목: 18:00 - 01:00; 금: 18:00 - 01:00; 토: 18:00 - 01:00; 일: 18:00 - 01:00; 월: 정기휴무 (매주 월요일); 화: 18:00 - 01:00,36,"['예약', '단체 이용 가능', '포장', '무선 인터넷']",,"[['""음악이 좋아요""', 23], ['""음식이 맛있어요""', 17], ['""친절해요""', 17], ['""인테리어가 멋져요""', 7]]",[],"[[""메뉴1"", null], [""메뉴2"", null], [""메뉴3"", null], [""애플 바베큐 보쌈 - 대 28,00원 / 소 19,000원"", null], [""갈비찜 떡볶이 - 대 28,000원 / 소 19,000원"", null], [""배싸메 육회 무쳐 - 25,000원"", null], [""바삭 누룽지 닭강정 -16,000원"", null], [""레몬 간장 치킨 - 16,000원"", null], [""슈림프 앤 칩스 -16,000원"", null], [""골뱅이와 오색 야채 물회 - 15,000원"", null], [""가지 스테이크 - 15,000원"", null], [""버섯과 그라나파다노 치즈 샐러드 - 15,000원"", null], [""방울방울 토마토-모짜렐라 샐러드 - 13,000원"", null], [""냉수육과 중화풍 살사 소르 - 13,000원"", null], [""새우부추전 - 13,000원"", null], [""치즈와 곶감정과 - 15,000원"", null], [""마른안주 플레이트 - 13,000원"", null], [""흑미계란밥 - 3,000원"", null], [""돼지통살 김치 전골 - 17,000원"", null], [""조개 듬뿍 클램차우더 - 13,000원"", null]]",한식
229,91.44,"서울특별시 마포구 와우산로29길 48-6, 1층 (서교동)",탐탐오향족발2,193543.8492,450406.4304,02-392-3989,수: 14:30 - 23:30; 목: 14:30 - 23:30; 금: 14:30 - 23:30; 토: 14:30 - 23:30; 일: 14:30 - 23:30; 월: 14:30 - 23:30; 화: 정기휴무 (매주 화요일),256,"['예약', '단체 이용 가능', '포장', '배달', '무선 인터넷', '남/녀 화장실 구분']",주차 가능,"[['""음식이 맛있어요""', 246], ['""친절해요""', 99], ['""고기 질이 좋아요""', 74], ['""양이 많아요""', 69]]",[],"[[""오향족발(뒷다리)"", 39000], [""오향족발(앞다리)"", 44000], [""오향족발(특대(앞다리))"", 57000], [""마늘족발(뒷다리)"", 42000], [""마늘족발(앞다리)"", 46000], [""마늘족발(특대(앞다리))"", 59000], [""양념족발(뒷다리)"", 42000], [""양념족발(앞다리)"", 46000], [""냉채족발(앞다리(중))"", 42000], [""냉채족발(앞다리(대))"", 46000], [""냉채족발(특대(앞다리))"", 59000], [""오향반마늘반(뒷다리)"", 42000], [""오향반마늘반(앞다리)"", 46000], [""오향반마늘반(특대(앞다리))"", 59000], [""오향반양념반(뒷다리)"", 42000], [""오향반양념반(앞다리)"", 46000], [""오향반양념반(특대(앞다리))"", 59000], [""마늘반양념반(뒷다리)"", 44000], [""마늘반양념반(앞다리)"", 48000], [""마늘반양념반(특대(앞다리))"", 60000]]",한식
230,149.12,"서울특별시 마포구 와우산로21길 20-5 (서교동, 1층일부)",무쇠김치삼겹,193097.9719,450044.7958,02-332-2290,,503,"['단체 이용 가능', '무선 인터넷', '대기공간', '남/녀 화장실 구분']",주차 불가,"[['""음식이 맛있어요""', 528], ['""매장이 넓어요""', 167], ['""친절해요""', 146], ['""고기 질이 좋아요""', 139]]",[],"[[""무쇠김치삼겹(130g)"", 12500], [""김치전골한판"", 5000], [""김치전골 고기추가"", 5000], [""생칼국수사리"", 3000], [""두부추가"", 2000], [""미나리김치삼겹"", 14000]]",한식
231,31.17,"서울특별시 마포구 와우산로29길 14-19 (서교동, 지하1층)",아씨시,193639.3233,450342.3871,0507-1399-1526,수: 11:30 - 22:00; 목: 11:30 - 22:00; 금: 11:30 - 22:00; 토: 11:30 - 22:00; 일: 11:30 - 22:00; 월: 11:30 - 22:00; 화: 정기휴무 (매주 화요일),595,"['콜키지 가능', '콜키지 가능', '와인 페어링', '무선 인터넷', '예약', '단체 이용 가능']",주차 불가,"[['""음식이 맛있어요""', 592], ['""친절해요""', 333], ['""인테리어가 멋져요""', 312], ['""재료가 신선해요""', 282]]",[],"[[""알리오올리오"", 11000], [""뽀모도로파스타"", 12000], [""크림까르보나라"", 13000], [""아마트리치아나"", 16000], [""이베리코플루마스테이크"", 33000], [""새우루꼴라오일파스타"", 15000], [""트러플크림뇨끼"", 17000], [""봉골레오일파스타"", 16000], [""카프레제"", 9000], [""고르곤졸라피자"", 17000], [""마르게리따"", 17000], [""페퍼로니피자"", 17000], [""먹물치즈아란치니"", 5000], [""라구파스타"", 17000], [""새우관자오일파스타"", 17000], [""바질페스토콜드파스타"", 19000], [""이천쌀 통오징어 먹물리조또"", 19000]]",양식
232,78.03,"서울특별시 마포구 어울마당로 51-1 (서교동, B1층)",섬마을,192928.7222,449730.2253,02-332-5518,수: 11:30 - 23:00; 목: 11:30 - 23:00; 금: 11:30 - 23:00; 토: 11:30 - 23:00; 일: 11:30 - 23:00; 월: 11:30 - 23:00; 화: 11:30 - 23:00,105,"['포장', '무선 인터넷']",,"[['""음식이 맛있어요""', 96], ['""재료가 신선해요""', 55], ['""양이 많아요""', 50], ['""가성비가 좋아요""', 39]]",[],"[[""섬마을초밥"", 13000], [""모듬초밥"", 20000], [""특모듬초밥"", 24000], [""생연어초밥"", 25000], [""냉모밀"", 9000], [""새우튀김우동"", 9000], [""매운치즈돈카츠"", 16000], [""모듬 회덮밥"", 13000], [""연어회덮밥"", 15000], [""연어롤"", 15000], [""활어초밥"", 30000]]",일식
233,72.6,"서울특별시 마포구 독막로3길 28, 2층 (서교동)",아초바,192619.935,449688.8054,0507-1418-9320,수: 19:00 - 03:00; 목: 19:00 - 03:00; 금: 19:00 - 03:00; 토: 18:00 - 03:00; 일: 18:00 - 03:00; 월: 19:00 - 03:00; 화: 19:00 - 03:00,598,"['와인 페어링', '전문 소믈리에', '생일 혜택', '무선 인터넷', '예약', '단체 이용 가능', '남/녀 화장실 구분']",주차 불가,"[['""술이 다양해요""', 519], ['""친절해요""', 346], ['""대화하기 좋아요""', 299], ['""특별한 메뉴가 있어요""', 279]]","['단체석', '입식', '좌식', '바테이블', '연인석', '1인석', '카운터석']","[[""포테이토 또띠아 피자"", 18000], [""감자튀김"", 10000], [""햄&치즈 플레이트 (2인)"", 22000], [""나초"", 10000], [""치킨가라아게"", 13000], [""감바스"", 18000], [""육포"", 20000], [""모듬소세지"", 20000], [""과일"", 22000]]",일식
234,50,"서울특별시 마포구 독막로7길 26, 3층 (서교동)",와인어클락,192795.952,449635.8505,0507-1345-3404,수: 18:00 - 01:00; 목: 18:00 - 01:00; 금: 18:00 - 01:00; 토: 17:00 - 01:00; 일: 17:00 - 01:00; 월: 정기휴무 (매주 월요일); 화: 18:00 - 01:00,86,"['전문 소믈리에', '테이크아웃 할인', '예약', '무선 인터넷', '포장', '단체 이용 가능']",주차 불가,"[['""인테리어가 멋져요""', 57], ['""술이 다양해요""', 48], ['""친절해요""', 43], ['""음식이 맛있어요""', 35]]","['단체석', '루프탑', '테라스', '바테이블']","[[""와인어클락 플래터"", 35000], [""샤퀴테리 플래터"", 30000], [""치즈 플래터"", 28000], [""잠봉 드 파리"", 14000], [""잠봉뵈르 샌드위치"", 15000], [""이베리코 베요타 하몽"", 35000], [""빠떼 엉 크루트"", 13000], [""부라타 & 토마토"", 19000], [""끌로미에 치즈구이"", 19000], [""보코치니 카프레제"", 12000], [""엔다이브 브루스케타"", 15000], [""에그 프리터"", 13000], [""리코타 곶감머스캣"", 15000], [""꿀밤"", 13000]]",양식
235,112.87,"서울특별시 마포구 월드컵북로1길 50 (서교동, 1층일부)",시골순대,192754.1561,450209.3313,0507-1330-1730,수: 10:00 - 21:30; 목: 10:00 - 21:30; 금: 10:00 - 21:30; 토: 10:00 - 21:30; 일: 정기휴무 (매주 일요일); 월: 10:00 - 21:30; 화: 10:00 - 21:30,274,[],,"[['""음식이 맛있어요""', 270], ['""양이 많아요""', 107], ['""혼밥하기 좋아요""', 88], ['""매장이 넓어요""', 70]]",[],"[[""막창순대(대)"", 30000], [""오소리한접시"", 15000], [""술국"", 20000], [""순대전골"", 35000], [""순대모듬"", 35000], [""머리고기"", 15000], [""순대국밥"", 9000], [""돼지국밥"", 9000], [""오소리국밥"", 9000], [""순대만국밥"", 9000], [""국밥 특"", 11000]]",한식
236,80.07,"서울특별시 마포구 잔다리로 97, 1층 (서교동)",육향,192399.6751,450399.3081,02-6349-6060,수: 10:00 - 22:00; 목: 10:00 - 22:00; 금: 10:00 - 22:00; 토: 정기휴무 (매주 토요일); 일: 정기휴무 (매주 일요일); 월: 10:00 - 22:00; 화: 10:00 - 22:00,64,"['단체 이용 가능', '포장']",,"[['""음식이 맛있어요""', 59], ['""친절해요""', 17], ['""재료가 신선해요""', 11], ['""특별한 메뉴가 있어요""', 11]]",[],"[[""돔베고기정식"", 9000], [""한방갈비탕"", 12000], [""흑돼지비빔막국수"", 7000], [""목살(200g)"", 14000], [""오겹살(200g)"", 15000]]",한식
237,49,"서울특별시 마포구 와우산로15길 40 (서교동, 지1층일부)",주문포차,192965.9959,449641.769,0507-1335-5618,수: 18:00 - 02:00; 목: 18:00 - 02:00; 금: 18:00 - 02:00; 토: 18:00 - 02:00; 일: 정기휴무 (매주 일요일); 월: 18:00 - 02:00; 화: 18:00 - 02:00,39,"['예약', '무선 인터넷', '단체 이용 가능']",,"[['""음식이 맛있어요""', 40], ['""친절해요""', 23], ['""대화하기 좋아요""', 19], ['""음악이 좋아요""', 16]]",[],"[[""돼지듬뿍두부찌개"", 20000], [""버터갈릭쉬림프"", 17000], [""한통스팸찌개"", 20000], [""케이준치킨로제파스타"", 17000]]",한식
238,84.36,"서울특별시 마포구 와우산로29바길 6 (서교동,1층)",홍대 수족관,193409.4737,450431.772,,,37,"['콜키지 가능', '단체 이용 가능', '예약', '무선 인터넷', '포장', '방문접수/출장', '남/녀 화장실 구분']",주차 불가,"[['""음식이 맛있어요""', 31], ['""재료가 신선해요""', 21], ['""친절해요""', 15], ['""특별한 메뉴가 있어요""', 8]]","['입식', '단체석']","[[""모둠회(소)"", 40000], [""광어회(소)"", 40000], [""연어(소)"", 40000], [""방어회(중)"", 55000], [""전복숙회(대)"", 35000], [""소라숙회(대)"", 39000], [""문어숙회"", 25000], [""키조개관자구이"", 24000], [""새무튀김"", 18000], [""오징어튀김"", 18000], [""어묵탕"", 18000], [""매운탕"", 18000], [""백합탕"", 18000], [""알탕"", 18000]]",양식
239,195.82,"서울특별시 마포구 양화로7길 6-4 (서교동, 1층,2층)",주식회사로켓치킨,192454.9798,449896.6983,02-335-7723,수: 17:00 - 01:00; 목: 17:00 - 01:00; 금: 17:00 - 01:00; 토: 16:00 - 01:00; 일: 16:00 - 24:00; 월: 17:00 - 01:00; 화: 17:00 - 01:00,169,"['예약', '단체 이용 가능', '포장', '무선 인터넷', '남/녀 화장실 구분', '노키즈존']",주차 불가,"[['""음식이 맛있어요""', 140], ['""매장이 넓어요""', 74], ['""단체모임 하기 좋아요""', 62], ['""친절해요""', 41]]",['단체석'],"[[""세트A"", 42000], [""세트B"", 44000], [""세트C"", 38000], [""순살 후라이드 치킨"", 22000], [""순살 꽈리간장치킨"", 23000], [""순살 까르보치킨"", 27000], [""순살 로제치킨"", 27000], [""순살 크리스피 치킨"", 23000], [""순살 데리야끼 치킨"", 24000], [""순살 파닭"", 23000], [""순살 양념"", 23000], [""순살 The 매운치킨"", 23000], [""후라이드치킨"", 22000], [""양념치킨"", 23000], [""부산어묵탕"", 20000], [""나가사끼 짬뽕탕"", 20000], [""해물 짬뽕탕"", 20000], [""먹태구이"", 17000], [""반건조오징어"", 17000], [""버터구이 오징어"", 19000]]",양식
240,35.82,"서울특별시 마포구 독막로9길 37 (서교동, 101호)",항방양꼬치,192894.9764,449741.4553,02-322-8892,수: 16:00 - 24:00; 목: 16:00 - 24:00; 금: 16:00 - 02:00; 토: 16:00 - 02:00; 일: 16:00 - 24:00; 월: 정기휴무 (매주 월요일); 화: 16:00 - 24:00,104,['남/녀 화장실 구분'],주차 불가,"[['""음식이 맛있어요""', 102], ['""친절해요""', 51], ['""고기 질이 좋아요""', 20], ['""특별한 메뉴가 있어요""', 18]]",[],"[[""양등심갈비 (1인분)"", 28000], [""양갈비살 (1인분)"", 16000], [""양꼬치 (1인분)"", 14000], [""소갈비살"", 20000]]",양식
241,130.54,"서울특별시 마포구 독막로9길 9 (서교동, 1층)",바다포차,192819.722,449620.9704,0507-1329-8117,,92,"['콜키지 가능', '포장', '단체 이용 가능', '배달', '예약', '남/녀 화장실 구분']",주차 불가,"[['""음식이 맛있어요""', 85], ['""친절해요""', 41], ['""대화하기 좋아요""', 27], ['""기본 안주가 좋아요""', 26]]",[],"[[""조개탕"", 20000], [""막회무침"", 25000], [""막회"", 25000], [""홍새우구이"", 18000], [""피문어숙회"", 25000]]",한식
242,48.91,"서울특별시 마포구 와우산로29라길 19, 지하1층 (서교동)",돈나무,193480.2227,450302.0868,0507-1354-6277,수: 11:00 - 22:00; 목: 11:00 - 22:00; 금: 11:00 - 22:00; 토: 11:00 - 22:00; 일: 11:00 - 22:00; 월: 정기휴무 (매주 월요일); 화: 11:00 - 22:00,57,"['콜키지 가능', '와인 페어링', '예약', '무선 인터넷', '포장', '단체 이용 가능', '남/녀 화장실 구분', '반려동물 동반']",주차 불가,"[['""음식이 맛있어요""', 58], ['""친절해요""', 32], ['""양이 많아요""', 29], ['""고기 질이 좋아요""', 25]]","['테라스', '1인석']","[[""돈나무 모둠 편백찜 (우삼겹)"", 16000], [""돈나무 모둠 편백찜 (차돌박이)"", 19000], [""돈나무 모둠 철판 (차돌박이)"", 19000], [""스페셜 편백찜 샤브세트 (우삼겹) (2인 기준)"", 45000], [""스페셜 편백찜 샤브세트 (차돌박이) (2인 기준)"", 50000], [""뚝배기 샤브 (점심특선)"", 10000], [""소고기 뭇국 백반 (점심특선)"", 9000], [""소불고기 덮밥 (점심특선)"", 9000]]",중식
243,119.23,"서울특별시 마포구 와우산로29길 8 (서교동,지하2층)",곱창전골,193696.6856,450284.6564,02-3143-2284,,78,[],,"[['""음악이 좋아요""', 73], ['""인테리어가 멋져요""', 26], ['""술이 다양해요""', 21], ['""음식이 맛있어요""', 20]]",[],"[[""조니워커블랙"", null], [""오렌지주스"", null], [""망고주스"", null], [""크랜베리주스"", null], [""자몽주스"", null], [""블루사파이어"", null]]",양식
244,67.91,"서울특별시 마포구 와우산로23길 43, 2층 (서교동)",그남자의볶음밥,193167.5097,450283.6013,0507-1363-6514,,276,"['테이크아웃 할인', '비건 메뉴', '포장', '무선 인터넷', '배달']",주차 불가,"[['""음식이 맛있어요""', 302], ['""양이 많아요""', 168], ['""가성비가 좋아요""', 145], ['""혼밥하기 좋아요""', 104]]",[],"[[""마라볶음밥"", 10900], [""김치삼겹살볶음밥"", 9900], [""치킨베이컨볶음밥"", 9900], [""김치베이컨볶음밥"", 9900]]",양식
245,50.28,"서울특별시 마포구 와우산로29길 26-5 (서교동, 지하1층)",더파이브올스,193610.5154,450356.5342,02-322-3966,수: 18:00 - 01:00; 목: 18:00 - 01:00; 금: 18:00 - 02:00; 토: 17:00 - 02:00; 일: 17:00 - 01:00; 월: 18:00 - 01:00; 화: 18:00 - 01:00,148,[],,"[['""술이 다양해요""', 126], ['""음식이 맛있어요""', 116], ['""가성비가 좋아요""', 83], ['""친절해요""', 59]]",[],"[[""자이언트 플레이팅"", 20000], [""모듬순살 치킨"", 18000], [""콥 샐러드"", 15000], [""야끼소바"", 8000], [""랜덤 플레이팅"", 15000], [""소세지구이"", 15000], [""카페 그라탕"", 8000]]",한식
246,29.8,"서울특별시 마포구 독막로3길 24-6 (서교동, 1층일부)",물고기초밥,192614.0327,449658.3148,02-322-6609,수: 11:30 - 21:30; 목: 11:30 - 21:30; 금: 11:30 - 21:30; 토: 11:30 - 21:30; 일: 11:30 - 21:30; 월: 정기휴무 (매주 월요일); 화: 11:30 - 21:30,475,"['포장', '무선 인터넷', '단체 이용 가능']",주차 불가,"[['""음식이 맛있어요""', 487], ['""재료가 신선해요""', 295], ['""친절해요""', 165], ['""혼밥하기 좋아요""', 92]]","['단체석', '입식', '바테이블']","[[""초밥우동세트 (초밥 8p+미니우동)"", 13000], [""덮밥우동세트 (회덮밥+미니우동)"", 11000], [""특모둠 초밥 (12p)"", 28000], [""물고기 초밥 (12p)"", 23000], [""모둠 초밥 (10p)"", 18000], [""모둠사시미 (중)"", 40000], [""연어사시미"", 38000], [""광어사시미"", 45000], [""반반사시미"", 42000], [""회덮밥"", 15000], [""회무침"", 15000], [""우동"", 8000], [""김치우동"", 9000], [""타코와사비"", 13000]]",일식
247,178.5,"서울특별시 마포구 양화로15길 16 (서교동, 1층)",설맥 홍대서교점,192794.9722,450274.9543,02-336-0337,수: 16:00 - 01:00; 목: 16:00 - 01:00; 금: 16:00 - 01:00; 토: 16:00 - 01:00; 일: 정기휴무 (매주 일요일); 월: 16:00 - 01:00; 화: 16:00 - 01:00,100,"['예약', '무선 인터넷', '포장', '단체 이용 가능']",주차 가능,"[['""음식이 맛있어요""', 56], ['""가성비가 좋아요""', 36], ['""단체모임 하기 좋아요""', 34], ['""대화하기 좋아요""', 21]]",[],[],일식
248,59.74,"서울특별시 마포구 어울마당로 126-1 (서교동,지1층)",통통돼지,193231.1294,450376.3383,0507-1387-0570,수: 11:00 - 02:00; 목: 11:00 - 02:00; 금: 11:00 - 02:00; 토: 11:00 - 02:00; 일: 11:00 - 02:00; 월: 11:00 - 02:00; 화: 11:00 - 02:00,199,"['콜키지 가능', '단체 이용 가능', '예약', '남/녀 화장실 구분', '무선 인터넷', '포장', '유아의자', '대기공간', '출입구 휠체어 이용가능', '좌석 휠체어 이용가능']",주차 불가,"[['""음식이 맛있어요""', 196], ['""친절해요""', 64], ['""고기 질이 좋아요""', 56], ['""가성비가 좋아요""', 50]]","['단체석', '입식']","[[""뽈살(양념)(200g)"", 15000], [""삼겹살(200g)"", 15000], [""항정살(150g)"", 16000], [""소갈비살(150g)"", 17000], [""왕막창(180g)"", 15000]]",한식
249,85.04,"서울특별시 마포구 와우산로29바길 16, 1층 (서교동)",황소곱창,193383.4263,450394.4173,02-6053-4848,수: 16:00 - 24:00; 목: 16:00 - 24:00; 금: 16:00 - 24:00; 토: 16:00 - 24:00; 일: 16:00 - 22:00; 월: 정기휴무 (매주 월요일); 화: 16:00 - 24:00,757,"['단체 이용 가능', '무선 인터넷', '예약']",주차 불가,"[['""음식이 맛있어요""', 663], ['""고기 질이 좋아요""', 340], ['""친절해요""', 245], ['""매장이 넓어요""', 181]]",[],"[[""특양 (180g)"", 22000], [""한우곱창"", 19000], [""소막창"", 19000], [""소대창"", 19000], [""곱창모듬"", 20000], [""우삼겹"", 12000], [""염통"", 12000], [""볶음밥"", 3000], [""우삼겹사리"", 6000], [""떡사리"", 3000], [""소스메뉴"", 1000]]",한식
250,92.85,"서울특별시 마포구 동교로 156, 1층 (서교동)",아리랑,192808.2684,450359.5683,02-336-7669,,364,"['콜키지 가능', '단체 이용 가능', '예약', '무선 인터넷']",,"[['""음식이 맛있어요""', 359], ['""친절해요""', 199], ['""가성비가 좋아요""', 179], ['""양이 많아요""', 165]]",[],"[[""화로숯불구이+모츠나베 세트 1인"", 33000], [""갈비살"", 26000], [""하이볼"", 8000]]",한식
251,306.72,"서울특별시 마포구 홍익로3길 44, 5층 (서교동)",원나잇,192984.7094,450043.4181,0507-1426-0912,수: 16:30 - 02:30; 목: 16:30 - 02:30; 금: 16:30 - 03:30; 토: 16:30 - 03:30; 일: 16:30 - 02:30; 월: 16:30 - 02:30; 화: 16:30 - 02:30,688,"['콜키지 가능', '생일 혜택', '예약', '단체 이용 가능', '무선 인터넷', '남/녀 화장실 구분', '출입구 휠체어 이용가능', '장애인 주차구역']",주차 불가,"[['""음식이 맛있어요""', 294], ['""단체모임 하기 좋아요""', 214], ['""대화하기 좋아요""', 202], ['""기본 안주가 좋아요""', 109]]","['룸', '단체석']","[[""간사이 오뎅탕"", 24000], [""차돌버섯 스끼야끼"", 26000], [""돈까스 짬뽕"", 25000], [""나가사키 짬뽕"", 24000], [""통목살 김치찜"", 26000], [""촉촉 갈릭보쌈"", 24000], [""비빔 훈제오리"", 24000], [""돔베고기 비빔쫄면"", 24000], [""벌교꼬막 비빔소면"", 23000], [""THE 해물떡찜"", 25000], [""REAL 순살파닭"", 23000], [""감자품은 새우"", 24000], [""봉골레 술찜파스타"", 26000], [""레몬치킨 커틀렛"", 24000], [""중화삼겹 숙주볶음"", 24000], [""석류레몬 과일화채"", 23000], [""비쥬얼 왕빙수"", 23000], [""바짝양념 닭강정"", 24000], [""해물모둠 야끼동"", 24000], [""소고기 타다끼"", 26000], [""해물해장라면"", 10000], ["""", null], ["""", null]]",양식
252,35,"서울특별시 마포구 와우산로29길 14-8 (서교동, 지하1층 일부)",고토히라우동,193674.7825,450314.4491,0507-1432-1678,,625,"['무선 인터넷', '단체 이용 가능', '예약']",주차 불가,"[['""음식이 맛있어요""', 619], ['""친절해요""', 260], ['""양이 많아요""', 230], ['""혼밥하기 좋아요""', 212]]",[],"[[""해물우동"", 9500], [""에비텐우동"", 9500], [""니꾸우동"", 9500], [""키노코우동"", 9000], [""치쿠와우동"", 9000], [""키즈네우동"", 9000], [""김치돈까스우동"", 10500], [""자루우동"", 9000], [""냉우동"", 9500], [""수제돈까스"", 9000], [""새우튀김"", 4500], [""오징어다리튀김"", 4500], [""치쿠와튀김"", 2500], [""치쿠와우동"", 9500], [""냉소바"", 9500], [""오뎅우동"", 9500], [""자루우동"", 9000], [""자루소바"", 9000]]",일식
253,109.49,"서울특별시 마포구 와우산로29라길 12, 1층 (서교동)",카페333,193482.5026,450338.0838,02-3144-3312,수: 11:00 - 22:00; 목: 11:00 - 22:00; 금: 11:00 - 22:00; 토: 11:00 - 22:00; 일: 11:00 - 22:00; 월: 11:00 - 22:00; 화: 11:00 - 22:00,297,"['무선 인터넷', '남/녀 화장실 구분', '포장']",주차 불가,"[['""커피가 맛있어요""', 215], ['""음료가 맛있어요""', 160], ['""친절해요""', 157], ['""인테리어가 멋져요""', 111]]",[],"[[""아메리카노"", 5000], [""카페라떼"", 5500], [""콜드브루"", 5500], [""자몽에이드"", 6000], [""초코라떼"", 6000]]",한식
254,80.14,"서울특별시 마포구 동교로18길 44 (서교동,1층 일부)",텃밭,192688.797,450136.7029,0507-1411-2777,수: 11:00 - 19:00; 목: 11:00 - 19:00; 금: 11:00 - 19:00; 토: 11:00 - 15:00; 일: 정기휴무 (매주 일요일); 월: 11:00 - 19:00; 화: 11:00 - 19:00,244,['단체 이용 가능'],,"[['""음식이 맛있어요""', 226], ['""가성비가 좋아요""', 160], ['""친절해요""', 122], ['""양이 많아요""', 70]]",[],"[[""양념돼지불백"", 8000], [""동태찌개"", 8000], [""닭도리탕"", 8000], [""옛날돈가스"", 8000], [""카레돈가스"", 8000], [""뚝배기불고기"", 8500], [""돌솥비빔밥"", 8000], [""돌솥알밥"", 8500], [""돌솥참치"", 8000], [""돌솥제육"", 8000], [""돌솥불고기"", 8500], [""부대찌개"", 8000], [""김치찌개"", 8000], [""참치찌개"", 8000], [""된장찌개"", 7500], [""청국장"", 8000], [""순두부"", 7500], [""콩비지"", 7500], [""닭곰탕"", 8000], [""닭개장"", 8000], [""북어국"", 8000], ["""", null], ["""", null], ["""", null]]",일식
255,123.72,"서울특별시 마포구 독막로7길 51, 3,4층 (서교동)",시카고,192840.5624,449761.7855,0507-1306-4636,수: 11:30 - 22:00; 목: 11:30 - 22:00; 금: 11:30 - 23:00; 토: 11:00 - 23:00; 일: 11:00 - 22:00; 월: 11:30 - 22:00; 화: 11:30 - 22:00,413,"['테이크아웃 할인', '포장', '무선 인터넷', '남/녀 화장실 구분', '단체 이용 가능', '배달', '예약']",주차 불가,"[['""음식이 맛있어요""', 318], ['""친절해요""', 135], ['""인테리어가 멋져요""', 119], ['""특별한 메뉴가 있어요""', 99]]","['단체석', '입식', '테라스', '연인석', '1인석']","[[""마일드 마스카포네"", 29000], [""베이컨 체다 크리미"", 30000], [""스위트 갈릭"", 27000], [""올 미트"", 31000], [""얌 고구마"", 27000], [""바삭퐁 감자"", 27000], [""지킬 앤 하이드"", 27000], [""디아볼라"", 27000], [""눈꽃 명란 크림 파스타"", 18000], [""새우 로제 파스타"", 16000], [""알리오올리오"", 15000], [""아마트리치아나"", 16000], [""까르보나라파스타"", 16000], [""바질크림파스타"", 16000], [""눈꽃 명란 크림 보리 리조또"", 18000], [""새우 로제 보리 리조또"", 16000], [""바질 크림 보리 리조또"", 16000], [""채끝등심 스테이크"", 31000], [""립아이 스테이크"", 58000], [""돈마호크 스테이크"", 25000], [""티본 스테이크"", 89000]]",양식
256,48.07,"서울특별시 마포구 양화로6길 57-5, 지상1층 지하1층 층 (서교동)",대포막창 生 삼겹,192637.266,449633.1011,02-322-3928,수: 17:00 - 01:00; 목: 17:00 - 01:00; 금: 17:00 - 01:00; 토: 16:00 - 01:00; 일: 16:00 - 01:00; 월: 정기휴무 (매주 월요일); 화: 17:00 - 01:00,228,"['단체 이용 가능', '예약', '무선 인터넷']",,"[['""음식이 맛있어요""', 196], ['""친절해요""', 84], ['""특별한 메뉴가 있어요""', 51], ['""가성비가 좋아요""', 37]]",[],"[[""대구납작생막창 (150g)"", 14000], [""대구소막창(150g)"", 23000], [""양념막창볶음 (150g)"", 16000], [""국내산삼겹살(160g)"", 14000], [""마늘소스껍데기"", 5000], [""칼칼해물라면"", 5000], [""고추장찌개"", 8000], [""마가린밥"", 3000], [""볶음밥"", 3000]]",한식
257,44.39,"서울특별시 마포구 와우산로29마길 6 (서교동, 지하1층 일부)",쭌곱창,193454.9977,450399.4894,0507-1308-2087,수: 16:00 - 23:00; 목: 16:00 - 23:00; 금: 16:00 - 23:00; 토: 16:00 - 23:00; 일: 16:00 - 23:00; 월: 16:00 - 23:00; 화: 16:00 - 23:00,514,"['테이크아웃 할인', '무선 인터넷', '포장', '배달', '예약', '단체 이용 가능']",주차 불가,"[['""음식이 맛있어요""', 399], ['""양이 많아요""', 160], ['""특별한 메뉴가 있어요""', 136], ['""친절해요""', 123]]",['단체석'],"[[""세트 A"", 35000], [""곱창"", 12000], [""세트 B"", 36000], [""세트 C"", 37000], [""갈비"", 14000], [""닭발"", 15000], [""볶음밥"", 3000], [""우동사리"", 4000], [""계란찜"", 5000], [""치즈사리"", 5000], [""마요김치주먹밥"", 4000], [""생크림파인애플"", 2000], [""눈꽃치즈계란찜"", 6000], [""치즈 or 갈릭 퐁듀"", 2000]]",양식
258,274.95,"서울특별시 마포구 와우산로21길 20-5 (서교동, 지하1층)",노라바라,193166.9889,450348.9015,02-333-3119,화: 16:00 - 06:00; 수: 16:00 - 06:00; 목: 16:00 - 06:00; 금: 16:00 - 07:00; 토: 16:00 - 07:00; 일: 16:00 - 06:00; 월: 16:00 - 06:00,248,"['예약', '단체 이용 가능', '남/녀 화장실 구분', '무선 인터넷']",무료 주차 가능,"[['""음식이 맛있어요""', 174], ['""단체모임 하기 좋아요""', 117], ['""기본 안주가 좋아요""', 99], ['""친절해요""', 95]]","['룸', '단체석', '연인석', '1인석', '입식']","[[""순살치킨"", 19000], [""버팔로윙스틱"", 20000], [""쥐포튀김+알새우칩"", 19000], [""마늘간장치킨"", 20000], [""볶음탕수육"", 20000]]",양식
259,44.49,"서울특별시 마포구 와우산로29길 14-7 (서교동, 1층)",모미모미 홍대본점,193656.7568,450323.787,02-2138-7354,수: 10:30 - 21:00; 목: 10:30 - 21:00; 금: 10:30 - 21:00; 토: 10:30 - 21:00; 일: 10:30 - 21:00; 월: 10:30 - 21:00; 화: 10:30 - 21:00,937,"['단체 이용 가능', '포장', '무선 인터넷']",,"[['""음식이 맛있어요""', 924], ['""재료가 신선해요""', 540], ['""친절해요""', 381], ['""양이 많아요""', 264]]",[],"[[""오사카풍 멘치카츠 정식"", 14000], [""샤르르 연어장 정식"", 15000], [""빚조은 생연어 정식"", 15000], [""몽블랑 스테이크 정식"", 16000], [""샤르르 연어장 덮밥"", 13000], [""빚조은 연어 덮밥"", 13000]]",일식
260,89.83,"서울특별시 마포구 어울마당로 58-1 (서교동,1층)",깐부치킨,192982.3766,449782.4797,02-325-7512,,60,['포장'],,"[['""음식이 맛있어요""', 43], ['""재료가 신선해요""', 13], ['""친절해요""', 10], ['""단체모임 하기 좋아요""', 10]]",[],"[[""숯불 핫 바베큐구이"", 21000], [""고추간장 순살치킨"", 23000], [""로스트 윙봉"", 19000], [""마늘간장 순살치킨"", 23000], [""마늘간장 크런치윙봉"", 22000], [""마늘간장치킨"", 22000], [""바삭한식스팩"", 23000], [""빠삭커리네순살치킨"", 23000], [""빠삭커리네윙봉"", 23000], [""빠삭커리네치킨"", 23000], [""스윗 순살치킨"", 23000], [""크런치 윙봉"", 20000], [""크리스피 순살치킨"", 22000], [""크리스피윙봉"", 21000], [""크리스피치킨"", 22000], [""파닭 순살치킨"", 22000], [""핫 바베큐 로스트윙봉"", 22000], [""핫 바베큐 순살치킨"", 22000], [""후라이드치킨"", 20000], [""깐부통닭"", 19000]]",양식
261,103.48,"서울특별시 마포구 독막로7길 20 (서교동,1층)",몽주방,192786.2352,449607.9105,0507-1364-7875,수: 16:00 - 01:00; 목: 16:00 - 01:00; 금: 16:00 - 02:30; 토: 16:00 - 02:30; 일: 16:00 - 01:00; 월: 16:00 - 01:00; 화: 16:00 - 01:00,899,"['무선 인터넷', '단체 이용 가능', '예약', '남/녀 화장실 구분']",,"[['""음식이 맛있어요""', 943], ['""특별한 메뉴가 있어요""', 377], ['""인테리어가 멋져요""', 340], ['""친절해요""', 303]]",[],"[[""돈카츠나베"", 27000], [""몽도리탕"", 28000], [""삼겹김치찜"", 26000], [""아롱스지수육"", 32000], [""육회 한상"", 32000], [""육회"", 25000], [""소고기 타다끼"", 25000], [""레몬크림 가라아게"", 18000], [""닭목살구이"", 18000], [""청어알 두부쌈"", 16000], [""명란 계란말이"", 15000], [""탕수육"", 16000], [""제육두부김치"", 18000], [""창란젓크림치즈"", 10000]]",양식
262,35.2,"서울특별시 마포구 월드컵북로7길 11 (서교동,성지빌딩1층 104호)",갯마을,192617.2652,450646.3182,02-337-9087,,92,[],,"[['""음식이 맛있어요""', 79], ['""가성비가 좋아요""', 32], ['""친절해요""', 23], ['""양이 많아요""', 23]]",[],"[[""모듬생선구이"", 50000], [""병어조림"", 50000], [""무침(갑오징어/병어꼬막)"", 30000], [""고등어구이"", 11000], [""삼치구이"", 11000], [""가자미구이"", 11000], [""갈치구이"", 11000], [""조기구이"", 11000], [""아구탕"", 26000], [""대구탕"", 30000], [""삼식이탕"", 26000], [""고등어조림"", 26000], [""갈치조림"", 26000], [""오징어볶음"", 26000], [""고추장불고기"", 22000], [""병어막회"", 35000], [""갑오징어숙회"", 35000], [""오징어숙회"", 23000], [""꼬막"", 23000], [""생굴"", 23000]]",양식
263,93.49,"서울특별시 마포구 와우산로29길 44, 2층 (서교동)",애쉬앤블룸 1,193548.1504,450386.4168,0507-1332-1591,,170,"['예약', '단체 이용 가능', '포장', '무선 인터넷', '유아시설 (놀이방)', '남/녀 화장실 구분']",주차 가능,"[['""술이 다양해요""', 86], ['""친절해요""', 68], ['""인테리어가 멋져요""', 65], ['""대화하기 좋아요""', 46]]",[],"[[""위스키"", null], [""요리"", null], [""칵테일"", null]]",양식
264,53.51,"서울특별시 마포구 동교로 103 (서교동,1층)",명품잔치국수집,192283.0735,450276.021,0507-1399-2008,수: 10:00 - 22:00; 목: 10:00 - 22:00; 금: 10:00 - 22:00; 토: 10:00 - 22:00; 일: 정기휴무 (매주 일요일); 월: 10:00 - 22:00; 화: 10:00 - 22:00,430,"['단체 이용 가능', '무선 인터넷']",주차 가능,"[['""음식이 맛있어요""', 473], ['""양이 많아요""', 173], ['""가성비가 좋아요""', 166], ['""친절해요""', 142]]",[],"[[""잔치국수"", 7000], [""김치국수"", 8000], [""유부국수"", 8000], [""비빔국수"", 8000], [""연두부국수"", 8000], [""물만두"", 6000], [""왕만두"", 6000], [""연두부김치국수"", 9000]]",한식
265,141.94,"서울특별시 마포구 양화로 122 (서교동, 1층 일부)",옹다래찜닭.디저트,192912.1548,450205.1988,0507-1367-8763,수: 11:00 - 23:00; 목: 11:00 - 23:00; 금: 11:00 - 23:00; 토: 11:00 - 23:00; 일: 11:00 - 22:00; 월: 11:00 - 23:00; 화: 11:00 - 23:00,282,"['콜키지 가능', '예약', '단체 이용 가능', '포장', '배달', '남/녀 화장실 구분']",유료 주차 가능,"[['""음식이 맛있어요""', 274], ['""양이 많아요""', 117], ['""매장이 넓어요""', 113], ['""친절해요""', 94]]","['좌식', '룸', '단체석']","[[""옹다래찜닭(소)"", 29000], [""고추장찜닭(L)"", 34000], [""신홍초찜닭(L)"", 36000], [""순살치즈찜닭(L)"", 37000]]",한식
266,50,"서울특별시 마포구 월드컵로14길 12 (서교동, 1층)",사이,192086.303,450407.5612,0507-1357-7725,수: 18:00 - 05:30; 목: 18:00 - 05:30; 금: 18:00 - 05:30; 토: 18:00 - 05:30; 일: 정기휴무 (매주 일요일); 월: 18:00 - 05:30; 화: 18:00 - 05:30,190,"['예약', '무선 인터넷']",,"[['""음식이 맛있어요""', 192], ['""친절해요""', 84], ['""특별한 메뉴가 있어요""', 53], ['""대화하기 좋아요""', 53]]",[],"[[""오늘의사시미"", 29000], [""유자세비체"", 19000], [""우니(성게알)"", 27000], [""제주광어스테이크"", 24000], [""얼큰해물파스타"", 23000]]",한식
267,32.8,"서울특별시 마포구 양화로6길 21 (서교동, 1층일부)",통영박이충무김밥,192461.9162,449668.6535,02-335-4979,수: 10:00 - 20:30; 목: 10:00 - 20:30; 금: 10:00 - 20:30; 토: 10:00 - 20:00; 일: 10:00 - 20:00; 월: 10:00 - 20:30; 화: 10:00 - 20:30,306,"['포장', '무선 인터넷', '예약', '반려동물 동반']",주차 가능,"[['""음식이 맛있어요""', 239], ['""혼밥하기 좋아요""', 105], ['""재료가 신선해요""', 61], ['""친절해요""', 59]]",[],"[[""충무김밥(8개)"", 7000], [""충무김밥(12개)"", 10000], [""충무김밥(10개)"", 8500], [""한강즉석라면"", 3500]]",한식
268,44.5,"서울특별시 마포구 와우산로29라길 26 (서교동, 지층일부)",마시타야,193445.9325,450285.43,0507-1368-5715,수: 11:00 - 17:30; 목: 11:00 - 17:30; 금: 11:00 - 17:30; 토: 11:00 - 17:30; 일: 11:00 - 17:30; 월: 11:00 - 17:30; 화: 11:00 - 17:30,286,[],주차 불가,"[['""음식이 맛있어요""', 282], ['""혼밥하기 좋아요""', 165], ['""특별한 메뉴가 있어요""', 119], ['""친절해요""', 83]]",['카운터석'],"[[""시오라멘"", 11000], [""블랙라멘"", 11000], [""곤부스이 츠케멘"", 12000]]",일식
269,250.59,"서울특별시 마포구 양화로 58, 1층 102,103,104,105호 (서교동, 명지한강빌드웰)",마포오리농장,192457.1205,449770.0694,02-332-1826,,579,"['콜키지 가능', '단체 이용 가능', '포장', '배달', '예약', '무선 인터넷', '남/녀 화장실 구분', '유아의자']",무료 주차 가능,"[['""음식이 맛있어요""', 563], ['""매장이 넓어요""', 258], ['""고기 질이 좋아요""', 247], ['""단체모임 하기 좋아요""', 219]]","['룸', '단체석']","[[""양푼이김치찌게"", 9000], [""주물럭정식"", 10000], [""훈제정식"", 10000], [""소내장탕"", 11000], [""능이버섯백숙"", 80000], [""연잎 황토 진흙구이"", 80000], [""삼채누룽지백숙"", 73000], [""생오리 로스구이 (1인) (300g)"", 21000], [""생오리 주물럭 (1인) (300g)"", 24000], [""오리훈제구이 (1인) (300g)"", 22000], [""더덕 생오리 주물럭 (중)"", 52000], [""능이버섯 닭백숙"", 80000], [""능이삼계탕"", 21000], [""삼채삼계탕"", 19000], [""들깨삼계탕"", 18000], [""녹두삼계탕"", 16000], [""오리곰탕"", 9000], [""닭곰탕"", 9000]]",한식
270,36.8,"서울특별시 마포구 잔다리로7길 37 (서교동,1층)",몽마르뜨언덕,192485.1844,450113.4958,0507-1349-7649,,68,[],,"[['""음식이 맛있어요""', 53], ['""재료가 신선해요""', 32], ['""양이 많아요""', 31], ['""반찬이 잘 나와요""', 28]]",[],[],한식
271,104.12,"서울특별시 마포구 와우산로21길 36-12 (서교동, 지층)",주섬주섬,193048.3007,450080.1902,0507-1325-5230,수: 16:00 - 23:00; 목: 16:00 - 23:00; 금: 16:00 - 24:00; 토: 16:00 - 24:00; 일: 16:00 - 23:00; 월: 정기휴무 (매주 월요일); 화: 16:00 - 23:00,128,"['무선 인터넷', '남/녀 화장실 구분']",,"[['""음식이 맛있어요""', 54], ['""친절해요""', 42], ['""가성비가 좋아요""', 32], ['""음악이 좋아요""', 31]]",[],"[[""베이컨 크림 파스타"", 7900], [""쉬림프 로제 파스타"", 9900], [""간장 치킨 리조또"", 9900], [""버터 감바스"", 12900], [""멘보샤"", 11900]]",한식
272,92,"서울특별시 마포구 와우산로 156, 2층 (서교동)",와우끝집,193781.3129,450288.6943,,수: 17:00 - 22:00; 목: 17:00 - 22:00; 금: 17:00 - 22:00; 토: 17:00 - 22:00; 일: 정기휴무 (매주 일요일); 월: 17:00 - 22:00; 화: 17:00 - 22:00,124,"['콜키지 가능', '무선 인터넷', '남/녀 화장실 구분', '단체 이용 가능']",주차 불가,"[['""음식이 맛있어요""', 125], ['""재료가 신선해요""', 69], ['""특별한 메뉴가 있어요""', 42], ['""양이 많아요""', 27]]",['단체석'],"[[""숙성회 (4인)"", 120000], [""숙성회 (3인)"", 90000], [""숙성회 (2인)"", 60000], [""숙성회 마끼"", 7000], [""김치라면"", 7000]]",양식
273,88.73,"서울특별시 마포구 양화로7길 12 (서교동,1층)",마포만두,192434.9663,449909.7595,02-333-9842,수: 08:00 - 22:00; 목: 08:00 - 22:00; 금: 08:00 - 22:00; 토: 08:00 - 22:00; 일: 08:00 - 22:00; 월: 08:00 - 22:00; 화: 08:00 - 22:00,967,[],,"[['""음식이 맛있어요""', 645], ['""가성비가 좋아요""', 326], ['""혼밥하기 좋아요""', 304], ['""친절해요""', 200]]",[],"[[""알밥"", 5500], [""비빔냉면"", 6500], [""갈비만두"", 3500], [""카레만두"", 3500], [""찹쌀순대"", 3500]]",한식
274,132.09,"서울특별시 마포구 어울마당로 116, 2층 (서교동)",포몬스 홍대점,193155.5571,450299.3905,02-326-2001,수: 10:00 - 23:00; 목: 10:00 - 23:00; 금: 10:00 - 23:00; 토: 10:00 - 23:00; 일: 10:00 - 23:00; 월: 10:00 - 23:00; 화: 10:00 - 23:00,258,"['예약', '포장', '배달']",,"[['""음식이 맛있어요""', 193], ['""친절해요""', 70], ['""양이 많아요""', 67], ['""매장이 넓어요""', 54]]",[],"[[""분보싸오"", 11500], [""나시고랭"", 9500], [""닭쌀국수"", 8500], [""뜸양쿵 쌀국수"", 12000], [""마늘소스 닭어깨튀김"", 5000], [""매실탕수육"", 14000], [""모듬전식"", 9500], [""새우 롤"", 5000], [""수육쌀국수"", 9500], [""스프링롤"", 4500], [""얇게 썬 홍두깨, 차돌박이 쌀국수"", 8500], [""연어 롤"", 7000], [""연어샐러드"", 9500], [""웨딩쇼마이"", 4500], [""잘 익힌 양지 쌀국수"", 8500], [""짜조"", 5000], [""특선모듬전식"", 15000], [""파인애플 새우볶음밥"", 9500], [""해산물 팟타이"", 9500]]",한식
275,32.4,"서울특별시 마포구 어울마당로 136-18 (서교동, 1층 일부)",마왕족발,193344.2558,450382.7553,0507-1371-7844,수: 16:00 - 01:30; 목: 16:00 - 01:30; 금: 16:00 - 01:30; 토: 11:00 - 01:30; 일: 11:00 - 01:30; 월: 16:00 - 01:30; 화: 16:00 - 01:30,332,"['포장', '배달', '예약', '무선 인터넷']",주차 가능,"[['""음식이 맛있어요""', 277], ['""양이 많아요""', 110], ['""고기 질이 좋아요""', 94], ['""친절해요""', 89]]",[],"[[""족발볶음밥"", null], [""마라볶음밥"", null], [""갈릭족발"", null], [""껍데기볶음"", null], [""당면냉채족발"", null], [""마왕세트"", null], [""마왕통구이 쭈꾸미세트"", null], [""미니족구이"", null], [""반반세트"", null], [""보쌈구이"", null], [""불보쌈"", null], [""불족발"", null], [""열무국수"", null], [""쟁반국수"", null], [""직화소금구이"", null], [""천사세트"", null], [""클래식족발"", null], [""클래식족발 쭈꾸미세트"", null], [""파인애플 샤베트"", null], [""마왕통구이"", null]]",양식
276,92.4,"서울특별시 마포구 와우산로23길 52, 2층 (서교동)",맘대로 마라탕훠궈,193191.4105,450322.1836,,수: 정기휴무 (매주 수요일); 목: 23:00 - 23:05; 금: 정기휴무 (매주 금요일); 토: 정기휴무 (매주 토요일); 일: 정기휴무 (매주 일요일); 월: 정기휴무 (매주 월요일); 화: 정기휴무 (매주 화요일),64,['무한 리필'],주차 불가,"[['""음식이 맛있어요""', 72], ['""재료가 신선해요""', 27], ['""가성비가 좋아요""', 18], ['""양이 많아요""', 15]]",['좌식'],[],일식
277,46.95,"서울특별시 마포구 양화로6길 99-7, 서교빌딩 1층 (서교동)",버켓크랩,192850.5948,449606.042,0507-1402-1640,수: 15:00 - 24:00; 목: 15:00 - 24:00; 금: 15:00 - 24:00; 토: 15:00 - 24:00; 일: 15:00 - 24:00; 월: 15:00 - 24:00; 화: 15:00 - 24:00,70,"['포장', '무선 인터넷', '배달', '단체 이용 가능', '반려동물 동반', '예약']",,"[['""음식이 맛있어요""', 38], ['""친절해요""', 34], ['""특별한 메뉴가 있어요""', 21], ['""재료가 신선해요""', 13]]",[],"[[""대게 새우 버터구이"", 57500], [""크림새우 그라탕"", 18000], [""대게한마리 플레터"", 63500], [""크랩 반마리 콤보"", 33000], [""대게딱지 볶음밥"", 11000]]",양식
278,46.2,"서울특별시 마포구 월드컵북로5길 22 (서교동,1층)",고랭,192638.3115,450539.3383,02-332-7838,수: 11:00 - 21:00; 목: 11:00 - 21:00; 금: 11:00 - 21:00; 토: 11:00 - 21:00; 일: 정기휴무 (매주 일요일); 월: 11:00 - 21:00; 화: 11:00 - 21:00,31,"['콜키지 가능', '단체 이용 가능', '포장', '무선 인터넷', '대기공간', '출입구 휠체어 이용가능', '좌석 휠체어 이용가능']",주차 불가,"[['""음식이 맛있어요""', 35], ['""친절해요""', 20], ['""양이 많아요""', 19], ['""특별한 메뉴가 있어요""', 13]]","['바테이블', '1인석']","[[""돈빔빔냉면"", 10000], [""물냉면"", 8000], [""비빔냉면"", 8000], [""돈물냉면"", 10000], [""매콤돈비빔냉면"", 10000], [""매콤돈물냉면"", 10000], [""생등심돈까스"", 10000]]",한식
279,31.68,"서울특별시 마포구 와우산로32길 38 (서교동,외1필지(9-6) 1층)",식이네,193948.3626,450272.1591,02-322-6787,수: 16:30 - 02:00; 목: 16:30 - 02:00; 금: 16:30 - 04:00; 토: 16:30 - 04:00; 일: 16:30 - 02:00; 월: 16:30 - 02:00; 화: 16:30 - 02:00,122,"['예약', '단체 이용 가능']",주차 불가,"[['""음식이 맛있어요""', 86], ['""재료가 신선해요""', 36], ['""가성비가 좋아요""', 36], ['""친절해요""', 35]]",[],"[[""모듬사시미"", 35000], [""참치뱃살사시미"", 35000], [""전복"", 9000], [""연포탕"", 30000], [""메로구이"", 20000]]",양식
280,63,"서울특별시 마포구 와우산로15길 30 (서교동, 지1층)",제순식당 홍대점,193004.6956,449671.3307,02-336-2008,,232,"['포장', '무선 인터넷', '예약']",,"[['""음식이 맛있어요""', 220], ['""가성비가 좋아요""', 99], ['""친절해요""', 77], ['""혼밥하기 좋아요""', 56]]",[],"[[""오제볶음(2인분이상)"", 9000], [""제육볶음(1인분)"", 8500], [""간장불고기(2인분이상)"", 8500], [""된장찌개"", 7500], [""순두부찌개"", 7500], [""간장오불(2인분이상)"", 9000], [""오징어볶음(2인분이상)"", 9500], [""쭈꾸미볶음(2인분이상)"", 10000], [""쭈제볶음(2인분이상)"", 9000]]",양식
281,37.14,"서울특별시 마포구 어울마당로 136-5, 지하1층 (서교동)",우리닭갈비,193336.0388,450412.1447,02-338-1053,,289,[],,"[['""음식이 맛있어요""', 287], ['""가성비가 좋아요""', 139], ['""친절해요""', 138], ['""양이 많아요""', 92]]",[],"[[""닭갈비(1인분)"", 11000], [""쫄면사리"", 2000], [""우동사리"", 2000], [""라면사리"", 2000], [""모짜렐라치즈"", 2000], [""치즈떡"", 2000], [""볶음밥"", 2000]]",한식
282,83.62,"서울특별시 마포구 양화로6길 77, 지상2층 (서교동)",술개구리,192730.6989,449594.516,0507-1446-1160,수: 17:00 - 24:00; 목: 17:00 - 24:00; 금: 17:00 - 24:00; 토: 17:00 - 24:00; 일: 17:00 - 23:00; 월: 정기휴무 (매주 월요일); 화: 17:00 - 24:00,61,"['예약', '포장', '무선 인터넷', '단체 이용 가능']",주차 불가,"[['""술이 다양해요""', 36], ['""음식이 맛있어요""', 35], ['""친절해요""', 21], ['""대화하기 좋아요""', 19]]",[],"[[""닭볶음탕"", 28000], [""삼색전"", 30000], [""쭈꾸미돼지두루치기"", 30000], [""메밀전병"", 15000], [""떡갈비"", 15000], [""오징어순대"", 25000], [""골뱅이무침"", 20000], [""돼지두루치기"", 17000], [""오징어초무침"", 17000], [""감자채전"", 17000], [""김치전"", 17000], [""도토리묵"", 17000], [""두부김치"", 17000], [""감자전"", 17000], [""해물전"", 17000], [""해물짬뽕"", 20000], [""오뎅탕"", 20000], [""오징어버터구이"", 25000], [""떡볶이"", 15000], [""소야볶음"", 15000], [""쥐포튀김"", 15000]]",양식
283,248.09,"서울특별시 마포구 잔다리로3안길 21 (서교동, 1~2층)",베이스캠프,192833.4941,449833.6781,02-323-2360,수: 17:00 - 01:00; 목: 17:00 - 01:00; 금: 17:00 - 02:00; 토: 17:00 - 02:00; 일: 17:00 - 01:00; 월: 17:00 - 01:00; 화: 17:00 - 01:00,145,"['예약', '단체 이용 가능', '무선 인터넷', '반려동물 동반', '남/녀 화장실 구분', '포장']",,"[['""음식이 맛있어요""', 76], ['""인테리어가 멋져요""', 35], ['""매장이 넓어요""', 31], ['""고기 질이 좋아요""', 30]]",[],"[[""4인 SET"", 99000], [""3인 SET"", 74000], [""2인 SET"", 49000], [""목살 (200g)"", 13000], [""삼겹살 (200g)"", 13000], [""소갈비살 (200g)"", 18000], [""LA갈비 (250g)"", 18000], [""대하 (8ea)"", 24000], [""모듬버섯구이"", 12000], [""매운 껍데기"", 7000]]",양식
284,89,"서울특별시 마포구 잔다리로3안길 44 (서교동, 지하1층 일부)",이치류,192783.3272,449819.251,02-3144-1312,수: 16:00 - 23:00; 목: 16:00 - 23:00; 금: 16:00 - 23:00; 토: 16:00 - 23:00; 일: 16:00 - 22:00; 월: 16:00 - 23:00; 화: 16:00 - 23:00,451,"['무선 인터넷', '남/녀 화장실 구분', '유아의자', '대기공간']",주차 불가,"[['""음식이 맛있어요""', 404], ['""친절해요""', 198], ['""고기 질이 좋아요""', 172], ['""특별한 메뉴가 있어요""', 128]]",[],"[[""특 양고기 생살칫살 (150g)"", 26000], [""양고기 생등심 (150g)"", 24000], [""고급 생양갈비 (200g)"", 28000], [""이치류 오뎅탕"", 20000]]",일식
285,42,"서울특별시 마포구 와우산로35길 11 (서교동, 지하1층일부)",턴테이블,193734.9568,450378.7634,02-6398-5115,수: 18:00 - 01:00; 목: 18:00 - 01:00; 금: 18:00 - 01:00; 토: 18:00 - 01:00; 일: 정기휴무 (매주 일요일); 월: 18:00 - 01:00; 화: 18:00 - 01:00,61,"['무선 인터넷', '반려동물 동반']",,"[['""커피가 맛있어요""', 29], ['""친절해요""', 25], ['""인테리어가 멋져요""', 24], ['""대화하기 좋아요""', 22]]",[],"[[""Tt 시그니처 커피"", 7000], [""파티오 (HOT)"", 6000], [""블러섬 (HOT)"", 6000], [""골드브루 (HOT)"", 6000], [""밀크티"", 6000], [""코코아"", 6000], [""레몬에이드"", 6500], [""피치민트에이드"", 6500], [""말차파운드케이크"", 4500], [""촉촉브라우니"", 6000], [""바스크치즈케이크"", 7000]]",양식
286,124.66,"서울특별시 마포구 양화로7길 84, 1층 (서교동)",평이담백 뼈칼국수,192321.4523,450233.1957,0507-1435-3454,수: 11:30 - 21:00; 목: 11:30 - 21:00; 금: 11:30 - 21:00; 토: 11:30 - 21:00; 일: 11:30 - 21:00; 월: 11:30 - 21:00; 화: 11:30 - 21:00,941,"['포장', '남/녀 화장실 구분']",주차 불가,"[['""음식이 맛있어요""', 912], ['""양이 많아요""', 356], ['""특별한 메뉴가 있어요""', 249], ['""재료가 신선해요""', 213]]",[],"[[""뼈칼국수"", 11500], [""비빔칼국수"", 11000], [""고기부추만두(5개)"", 6000]]",양식
287,40.4,"서울특별시 마포구 홍익로 10 (서교동,서교푸르지오 B118,B119,B120호)",봉대박스파게티 홍대점,193187.803,450172.1789,02-326-0920,수: 12:00 - 20:30; 목: 12:00 - 20:30; 금: 12:00 - 20:30; 토: 12:00 - 20:30; 일: 12:00 - 20:30; 월: 12:00 - 20:30; 화: 12:00 - 20:30,110,"['예약', '단체 이용 가능', '포장', '배달', '무선 인터넷', '남/녀 화장실 구분']",주차 가능,"[['""음식이 맛있어요""', 71], ['""가성비가 좋아요""', 47], ['""친절해요""', 43], ['""양이 많아요""', 30]]",[],"[[""간장마늘찜닭(반마리)"", 20000], [""봉골레"", 6900], [""토마토 봉골레"", 8900], [""너구리 리조또"", 7900], [""고르곤졸라 피자"", 12900]]",양식
288,47.77,"서울특별시 마포구 양화로6길 57-7, 1층일부 (서교동)",든든,192642.4115,449642.2865,0507-1402-8782,수: 16:00 - 24:00; 목: 16:00 - 24:00; 금: 15:00 - 03:00; 토: 15:00 - 03:00; 일: 15:00 - 22:00; 월: 16:00 - 24:00; 화: 16:00 - 24:00,64,"['예약', '무선 인터넷']",,"[['""음식이 맛있어요""', 67], ['""술이 다양해요""', 40], ['""특별한 메뉴가 있어요""', 30], ['""대화하기 좋아요""', 29]]",[],"[[""음식"", null], [""음식"", null], [""전통주"", null], [""증루즌"", null], [""증루주"", null], [""증류주"", null], [""주류"", null]]",한식
289,83,"서울특별시 마포구 잔다리로6길 40-6 (서교동,2층)",소고산제일루,192974.3294,449985.5475,02-3141-3045,수: 11:00 - 23:00; 목: 11:00 - 23:00; 금: 11:00 - 24:00; 토: 11:00 - 24:00; 일: 11:00 - 23:00; 월: 11:00 - 23:00; 화: 11:00 - 23:00,356,"['예약', '단체 이용 가능', '포장', '무선 인터넷', '배달']",,"[['""음식이 맛있어요""', 118], ['""재료가 신선해요""', 42], ['""친절해요""', 38], ['""특별한 메뉴가 있어요""', 34]]",[],"[[""부추만두"", 6500], [""궈바로우"", 18000], [""마라탕"", 16000], [""마라면"", 8000], [""양꼬치 (8EA)"", 12000]]",중식
290,123.75,"서울특별시 마포구 와우산로18길 29, 지1층 (서교동, Terra빌딩)",닭꼬얌,193197.3724,449912.0155,02-322-3331,,98,"['포장', '예약', '남/녀 화장실 구분']",,"[['""음식이 맛있어요""', 94], ['""가성비가 좋아요""', 52], ['""재료가 신선해요""', 34], ['""양이 많아요""', 34]]",[],"[[""닭쌈밥 (1인분)"", 8000], [""불고기닭쌈밥 (1인분)"", 8000], [""고바비 (1인분)"", 12000], [""닭쌈 (디너메뉴)"", 18000], [""불고기갉쌈 (디너메뉴)"", 18000]]",일식
291,159.45,"서울특별시 마포구 양화로6길 67, 2층 (서교동)",고수포차 본점,192683.2688,449608.3249,0507-1421-2301,수: 17:00 - 01:00; 목: 17:00 - 01:00; 금: 17:00 - 02:00; 토: 16:00 - 02:00; 일: 16:00 - 24:00; 월: 17:00 - 01:00; 화: 17:00 - 01:00,57,"['단체 이용 가능', '무선 인터넷', '반려동물 동반', '남/녀 화장실 구분']",,"[['""음식이 맛있어요""', 65], ['""친절해요""', 37], ['""인테리어가 멋져요""', 27], ['""양이 많아요""', 18]]",[],"[[""김치우동"", 25000], [""얼큰차돌박이탕"", 25000], [""로제해물짬봉탕"", 25000], [""하얀고기짬뽕"", 25000], [""김치찌개"", 25000], [""오뎅탕"", 25000], [""순살마늘치킨"", 23000], [""순살양념치킨"", 23000], [""순살화이트치킨"", 23000], [""순살간장치킨"", 23000], [""순살후라이드치킨"", 23000], [""모듬감자튀김"", 18000]]",일식
292,68.65,"서울특별시 마포구 잔다리로2길 24, 2층 (서교동)",나성타코 홍대점,192968.2904,449923.187,02-332-8180,수: 11:30 - 21:00; 목: 11:30 - 21:00; 금: 11:30 - 23:00; 토: 11:30 - 23:00; 일: 11:30 - 23:00; 월: 11:30 - 21:00; 화: 11:30 - 21:00,667,"['무선 인터넷', '포장', '배달']",,"[['""음식이 맛있어요""', 733], ['""친절해요""', 247], ['""특별한 메뉴가 있어요""', 203], ['""재료가 신선해요""', 200]]",[],"[[""알빠스또 타코"", 3900], [""까르네아사다 타코"", 4900], [""나성프라이즈"", 11900], [""나성나쵸"", 11900], [""퀘사디아"", 8900]]",기타
293,30.5,"서울특별시 마포구 와우산로29길 56-11 (서교동, 지1층 일부)",야키토리나루토 홍대,193509.8861,450470.5135,0507-1304-6835,수: 17:00 - 23:00; 목: 17:00 - 23:00; 금: 17:00 - 01:00; 토: 16:00 - 01:00; 일: 16:00 - 22:45; 월: 17:00 - 23:00; 화: 17:00 - 23:00,35,"['콜키지 가능', '예약', '단체 이용 가능', '무선 인터넷', '대기공간']",주차 불가,"[['""음식이 맛있어요""', 37], ['""친절해요""', 27], ['""특별한 메뉴가 있어요""', 13], ['""매장이 청결해요""', 12]]","['단체석', '1인석', '바테이블', '카운터석', '테라스']","[[""모모(다리살)"", 4100], [""네기마(파와 다리살)"", 4100], [""세세리(목살)"", 4100], [""카와(껍질)"", 3100], [""하츠(염통)"", 3400], [""난코츠(가슴연골)"", 3100], [""스나기모(근위)"", 3100], [""본지리(엉덩이살)"", 3100], [""오비(종아리살)"", 3400], [""히레(허벅지안쪽살)"", 3400], [""소리레스(골반살)"", 3400], [""아킬레스"", 3400], [""후리소대(어깨살)"", 3100], [""토리하라미(안창살)"", 3100]]",양식
294,34.86,"서울특별시 마포구 잔다리로 60, 1층동 (서교동)",시향,192666.6673,450115.6889,02-338-0723,수: 11:00 - 20:10; 목: 11:00 - 20:10; 금: 11:00 - 20:10; 토: 11:00 - 19:50; 일: 정기휴무 (매주 일요일); 월: 11:00 - 20:10; 화: 11:00 - 20:10,168,"['포장', '무선 인터넷', '예약', '단체 이용 가능']",주차 불가,"[['""음식이 맛있어요""', 170], ['""친절해요""', 47], ['""가성비가 좋아요""', 43], ['""재료가 신선해요""', 38]]",[],"[[""짜장면"", 6000], [""짬뽕"", 7000], [""볶음밥"", 7000], [""탕수육(소)"", 14000], [""깐풍기"", 27000]]",중식
295,91.22,"서울특별시 마포구 어울마당로 100-8 (서교동, 1,2층)",홍대 마포껍데기,193090.1353,450155.8321,0507-1446-1135,수: 17:00 - 23:30; 목: 17:00 - 23:30; 금: 17:00 - 23:30; 토: 17:00 - 23:30; 일: 정기휴무 (매주 일요일); 월: 17:00 - 23:30; 화: 17:00 - 23:30,116,"['예약', '단체 이용 가능', '무선 인터넷']",주차 불가,"[['""음식이 맛있어요""', 91], ['""고기 질이 좋아요""', 50], ['""친절해요""', 38], ['""가성비가 좋아요""', 26]]",[],"[[""A세트(2인분)"", 30000], [""B세트(2인분)"", 43000], [""C세트(2인분)"", 54000], [""벌집껍데기(150g)"", 9000], [""돼지막창(150g)"", 12000], [""주먹고기(150g)"", 12000], [""꼬들살(150g)"", 12000], [""뒷고기(150g)"", 12000], [""무뼈닭발(200g)"", 15000], [""삼겹살(150g)"", 13000], [""오돌뼈(150g)"", 12000], [""한우된장찌개"", 8000], [""껍데기볶음밥"", 6000], [""갈치속젖볶음밥"", 6000], [""된장찌개"", 8000], [""해장라면"", 5000], [""곰취육개장"", 8000], [""냉면(물/비빔)"", 6000]]",한식
296,44.73,"서울특별시 마포구 와우산로29길 4-13, 1층 (서교동)",림가기,193692.5169,450313.8823,02-3141-8808,수: 11:40 - 22:00; 목: 11:40 - 22:00; 금: 11:40 - 22:00; 토: 11:40 - 22:00; 일: 11:40 - 22:00; 월: 11:40 - 22:00; 화: 정기휴무 (매주 화요일),168,"['예약', '포장', '무선 인터넷', '배달']",,"[['""음식이 맛있어요""', 170], ['""친절해요""', 78], ['""특별한 메뉴가 있어요""', 67], ['""재료가 신선해요""', 36]]",[],"[[""오리 쌀국수"", 10800], [""차슈 쌀국수"", 10800], [""사천식 매콤탕면"", 10800], [""홍콩식 오리구이 (반마리)"", 38000], [""홍콩식 오리구이(한마리)"", 68000], [""새우 장분"", 9800], [""차슈 장분"", 9800], [""야채 장분"", 9800], [""홍콩식 림가차슈"", 45000]]",중식
297,79.2,"서울특별시 마포구 동교로12길 13 (서교동, 1층일부)",커피디지 합정점,192200.4037,450166.7792,0507-1432-8938,수: 08:00 - 22:00; 목: 08:00 - 22:00; 금: 08:00 - 22:00; 토: 08:00 - 20:00; 일: 08:00 - 20:00; 월: 08:00 - 22:00; 화: 08:00 - 22:00,78,['무선 인터넷'],,"[['""커피가 맛있어요""', 62], ['""친절해요""', 55], ['""가성비가 좋아요""', 40], ['""대화하기 좋아요""', 25]]",[],"[[""에스프레소(HOT)"", 2500], [""에스프레소(ICE)"", 3000], [""아메리카노(HOT)"", 2900], [""헤이즐넛 아메리카노(ICE)"", 4000], [""초코라떼(HOT)"", 3500]]",양식
298,32.4,"서울특별시 마포구 어울마당로 136-18, 101호 (서교동)",할머니가래떡볶이,193344.2558,450382.7553,02-335-0107,수: 11:00 - 22:30; 목: 11:00 - 22:30; 금: 11:00 - 22:30; 토: 11:00 - 22:30; 일: 11:00 - 22:00; 월: 정기휴무 (매주 월요일); 화: 11:00 - 22:30,104,"['포장', '방문접수/출장']",,"[['""음식이 맛있어요""', 178], ['""양이 많아요""', 44], ['""친절해요""', 32], ['""가성비가 좋아요""', 31]]",[],"[[""물쫄면"", null], [""남.김.모 세트"", null], [""남.순.모 세트"", null], [""남포동떡볶이"", null], [""남포동떡볶이+할머니통닭세트"", null], [""돈까스덮밥"", null], [""로제가래떡볶이"", null], [""마라떡볶이"", null], [""모듬튀김"", null], [""밀떡볶이"", null], [""새우떡강정"", null], [""어묵볶이"", null], [""오징어튀김"", null], [""우동볶이"", null], [""짜장떡볶이"", null], [""치킨덮밥"", null], [""할가떡튀김 세트"", null], [""할머니가래떡볶이"", null], [""할머니꼬마김밥"", null], [""모듬전"", null]]",양식
299,72.6,"서울특별시 마포구 잔다리로6길 34-12, 1층 (서교동)",타마고,193558.033,450297.1521,02-322-1910,수: 18:00 - 01:00; 목: 18:00 - 01:00; 금: 18:00 - 01:00; 토: 18:00 - 01:00; 일: 18:00 - 01:00; 월: 18:00 - 01:00; 화: 18:00 - 01:00,143,[],,"[['""음식이 맛있어요""', 161], ['""특별한 메뉴가 있어요""', 60], ['""친절해요""', 50], ['""재료가 신선해요""', 37]]",[],"[[""고베의소바메시"", 9500], [""카라아게"", 10000], [""야키소바"", 12000], [""대창볶음"", 21000], [""대창야키소바"", 17500], [""해물스페샬야키소바"", 15000], [""야키우동"", 12000], [""오므라이스"", 9000], [""굴튀김"", 8000], [""명란젓구이"", 7500]]",일식
300,85.2,"서울특별시 마포구 와우산로27길 79 (서교동, 2층)",춘리마라탕 홍대점,193247.0091,450376.312,,,309,[],,"[['""음식이 맛있어요""', 297], ['""재료가 신선해요""', 203], ['""양이 많아요""', 120], ['""가성비가 좋아요""', 105]]",[],[],한식
301,129.79,"서울특별시 마포구 와우산로18길 12 (서교동, 1층)",효봉포차,193190.0065,449828.095,,,124,[],,"[['""음식이 맛있어요""', 100], ['""특별한 메뉴가 있어요""', 58], ['""친절해요""', 39], ['""대화하기 좋아요""', 28]]",[],"[[""스지탕"", 21000], [""숭어탕수"", 22000], [""삼겹살계란볶음"", 14000], [""매운스지볶음"", 15000], [""채끝살 수비드"", 18000]]",한식
302,39.9,"서울특별시 마포구 월드컵북로5길 21 (서교동, 1층 일부)",미미방,192661.5565,450515.9701,,수: 11:00 - 01:00; 목: 11:00 - 01:00; 금: 11:00 - 01:00; 토: 11:00 - 02:00; 일: 11:00 - 02:00; 월: 11:00 - 01:00; 화: 11:00 - 01:00,79,[],,"[['""음식이 맛있어요""', 78], ['""가성비가 좋아요""', 39], ['""친절해요""', 34], ['""특별한 메뉴가 있어요""', 18]]",[],"[[""미미방 해물 미소라멘"", 8000], [""미미방 해물 미소라멘"", 8000], [""미미방 라멘"", 8000], [""미미방 라멘"", 8000], [""사케(생연어)동"", 7000], [""생 연어 사시미"", 19000], [""베이컨 숙주볶음"", 15000]]",일식
303,18,"서울특별시 마포구 잔다리로7안길 3 (서교동, 1층일부)",자성당,192620.5296,450073.7824,02-324-1707,,367,['예약'],,"[['""음식이 맛있어요""', 390], ['""특별한 메뉴가 있어요""', 128], ['""양이 많아요""', 93], ['""혼밥하기 좋아요""', 92]]",[],"[[""자성당 온쫄면"", 7000], [""어묵 온쫄면"", 7000], [""비빔 쫄면"", 7000], [""냉 쫄면"", 7000], [""떡볶이"", 5000], [""마약계란김밥"", 5000], [""순대"", 4500], [""모듬튀김"", 7000], [""튀김만두"", 5000]]",한식
304,72,"서울특별시 마포구 잔다리로6길 36 (서교동,동천빌딩 1층)",제주특별집,192967.8833,449999.1359,02-336-3888,수: 16:00 - 03:00; 목: 16:00 - 03:00; 금: 16:00 - 03:00; 토: 16:00 - 03:00; 일: 12:00 - 24:00; 월: 16:00 - 03:00; 화: 16:00 - 03:00,417,"['단체 이용 가능', '예약', '남/녀 화장실 구분', '대기공간']",주차 불가,"[['""음식이 맛있어요""', 396], ['""고기 질이 좋아요""', 384], ['""특별한 메뉴가 있어요""', 176], ['""인테리어가 멋져요""', 154]]",[],"[[""제주 특별세트(중/450g)"", 49000], [""제주 인기세트(중/450g)"", 54000], [""제주돼지 삼겹살(180g)"", 18000], [""제주돼지 목살 (180g)"", 18000], [""제주돼지 껍데기"", 9900], [""제주 특별세트(대/700g)"", 75000], [""추가 모듬 반접시(300g)"", 30000], [""꽃게 된장찌개"", 9900], [""도야지 김치찌개"", 9900], [""제주 청귤 막국수"", 6900], [""비빔 막국수"", 6900], [""들기름 막국수"", 6900], [""멸치 짜박이밥"", 5900], [""고사리 볶음밥"", 5900], [""특별집 토닉 하이볼"", 5900], [""상큼한 청귤 하이볼"", 5900], [""달콤한 청귤 츄하이(사와)"", 5900], [""새콤달콤 딸기 하이볼"", 5900], [""제주 인기세트(대/700g)"", 78000]]",한식
305,104.84,"서울특별시 마포구 와우산로23길 48 (서교동,지하1층)",비비리2,193189.1498,450296.9222,0507-1395-3568,수: 11:30 - 20:30; 목: 11:30 - 20:30; 금: 11:30 - 22:00; 토: 11:30 - 22:00; 일: 11:30 - 20:30; 월: 11:30 - 20:30; 화: 11:30 - 20:30,155,"['포장', '예약', '무선 인터넷', '단체 이용 가능']",,"[['""음식이 맛있어요""', 121], ['""재료가 신선해요""', 91], ['""양이 많아요""', 87], ['""가성비가 좋아요""', 87]]",[],"[[""비빔밥"", 9000]]",양식
306,72,"서울특별시 마포구 양화로6길 9 (서교동,지하1층)",마포소문난족발,192421.034,449682.107,0507-1343-2850,수: 11:00 - 23:00; 목: 11:00 - 23:00; 금: 11:00 - 23:00; 토: 11:00 - 23:00; 일: 정기휴무 (매주 일요일); 월: 11:00 - 23:00; 화: 11:00 - 23:00,271,[],,"[['""음식이 맛있어요""', 283], ['""양이 많아요""', 85], ['""가성비가 좋아요""', 71], ['""친절해요""', 69]]",[],"[[""기본순대국"", 10000], [""얼큰순대국"", 10000], [""우거지순대국"", 10000], [""김치순대국"", 10000], [""뼈해장국"", 10000], [""정식 (순대국/뼈해장국+한접시)"", 14000], [""왕족발 (앞발)"", 41000], [""왕족발 (뒷발)"", 37000], [""매운불족발"", 42000], [""굴쌈족발"", 49000], [""보쌈 (중)"", 35000], [""굴보쌈"", 49000], [""쟁반국수"", 10000], [""수육순대모듬"", 30000], [""순대 (소)"", 10000], [""술국"", 20000], [""감자탕"", 35000]]",한식
307,80.51,"서울특별시 마포구 양화로7길 6-12 (서교동, 삼이빌딩 1층)",스시겐,192474.2462,449932.2891,0507-1454-7843,수: 11:30 - 22:00; 목: 11:30 - 22:00; 금: 11:30 - 22:00; 토: 11:30 - 22:00; 일: 정기휴무 (매주 일요일); 월: 11:30 - 22:00; 화: 11:30 - 22:00,83,['예약'],주차 가능,"[['""음식이 맛있어요""', 75], ['""재료가 신선해요""', 51], ['""친절해요""', 33], ['""매장이 청결해요""', 31]]",[],"[[""모듬초밥(10ps)"", 25000], [""꽃초밥(지라시)"", 25000], [""모듬튀김"", 18000], [""진미회(소)"", 50000], [""1인 사시미"", 30000]]",일식
308,63,"서울특별시 마포구 독막로3길 24-11 (서교동, 지1층일부)",쿠시카츠 오지상,192648.1685,449656.4327,0507-1368-1573,수: 17:00 - 02:00; 목: 17:00 - 02:00; 금: 17:00 - 02:00; 토: 17:00 - 02:00; 일: 17:00 - 02:00; 화: 17:00 - 02:00,170,"['콜키지 가능', '비건 메뉴', '생일 혜택', '유기농 메뉴', '예약', '대기공간', '무선 인터넷']",유료 주차 가능,"[['""음식이 맛있어요""', 172], ['""친절해요""', 120], ['""특별한 메뉴가 있어요""', 87], ['""인테리어가 멋져요""', 65]]","['카운터석', '연인석', '바테이블', '1인석', '입식']","[[""4000쿠시"", 4000], [""3500쿠시"", 3500], [""3000쿠시"", 3000], [""2500쿠시"", 2500]]",한식
309,74.96,"서울특별시 마포구 와우산로23길 50 (서교동, 2층)",하카타나카,193189.5541,450309.6009,02-332-3207,수: 정기휴무 (매주 수요일); 목: 11:00 - 21:00; 금: 11:00 - 21:00; 토: 11:00 - 21:00; 일: 11:00 - 21:00; 월: 11:00 - 21:00; 화: 11:00 - 21:00,509,"['포장', '무선 인터넷']",,"[['""음식이 맛있어요""', 454], ['""특별한 메뉴가 있어요""', 202], ['""혼밥하기 좋아요""', 159], ['""친절해요""', 149]]",[],"[[""MR.다나카 정식"", 21800], [""치킨난반정식"", 15500], [""미소가지정식"", 17800], [""카라아게정식"", 15500], [""스테미나낫토정식"", 13500], [""자완무시"", 3800], [""돈지루"", 4000]]",한식
310,84.96,"서울특별시 마포구 홍익로3길 32 (서교동,1층)",노루목황소곱창,193001.8303,450093.8146,02-334-7891,수: 11:50 - 05:00; 목: 11:50 - 05:00; 금: 11:50 - 05:00; 토: 11:50 - 05:00; 일: 11:50 - 05:00; 월: 11:50 - 05:00; 화: 11:50 - 05:00,419,"['단체 이용 가능', '무선 인터넷']",주차 불가,"[['""음식이 맛있어요""', 340], ['""친절해요""', 164], ['""가성비가 좋아요""', 100], ['""매장이 넓어요""', 60]]",[],"[[""알곱창(200g)"", 19000], [""특대창(250g)"", 18000], [""양깃머리(200g)"", 18000], [""소곱창모둠한판(350g)"", 27900], [""양념막창(200g)"", 10900], [""순대곱창(200g)"", 9900], [""야채곱창(200g)"", 9900], [""양모둠(250g)"", 18000], [""소약창(200g)"", 18000], [""곱창모둠전골(2인)"", 28000]]",양식
311,107.1,"서울특별시 마포구 잔다리로 9, 1층 (서교동)",온달집,193035.4279,449815.6315,02-332-4936,수: 17:00 - 05:00; 목: 17:00 - 05:00; 금: 17:00 - 06:00; 토: 17:00 - 06:00; 일: 17:00 - 05:00; 월: 17:00 - 05:00; 화: 17:00 - 05:00,201,"['단체 이용 가능', '무선 인터넷', '남/녀 화장실 구분', '배달', '포장']",,"[['""음식이 맛있어요""', 197], ['""친절해요""', 48], ['""특별한 메뉴가 있어요""', 37], ['""양이 많아요""', 27]]",[],"[[""닭다리살"", 13000], [""닭똥집"", 13000], [""꼼장어"", 14000], [""무뼈닭발"", 14000], [""치즈떡볶이"", 14000], [""간장마요밥"", 6000], [""심야우동"", 7000], [""심야오뎅탕"", 18000]]",양식
312,40.75,"서울특별시 마포구 와우산로15길 49, 1층 (서교동)",샤브로21 상수역,192943.9915,449600.9201,0507-1370-7614,수: 11:00 - 22:00; 목: 11:00 - 22:00; 금: 11:00 - 22:00; 토: 11:00 - 22:00; 일: 11:00 - 22:00; 월: 11:00 - 22:00; 화: 11:00 - 22:00,344,['무선 인터넷'],주차 불가,"[['""음식이 맛있어요""', 343], ['""재료가 신선해요""', 234], ['""가성비가 좋아요""', 194], ['""혼밥하기 좋아요""', 158]]","['바테이블', '1인석', '연인석']","[[""샤브로21 샤브샤브"", 7500], [""얼큰 샤브샤브"", 8500], [""마라 샤브샤브"", 8800], [""미소 샤브샤브"", 8500], [""포 샤브샤브"", 8500], [""반반 샤브샤브"", 9000]]",한식
313,72.21,"서울특별시 마포구 와우산로 91 (서교동, 1층)",르브와,193199.6066,450056.5894,02-6372-0660,수: 12:00 - 20:00; 목: 12:00 - 20:00; 금: 12:00 - 20:00; 토: 12:00 - 20:00; 일: 12:00 - 20:00; 월: 12:00 - 20:00; 화: 12:00 - 20:00,197,"['예약', '무선 인터넷']",주차 가능,"[['""품질이 좋아요""', 131], ['""종류가 다양해요""', 127], ['""친절해요""', 123], ['""가성비가 좋아요""', 106]]",[],[],한식
314,104.6,"서울특별시 마포구 월드컵북로 5 (서교동, 1층)",조선화로구이,192932.1037,450363.921,02-3143-1300,수: 11:30 - 24:00; 목: 11:30 - 24:00; 금: 11:30 - 24:00; 토: 11:30 - 24:00; 일: 정기휴무 (매주 일요일); 월: 11:30 - 24:00; 화: 11:30 - 24:00,391,"['예약', '단체 이용 가능', '포장', '무선 인터넷', '남/녀 화장실 구분', '배달', '출입구 휠체어 이용가능']",무료 주차 가능,"[['""음식이 맛있어요""', 384], ['""친절해요""', 166], ['""매장이 넓어요""', 83], ['""고기 질이 좋아요""', 82]]",[],"[[""생갈비살(양념)(130g)"", 27000], [""생등심(130g)"", 32000], [""제비추리(130g)"", 35000], [""토시살(130g)"", 38000], [""살치살(130g)"", 38000], [""안창살(100g)"", 40000], [""육회(200g)"", 25000], [""물냉면(후식)"", 5000], [""비빔냉면(후식)"", 5000], [""생오겹살(180g)"", 16000], [""생목살돼지양념(250g)"", 16000]]",한식
315,35.38,"서울특별시 마포구 동교로18길 37, 1층동 (서교동)",남북통일,192680.1689,450175.4552,02-3141-4113,수: 11:00 - 21:30; 목: 11:00 - 21:30; 금: 11:00 - 21:30; 토: 11:00 - 21:30; 일: 정기휴무 (매주 일요일); 월: 11:00 - 21:30; 화: 11:00 - 21:30,528,[],주차 가능,"[['""음식이 맛있어요""', 673], ['""양이 많아요""', 209], ['""특별한 메뉴가 있어요""', 167], ['""친절해요""', 138]]",[],"[[""평양만두국"", 10000], [""사골칼국수"", 10000], [""떡만두국"", 10000], [""칼만두국"", 10000], [""찐만두"", 10000], [""닭곰탕"", 10000], [""닭칼국수"", 10000], [""녹두빈대떡"", 10000], [""만두전골 (대)"", 40000], [""만두전골 (중)"", 30000], [""만두전골 (소)"", 20000]]",한식
316,53.28,"서울특별시 마포구 와우산로23길 35-3 (서교동,2층)",서교참치,193154.2418,450243.0789,0507-1415-3450,수: 15:30 - 24:00; 목: 15:30 - 24:00; 금: 15:30 - 24:00; 토: 15:30 - 24:00; 일: 15:30 - 24:00; 월: 정기휴무 (매주 월요일); 화: 15:30 - 24:00,190,"['콜키지 가능', '무한 리필', '예약', '포장', '무선 인터넷', '단체 이용 가능']",주차 불가,"[['""음식이 맛있어요""', 125], ['""재료가 신선해요""', 105], ['""친절해요""', 105], ['""가성비가 좋아요""', 70]]",[],"[[""기본(1인)"", 35000], [""특스페셜(1인)"", 45000], [""실장추천(1인)"", 65000], [""서교일품"", 85000], [""VIP"", 130000], [""참치초밥(12 피스)"", 17000], [""참치특초밥(12피스)"", 25000]]",한식
317,130.43,"서울특별시 마포구 독막로9길 31, SPACE 1층 (서교동)",카레시,192879.8793,449715.2428,0507-1310-6363,수: 12:00 - 21:00; 목: 12:00 - 21:00; 금: 12:00 - 21:00; 토: 12:00 - 21:00; 일: 12:00 - 21:00; 월: 정기휴무 (매주 월요일); 화: 12:00 - 21:00,971,[],,"[['""음식이 맛있어요""', 770], ['""특별한 메뉴가 있어요""', 341], ['""재료가 신선해요""', 304], ['""친절해요""', 188]]",[],"[[""야채 카레"", 10000], [""닭다리 카레"", 10000], [""해산물 카레"", 16000], [""새우스프카레"", 15000], [""야채+토리장기 카레"", 13000]]",기타
318,53.42,"서울특별시 마포구 잔다리로 126, 1층 101,102호 (서교동)",형제소머리국밥,192277.4035,450656.8899,02-322-9757,수: 08:30 - 22:00; 목: 08:30 - 22:00; 금: 08:30 - 22:00; 토: 08:30 - 22:00; 일: 정기휴무 (매주 일요일); 월: 08:30 - 22:00; 화: 08:30 - 22:00,173,[],,"[['""음식이 맛있어요""', 126], ['""가성비가 좋아요""', 41], ['""친절해요""', 38], ['""혼밥하기 좋아요""', 35]]",[],"[[""소머리국밥"", null], [""선지해장국"", null], [""스지탕"", null], [""스지수육"", null], [""콩국수"", null]]",한식
319,66.24,"서울특별시 마포구 양화로16길 15, 무광빌딩 1층 102호 (서교동)",우주집,192919.6411,450117.1677,0507-1446-9289,,33,"['콜키지 가능', '단체 이용 가능', '포장', '무선 인터넷', '남/녀 화장실 구분']",주차 불가,"[['""고기 질이 좋아요""', 32], ['""음식이 맛있어요""', 31], ['""특별한 메뉴가 있어요""', 14], ['""친절해요""', 10]]","['단체석', '입식']","[[""토시주물럭 (180g)"", 23000], [""토시살 (150g)"", 22000], [""소갈비살 (150g)"", 19000], [""양념갈비살 (150g)"", 19000], [""LA양념갈비 (250g)"", 25000]]",한식
320,141,"서울특별시 마포구 어울마당로 55, 3층 (서교동)",훼미리포차,192935.9907,449763.4847,02-3144-2080,,86,"['예약', '단체 이용 가능', '포장', '무선 인터넷', '남/녀 화장실 구분', '장애인 주차구역']",주차 불가,"[['""음식이 맛있어요""', 53], ['""가성비가 좋아요""', 33], ['""기본 안주가 좋아요""', 28], ['""친절해요""', 23]]",[],"[[""부대찌개"", 16800], [""해물백짬뽕"", 15800], [""치즈쏘야볶음"", 15800], [""오돌뼈주먹밥"", 14800], [""순살파닭"", 14800]]",양식
321,80.38,"서울특별시 마포구 어울마당로5길 7 (서교동,1층)",달봉비어,192862.608,449630.1488,0507-1403-6322,수: 16:00 - 02:00; 목: 16:00 - 02:00; 금: 16:00 - 03:00; 토: 16:00 - 03:00; 일: 16:00 - 02:00; 월: 16:00 - 02:00; 화: 16:00 - 02:00,133,"['무선 인터넷', '남/녀 화장실 구분', '단체 이용 가능', '반려동물 동반']",주차 불가,"[['""음식이 맛있어요""', 86], ['""가성비가 좋아요""', 79], ['""친절해요""', 56], ['""대화하기 좋아요""', 49]]",[],"[[""가아라게"", 14000], [""크리스피텐더"", 14000], [""국물떡볶이&모둠튀김"", 16000], [""치즈 프라이즈"", 13000], [""칠리미트 프라이즈"", 13000], [""황금먹태"", 16000], [""반건조 노가리"", 13000]]",일식
322,36,"서울특별시 마포구 월드컵북로7길 11 (서교동,1층)",네네치킨 서교점,192617.2652,450646.3182,02-322-7339,,43,"['예약', '포장', '배달']",,"[['""음식이 맛있어요""', 24], ['""친절해요""', 10], ['""재료가 신선해요""', 8], ['""가성비가 좋아요""', 3]]",[],"[[""네네마늘치킨"", 22000], [""핫블링치킨"", 22000], [""크리미언치킨"", 22000], [""청양마요치킨"", 22000], [""스노윙MAXX"", 23000], [""닭날개(12개)"", 23000], [""닭다리(10개)"", 19000], [""레드마블치킨"", 22000], [""레드마요치킨"", 22000], [""매콤치즈스노윙"", 22000], [""소이갈릭치킨"", 22000], [""양념반+후라이드반"", 20000], [""어니언스노윙"", 22000], [""오리엔탈파닭"", 22000], [""윙봉(24개)"", 23000], [""청양마요치킨"", 22000], [""치즈스노윙"", 22000], [""코찡마요치킨"", 22000], [""핫후라이드"", 20000], [""후라이드"", 19000]]",양식
323,47,"서울특별시 마포구 잔다리로6길 34-9, 1층 (서교동)",돈주는남자,192958.249,449967.6095,0507-1359-0499,수: 13:00 - 23:00; 목: 13:00 - 23:00; 금: 13:00 - 23:00; 토: 12:00 - 23:00; 일: 12:00 - 23:00; 월: 13:00 - 23:00; 화: 13:00 - 23:00,330,"['예약', '단체 이용 가능', '무선 인터넷', '남/녀 화장실 구분']",,"[['""음식이 맛있어요""', 256], ['""친절해요""', 139], ['""재료가 신선해요""', 90], ['""양이 많아요""', 70]]",[],"[[""제주 연탄 초벌 근고기 (600g)"", 51000], [""제주 생오겹살 (200g)"", 17000], [""제주 생 목살 (200g)"", 17000], [""제주 생 갈매기살 (150g)"", 17000], [""제주 생 가브리살 (150g)"", 17000], [""된장찌개"", 4000], [""돼지김치찌개 (대)"", 6000], [""해장라면"", 3000]]",한식
324,28.86,"서울특별시 마포구 동교로 126 (서교동, 광남벨라스 1층 106호)",마츠에라멘,192526.3149,450277.4283,02-323-6877,수: 11:30 - 23:00; 목: 11:30 - 23:00; 금: 11:30 - 23:00; 토: 11:30 - 23:00; 일: 정기휴무 (매주 일요일); 월: 11:30 - 23:00; 화: 11:30 - 23:00,90,[],,"[['""음식이 맛있어요""', 110], ['""혼밥하기 좋아요""', 31], ['""재료가 신선해요""', 29], ['""친절해요""', 28]]",[],"[[""마츠에 라멘"", 7500], [""하라 라멘"", 9000], [""도쿠마츠 라멘"", 11000], [""매운 시지미 라멘"", 9000], [""차슈 덮밥"", 10000], [""시지미 라멘"", 8000], [""치킨동"", 8000], [""장어덮밥"", 10000]]",일식
325,108,"서울특별시 마포구 와우산로21길 20-6 (서교동,1층)",원당감자탕,193124.0407,450041.8856,02-333-1706,수: 10:00 - 24:00; 목: 10:00 - 24:00; 금: 10:00 - 02:00; 토: 10:00 - 02:00; 일: 정보없음; 월: 10:00 - 24:00; 화: 10:00 - 24:00,93,[],,"[['""음식이 맛있어요""', 97], ['""친절해요""', 34], ['""혼밥하기 좋아요""', 25], ['""양이 많아요""', 25]]",[],"[[""보쌈정식"", null], [""제육볶음"", null], [""등갈비 김치찜"", null], [""돌솥비빔밥"", null], [""뚝배기불고기"", null], [""순두부비빔밥"", null], [""뼈해장국"", null], [""계란말이"", null], [""낙지만두"", null], [""묵은지매운뼈찜"", null], [""원당감자탕"", null], [""원당뼈찜"", null], [""족발 + 보쌈"", null], [""지짐이"", null], [""쭈꾸미만두"", null], [""코다리찜"", null], [""콩비지감자탕"", null]]",일식
326,70.88,"서울특별시 마포구 동교로 149 (서교동, 1층)",필프리 홍대본점,192739.8739,450372.1386,0507-1380-8971,수: 08:00 - 20:00; 목: 08:00 - 20:00; 금: 08:00 - 20:00; 토: 09:00 - 20:00; 일: 09:00 - 19:00; 월: 08:00 - 20:00; 화: 정기휴무 (매주 화요일),362,"['비건 메뉴', '테이크아웃 할인', '포장', '예약', '무선 인터넷']",주차 불가,"[['""빵이 맛있어요""', 330], ['""인테리어가 멋져요""', 181], ['""특별한 메뉴가 있어요""', 152], ['""친절해요""', 148]]",[],"[[""[시그니처]연어사과 샌드위치"", 10900], [""[제철한정메뉴] 단호박 베이글"", 4000], [""백미 쌀 베이글"", 3500], [""프레첼 쌀 베이글"", 3800], [""플레인 수제리코타치즈 ( S )"", 3200], [""시나몬롤 베이글 (w. 버터바닐라)"", 5700], [""토마토바질 수제리코타치즈 (S)"", 3800], [""현미 쌀 베이글"", 3700], [""꿀고구마 쌀 베이글"", 4500], [""트리플치즈 쌀 베이글"", 5300], [""앙버터"", 6500], [""에그마요 샌드위치"", 6500], [""카프레제 샌드위치"", 9000], [""블루베리 쌀 베이글"", 4200], [""블랙(아메리카노)"", 4500], [""화이트(라떼)"", 5000], [""더티차이 밀크티"", 7000], [""쌀콘파냐"", 5000], [""바닐라빈"", 5500], [""사과 자몽에이드"", 7000]]",한식
327,99.9,"서울특별시 마포구 어울마당로 132-1 (서교동, 지하1층)",쭈앤쭈,193284.1819,450396.2912,02-3142-5553,수: 11:00 - 23:30; 목: 11:00 - 23:30; 금: 11:00 - 23:30; 토: 11:00 - 23:30; 일: 11:00 - 23:30; 월: 11:00 - 23:30; 화: 11:00 - 23:30,703,"['단체 이용 가능', '예약', '포장']",주차 불가,"[['""음식이 맛있어요""', 676], ['""재료가 신선해요""', 304], ['""친절해요""', 242], ['""매장이 넓어요""', 172]]","['단체석', '연인석', '룸']","[[""석삼이 세트 1"", 35000], [""석삼이 세트 2"", 38000], [""석삼이 세트 3"", 39000], [""석만이 세트 1"", 30000], [""석만이 세트 2"", 33000], [""석만이 세트 3"", 34000]]",일식
328,98.77,"서울특별시 마포구 와우산로17길 19, 1층 (서교동)",아웃닭 홍대점,193028.3556,449760.7712,02-333-6334,수: 16:00 - 01:00; 목: 16:00 - 01:00; 금: 16:00 - 03:00; 토: 16:00 - 03:00; 일: 16:00 - 01:00; 월: 16:00 - 01:00; 화: 16:00 - 01:00,546,"['포장', '단체 이용 가능', '무선 인터넷', '남/녀 화장실 구분', '대기공간']",주차 불가,"[['""음식이 맛있어요""', 560], ['""양이 많아요""', 247], ['""친절해요""', 152], ['""가성비가 좋아요""', 137]]",[],"[[""오리지날 프린스톤 후라이드 치킨"", 16900], [""오리지날 레드펀 양념치킨"", 17900], [""스펜서 매운 양념치킨"", 17900], [""마틴 간장치킨"", 17900], [""케인즈 갈릭치킨"", 17900], [""린드필드 후라이드 순살치킨"", 17900], [""순살 양념치킨"", 18900], [""순살 매운양념치킨"", 18900], [""순살 간장치킨"", 18900], [""순살 갈릭치킨"", 18900], [""감자튀김"", 3000], [""떡튀김"", 1500], [""고구마 치즈스틱 (4Pcs)"", 2000], [""치즈스틱 (4Pcs)"", 2000], [""소시지"", 3000], [""튀김모듬"", 12000], [""감자튀김 모듬"", 12000], [""과일향 소주"", 4000], [""린드 필드 순살"", 17000], [""맥스"", 4000]]",양식
329,155,"서울특별시 마포구 어울마당로 136-2 (서교동,1,2층)",신선화로,193309.7745,450406.5453,0507-1373-9858,,924,"['단체 이용 가능', '예약', '무선 인터넷', '남/녀 화장실 구분']",,"[['""음식이 맛있어요""', 791], ['""고기 질이 좋아요""', 506], ['""친절해요""', 354], ['""가성비가 좋아요""', 346]]",[],"[[""설화소갈비살"", 16900], [""설화특생갈비"", 19900], [""설화소갈비세트"", 43900], [""돼지왕갈비"", 18000], [""두툼삼겹살"", 16900], [""한우육회"", 25900], [""갈비나주곰탕"", 9000], [""돼지김치찌개"", 9000], [""얼큰해장국"", 10000], [""맑은해장국"", 10000], [""갈비살된장찌개"", 9000], [""설화소양념구이"", 19900], [""함흥냉면(물/비빔)"", 8000], [""소왕갈비 1대"", 39000]]",한식
330,70.1,"서울특별시 마포구 월드컵북로5나길 18 (서교동,대우미래사랑 1층 101호(101-1))",고기장인,192577.9908,450569.6705,02-336-1002,,69,[],,"[['""음식이 맛있어요""', 89], ['""양이 많아요""', 37], ['""재료가 신선해요""', 29], ['""가성비가 좋아요""', 26]]",[],"[[""장인의 고기만500g 삼겹, 우삼겹"", 16000], [""장인의 실속보따리"", 23000], [""장인의 고기만500g 목살"", 15000], [""장인의 삼겹/목살 보따리"", 30000], [""한끼뚝딱 김치찌개 세트"", 9000]]",중식
331,66.42,"서울특별시 마포구 양화로6길 19 (서교동, 1층)",종로빈대떡,192444.1652,449668.8727,02-322-9044,수: 11:00 - 24:00; 목: 11:00 - 24:00; 금: 11:00 - 24:00; 토: 11:00 - 23:00; 일: 정기휴무 (매주 일요일); 월: 11:00 - 24:00; 화: 11:00 - 24:00,283,"['단체 이용 가능', '포장', '예약']",,"[['""음식이 맛있어요""', 275], ['""가성비가 좋아요""', 131], ['""친절해요""', 97], ['""혼밥하기 좋아요""', 66]]",[],"[[""야채/해물/고기 빈대떡 중 택2"", 14000], [""모듬전"", 18000], [""해물파전"", 17000], [""불고기파전"", 17000], [""두부김치"", 14000]]",한식
332,24,"서울특별시 마포구 와우산로29가길 79 (서교동,1층)",지로우 라멘,193316.3957,450160.6508,02-323-3225,수: 11:00 - 21:00; 목: 11:00 - 21:00; 금: 11:00 - 21:00; 토: 11:00 - 21:00; 일: 11:00 - 21:00; 월: 11:00 - 21:00; 화: 11:00 - 21:00,604,[],,"[['""음식이 맛있어요""', 539], ['""혼밥하기 좋아요""', 194], ['""친절해요""', 152], ['""양이 많아요""', 112]]",[],"[[""지로우 라멘"", 10000], [""폭탄 라멘"", 11000], [""미니 차슈 덮밥"", 5000], [""교카이 돈코츠 라멘"", 11000]]",한식
333,56.71,"서울특별시 마포구 양화로6길 13, 1층 (서교동)",고향집김치삼겹살,192427.201,449674.7358,0507-1473-7873,,293,"['예약', '포장', '무선 인터넷', '배달', '단체 이용 가능']",,"[['""음식이 맛있어요""', 266], ['""고기 질이 좋아요""', 98], ['""친절해요""', 78], ['""단체모임 하기 좋아요""', 48]]",[],"[[""김치찌개"", 7000], [""고등어구이"", 7000], [""시골청국장"", 6000], [""열무냉면"", 6000], [""제육볶음"", 7000], [""국내산 삼겹살1인분"", 15000], [""계란찜"", 3000], [""날치알볶음밥"", 3000], [""냉면"", 5000], [""묵사발"", 5000], [""생목살(180g)"", 14000], [""생삼겹살(180g)"", 13000], [""항정살"", 14000], [""항정살(160g)"", 14000]]",한식
334,60.18,"서울특별시 마포구 양화로6길 9-6 (서교동,외1필지 101호)",다북어국,192435.2573,449699.291,02-3141-0100,수: 08:00 - 20:00; 목: 08:00 - 20:00; 금: 08:00 - 20:00; 토: 08:00 - 19:00; 일: 정기휴무 (매주 일요일); 월: 08:00 - 20:00; 화: 08:00 - 20:00,281,[],,"[['""음식이 맛있어요""', 323], ['""재료가 신선해요""', 95], ['""친절해요""', 87], ['""가성비가 좋아요""', 79]]",[],"[[""북어국"", 9000], [""황태구이"", 10000], [""북어골뱅이무침"", 22000], [""북어부추전"", 13000]]",한식
335,28.7,"서울특별시 마포구 홍익로3길 15 (서교동,2층)",큰맘할매순대국,193041.6226,450157.1332,02-336-8221,,105,"['단체 이용 가능', '포장', '배달']",,"[['""음식이 맛있어요""', 70], ['""가성비가 좋아요""', 25], ['""혼밥하기 좋아요""', 22], ['""양이 많아요""', 20]]",[],"[[""제육볶음"", null], [""편육"", null], [""삼계탕"", null], [""순대곱창볶음"", null], [""소갈비탕"", null], [""큰맘내장국밥"", null], [""큰맘순대국"", null], [""뚝배기 돼지불고기"", null], [""매콤 뚝배기 돼지불고기"", null], [""순대국"", null], [""버섯순두부"", null], [""육개장 순대국"", null], [""소머리곰탕"", null], [""소내장탕"", null], [""뼈해장국"", null], [""수육국밥"", null], [""황태해장국"", null]]",한식
336,49.98,"서울특별시 마포구 홍익로 3-24 (서교동, 지하1층)",향미,193155.9924,450075.1822,02-3141-3195,수: 05:30 - 22:00; 목: 05:30 - 22:00; 금: 05:30 - 22:00; 토: 05:30 - 22:00; 일: 정기휴무 (매주 일요일); 월: 05:30 - 22:00; 화: 05:30 - 22:00,93,['단체 이용 가능'],,"[['""음식이 맛있어요""', 77], ['""가성비가 좋아요""', 57], ['""양이 많아요""', 36], ['""혼밥하기 좋아요""', 33]]",[],"[[""소불뚝배기"", 7500], [""낙지비빔밥"", 6500], [""오징어볶음"", 7000], [""제육볶음"", 7000], [""닭도리탕"", 6500], [""청국장"", 6500], [""우렁된장찌개"", 6500], [""김치찌개"", 7000], [""된장찌개"", 6500], [""부대찌개"", 7000], [""고갈비백반"", 7000], [""삼치구이백반"", 7000], [""순두부찌개"", 6500]]",한식
337,36.63,"서울특별시 마포구 홍익로5안길 24, 1층 (서교동)",멘야산다이메,192988.885,450160.268,02-332-4129,수: 11:30 - 22:00; 목: 11:30 - 22:00; 금: 11:30 - 22:00; 토: 11:30 - 22:00; 일: 11:30 - 22:00; 월: 11:30 - 22:00; 화: 11:30 - 22:00,568,['무선 인터넷'],주차 불가,"[['""음식이 맛있어요""', 516], ['""혼밥하기 좋아요""', 226], ['""친절해요""', 191], ['""특별한 메뉴가 있어요""', 120]]",[],"[[""Ramen"", 9500], [""Karakuchi Ramen"", 10000], [""Black Ramen"", 8000], [""Tsukemen"", 8500], [""Ankake yakiramen"", 9500], [""Hiyashi Tantanmen"", 9500]]",한식
338,31.2,"서울특별시 마포구 월드컵북로5길 16 (서교동,1층)",정통호프,192665.5414,450553.2325,02-333-3642,,50,[],,"[['""음식이 맛있어요""', 53], ['""친절해요""', 21], ['""가성비가 좋아요""', 21], ['""특별한 메뉴가 있어요""', 16]]",[],[],양식
339,42.67,"서울특별시 마포구 와우산로21길 4-3, 1층동 (서교동)",다락투,193175.7324,450053.5158,02-336-2918,,326,"['남/녀 화장실 구분', '단체 이용 가능']",주차 불가,"[['""음식이 맛있어요""', 346], ['""친절해요""', 121], ['""혼밥하기 좋아요""', 118], ['""가성비가 좋아요""', 91]]",[],"[[""닭곰탕 (보)"", 9500], [""닭곰탕 (특)"", 10000], [""닭 칼국수"", 10000]]",한식
340,110.48,"서울특별시 마포구 독막로5길 17, 101호 (서교동, 외1필지 )",나루토 오모테나시,192686.6889,449628.2538,0507-1383-6835,,523,[],,"[['""음식이 맛있어요""', 610], ['""친절해요""', 439], ['""특별한 메뉴가 있어요""', 304], ['""재료가 신선해요""', 189]]",[],[],일식
341,81,"서울특별시 마포구 양화로11길 68 (서교동, 1층)",서래옥,192244.5313,449986.1763,0507-1437-0421,수: 11:00 - 23:00; 목: 11:00 - 23:00; 금: 11:00 - 23:00; 토: 11:00 - 21:30; 일: 11:00 - 21:30; 월: 11:00 - 23:00; 화: 11:00 - 23:00,286,"['콜키지 가능', '콜키지 가능', '단체 이용 가능', '포장', '무선 인터넷', '예약', '유아의자']",무료 주차 가능,"[['""음식이 맛있어요""', 321], ['""친절해요""', 92], ['""재료가 신선해요""', 79], ['""혼밥하기 좋아요""', 78]]",['좌식'],"[[""설렁탕"", 11000], [""오삼불고기"", 13000], [""오징어불고기"", 13000], [""콩국수"", 12000], [""해물파전"", 15000], [""도가니탕"", 19000], [""수육(400g)"", 35000], [""도가니수육"", 38000], [""돌솥비빔밥"", 10000], [""모듬수육"", 55000]]",한식
342,191.98,"서울특별시 마포구 와우산로19길 16 (서교동, 1층)",코너펍 Corner Pub,193066.9685,449905.6314,02-338-5225,수: 19:00 - 04:00; 목: 19:00 - 04:00; 금: 19:00 - 04:00; 토: 19:00 - 04:00; 일: 18:00 - 03:00; 월: 19:00 - 04:00; 화: 19:00 - 04:00,73,"['단체 이용 가능', '포장', '남/녀 화장실 구분', '무선 인터넷', '예약']",,"[['""술이 다양해요""', 54], ['""음악이 좋아요""', 30], ['""음식이 맛있어요""', 19], ['""가성비가 좋아요""', 15]]",[],"[[""페퍼로니 피자"", 14900], [""나쵸 칩"", 6900], [""볼로네즈 치즈 나쵸"", 10900], [""피쉬&칩스"", 12900], [""핫 도그"", 5000]]",양식
343,91.39,"서울특별시 마포구 잔다리로6길 28 (서교동,1층)",민트하임,192917.8581,449993.4122,0507-1410-1635,,178,"['포장', '남/녀 화장실 구분']",,"[['""디저트가 맛있어요""', 128], ['""특별한 메뉴가 있어요""', 110], ['""음료가 맛있어요""', 69], ['""커피가 맛있어요""', 48]]",[],"[[""아메리카노"", 4000], [""카페 라떼"", 4500], [""밀크티"", 4500], [""민트 밀크티"", 5000], [""민트 초코라떼"", 5000]]",일식
344,25.8,"서울특별시 마포구 월드컵북로7길 5, 지상1층 (서교동)",먹보식당,192645.2292,450670.8398,02-325-6968,수: 11:00 - 21:00; 목: 11:00 - 21:00; 금: 11:00 - 21:00; 토: 08:00 - 20:00; 일: 11:00 - 14:00; 월: 11:00 - 21:00; 화: 11:00 - 21:00,90,"['단체 이용 가능', '포장', '무선 인터넷']",,"[['""음식이 맛있어요""', 66], ['""반찬이 잘 나와요""', 49], ['""가성비가 좋아요""', 47], ['""혼밥하기 좋아요""', 44]]",[],"[[""집밥정식"", 9000]]",한식
345,35.19,"서울특별시 마포구 동교로12길 21 (서교동, 영진시장 1층)",웰빙뚝배기,192214.3809,450136.911,02-982-0652,수: 08:00 - 23:00; 목: 08:00 - 23:00; 금: 08:00 - 23:00; 토: 08:00 - 23:00; 일: 정기휴무 (매주 일요일); 월: 08:00 - 23:00; 화: 08:00 - 23:00,31,"['포장', '예약', '남/녀 화장실 구분', '단체 이용 가능']",유료 주차 가능,"[['""음식이 맛있어요""', 29], ['""가성비가 좋아요""', 9], ['""양이 많아요""', 8], ['""혼밥하기 좋아요""', 6]]",[],"[[""소머리수육(2인)"", 28000], [""홍어"", 40000], [""한방오리백숙"", 60000], [""토종닭백숙"", 60000], [""오리로스,불고기"", 60000], [""삼겹살"", 14000], [""닭볶음탕"", 40000], [""통오징어"", 12000], [""과메기"", 25000], [""아구탕"", 40000], [""해물파전"", 15000], [""뼈없는닭발"", 15000], [""제육볶음(1안분)"", 9000], [""소머리국밥"", 12000], [""굴국밥"", 10000], [""백반"", 8000], [""매생이굴떡국"", 10000], [""사골국수"", 8000], [""떡만두국"", 8000], [""서리패콩국수"", 9000], [""냉면,비빔국수"", 7000], ["""", null], ["""", null]]",일식
346,86,"서울특별시 마포구 와우산로15길 10 (서교동,1층)",디스틸,193080.3724,449746.4632,02-337-7560,수: 18:00 - 02:00; 목: 18:00 - 02:00; 금: 18:00 - 02:00; 토: 18:00 - 02:00; 일: 18:00 - 02:00; 월: 18:00 - 02:00; 화: 18:00 - 02:00,56,"['반려동물 동반', '남/녀 화장실 구분', '무선 인터넷']",,"[['""술이 다양해요""', 43], ['""혼술하기 좋아요""', 29], ['""친절해요""', 25], ['""음식이 맛있어요""', 24]]",[],[],양식
347,15.47,"서울특별시 마포구 와우산로 91, 2층동 (서교동)",홍익수제비,193199.6066,450056.5894,02-323-6828,수: 11:00 - 21:00; 목: 11:00 - 21:00; 금: 11:00 - 21:00; 토: 11:00 - 21:00; 일: 11:00 - 21:00; 월: 11:00 - 21:00; 화: 11:00 - 21:00,67,[],,"[['""음식이 맛있어요""', 57], ['""가성비가 좋아요""', 38], ['""친절해요""', 24], ['""혼밥하기 좋아요""', 23]]",[],"[[""수제비"", 7000], [""순두부수제비"", 7500]]",양식
348,54,"서울특별시 마포구 와우산로29길 4-26 (서교동, 1층일부)",불나방,193708.3992,450308.8372,0507-1476-2149,수: 18:00 - 01:00; 목: 18:00 - 01:00; 금: 18:00 - 01:00; 토: 18:00 - 01:00; 일: 18:00 - 01:00; 월: 18:00 - 01:00; 화: 18:00 - 01:00,152,"['예약', '무선 인터넷', '반려동물 동반']",,"[['""음식이 맛있어요""', 169], ['""친절해요""', 73], ['""대화하기 좋아요""', 73], ['""가성비가 좋아요""', 57]]",[],"[[""소고기세트"", 35000], [""bbp세트"", 32000], [""가리비 (2pcs)"", 9000], [""생새우 (2pcs)"", 8000], [""베이컨 야끼소바"", 13000], [""돼지고기 숙주볶음"", 12000], [""교자"", 9000], [""명란 파스타"", 14000], [""고등어 타다끼"", 12000], [""문어초무침"", 16000], [""타코야끼"", 9000], [""가라아게"", 13000], [""쥐포"", 7000], [""타코야끼"", 9000], [""오뎅탕"", 15000], [""쥐포"", 8000], [""김치라면"", 7000], [""가라아게"", 13000], [""버터감자"", 6000], [""왕새우 튀김"", 15000]]",양식
349,49.5,"서울특별시 마포구 동교로 106, 1층 102호 (서교동)",미스타교자,192318.8049,450246.5686,0507-1464-1064,,833,"['포장', '무선 인터넷', '반려동물 동반']",주차 불가,"[['""음식이 맛있어요""', 847], ['""가성비가 좋아요""', 528], ['""친절해요""', 467], ['""특별한 메뉴가 있어요""', 365]]","['바테이블', '입식']","[[""야끼교자"", 5000]]",중식
350,86.7,"서울특별시 마포구 홍익로3길 44, 9층 (서교동)",길리건스,192984.7094,450043.4181,0507-1411-0201,수: 17:30 - 02:00; 목: 17:30 - 02:00; 금: 17:30 - 04:00; 토: 17:30 - 04:00; 일: 17:30 - 02:00; 월: 17:30 - 02:00; 화: 17:30 - 02:00,226,"['남/녀 화장실 구분', '무선 인터넷']",,"[['""술이 다양해요""', 137], ['""인테리어가 멋져요""', 109], ['""친절해요""', 99], ['""음식이 맛있어요""', 92]]",[],[],양식
351,202.75,"서울특별시 마포구 잔다리로7길 16, 서교동 교평빌딩 1층 (서교동)",해피벤처,192580.47,450111.5028,02-713-5453,수: 08:00 - 17:00; 목: 08:00 - 17:00; 금: 08:00 - 17:00; 토: 정기휴무 (매주 토요일); 일: 정기휴무 (매주 일요일); 월: 08:00 - 17:00; 화: 08:00 - 17:00,67,"['예약', '포장', '배달']",,"[['""음식이 맛있어요""', 77], ['""혼밥하기 좋아요""', 38], ['""가성비가 좋아요""', 37], ['""재료가 신선해요""', 28]]",[],[],한식
352,44.63,"서울특별시 마포구 와우산로29길 4-42, 1층 (서교동)",치킨인더키친,193679.855,450328.5372,0507-1338-2487,수: 17:00 - 24:00; 목: 17:00 - 24:00; 금: 17:00 - 24:00; 토: 17:00 - 24:00; 일: 17:00 - 24:00; 월: 정기휴무 (매주 월요일); 화: 17:00 - 24:00,67,"['포장', '무선 인터넷', '배달', '예약']",,"[['""음식이 맛있어요""', 58], ['""친절해요""', 32], ['""양이 많아요""', 24], ['""재료가 신선해요""', 20]]",[],"[[""레드핫칠리페퍼스"", 19000], [""범프오브치킨"", 19000]]",양식
353,128.92,"서울특별시 마포구 월드컵북로1길 30 (서교동, 1층일부)",이문어세상,192829.0182,450269.1401,02-333-3393,수: 11:30 - 22:00; 목: 11:30 - 22:00; 금: 11:30 - 22:00; 토: 12:00 - 21:00; 일: 정기휴무 (매주 일요일); 월: 11:30 - 22:00; 화: 11:30 - 22:00,143,"['단체 이용 가능', '예약', '무선 인터넷', '반려동물 동반', '포장']",무료 주차 가능,"[['""음식이 맛있어요""', 181], ['""재료가 신선해요""', 91], ['""친절해요""', 76], ['""양이 많아요""', 44]]",[],"[[""해천탕(소)"", 100000], [""피문어숙회(소)"", 75000], [""매콤명태조림(2인이상)"", 11000], [""피문어 명태조림(소)"", 50000], [""연포탕(소)"", 80000], [""해물닭한마리"", 55000], [""홍합칼국수(2인이상)"", 8000], [""낙지볶음(2인이상)"", 12000], [""소갈비 명태조림(소)"", 45000]]",한식
354,104.17,"서울특별시 마포구 잔다리로7안길 31, 1층 (서교동)",합정구락부,192502.3652,450023.3488,,수: 11:30 - 24:00; 목: 11:30 - 24:00; 금: 11:30 - 24:00; 토: 17:00 - 24:00; 일: 17:00 - 24:00; 월: 11:30 - 24:00; 화: 11:30 - 24:00,114,[],,"[['""음식이 맛있어요""', 94], ['""친절해요""', 47], ['""인테리어가 멋져요""', 33], ['""특별한 메뉴가 있어요""', 30]]",[],"[[""부야베스"", 37000], [""두툼바 스테이크덮밥"", 18000], [""황소 한우 곱창덮밥"", 17000], [""까라비아따 파스타"", 15000], [""토마토 라구 파스타"", 15000], [""하몽글로리 파스타"", 16000], [""해장 파스타"", 16000], [""굴라쉬"", 27000], [""육회"", 20000], [""광어 카르파쵸"", 29000], [""양갈비 플래터"", 45000], [""치즈 플래터"", 27000], [""스테이크 플래터"", 29000], [""문어숙회"", 20000], [""광어 회무침"", 28000], [""골뱅이탕"", 28000], [""숙주 돼지불고기"", 19000], [""먹태"", 15000], [""감자전"", 13000], [""삼각살 육전"", 14000], [""하몽멜론"", 14000]]",한식
355,26.59,"서울특별시 마포구 양화로 72, 101동 1층 116호 (서교동)",멸치국수,192555.052,449861.9558,02-3144-4897,수: 11:00 - 21:00; 목: 11:00 - 21:00; 금: 11:00 - 21:00; 토: 11:00 - 21:00; 일: 정기휴무 (매주 일요일); 월: 11:00 - 21:00; 화: 11:00 - 21:00,404,[],,"[['""음식이 맛있어요""', 445], ['""가성비가 좋아요""', 299], ['""혼밥하기 좋아요""', 245], ['""친절해요""', 112]]",[],"[[""멸치국수"", 4500], [""비빔국수"", 6000], [""수제비"", 5000], [""라면"", 3500], [""만두"", 4000]]",한식
356,39.6,"서울특별시 마포구 와우산로29길 4-15 (서교동, 지하1층)",키오쿠,193683.4357,450316.4405,0507-1411-5838,수: 17:00 - 01:00; 목: 17:00 - 01:00; 금: 17:00 - 01:00; 토: 17:00 - 01:00; 일: 17:00 - 01:00; 월: 17:00 - 01:00; 화: 17:00 - 01:00,81,[],,"[['""음식이 맛있어요""', 76], ['""기본 안주가 좋아요""', 30], ['""친절해요""', 29], ['""대화하기 좋아요""', 25]]",[],"[[""연어사시미(1/2)"", 17000], [""굴튀김(8PCS)"", 15000], [""오뎅"", 16000], [""연어사시미"", 29000], [""아스파라거스볶음"", 10000], [""시샤모구미"", 9000], [""새우튀김"", 20000], [""도리가라아게"", 13000], [""고로케"", 16000], [""크림치즈볼고로케"", 8000], [""가츠나베"", 18000], [""돈가츠"", 11000], [""바지락술찜"", 11000], [""타코와사비"", 10000]]",한식
357,98,"서울특별시 마포구 동교로17길 55, 1층 일부 (서교동)",끼니꺼리,192383.7916,450542.8991,02-2653-3540,수: 11:00 - 21:00; 목: 11:00 - 21:00; 금: 11:00 - 21:00; 토: 정기휴무 (매주 토요일); 일: 정기휴무 (매주 일요일); 월: 11:00 - 21:00; 화: 11:00 - 21:00,74,"['예약', '남/녀 화장실 구분', '단체 이용 가능', '무선 인터넷']",무료 주차 가능,"[['""음식이 맛있어요""', 43], ['""혼밥하기 좋아요""', 31], ['""반찬이 잘 나와요""', 31], ['""가성비가 좋아요""', 25]]","['입식', '바테이블', '1인석']","[[""점심반찬뷔페"", 10000]]",한식
358,94.38,"서울특별시 마포구 동교로 114, 1층 102호 (서교동)",조박사복해장국,192387.5364,450259.0493,0507-1302-6415,수: 07:00 - 21:00; 목: 07:00 - 21:00; 금: 07:00 - 21:00; 토: 07:00 - 21:00; 일: 07:00 - 21:00; 월: 정기휴무 (매주 월요일); 화: 07:00 - 21:00,116,"['포장', '남/녀 화장실 구분']",주차 가능,"[['""음식이 맛있어요""', 129], ['""재료가 신선해요""', 39], ['""특별한 메뉴가 있어요""', 29], ['""친절해요""', 24]]",[],"[[""까치복세트(1인)(2인이상)"", 38000], [""까치복지리"", 18000], [""까치복매운탕"", 18000], [""금밀복지리"", 14000], [""금밀복매운탕"", 14000], [""복튀김"", 40000], [""복불고기(1인)(2인이상)"", 25000], [""까치복찜"", 70000], [""금밀복찜"", 60000], [""복사시미"", 150000], [""복껍질무침"", 20000]]",한식
359,30,"서울특별시 마포구 양화로6길 73, 1층 4호 (서교동)",형제상회,192711.3815,449598.0041,0507-1429-9299,수: 18:00 - 02:00; 목: 18:00 - 02:00; 금: 18:00 - 02:00; 토: 18:00 - 02:00; 일: 18:00 - 24:00; 월: 정기휴무 (매주 월요일); 화: 18:00 - 02:00,114,"['무선 인터넷', '예약']",,"[['""음식이 맛있어요""', 92], ['""친절해요""', 43], ['""가성비가 좋아요""', 37], ['""기본 안주가 좋아요""', 31]]",[],"[[""깻잎막회"", 38000], [""통골뱅이"", 26000], [""대구뽈매운탕"", 26000], [""생선구이"", 25000], [""순두부찌개"", 19000], [""순두부계란탕"", 19000], [""오뎅탕"", 19000], [""먹태"", 19000], [""오징어숙회"", 20000], [""갑오징어숙회"", 28000], [""가리비탕"", 30000], [""생선후라이드"", 25000], [""해물라면"", 9000], [""닭가라아게"", 12000], [""감자튀김"", 10000], [""대구뽈지리탕"", 26000]]",한식
360,74.14,"서울특별시 마포구 잔다리로 113, GLORY 1층 (서교동)",스시경,192312.3799,450538.5735,02-3144-7734,수: 11:30 - 23:00; 목: 11:30 - 23:00; 금: 11:30 - 23:00; 토: 17:00 - 23:00; 일: 17:00 - 22:00; 월: 11:30 - 23:00; 화: 11:30 - 23:00,36,[],,"[['""음식이 맛있어요""', 37], ['""가성비가 좋아요""', 21], ['""재료가 신선해요""', 17], ['""친절해요""', 14]]",[],"[[""알밥정식 (1인)"", 8000], [""우동정식 (1인)"", 8000], [""다코 알밥정식 (1인)"", 9000], [""새우장 알밥정식 (1인)"", 9000], [""냉모밀 (1인)"", 8000]]",한식
361,59.2,"서울특별시 마포구 와우산로21길 28-6 (서교동,지하1층)",카미야,193070.9535,450037.1101,02-322-5733,,681,"['포장', '무선 인터넷']",,"[['""음식이 맛있어요""', 722], ['""가성비가 좋아요""', 353], ['""친절해요""', 219], ['""양이 많아요""', 202]]",[],"[[""오코노미가츠"", 9000], [""믹스가츠"", 10500], [""로스 히레가츠"", 9500], [""에비 치즈가츠"", 11000], [""히레 치즈가츠"", 10000]]",일식
362,69.83,"서울특별시 마포구 동교로 147 (서교동,1층)",대청마루,192713.0417,450367.3893,02-333-6101,,281,[],,"[['""음식이 맛있어요""', 332], ['""친절해요""', 87], ['""가성비가 좋아요""', 82], ['""양이 많아요""', 78]]",[],"[[""김치찌개"", 10000], [""돼지구이백반"", 13000], [""청국장"", 9000], [""순두부찌개"", 9000], [""동태찌개"", 30000], [""라면사리"", 1000]]",한식
363,117.16,"서울특별시 마포구 동교로 133, 1층 (서교동)",큐브,192596.1204,450342.3303,02-323-0029,수: 17:00 - 02:00; 목: 17:00 - 02:00; 금: 17:00 - 02:00; 토: 17:00 - 02:00; 일: 정기휴무 (매주 일요일); 월: 17:00 - 02:00; 화: 17:00 - 02:00,43,"['단체 이용 가능', '포장', '예약', '무선 인터넷', '남/녀 화장실 구분']",주차 가능,"[['""음식이 맛있어요""', 37], ['""친절해요""', 22], ['""기본 안주가 좋아요""', 14], ['""가성비가 좋아요""', 12]]",[],"[[""을지로 황태채 골뱅이 무침+소면"", 27000], [""천연 모짜렐라 치즈 불닭"", 23000], [""훈제삼겹과 두부 김치"", 23000], [""소고기 숙주 굴소스 볶음"", 21000], [""치킨텐더 샐러드"", 20000], [""통살 새우와 모듬야채 감바스+바게트"", 19000], [""통마늘 땡초 닭똥집 볶음"", 19000], [""철판 야채 모듬소세지"", 21000], [""중국집보다 맛있는 짬뽕"", 12000], [""나가사끼 짬뽕"", 12000], [""간사이물떡 오뎅탕"", 23000], [""칼칼 바지락탕+우동"", 22000], [""칼칼 홍합탕"", 21000], [""옛날 누룽지 해물 계란탕"", 15000], [""꼬마만두 해물계란탕"", 15000], [""얼큰김치우동전골"", 10000], [""기스오 유부우동"", 10000], [""차디찬 아이스 냉소바"", 10000], [""전복에 빠진 국내산 바지락 술찜+스파게티"", 23000], [""순살치킨 감튀올림 왕국물떡볶이+어묵스틱"", 23000], [""서교동식 마라샹꿔"", 21000]]",일식
364,125,"서울특별시 마포구 동교로19길 48 (서교동, 1층일부)",진짜루,192622.0878,450584.4138,0504-3142-3531,,448,"['예약', '포장', '배달']",,"[['""음식이 맛있어요""', 371], ['""친절해요""', 145], ['""양이 많아요""', 112], ['""가성비가 좋아요""', 111]]",[],"[[""짜장"", 7000], [""짬뽕"", 8000], [""볶음밥"", 8000], [""탕수육(소)"", 12000], [""고추잡채(소)"", 20000], [""탕수육+짜장2"", 20000], [""간짜장"", 8000], [""쟁반짜장"", 9000], [""삼선짜장"", 9000], [""우동"", 8000], [""해장짬뽕"", 9000], [""삼선우동"", 10000], [""새우볶음밥"", 9000], [""삼선볶음밥"", 9000], [""오므라이스"", 8000], [""마파두부밥"", 8000], [""잡채밥"", 9000], [""짬뽕밥"", 8000], [""유산슬밥"", 15000], [""제육덮밥"", 9000]]",양식
365,622.86,"서울특별시 마포구 어울마당로 71 (서교동, 지하1층,지상1~4층)",작가,192966.057,449908.9191,02-337-5224,,346,"['단체 이용 가능', '남/녀 화장실 구분']",주차 불가,"[['""음식이 맛있어요""', 209], ['""대화하기 좋아요""', 94], ['""친절해요""', 63], ['""인테리어가 멋져요""', 61]]",[],"[[""작가 모듬한판"", 50000], [""작가 모듬사시미 A"", 25000], [""작가 모듬사시미 B"", 40000], [""도미사시미"", 30000], [""새우감바스"", 21000]]",일식
366,49.5,"서울특별시 마포구 어울마당로 98-1, 2층 (서교동)",코코버블티 홍대메인거리점,193068.3677,450164.0493,0507-1381-5688,,48,[],,"[['""음료가 맛있어요""', 51], ['""특별한 메뉴가 있어요""', 18], ['""커피가 맛있어요""', 11], ['""친절해요""', 11]]",[],"[[""카페라떼"", null], [""티라미수라떼"", null], [""단팥밀크티"", null], [""생자몽에이드"", null], [""오렌지에이드"", null], [""레모네이드"", null], [""망고스무디"", null], [""그린티스무디"", null], [""요거트스무디"", null], [""버블밀크티"", null], [""흑당버블티"", null], [""흑당버블밀크티"", null]]",한식
367,109.02,"서울특별시 마포구 성미산로2길 20 (서교동, 1층)",또바기명태조림,191933.7157,450567.3953,02-6207-7353,수: 10:30 - 22:00; 목: 10:30 - 22:00; 금: 10:30 - 22:00; 토: 10:30 - 22:00; 일: 10:30 - 22:00; 월: 10:30 - 22:00; 화: 10:30 - 22:00,68,"['단체 이용 가능', '포장', '예약']",무료 주차 가능,"[['""음식이 맛있어요""', 86], ['""친절해요""', 38], ['""가성비가 좋아요""', 31], ['""양이 많아요""', 29]]",[],"[[""명태조림(대)"", 45000], [""보쌈(대)"", 4000], [""명태조림정식(2인이상)"", 12000], [""보쌈정식"", 9000], [""낙지삼겹볶음"", 10000], [""쭈꾸미삼겹볶음"", 9000], [""오징어삼겹볶음"", 9000], [""계란찜"", 5000], [""낙지연포탕"", 35000], [""나가사끼짬봉탕"", 25000], [""얼큰짬봉탕"", 25000], [""조개탕"", 20000], [""직화낙지볶음"", 28000], [""직화쭈꾸미볶음"", 27000], [""오뱅이소면"", 25000], [""뿌링클새우튀김"", 18000], [""뿌링클오징어튀김"", 16000], [""오징어숙회"", 15000], [""해물파전"", 12000]]",양식
368,130.44,"서울특별시 마포구 독막로7길 27 (서교동,지하1층)",에이스보드카페,192776.6871,449657.6746,,수: 13:00 - 05:00; 목: 13:00 - 05:00; 금: 13:00 - 05:00; 토: 12:00 - 05:00; 일: 12:00 - 05:00; 월: 13:00 - 05:00; 화: 13:00 - 05:00,168,"['예약', '남/녀 화장실 구분', '단체 이용 가능', '배달', '무선 인터넷', '대기공간']",주차 불가,"[['""시설이 깔끔해요""', 101], ['""게임 종류가 다양해요""', 92], ['""단체모임 하기 좋아요""', 88], ['""친절해요""', 75]]",[],"[[""아메리카노 (Hot)"", 4000], [""카페라떼"", 5000], [""핫초코"", 5000], [""녹차"", 5000], [""레몬 에이드"", 6000]]",양식
369,165.87,"서울특별시 마포구 와우산로 72 (서교동, 2층)",작심가,193171.8332,449846.0049,0507-1374-5993,수: 17:00 - 05:00; 목: 17:00 - 05:00; 금: 17:00 - 05:00; 토: 17:00 - 05:00; 일: 17:00 - 05:00; 월: 17:00 - 05:00; 화: 17:00 - 05:00,445,"['생일 혜택', '남/녀 화장실 구분', '무선 인터넷', '예약', '단체 이용 가능']",주차 불가,"[['""음식이 맛있어요""', 444], ['""기본 안주가 좋아요""', 289], ['""가성비가 좋아요""', 223], ['""술이 다양해요""', 167]]",[],"[[""은행꼬치"", 4900], [""롯데리앙감자"", 4900], [""타코와사비"", 4900], [""갈릭바게트"", 4900], [""콘치즈"", 4900], [""타코야끼"", 4900], [""꿀맛토마토"", 5900], [""얼큰계란라면"", 5900], [""작심우동"", 5900], [""직화염통꼬치"", 5900], [""직화모래집꼬치"", 7900], [""포테이토고로케"", 7900], [""파인샤베트"", 7900], [""메밀김치전병"", 7900], [""직화닭꼬치"", 7900], [""직화삼겹마늘쫑꼬치"", 8900], [""소떡소떡"", 8900], [""허니버터갈릭감자"", 8900], [""아이스황도"", 8900], [""모찌리도후"", 8900], [""참깨모찌리도후"", 8900]]",한식
370,80.3,"서울특별시 마포구 동교로22길 1, 1층 (서교동)",콰이찬 홍대점,192794.4115,450347.3144,,수: 10:00 - 20:30; 목: 10:00 - 20:30; 금: 10:00 - 20:30; 토: 10:00 - 20:30; 일: 10:00 - 20:30; 월: 정기휴무 (매주 월요일); 화: 10:00 - 20:30,143,"['배달', '포장', '단체 이용 가능', '남/녀 화장실 구분']",주차 불가,"[['""음식이 맛있어요""', 166], ['""혼밥하기 좋아요""', 65], ['""양이 많아요""', 47], ['""친절해요""', 42]]","['단체석', '좌식', '1인석']","[[""면류"", null], [""밥류"", null], [""요리부"", null], [""주류"", null], [""Set"", null]]",중식
371,75.36,"서울특별시 마포구 와우산로21길 28-8 (서교동,지하1층)",파파초밥,193074.957,450044.9247,,수: 11:30 - 22:00; 목: 11:30 - 22:00; 금: 11:30 - 22:00; 토: 11:30 - 22:00; 일: 11:30 - 22:00; 월: 정기휴무 (매주 월요일); 화: 11:30 - 22:00,173,"['포장', '단체 이용 가능']",,"[['""음식이 맛있어요""', 154], ['""친절해요""', 82], ['""가성비가 좋아요""', 81], ['""재료가 신선해요""', 56]]",[],"[[""새우간장밥"", 9000], [""연어세트"", 15000], [""뚝배기알밥"", 7000], [""연어롤"", 7000], [""우동"", 6000], [""광어"", 2000], [""연어"", 1800], [""익힌새우"", 1500], [""참치등살"", 2000], [""소고기"", 2200], [""게살마요"", 1300], [""생새우"", 1300], [""갈릭불새우"", 1800], [""광어뱃살"", 2200], [""유부초밥"", 1000], [""연어뱃살"", 2000], [""다마고"", 1000], [""황새치 스테이크"", 1800], [""연어정식"", 12000], [""새우정식"", 11000], [""초밥(7pcs) + 우동"", 8000], ["""", null], ["""", null], ["""", null]]",일식
372,93.1,"서울특별시 마포구 잔다리로 65, 2층 (서교동)",언제라도 여행,192603.2631,450133.6754,0507-1322-1810,수: 11:00 - 19:00; 목: 11:00 - 19:00; 금: 11:00 - 19:00; 토: 정기휴무 (매주 토요일); 일: 정기휴무 (매주 일요일); 월: 11:00 - 19:00; 화: 11:00 - 19:00,33,[],,"[['""커피가 맛있어요""', 27], ['""친절해요""', 21], ['""인테리어가 멋져요""', 18], ['""매장이 청결해요""', 13]]",[],"[[""오늘의 켜피"", 5000], [""아메리카노"", 3500], [""카페라떼"", 4000], [""바닐라라떼"", 4000], [""돌체라떼"", 4000], [""골드브루"", 4000], [""베트남연유커피"", 5000], [""흑당밀크티"", 5000], [""초코라떼"", 5000], [""말차라떼"", 5000], [""밀크티"", 5000], [""아이스티"", 5000], [""에이드"", 5000], [""루이보스"", 4000], [""얼그레이"", 4000], [""호주 아이스 커피"", 5000], [""제임슨"", 7000], [""브라운치즈 크로플"", 5000], [""아몬드아보카토"", 5000], [""젝다니엘"", 9000]]",양식
373,46.35,"서울특별시 마포구 와우산로29바길 12 (서교동,지1층 오른쪽)",헬로헬로,193392.0153,450406.9112,02-334-3243,,57,"['무선 인터넷', '반려동물 동반', '예약']",,"[['""술이 다양해요""', 45], ['""음식이 맛있어요""', 32], ['""특별한 메뉴가 있어요""', 22], ['""인테리어가 멋져요""', 20]]",[],"[[""치즈딥 나쵸"", 8000], [""버터구이 문어"", 9000], [""쑬 감자튀김"", 10000], [""칠리 두부강정"", 12000], [""차돌박이 육전"", 13000]]",한식
374,102.9,"서울특별시 마포구 잔다리로 20-11 (서교동, 지하1층)",난봉꾼,192924.5127,449897.4061,0507-1418-8886,수: 17:00 - 24:00; 목: 17:00 - 24:00; 금: 17:00 - 24:00; 토: 17:00 - 01:00; 일: 17:00 - 01:00; 월: 17:00 - 24:00; 화: 17:00 - 24:00,178,"['예약', '단체 이용 가능', '무선 인터넷', '포장', '반려동물 동반']",,"[['""음식이 맛있어요""', 70], ['""재료가 신선해요""', 45], ['""친절해요""', 39], ['""양이 많아요""', 27]]",[],"[[""해물조개찜 (소)"", 39000], [""가리비+키조개찜"", 38000], [""키조개찜"", 38000], [""오징어숙회"", 12000], [""소라숙회"", 15000]]",한식
375,559.12,"서울특별시 마포구 와우산로 70 (서교동, 1,2층)",삼거리포차,193149.7163,449820.6866,02-3144-6748,,132,[],,"[['""음식이 맛있어요""', 111], ['""음악이 좋아요""', 64], ['""기본 안주가 좋아요""', 40], ['""단체모임 하기 좋아요""', 29]]",[],"[[""모듬튀김"", 22000], [""세트1"", 38000], [""세트2"", 36000], [""오뎅탕"", 20000], [""삼거리부대찌개"", 23000], [""해물게살계란탕"", 20000], [""돼지김치찌개"", 21000], [""참치김치찌개"", 21000], [""해물누룽지탕"", 21000], [""홍합탕"", 20000], [""골뱅이무침소면"", 21000], [""오향맛보쌈"", 20000], [""치킨가라아게"", 20000], [""문어가라아게"", 20000], [""고로케&샐러드"", 20000], [""닭가슴살튀김샐러드"", 20000], [""연어샐러드"", 20000], [""요거트과일샐러드"", 21000], [""과일화채"", 21000], [""소고기로스 편채"", 23000]]",양식
376,144,"서울특별시 마포구 양화로16길 33 (서교동, 1층 일부)",도마,192988.0452,450097.5989,0507-1427-0365,수: 14:00 - 23:30; 목: 14:00 - 23:30; 금: 14:00 - 00:30; 토: 14:00 - 00:30; 일: 14:00 - 23:30; 월: 정기휴무 (매주 월요일); 화: 14:00 - 23:30,306,"['콜키지 가능', '예약', '무선 인터넷', '남/녀 화장실 구분', '단체 이용 가능', '포장']",,"[['""음식이 맛있어요""', 159], ['""친절해요""', 55], ['""재료가 신선해요""', 44], ['""특별한 메뉴가 있어요""', 43]]",[],"[[""도마모듬 B"", 29000], [""스페셜모듬"", 61000], [""도마모듬 A"", 27000], [""꽃살"", 39000], [""양념 갈비살"", 20000], [""호주 와규 등심"", 35000], [""와규등심"", 35000], [""초신선 한우 뭉티기(130g)"", 27000], [""특강 한우 우설"", 30000], [""진갈비살"", 35000], [""갈비본살"", 28000], [""생갈비살"", 20000], [""마약된장찌개"", 8000], [""마약된장술밥"", 15000], [""초신선한우육회"", 21000], [""육회냉면"", 15000], [""육회비빔밥"", 14000], [""마약된장비빔밥"", 9000], [""약고추장비빔밥"", 9000]]",한식
377,83.74,"서울특별시 마포구 와우산로27길 70 (서교동,2층)",산띠,193301.8771,450367.0626,02-6052-3989,수: 11:30 - 22:00; 목: 11:30 - 22:00; 금: 11:30 - 22:00; 토: 11:30 - 22:00; 일: 11:30 - 22:00; 월: 11:30 - 22:00; 화: 정기휴무 (매주 화요일),240,"['예약', '단체 이용 가능', '포장', '무선 인터넷', '배달']",주차 불가,"[['""음식이 맛있어요""', 178], ['""친절해요""', 79], ['""인테리어가 멋져요""', 45], ['""양이 많아요""', 45]]",[],"[[""LunchMenu-CoupleSet(2Person)"", 32000], [""LunchMenu-KulchaSet"", 12000], [""LunchMenu-ThaliSetA"", 17000], [""LunchMenu-ThaliSetB"", 19000], [""SHANTI SpecialSetA(2Person)"", 50000], [""SHANTI SpecialSetB(2person)"", 70000], [""Samosa(2p)"", 6000], [""Vegpakora"", 6000], [""TandooriChicken"", 10000]]",양식
378,118.83,"서울특별시 마포구 와우산로17길 19 (서교동, 2층)",꼼보포차,193028.3556,449760.7712,02-337-1523,수: 17:40 - 05:00; 목: 17:40 - 05:00; 금: 17:40 - 06:00; 토: 17:40 - 06:00; 일: 17:40 - 05:00; 월: 17:40 - 05:00; 화: 17:40 - 05:00,198,[],,"[['""음식이 맛있어요""', 208], ['""가성비가 좋아요""', 108], ['""기본 안주가 좋아요""', 76], ['""친절해요""', 72]]",[],"[[""육회물회"", 16000], [""오돌뼈"", 11900], [""불돼지"", 11900], [""돼지고기찌개"", 6000], [""오뎅탕"", 6000]]",양식
379,52.58,"서울특별시 마포구 동교로 94 (서교동,지층)",홍어한마리,192208.0963,450224.4903,02-323-1011,수: 16:00 - 22:00; 목: 16:00 - 22:00; 금: 16:00 - 22:00; 토: 16:00 - 22:00; 일: 정기휴무 (매주 일요일); 월: 16:00 - 22:00; 화: 16:00 - 22:00,58,[],,"[['""음식이 맛있어요""', 41], ['""재료가 신선해요""', 31], ['""양이 많아요""', 27], ['""특별한 메뉴가 있어요""', 21]]",[],"[[""홍어찜"", 90000], [""삼합고기"", 20000], [""홍어 무침 (소)"", 70000], [""흑산도산 홍어회 (특대)"", 190000], [""흑산도산 홍어회 (대)"", 150000], [""흑산도산 홍어회 (중)"", 120000], [""흑산도산 홍어회 (소)"", 80000], [""흑산도 홍어애"", 45000], [""흑산도산 홍어찜"", 150000], [""신안 민어회"", null], [""신안 민어 머리탕"", null]]",한식
380,72.64,"서울특별시 마포구 와우산로23길 40 (서교동, 2층)",신선마라탕,193185.2173,450259.2207,02-6925-3999,수: 11:00 - 23:00; 목: 11:00 - 23:00; 금: 11:00 - 23:00; 토: 11:00 - 23:00; 일: 11:00 - 23:00; 월: 11:00 - 23:00; 화: 정기휴무 (매주 화요일),173,"['단체 이용 가능', '무선 인터넷', '포장']",,"[['""음식이 맛있어요""', 184], ['""재료가 신선해요""', 83], ['""친절해요""', 79], ['""혼밥하기 좋아요""', 60]]",[],"[[""꽃빵튀김"", 6000], [""향라대하"", 18000], [""지삼선"", 12000], [""어향육슬"", 13000], [""샤오룽바오"", 7000]]",양식
381,28.33,"서울특별시 마포구 와우산로29길 4-36 (서교동, 지층일부(우측))",아틀란티스,193713.3304,450322.9613,0507-1307-5241,수: 18:00 - 24:00; 목: 18:30 - 01:10; 금: 18:30 - 03:00; 토: 18:00 - 04:00; 일: 18:00 - 01:00; 월: 18:30 - 01:00; 화: 18:00 - 24:00,57,"['예약', '무선 인터넷', '반려동물 동반']",주차 불가,"[['""혼술하기 좋아요""', 21], ['""술이 다양해요""', 19], ['""음식이 맛있어요""', 14], ['""친절해요""', 14]]","['바테이블', '테라스', '1인석']","[[""텍사스 치킨윙"", 9900], [""소세지와 감자튀김"", 15000], [""나쵸"", 5000], [""아틀란티스 머그라면"", 5000], [""에어플라이어 감자튀김"", 8000]]",양식
382,92.4,"서울특별시 마포구 양화로7길 28 (서교동, 2층일부)",향원정,192387.8381,449971.3178,02-338-3110,수: 10:30 - 22:10; 목: 10:30 - 22:10; 금: 10:30 - 22:10; 토: 10:30 - 22:10; 일: 정기휴무 (매주 일요일); 월: 10:30 - 22:10; 화: 10:30 - 22:10,174,"['단체 이용 가능', '포장']",주차 가능,"[['""음식이 맛있어요""', 171], ['""재료가 신선해요""', 48], ['""친절해요""', 40], ['""양이 많아요""', 35]]",[],"[[""양"", 29000], [""소곱창"", 26000], [""차돌박이"", 29000], [""사태살"", 27000], [""등골"", 25000], [""내장무침"", 18000], [""양밥"", 15000], [""차곱전골 (소)"", 37000], [""곱창전골 (소)"", 30000], [""내장곰탕"", 10000], [""차돌된장"", 9000]]",한식
383,80,"서울특별시 마포구 와우산로29길 27 (서교동, 1층일부)",토모토카레,193590.1709,450318.0743,02-3144-4200,수: 11:30 - 21:00; 목: 11:30 - 21:00; 금: 11:30 - 21:00; 토: 11:30 - 21:00; 일: 11:30 - 21:00; 월: 11:30 - 21:00; 화: 11:30 - 21:00,503,"['포장', '배달', '무선 인터넷']",주차 불가,"[['""음식이 맛있어요""', 494], ['""혼밥하기 좋아요""', 172], ['""친절해요""', 168], ['""재료가 신선해요""', 124]]",['바테이블'],"[[""토모토 카레 (소)"", 7000], [""오므 카레 (소)"", 8000], [""스프카레 우동"", 9000], [""스페셜 스프카레우동"", 12000], [""크림카레우동"", 10000], [""로스카츠"", 10000], [""히레카츠"", 11500], [""믹스카츠"", 13500], [""치킨 가라아게(5pcs)"", 3500], [""생 돈카츠"", 4000], [""치즈함바그"", 4000], [""함바그"", 3000], [""왕새우튀김"", 3500], [""버섯스아게"", 3000], [""고로케"", 2800], [""야채스아게"", 2800]]",양식
384,60,"서울특별시 마포구 와우산로21길 36-4 (서교동, 지하1층)",그녀의밥상,193038.609,450034.0331,02-324-4074,수: 11:10 - 20:10; 목: 11:10 - 20:10; 금: 11:10 - 20:10; 토: 11:10 - 20:00; 일: 11:50 - 19:30; 월: 11:10 - 20:10; 화: 11:10 - 20:10,160,"['예약', '단체 이용 가능', '포장', '무선 인터넷']",주차 불가,"[['""음식이 맛있어요""', 135], ['""가성비가 좋아요""', 85], ['""반찬이 잘 나와요""', 72], ['""양이 많아요""', 63]]",[],"[[""목포낙지볶음백반 +된장찌개 or 김치찌개"", 10500], [""자갈치고등어구이백반 +된장찌개 or 김치찌개"", 10000], [""버섯들깨순두부"", 8500], [""햄치즈순두부"", 8500], [""낙지볶음"", 8000]]",양식
385,42.9,"서울특별시 마포구 독막로3길 20, 지하1층 좌측 (서교동)",이쪽,192595.4372,449659.4319,0507-1416-5467,수: 11:30 - 23:00; 목: 11:30 - 23:00; 금: 11:30 - 23:00; 토: 17:00 - 23:00; 일: 정기휴무 (매주 일요일); 월: 11:30 - 23:00; 화: 11:30 - 23:00,158,"['예약', '무선 인터넷', '단체 이용 가능']",주차 불가,"[['""음식이 맛있어요""', 186], ['""친절해요""', 99], ['""가성비가 좋아요""', 60], ['""매장이 청결해요""', 52]]",[],"[[""돼지갈비정식"", 9000], [""차돌박이 정식"", 10000], [""김치찌개정식"", 8000], [""차돌박이 150g"", 24000], [""삼겹살 150g"", 12000]]",한식
386,181.25,"서울특별시 마포구 동교로 90, 1,2층 (서교동)",강화통통생고기,192167.2811,450215.1867,,,483,"['단체 이용 가능', '예약', '유아의자', '무선 인터넷', '남/녀 화장실 구분', '대기공간']",유료 주차 가능,"[['""음식이 맛있어요""', 506], ['""고기 질이 좋아요""', 157], ['""친절해요""', 140], ['""재료가 신선해요""', 73]]",[],"[[""숙성삼겹살(180g)"", 16000], [""숙성꽃목살(180g)"", 16000], [""생갈매기살(160g)"", 16000]]",한식
387,89.88,"서울특별시 마포구 월드컵북로1길 60 (서교동, 1층 )",진진,192723.2297,450173.3254,0507-1447-8879,수: 11:30 - 21:00; 목: 11:30 - 21:00; 금: 11:30 - 21:00; 토: 11:30 - 21:00; 일: 12:00 - 21:30; 월: 11:30 - 21:00; 화: 11:30 - 21:00,946,"['콜키지 가능', '예약', '포장', '무선 인터넷', '남/녀 화장실 구분']",주차 불가,"[['""음식이 맛있어요""', 626], ['""특별한 메뉴가 있어요""', 297], ['""재료가 신선해요""', 232], ['""친절해요""', 169]]",[],"[[""대게살볶음"", 37000], [""멘보샤"", 25000], [""해물짬뽕"", 11000], [""전복팔보채"", 54000]]",한식
388,59.66,"서울특별시 마포구 잔다리로6길 20-6 (서교동, 지1층일부)",산오징어양푼무침,192882.821,449968.468,0507-1407-4189,수: 16:00 - 04:00; 목: 16:00 - 04:00; 금: 16:00 - 04:00; 토: 16:00 - 04:00; 일: 16:00 - 04:00; 월: 16:00 - 04:00; 화: 16:00 - 04:00,95,"['예약', '단체 이용 가능', '포장', '무선 인터넷', '남/녀 화장실 구분']",주차 가능,"[['""음식이 맛있어요""', 83], ['""재료가 신선해요""', 42], ['""양이 많아요""', 23], ['""특별한 메뉴가 있어요""', 22]]",[],"[[""산오징어양푼무침"", 24000], [""산오징어물회"", 24000], [""산낙지물회"", 23000], [""산오징어회"", 18000], [""산오징어통찜구이"", 18000]]",일식
389,85.6,"서울특별시 마포구 어울마당로 126-1 (서교동,1층)",통통돼지뽈살,193231.1294,450376.3383,0507-1387-0570,수: 11:00 - 02:00; 목: 11:00 - 02:00; 금: 11:00 - 02:00; 토: 11:00 - 02:00; 일: 11:00 - 02:00; 월: 11:00 - 02:00; 화: 11:00 - 02:00,199,"['콜키지 가능', '단체 이용 가능', '예약', '남/녀 화장실 구분', '무선 인터넷', '포장', '유아의자', '대기공간', '출입구 휠체어 이용가능', '좌석 휠체어 이용가능']",주차 불가,"[['""음식이 맛있어요""', 196], ['""친절해요""', 64], ['""고기 질이 좋아요""', 56], ['""가성비가 좋아요""', 50]]","['단체석', '입식']","[[""뽈살(양념)(200g)"", 15000], [""삼겹살(200g)"", 15000], [""항정살(150g)"", 16000], [""소갈비살(150g)"", 17000], [""왕막창(180g)"", 15000]]",한식
390,96.32,"서울특별시 마포구 와우산로29라길 20, 2층 (서교동)",홍익닭한마리,193463.8037,450311.2053,02-322-7523,수: 11:30 - 21:00; 목: 11:30 - 21:00; 금: 11:30 - 21:00; 토: 11:30 - 21:00; 일: 11:30 - 20:30; 월: 11:30 - 20:30; 화: 정기휴무 (매주 화요일),406,"['콜키지 가능', '무선 인터넷', '노키즈존', '남/녀 화장실 구분']",주차 불가,"[['""음식이 맛있어요""', 326], ['""친절해요""', 222], ['""양이 많아요""', 126], ['""매장이 넓어요""', 123]]",[],"[[""2인세트"", 28000], [""닭한마리"", 23000]]",한식
391,51.69,"서울특별시 마포구 와우산로23길 35, 2층 (서교동)",육쌈냉면,193167.0009,450239.3104,02-333-6392,수: 11:00 - 21:00; 목: 11:00 - 21:00; 금: 11:00 - 21:00; 토: 11:00 - 21:00; 일: 11:00 - 21:00; 월: 11:00 - 21:00; 화: 11:00 - 21:00,220,"['포장', '배달', '무선 인터넷', '반려동물 동반', '단체 이용 가능', '대기공간', '예약']",주차 불가,"[['""음식이 맛있어요""', 168], ['""가성비가 좋아요""', 80], ['""혼밥하기 좋아요""', 60], ['""친절해요""', 40]]",[],"[[""물냉면 + 숯불고기"", 9500], [""비빔냉면 + 숯불고기"", 9500], [""비빔밥 + 숯불고기"", 9500]]",한식
392,32.8,"서울특별시 마포구 양화로12길 26, 102호 (서교동)",닭선생,192747.8708,449959.5666,,수: 11:30 - 21:30; 목: 11:30 - 21:30; 금: 11:30 - 21:30; 토: 12:30 - 21:00; 일: 정기휴무 (매주 일요일); 월: 11:30 - 21:30; 화: 11:30 - 21:30,126,[],,"[['""음식이 맛있어요""', 48], ['""가성비가 좋아요""', 45], ['""혼밥하기 좋아요""', 35], ['""친절해요""', 33]]",[],[],한식
393,58.93,"서울특별시 마포구 어울마당로5길 29 (서교동, 1층)",빠넬로,192767.6046,449683.1936,,수: 17:30 - 23:00; 목: 17:30 - 23:00; 금: 17:30 - 23:00; 토: 12:00 - 22:00; 일: 12:00 - 22:00; 월: 정기휴무 (매주 월요일); 화: 정기휴무 (매주 화요일),307,"['예약', '무선 인터넷', '포장']",,"[['""음식이 맛있어요""', 216], ['""특별한 메뉴가 있어요""', 139], ['""재료가 신선해요""', 107], ['""친절해요""', 88]]",[],"[[""마르게리따 부팔라"", 25000], [""부라따피자"", 35000], [""디아볼라살시챠"", 30000], [""마레 피자"", 33000], [""트러플따야린"", 37000], [""트러플딸리올리니"", 32000], [""빠께리"", 32000], [""까르보나라"", 26000]]",양식
394,53.3,"서울특별시 마포구 월드컵북로5길 68, 1층 102호 (서교동, 광남벨라스2차아파트)",한스시,192429.0042,450436.0821,0507-1401-5992,수: 11:30 - 24:00; 목: 11:30 - 24:00; 금: 11:30 - 24:00; 토: 정기휴무 (매주 토요일); 일: 11:30 - 24:00; 월: 11:30 - 24:00; 화: 11:30 - 24:00,64,"['예약', '포장', '무선 인터넷', '단체 이용 가능']",주차 가능,"[['""음식이 맛있어요""', 70], ['""재료가 신선해요""', 31], ['""친절해요""', 31], ['""가성비가 좋아요""', 21]]",[],"[[""모둠 사시미(소)"", 35000], [""생연어"", 30000], [""전복"", 30000], [""광어초회"", 25000], [""참치육회"", 20000]]",일식
395,47.77,"서울특별시 마포구 양화로6길 57-7 (서교동, 지1층일부)",화규,192642.4115,449642.2865,02-444-4442,수: 17:00 - 24:00; 목: 17:00 - 24:00; 금: 17:00 - 24:00; 토: 15:00 - 23:00; 일: 정기휴무 (매주 일요일); 월: 17:00 - 24:00; 화: 17:00 - 24:00,450,"['콜키지 가능', '예약', '무선 인터넷', '단체 이용 가능', '유아의자']",주차 불가,"[['""음식이 맛있어요""', 217], ['""친절해요""', 140], ['""고기 질이 좋아요""', 121], ['""인테리어가 멋져요""', 88]]",['바테이블'],"[[""안심 (120g)"", 40000], [""토시살 (120g)"", 30000], [""안창살 (120g)"", 35000], [""우설 (120g)"", 33000], [""살치살 (120g)"", 45000], [""부챗살 (120g)"", 43000], [""새우살"", 55000], [""등심"", 43000]]",일식
396,33,"서울특별시 마포구 월드컵로8길 41, 지1층 101호 (서교동)",수잔네,192378.5611,450139.2739,02-6339-6042,수: 11:00 - 19:30; 목: 11:00 - 19:30; 금: 11:00 - 19:30; 토: 정기휴무 (매주 토요일); 일: 정기휴무 (매주 일요일); 월: 11:00 - 19:30; 화: 11:00 - 19:30,157,['무선 인터넷'],,"[['""음식이 맛있어요""', 101], ['""재료가 신선해요""', 73], ['""친절해요""', 64], ['""혼밥하기 좋아요""', 44]]",[],"[[""제육 열무 비빔밥"", 9000], [""두부 열무 비빔밥"", 9000], [""우동"", 7000]]",한식
397,94.29,"서울특별시 마포구 양화로7길 6-5, 2층 201호 (서교동, 와와빌딩)",세상끝의라멘,192437.5773,449930.212,0507-1375-1361,,859,"['단체 이용 가능', '무선 인터넷', '남/녀 화장실 구분']",,"[['""음식이 맛있어요""', 842], ['""혼밥하기 좋아요""', 365], ['""친절해요""', 343], ['""특별한 메뉴가 있어요""', 315]]",[],"[[""첫라멘 (S)"", 6000], [""끝라멘 (S)"", 6000], [""카이라멘"", 12000]]",일식
398,96.4,"서울특별시 마포구 양화로 94, 1층 (서교동)",보보호텔,192702.3579,450008.9176,02-324-0021,,37,['예약'],주차 가능,"[['""침구가 좋아요""', 13], ['""조용히 쉬기 좋아요""', 11], ['""친절해요""', 11], ['""깨끗해요""', 7]]",[],[],양식
399,215,"서울특별시 마포구 와우산로 100 (서교동,지하1층)",홍대 율촌,193276.924,450065.8384,02-324-1150,수: 10:00 - 20:00; 목: 10:00 - 20:00; 금: 10:00 - 20:00; 토: 11:00 - 19:00; 일: 정기휴무 (매주 일요일); 월: 10:00 - 20:00; 화: 10:00 - 20:00,190,"['포장', '남/녀 화장실 구분']",,"[['""음식이 맛있어요""', 174], ['""혼밥하기 좋아요""', 76], ['""친절해요""', 65], ['""가성비가 좋아요""', 62]]",[],"[[""닭칼국수"", 9000], [""물냉면(중)"", 6000], [""회냉면"", 7000], [""납작만두"", 4000], [""고추장불고기"", 5500]]",양식
400,56.19,"서울특별시 마포구 홍익로2길 27-20, 1층 (서교동)",오비야,193247.675,450357.2537,0507-1449-5255,,210,"['비건 메뉴', '콜키지 가능', '배달', '포장', '무선 인터넷', '예약', '단체 이용 가능', '유아의자']",주차 불가,"[['""음식이 맛있어요""', 193], ['""특별한 메뉴가 있어요""', 99], ['""재료가 신선해요""', 69], ['""양이 많아요""', 46]]",['단체석'],"[[""메밀김밥"", 10000], [""텐자루소바(튀김+판메밀)"", 14500], [""토마토소바"", 12000]]",일식
401,57.66,"서울특별시 마포구 와우산로23길 35-6, 2층 (서교동)",낭만포차,193153.8168,450257.9877,0507-1394-4668,,334,"['무선 인터넷', '남/녀 화장실 구분', '반려동물 동반', '단체 이용 가능', '예약', '배달', '포장']",주차 불가,"[['""음식이 맛있어요""', 326], ['""가성비가 좋아요""', 225], ['""특별한 메뉴가 있어요""', 202], ['""대화하기 좋아요""', 192]]","['루프탑', '연인석', '룸', '단체석']","[[""밀푀유나베"", 18000], [""우삼겹스키야키"", 18000], [""우삼겹숙주볶음"", 18000], [""골뱅이쫄면"", 20000], [""순두부짬뽕탕"", 18000], [""깐풍기"", 17000], [""크림파스타"", 15000], [""우삼겹떡볶이"", 18000], [""오뎅탕"", 17000], [""바지락버터술찜"", 18000], [""제육볶음"", 17000], [""치킨데리야끼"", 18000], [""닭똥집마늘볶음"", 17000], [""두부김치볶음"", 17000], [""관자버터구이(8pc)"", 13000]]",한식
402,97,"서울특별시 마포구 잔다리로 9, 3층 (서교동)",부엉이산장 홍대점2,193035.4279,449815.6315,0507-1397-0636,수: 16:00 - 06:00; 목: 16:00 - 06:00; 금: 16:00 - 07:00; 토: 16:00 - 07:00; 일: 16:00 - 06:00; 월: 16:00 - 06:00; 화: 16:00 - 06:00,889,"['콜키지 가능', '단체 이용 가능', '예약', '대기공간']",주차 불가,"[['""음식이 맛있어요""', 870], ['""술이 다양해요""', 460], ['""인테리어가 멋져요""', 460], ['""기본 안주가 좋아요""', 452]]","['입식', '단체석']","[[""곱도리탕(곱창)"", 31000], [""꽃도리탕(꽃게)"", 31000], [""묵도리탕(묵은지)"", 29000], [""닭도리탕"", 26000], [""모듬전"", 24000], [""육새전(소고기+새우)"", 20000], [""새우전"", 24000], [""육전"", 18000], [""치즈김치전"", 18000], [""치즈감자채전"", 19000], [""반반전(해물파전+김치전)"", 18000], [""해물파전"", 18000], [""김치전"", 15000], [""항정수육&보쌈김치"", 26000], [""삼겹김치전골"", 25000], [""통골뱅이조개전골"", 23000], [""참소라초무침"", 22000], [""오징어숙회"", 18000], [""불오징어"", 27000], [""냉채항정"", 26000], [""고추장육회"", 24000]]",한식
403,219.4,"서울특별시 마포구 잔다리로 5-1 (서교동, 2층)",시장을여는사람들 홍대점,193065.6011,449807.0937,,,728,"['무선 인터넷', '단체 이용 가능']",주차 불가,"[['""음식이 맛있어요""', 711], ['""기본 안주가 좋아요""', 522], ['""술이 다양해요""', 415], ['""음악이 좋아요""', 338]]",[],"[[""콘치즈김치볶음밥"", 10900], [""돼지고기숙주볶음"", 16900], [""시장돼지김치구이"", 16900], [""닭한마리로제파스타"", 20900], [""춘천철판닭갈비"", 17900], [""구미연탄불고기"", 17900], [""닭한마리마약떡볶이"", 20900], [""산당동치즈라볶이"", 14900], [""콘치즈황금계란볶음밥"", 11900], [""꾸덕꾸덕크림우동"", 17900], [""로제로제제육제육파스타"", 17900], [""숯불구이치밥치밥"", 17900], [""직화쭈꾸미파스타"", 16900], [""대왕새우튀김"", 15900], [""시장옛날동닭"", 17900], [""닭껍질튀김"", 15900], [""쁘링클닭껍질튀김"", 16900], [""리얼스팸튀김"", 15900], [""김밥튀김쫄면"", 14900], [""홍합나가사키"", 17900], [""울산고기짬뽕"", 18900]]",양식
404,241.92,"서울특별시 마포구 와우산로23길 9, 칼리오페 5층 (서교동)",어머님밥상,193241.1969,450137.7119,02-323-0308,,64,"['예약', '단체 이용 가능', '남/녀 화장실 구분', '무선 인터넷', '배달', '포장']",무료 주차 가능,"[['""음식이 맛있어요""', 51], ['""가성비가 좋아요""', 51], ['""혼밥하기 좋아요""', 42], ['""메뉴 구성이 알차요""', 38]]",[],"[[""한식뷔페"", 10000]]",한식
405,29.75,"서울특별시 마포구 와우산로23길 18-7 (서교동, 1층일부)",비스트로주라,193269.5349,450194.3492,02-6406-5640,수: 11:30 - 21:00; 목: 11:30 - 21:00; 금: 11:30 - 21:00; 토: 11:30 - 21:00; 일: 11:30 - 21:00; 월: 11:30 - 21:00; 화: 11:30 - 21:00,470,"['무선 인터넷', '포장', '배달']",주차 불가,"[['""음식이 맛있어요""', 452], ['""친절해요""', 239], ['""가성비가 좋아요""', 165], ['""재료가 신선해요""', 125]]",[],"[[""부채살 스테이크 정식 (M)"", 16000], [""살치살 스테이크 정식 (M)"", 20000], [""스테이크 크림 파스타"", 13000], [""스테이크 오일파스타"", 13000], [""스테이크 야끼 파스타"", 13000]]",양식
406,60.75,"서울특별시 마포구 와우산로23길 35-6, 1층 (서교동)",더 키친 아시아,193153.8168,450257.9877,0507-1359-3232,,784,"['예약', '무선 인터넷', '단체 이용 가능', '포장']",,"[['""음식이 맛있어요""', 532], ['""친절해요""', 305], ['""양이 많아요""', 279], ['""가성비가 좋아요""', 195]]",[],"[[""난과 베지터블 커리"", 12900], [""난과 치킨티카 마살라"", 12900], [""난과 치킨 시금치 커리"", 12900], [""난과 치킨 코르마"", 12900], [""난과 새우 코르마"", 12900]]",한식
407,153.28,"서울특별시 마포구 와우산로17길 19-22, 1층 (서교동)",낙원,192983.3219,449682.5422,0507-1414-3741,수: 19:00 - 04:00; 목: 19:00 - 04:00; 금: 19:00 - 05:00; 토: 19:00 - 05:00; 일: 19:00 - 04:00; 월: 19:00 - 04:00; 화: 19:00 - 04:00,45,"['콜키지 가능', '단체 이용 가능', '예약', '남/녀 화장실 구분']",무료 주차 가능,"[['""음식이 맛있어요""', 49], ['""음악이 좋아요""', 32], ['""인테리어가 멋져요""', 20], ['""대화하기 좋아요""', 15]]",[],"[[""닭도리탕"", 25000]]",한식
408,188.57,"서울특별시 마포구 양화로11길 66, 1,2층 (서교동)",제주삼다돈,192257.8529,449989.2132,0507-1472-2140,수: 11:30 - 22:00; 목: 11:30 - 22:00; 금: 11:30 - 22:00; 토: 11:30 - 22:00; 일: 11:30 - 22:00; 월: 11:30 - 22:00; 화: 11:30 - 22:00,206,"['콜키지 가능', '단체 이용 가능', '포장', '배달', '예약', '무선 인터넷', '유아의자', '남/녀 화장실 구분']",무료 주차 가능,"[['""음식이 맛있어요""', 208], ['""친절해요""', 76], ['""매장이 넓어요""', 44], ['""재료가 신선해요""', 41]]","['룸', '단체석']","[[""오겹살"", 18000], [""목살"", 18000], [""쌈밥정식 (2인 이상)"", 15000], [""생선구이"", 15000], [""김치찌개"", 10000], [""고추장호박찌개"", 10000], [""차돌된장찌개"", 10000], [""두루치기"", 10000], [""콩비지찌개"", 10000], [""해물순두부"", 10000], [""물냉면"", 12000], [""비빔냉면"", 12000], [""계란말이"", 11000], [""항정살"", 21000], [""갈매기살"", 17000], [""가브리살"", 20000], [""대패삼겹살"", 16000], [""양념돼지갈비"", 21000], [""명품생갈비"", 30000]]",한식
409,120.96,"서울특별시 마포구 홍익로5안길 14, 1층 (서교동)",신마포갈매기,193023.2447,450197.2358,02-322-1605,수: 14:00 - 22:50; 목: 14:00 - 22:50; 금: 14:00 - 22:50; 토: 12:00 - 22:50; 일: 12:00 - 22:50; 월: 14:00 - 22:50; 화: 14:00 - 22:50,123,"['무선 인터넷', '단체 이용 가능', '예약', '유아의자']",주차 불가,"[['""음식이 맛있어요""', 129], ['""친절해요""', 61], ['""가성비가 좋아요""', 58], ['""고기 질이 좋아요""', 35]]",[],"[[""마포갈매기"", 10900]]",한식
410,35.68,"서울특별시 마포구 양화로7길 55 (서교동,1층)",서교손칼국수,192313.3536,450091.8729,02-323-9566,수: 11:00 - 21:00; 목: 11:00 - 21:00; 금: 11:00 - 21:00; 토: 11:00 - 21:00; 일: 정기휴무 (매주 일요일); 월: 11:00 - 21:00; 화: 11:00 - 21:00,148,[],,"[['""음식이 맛있어요""', 158], ['""친절해요""', 48], ['""재료가 신선해요""', 41], ['""양이 많아요""', 32]]",[],"[[""콩국수+보리밥"", 11000], [""버섯닭도리탕"", 40000], [""해물손칼국수+보리밥"", 10000], [""손수제비+보리밥"", 10000], [""만두국+보리밥"", 10000], [""왕만두"", 10000], [""해물파전"", 18000], [""김치전"", 14000], [""부추전"", 14000], [""보리밥추가"", 2000], [""막걸리"", 5000], [""소주"", 5000], [""맥주"", 5000]]",한식
411,177.26,"서울특별시 마포구 동교로17길 8, 1,2층 (서교동)",제주정원,192535.8823,450357.3827,02-336-3392,수: 11:30 - 22:00; 목: 11:30 - 22:00; 금: 11:30 - 22:00; 토: 11:30 - 22:00; 일: 11:30 - 22:00; 월: 11:30 - 22:00; 화: 11:30 - 22:00,385,"['예약', '단체 이용 가능', '남/녀 화장실 구분', '무선 인터넷']",주차 가능,"[['""음식이 맛있어요""', 279], ['""고기 질이 좋아요""', 153], ['""매장이 넓어요""', 129], ['""친절해요""', 114]]",[],"[[""한우등심(2인분이상)"", 49000], [""차돌 된장찌개"", 9000], [""흑돼지 김치찌개"", 8000], [""돼지 짜글리(점심한정,2인이상)"", 9000], [""돼지 제육볶음(점심한정)"", 9000], [""돼지 불백(점심한정)"", 9000], [""고등어구이"", 10000], [""고등어 김치찜(2인이상)"", 11000], [""갈치조림(2인이상)"", 13000], [""옥돔구이(대)"", 35000], [""제주 흑돼지 오겹살"", 21000], [""제주 흑돼지 목살"", 21000], [""제주 흑돼지 근고기"", 78000], [""제주 오겹살"", 18000], [""제주 목살"", 18000], [""제주 꼬들살 갈릭양념구이(200g)"", 14000], [""제주 꼬들살 생구이(200g)"", 13000], [""제주돔배보쌈수육(+회무침)"", 27000], [""제주근고기(600g)"", 67000], [""제주 가브리살(160g)"", 19000], [""제주 항정살(160g)"", 19000], ["""", null]]",한식
412,74.94,"서울특별시 마포구 양화로7길 47 (서교동, 1층)",타마시이,192323.3802,450051.7289,02-322-2786,수: 05:00 - 01:30; 목: 05:00 - 01:30; 금: 05:00 - 01:30; 토: 05:00 - 01:30; 일: 정기휴무 (매주 일요일); 월: 05:00 - 01:30; 화: 05:00 - 01:30,90,['예약'],주차 가능,"[['""음식이 맛있어요""', 99], ['""친절해요""', 42], ['""대화하기 좋아요""', 29], ['""기본 안주가 좋아요""', 22]]",[],"[[""모듬사시미(특대)- 예약주문만 가능"", 120000], [""모듬사시미(중)"", 75000], [""모듬사시미(소)"", 45000], [""2인 사시미"", 33000], [""A 세트-모듬사시미(소)+숯불꼬치5종"", 58000], [""B 세트-2인사시미+숯불꼬치5종"", 47000], [""C 세트-모듬사시미(소)+숯불꼬치5종+나가사끼 짬뽕(생면)or간사이풍 오뎅탕(우동사리)"", 85000]]",일식
413,85.41,"서울특별시 마포구 잔다리로 105-1 (서교동, 1층)",서교김치찌개,192354.1981,450471.6984,02-336-6686,,141,[],,"[['""음식이 맛있어요""', 164], ['""친절해요""', 90], ['""양이 많아요""', 73], ['""가성비가 좋아요""', 61]]",[],"[[""부대찌개"", 10000], [""김치찌개"", 9000], [""된장찌개"", 9000], [""제육볶음"", 10000], [""오징어볶음"", 12000], [""계란말이 (소)"", 7000], [""두부찜"", 9000], [""김치삼겹살 (1인분)"", 14000]]",한식
414,97,"서울특별시 마포구 잔다리로 9 (서교동, 2층)",부엉이산장 홍대점1,193035.4279,449815.6315,0507-1397-0636,수: 16:00 - 06:00; 목: 16:00 - 06:00; 금: 16:00 - 07:00; 토: 16:00 - 07:00; 일: 16:00 - 06:00; 월: 16:00 - 06:00; 화: 16:00 - 06:00,889,"['콜키지 가능', '단체 이용 가능', '예약', '대기공간']",주차 불가,"[['""음식이 맛있어요""', 870], ['""술이 다양해요""', 460], ['""인테리어가 멋져요""', 460], ['""기본 안주가 좋아요""', 452]]","['입식', '단체석']","[[""곱도리탕(곱창)"", 31000], [""꽃도리탕(꽃게)"", 31000], [""묵도리탕(묵은지)"", 29000], [""닭도리탕"", 26000], [""모듬전"", 24000], [""육새전(소고기+새우)"", 20000], [""새우전"", 24000], [""육전"", 18000], [""치즈김치전"", 18000], [""치즈감자채전"", 19000], [""반반전(해물파전+김치전)"", 18000], [""해물파전"", 18000], [""김치전"", 15000], [""항정수육&보쌈김치"", 26000], [""삼겹김치전골"", 25000], [""통골뱅이조개전골"", 23000], [""참소라초무침"", 22000], [""오징어숙회"", 18000], [""불오징어"", 27000], [""냉채항정"", 26000], [""고추장육회"", 24000]]",양식
415,35.63,"서울특별시 마포구 와우산로 66 (서교동, 1층)",신주양꼬치,193149.0063,449796.1171,0507-1403-0187,,174,"['예약', '단체 이용 가능', '무선 인터넷', '남/녀 화장실 구분', '포장', '배달']",,"[['""음식이 맛있어요""', 181], ['""친절해요""', 58], ['""고기 질이 좋아요""', 35], ['""가성비가 좋아요""', 34]]",[],"[[""양꼬치(10꼬치)"", 15000], [""매운양꼬치(10꼬치)"", 15000], [""생양꼬치(소금)(10꼬치)"", 15000], [""갈비살(10꼬치)"", 16000], [""고급양갈비(2대)"", 25000], [""양힘줄(10꼬치)"", 15000], [""닭똥집(10꼬치)"", 14000], [""오돌뼈(10꼬치)"", 14000]]",양식
416,84.25,"서울특별시 마포구 와우산로 155-1 (서교동,B1)",봉주르,193747.4406,450302.6604,02-332-8373,수: 11:00 - 21:00; 목: 11:00 - 21:00; 금: 11:00 - 21:00; 토: 11:00 - 21:00; 일: 정기휴무 (매주 일요일); 월: 11:00 - 21:00; 화: 11:00 - 21:00,46,[],,"[['""음식이 맛있어요""', 52], ['""가성비가 좋아요""', 50], ['""혼밥하기 좋아요""', 37], ['""반찬이 잘 나와요""', 25]]",[],"[[""봉주르 요일 정식 (현금)"", 5500], [""돼지고기김치찌개+계란후라이"", 7000], [""참치김치찌개+계란후라이"", 7000], [""철판제육볶음"", 7000], [""치킨마요덮밥"", 7000], [""등심돈까스"", 8000], [""치즈돈까스"", 8500], [""오야코동"", 7000], [""각종라면"", 1000], [""곱빼기"", 1000], [""공기밥"", 1000], [""계란후라이"", 500], [""콜라"", 2500], [""봉주르 요일 정식 (카드)"", 5900]]",양식
417,97.34,"서울특별시 마포구 잔다리로 47, 1층 (서교동)",퍼스트펭귄카페,192728.8188,449995.0315,02-323-6377,수: 08:30 - 22:30; 목: 08:30 - 22:30; 금: 08:30 - 22:30; 토: 12:00 - 22:30; 일: 정기휴무 (매주 일요일); 월: 08:30 - 22:30; 화: 08:30 - 22:30,114,"['예약', '단체 이용 가능', '무선 인터넷']",주차 가능,"[['""친절해요""', 57], ['""커피가 맛있어요""', 47], ['""음료가 맛있어요""', 31], ['""대화하기 좋아요""', 27]]",[],"[[""아메리카노"", 3500], [""카페라떼"", 4500], [""모카 글라페"", 5000], [""녹차"", 4000], [""오렌지쥬스"", 5000]]",양식
418,40.75,"서울특별시 마포구 어울마당로 112-4 (서교동, 지하1층)",비트윈,193148.1796,450271.754,,,32,"['예약', '단체 이용 가능', '무선 인터넷']",,"[['""친절해요""', 26], ['""술이 다양해요""', 23], ['""대화하기 좋아요""', 15], ['""혼술하기 좋아요""', 13]]",[],"[[""육포"", null], [""치즈크래커"", null], [""감자튀김"", null], [""화이트"", null], [""블랙"", null], [""나초"", null], [""멜론하몽"", null], [""염통꼬치"", null]]",양식
419,93.16,"서울특별시 마포구 잔다리로 99, 1층 (서교동)",아지트,192393.7331,450410.0711,0507-1407-9934,수: 08:00 - 23:00; 목: 08:00 - 23:00; 금: 08:00 - 23:00; 토: 10:00 - 23:00; 일: 10:00 - 23:00; 월: 08:00 - 23:00; 화: 08:00 - 23:00,102,"['단체 이용 가능', '무선 인터넷']",,"[['""커피가 맛있어요""', 180], ['""친절해요""', 54], ['""음료가 맛있어요""', 39], ['""대화하기 좋아요""', 27]]",[],"[[""에티오피아 브로링 커피 (HOT)"", 6000], [""에스프레소 (HOT)"", 3500], [""아메리카노 (HOT)"", 3500], [""카페라떼 (HOT)"", 4000], [""플랫화이트"", 4000], [""카푸치노 (HOT)"", 4000], [""오레오 아포카토"", 5000], [""모카 비엔나"", 5000], [""레드 블라썸"", 5000]]",일식
420,43.37,"서울특별시 마포구 어울마당로5길 31, 지1층 (서교동)",침사추이누들,192757.3971,449688.8388,02-6080-2948,수: 11:00 - 21:00; 목: 11:00 - 21:00; 금: 11:00 - 21:00; 토: 11:00 - 21:00; 일: 11:00 - 21:00; 월: 11:00 - 21:00; 화: 11:00 - 21:00,334,"['포장', '배달', '무선 인터넷']",주차 가능,"[['""음식이 맛있어요""', 373], ['""친절해요""', 138], ['""양이 많아요""', 119], ['""특별한 메뉴가 있어요""', 105]]",[],"[[""홍콩식 우육탕면"", 9000], [""청경채 도가니 양지탕면"", 11000], [""우육간장덮밥"", 9000]]",한식
421,79.54,"서울특별시 마포구 잔다리로7안길 10 (서교동, 1층)",칼국수수제비가,192586.6671,450047.1308,02-333-8068,수: 11:00 - 20:00; 목: 11:00 - 20:00; 금: 11:00 - 20:00; 토: 정기휴무 (매주 토요일); 일: 정기휴무 (매주 일요일); 월: 11:00 - 20:00; 화: 11:00 - 20:00,181,[],,"[['""음식이 맛있어요""', 197], ['""친절해요""', 69], ['""가성비가 좋아요""', 58], ['""재료가 신선해요""', 53]]",[],"[[""칼국수"", 8000], [""수제비"", 8000], [""바지락 칼국수"", 9000], [""얼큰 칼국수"", 9000], [""들깨 칼국수"", 9000], [""차돌비빔칼국수"", 10000], [""콩칼국수"", 12000]]",한식
422,54.8,"서울특별시 마포구 독막로7길 60 (서교동, 1층)",디저트39,192882.9505,449785.8767,02-6953-2045,,93,"['단체 이용 가능', '포장', '무선 인터넷', '예약', '반려동물 동반', '남/녀 화장실 구분']",주차 불가,"[['""커피가 맛있어요""', 70], ['""디저트가 맛있어요""', 67], ['""음료가 맛있어요""', 66], ['""가성비가 좋아요""', 48]]",['단체석'],"[[""플레인 베이글"", 2900], [""플레인 휘낭시에"", 2900], [""순수 우유 케익(조각)"", 6500], [""더바삭 소금빵"", 3800], [""아메리카노"", 2900], [""카페라떼"", 4200], [""바닐라라떼"", 4600], [""돌체라떼"", 4600], [""카라멜 마끼아또"", 4600], [""아인슈페너 라떼"", 6100], [""바닐라크림 콜드브루"", 5100], [""녹차라떼"", 4400], [""복숭아아이스티 코코넛젤리"", 3800], [""피치 자몽 아이스티"", 3800], [""피치 오렌지 아이스티"", 3800], [""캐모마일티"", 3900], [""허니 자몽 블랙티"", 5200], [""완전 진한 카라멜 도넛"", 3500], [""초코 크루아상"", 4800], [""티라미수 크레이프"", 7500]]",양식
423,28.83,"서울특별시 마포구 홍익로 3-5 (서교동, 1층)",포보,193182.9645,450065.3655,0507-1318-5628,목: 11:30 - 19:30; 금: 11:30 - 19:30; 토: 11:30 - 19:30; 일: 12:00 - 15:30; 월: 11:30 - 19:30; 화: 11:30 - 19:30,241,"['포장', '무선 인터넷']",주차 불가,"[['""음식이 맛있어요""', 189], ['""가성비가 좋아요""', 104], ['""혼밥하기 좋아요""', 93], ['""양이 많아요""', 85]]",['입식'],"[[""로스A set"", 9800], [""로스B set"", 10000], [""로스C set"", 9800], [""치킨A set"", 9800], [""치킨B set"", 10000], [""치킨C set"", 9800], [""로스카츠"", 8000], [""치킨카츠"", 8000], [""소고기 쌀국수"", 7000], [""매운 소고기 쌀국수"", 7500], [""냉모밀"", 7000]]",양식
424,156,"서울특별시 마포구 양화로 99, 1층 101호 (서교동)",백년육일집,192703.7116,450090.9097,02-322-2732,수: 10:00 - 21:00; 목: 10:00 - 21:00; 금: 10:00 - 21:00; 토: 10:00 - 21:00; 일: 10:00 - 21:00; 월: 10:00 - 21:00; 화: 10:00 - 21:00,351,"['무선 인터넷', '포장', '배달', '단체 이용 가능']",,"[['""음식이 맛있어요""', 315], ['""친절해요""', 81], ['""혼밥하기 좋아요""', 70], ['""재료가 신선해요""', 65]]",[],"[[""한우곰탕"", 10000], [""특곰탕"", 15000], [""얼큰곰탕"", 11000], [""얼큰특곰탕"", 16000], [""한우곰탕콤비"", 16000], [""얼큰곰탕콤비"", 17000], [""곰탕만둣국"", 9000], [""얼큰만둣국"", 12000], [""도가니탕"", 16000], [""한우사골떡국"", 10000], [""한우사골떡만둣국"", 11000], [""한우설렁탕"", 9000], [""냉면 (물냉,비냉)"", 10000], [""모둠수육 (소)"", 30000], [""도가니수육 (중)"", 45000], [""궁중갈비찜 (중)"", 45000], [""매운갈비찜 (중)"", 45000]]",한식
425,83.9,"서울특별시 마포구 잔다리로 5-1 (서교동, 1층)",광동포차,193065.6011,449807.0937,02-3142-1224,수: 18:00 - 06:00; 목: 18:00 - 06:00; 금: 18:00 - 06:00; 토: 18:00 - 06:00; 일: 18:00 - 06:00; 월: 18:00 - 06:00; 화: 18:00 - 06:00,122,"['예약', '단체 이용 가능', '무선 인터넷', '남/녀 화장실 구분']",주차 가능,"[['""음식이 맛있어요""', 99], ['""친절해요""', 46], ['""기본 안주가 좋아요""', 30], ['""대화하기 좋아요""', 18]]",[],"[[""고추장찌개"", 18000], [""해물누룽지탕"", 18000], [""마늘똥집"", 18000], [""닭도리탕"", 23000], [""매운갈비찜"", 23000]]",한식
426,4.95,"서울특별시 마포구 양화로 57, 지상1층 (서교동)",문짱김밥,192389.5777,449800.6653,,,82,[],,"[['""음식이 맛있어요""', 109], ['""친절해요""', 43], ['""재료가 신선해요""', 41], ['""혼밥하기 좋아요""', 22]]",[],"[[""김치참치김밥"", 5000], [""유부김밥"", 5000], [""맘김밥(기본)"", 4000], [""오징어채김밥"", 5000]]",한식
427,31.74,"서울특별시 마포구 홍익로 3-11, 1층동 (서교동)",고집,193163.8362,450061.5984,02-334-8774,,124,[],,"[['""음식이 맛있어요""', 109], ['""가성비가 좋아요""', 59], ['""반찬이 잘 나와요""', 55], ['""혼밥하기 좋아요""', 45]]",[],"[[""돼지 연탄구이백반"", 9500], [""고추장 연탄구이백반"", 9500], [""고등어 연탄구이백반"", 9500], [""해물 순두부찌개"", 9000], [""뚝배기 불고기"", 9000], [""뚝배기 낙지볶음"", 9000], [""돼지 김치찌개"", 9000], [""닭불고기덮밥"", 8500], [""김치제육덮밥"", 8500], [""참치회덮밥"", 8000], [""알밥"", 8000]]",한식
428,96.74,"서울특별시 마포구 와우산로18길 38, 지1층 (서교동)",플라워,193213.5692,449964.8317,0507-1325-3239,,117,"['예약', '남/녀 화장실 구분', '무선 인터넷']",,"[['""술이 다양해요""', 90], ['""친절해요""', 58], ['""대화하기 좋아요""', 58], ['""음식이 맛있어요""', 56]]",[],"[[""무제한 칵테일"", 26000], [""팝콘"", 6000], [""황도"", 12000], [""나쵸"", 12000], [""감자튀김과 소시지"", 15000], [""버팔로 윙"", 18000], [""타코야끼"", 12000], [""말린 치즈와 건과일"", 12000], [""해시브라운, 치즈스틱 (8ea)"", 17000], [""허브에 절인 올리브"", 14000]]",주점
429,31.51,"서울특별시 마포구 양화로6길 57-12, 지하1층 (서교동)",스푼,192669.3832,449648.5161,0507-1387-0536,수: 정기휴무 (매주 수요일); 목: 정기휴무 (매주 목요일); 금: 정기휴무 (매주 금요일); 토: 정기휴무 (매주 토요일); 일: 정기휴무 (매주 일요일); 월: 01:00 - 02:00; 화: 정기휴무 (매주 화요일),172,[],,"[['""음식이 맛있어요""', 184], ['""특별한 메뉴가 있어요""', 108], ['""친절해요""', 82], ['""재료가 신선해요""', 78]]",[],"[[""브레드&풀드포크"", 18000], [""연어까르보나라"", 17000], [""중화두반장페투치니"", 16000], [""브라스킷포르치니리조또"", 16000], [""로제라구뇨끼"", 16000], [""고르곤졸라크림뇨끼"", 16000], [""통베이컨스테이크"", 22000]]",양식
430,68.11,"서울특별시 마포구 와우산로18길 15, 1층 (서교동)",쎄리네찜닭,193183.7972,449859.2153,02-323-9381,수: 11:00 - 21:30; 목: 11:00 - 21:30; 금: 11:00 - 21:30; 토: 11:00 - 21:30; 일: 11:00 - 21:30; 월: 정기휴무 (매주 월요일); 화: 11:00 - 21:30,154,"['단체 이용 가능', '배달', '포장', '예약', '남/녀 화장실 구분']",주차 불가,"[['""음식이 맛있어요""', 190], ['""친절해요""', 74], ['""양이 많아요""', 74], ['""특별한 메뉴가 있어요""', 61]]",[],"[[""간장찜닭"", 24000], [""누룽지볶음밥"", 3000]]",한식
431,20,"서울특별시 마포구 어울마당로 114, 1층 (서교동)",공차 홍대점,193144.3727,450286.94,02-3144-0743,수: 10:00 - 22:00; 목: 10:00 - 22:00; 금: 10:00 - 23:00; 토: 10:00 - 23:00; 일: 10:00 - 22:00; 월: 10:00 - 22:00; 화: 10:00 - 22:00,737,"['포장', '무선 인터넷']",,"[['""음료가 맛있어요""', 626], ['""차가 맛있어요""', 376], ['""친절해요""', 213], ['""디저트가 맛있어요""', 105]]",[],"[[""블랙밀크티+펄(L)"", 4700], [""망고 요구르트 + 화이트펄(L)"", 5200], [""우롱티 + 코코넛 + 밀크폼(L)"", 4700], [""초콜렛 밀크티 + 밀크폼(L)"", 4700], [""딸기 쿠키 스무디 + 펄(L)"", 5900], [""블랙 밀크티(L)"", 4500], [""얼그레이 밀크티(L)"", 4500], [""우롱 밀크티(L)"", 4500], [""초콜렛 밀크티(L)"", 4500], [""자스민 밀크티(L)"", 4500], [""타로 밀크티(L)"", 4500], [""제주 그린 밀크티(L)"", 4900], [""브라운슈가 쥬얼리 밀크티(L)"", 5500], [""자스민티(L)"", 4000], [""블랙티(L)"", 4000], [""블랙 스파클링 티(L)"", 4300], [""얼그레이티(L)"", 4000], [""얼그레이 스파클링 티(L)"", 4300], [""우롱티(L)"", 4000], [""우롱 스파클링 티(L)"", 4300], [""자스민 스파클링 티(L)"", 4300]]",한식
432,75.42,"서울특별시 마포구 독막로3길 46, 1층 (서교동)",리춘시장 합정역점,192666.3323,449765.2846,02-333-8959,수: 17:30 - 01:00; 목: 17:30 - 01:00; 금: 17:30 - 02:00; 토: 17:30 - 02:00; 일: 17:30 - 01:00; 월: 18:00 - 01:00; 화: 18:00 - 01:00,158,"['단체 이용 가능', '포장', '배달', '예약']",,"[['""음식이 맛있어요""', 174], ['""가성비가 좋아요""', 100], ['""특별한 메뉴가 있어요""', 51], ['""친절해요""', 46]]",[],"[[""마라샹궈"", null], [""마라탕"", null], [""우삼겹대창 마라전골"", null], [""중화허니콤보"", null], [""크림짬뽕"", null], [""난자완스"", null], [""먹태구이"", null], [""꿔바로우"", null], [""고추듬뿍유린기"", null], [""크림새우"", null], [""칠리새우"", null], [""연유요우티아오"", null], [""오이무침"", null], [""꿀토마토"", null], [""리춘계란볶음밥"", null], [""군만두"", null], [""즈란닭꼬치튀김"", null], [""토마토계란볶음"", null]]",중식
433,36,"서울특별시 마포구 월드컵북로5길 22, 1층 (서교동)",국일순대국,192638.3115,450539.3383,0507-1335-5823,수: 11:00 - 21:00; 목: 11:00 - 21:00; 금: 11:00 - 21:00; 토: 정기휴무 (매주 토요일); 일: 정기휴무 (매주 일요일); 월: 11:00 - 21:00; 화: 11:00 - 21:00,100,['포장'],,"[['""음식이 맛있어요""', 87], ['""양이 많아요""', 45], ['""친절해요""', 31], ['""혼밥하기 좋아요""', 23]]",[],"[[""순대국밥"", 10000], [""순대국밥(특)"", 11000], [""술국"", 18000], [""수육(중)"", 22000], [""수육(대)"", 32000], [""오소리감투"", 18000]]",한식
434,33,"서울특별시 마포구 동교로22길 38, 1층 우측호 (서교동)",연가정,192677.4899,450231.7505,0507-1304-1679,목: 11:00 - 18:00; 금: 11:00 - 18:00; 토: 12:00 - 16:00; 일: 정기휴무 (매주 일요일); 월: 11:00 - 18:00; 화: 11:00 - 18:00,190,['무선 인터넷'],,"[['""음식이 맛있어요""', 235], ['""혼밥하기 좋아요""', 120], ['""재료가 신선해요""', 114], ['""친절해요""', 86]]",[],"[[""칼국수"", 10000], [""초계냉칼국수"", 12000], [""비빔면"", 11000], [""오리칼국수"", 12000], [""닭곰탕"", 10000], [""들깨새우칼국수"", 12000]]",한식
435,68.28,"서울특별시 마포구 어울마당로 53, 2층 (서교동)",포킹94,192937.5758,449746.9106,0507-1312-7146,수: 16:00 - 02:00; 목: 16:00 - 02:00; 금: 16:00 - 03:00; 토: 14:00 - 03:00; 일: 16:00 - 02:00; 월: 16:00 - 02:00; 화: 정기휴무 (매주 화요일),140,"['무선 인터넷', '단체 이용 가능', '예약', '포장']",,"[['""음식이 맛있어요""', 118], ['""술이 다양해요""', 90], ['""친절해요""', 74], ['""특별한 메뉴가 있어요""', 62]]",[],"[[""감자게살범벅"", 23800], [""콰트로치킨&소세지플래터"", 34800], [""블루오션하이볼"", 9000], [""얼그레이하이볼"", 8500], [""텐더&소세지칩"", 24800], [""레몬타워하이볼"", 9000]]",양식
436,82.59,"서울특별시 마포구 독막로9길 19, 지1층 (서교동)",야키토리 엔,192849.8977,449662.4192,0507-1336-4349,수: 18:00 - 02:00; 목: 18:00 - 02:00; 금: 18:00 - 03:00; 토: 18:00 - 03:00; 일: 18:00 - 02:00; 월: 18:00 - 02:00; 화: 정기휴무 (매주 화요일),178,"['단체 이용 가능', '무선 인터넷', '예약']",,"[['""음식이 맛있어요""', 174], ['""친절해요""', 92], ['""특별한 메뉴가 있어요""', 71], ['""재료가 신선해요""', 53]]",[],"[[""모듬꼬치 5종"", 14500], [""치킨가라아게"", 8300], [""닭연골 가라아게"", 6800], [""감자튀김"", 6000]]",일식
437,132.66,"서울특별시 마포구 어울마당로5길 17, 1층 (서교동)",별그리는바다,192812.7193,449656.1886,02-333-4011,수: 16:00 - 05:00; 목: 16:00 - 05:00; 금: 15:00 - 05:00; 토: 14:00 - 05:00; 일: 16:00 - 05:00; 월: 16:00 - 05:00; 화: 16:00 - 05:00,437,"['단체 이용 가능', '예약']",,"[['""음식이 맛있어요""', 447], ['""친절해요""', 318], ['""인테리어가 멋져요""', 192], ['""대화하기 좋아요""', 173]]",[],"[[""타코와사비"", 10000], [""소고기타다끼"", 24000], [""연어사시미"", 26000], [""새우튀김"", 19000], [""대삼치구이"", 22000], [""연어샐러드"", 20000], [""간사이오뎅탕"", 20000], [""차돌숙주볶음"", 19000], [""간장새우"", 25000], [""명란구이"", 12000], [""얼그레이하이볼"", 8500], [""사시미 모리아와세 2인"", 43000], [""사시미 모리아와세 4인"", 63000], [""카이센 버터야끼"", 23000], [""명란크림 파스타"", 20000], [""미소항정살구이"", 21000], [""메로구이"", 21000], [""도미머리구이"", 18000], [""연어머리구이"", 17500], [""토마토치즈나베"", 21000], [""모츠나베(매운/순한)"", 22000]]",일식
438,64.06,"서울특별시 마포구 독막로3길 28-17, 1층 101호 (서교동)",마실랭가이드,192784.5186,450323.1735,02-336-3511,수: 11:00 - 20:00; 목: 11:00 - 20:00; 금: 11:00 - 20:00; 토: 정기휴무 (매주 토요일); 일: 정기휴무 (매주 일요일); 월: 11:00 - 20:00; 화: 11:00 - 20:00,215,['포장'],,"[['""음식이 맛있어요""', 180], ['""가성비가 좋아요""', 55], ['""재료가 신선해요""', 52], ['""양이 많아요""', 47]]",[],"[[""매일 바뀌는 밥상 (낮밥만 가능)"", 10000], [""명란 소불고기 덮밥"", 13000], [""참치회 덮밥"", 13000], [""연어장 덮밥"", 15000], [""간장 새우장 정식"", 15000], [""수비드 스테이크 덮밥"", 15000], [""우삼겹 숙주덮밥"", 13000]]",한식
439,113.24,"서울특별시 마포구 잔다리로 68, 한국YMCA전국연맹빌딩 1층 (서교동)",한소끔 가정식손만두,192610.9203,450178.9821,0507-1433-6657,수: 11:00 - 15:00; 목: 11:00 - 15:00; 금: 11:00 - 15:00; 토: 정기휴무 (매주 토요일); 일: 정기휴무 (매주 일요일); 월: 11:00 - 15:00; 화: 11:00 - 15:00,193,"['단체 이용 가능', '포장', '배달', '예약', '무선 인터넷']",주차 가능,"[['""음식이 맛있어요""', 271], ['""친절해요""', 88], ['""재료가 신선해요""', 71], ['""혼밥하기 좋아요""', 67]]",[],"[[""튀김손만두(6p)"", 7000], [""한소끔 김치 손만두"", 7000], [""가정식 손만두국"", 10000], [""가정식 떡만두국"", 10000], [""가정식칼만두국"", 10000], [""소고기떡국"", 9000], [""직접만든 동그랑땡"", 8000], [""한소끔 비빔밥"", 10000], [""매콤 비빔면"", 8500], [""매콤 비빔면+튀김만두(3p)"", 11000], [""직접갈아만든 콩국수(여름메뉴)"", 10000], [""굴만두국(계울메뉴)"", 13000], [""굴떡만두국(겨울메뉴)"", 13000], [""굴칼만두국(겨울메뉴)"", 13000], [""굴떡국"", 12000]]",한식
440,72.04,"서울특별시 마포구 동교로 149-16, 1층 (서교동)",뚜또 페르 뚜띠,192696.7082,450380.2098,,수: 08:30 - 18:00; 목: 08:30 - 18:00; 금: 08:30 - 18:00; 토: 09:00 - 18:30; 일: 09:00 - 18:30; 월: 08:30 - 14:30; 화: 08:30 - 18:00,264,"['포장', '예약', '무선 인터넷', '반려동물 동반', '배달']",주차 불가,"[['""음식이 맛있어요""', 288], ['""특별한 메뉴가 있어요""', 194], ['""인테리어가 멋져요""', 177], ['""친절해요""', 165]]",[],"[[""프로슈토 파니니"", 13000]]",양식
441,98.42,"서울특별시 마포구 양화로11길 14-5, NFM빌딩 1층 (서교동)",핏제리아오 합정역점,192488.5819,450000.5686,0507-1371-3534,수: 11:00 - 21:30; 목: 11:00 - 21:30; 금: 11:00 - 21:30; 토: 11:00 - 21:30; 일: 11:00 - 21:30; 월: 정기휴무 (매주 월요일); 화: 11:00 - 21:30,464,"['포장', '배달', '무선 인터넷', '예약', '단체 이용 가능', '유아의자']",주차 불가,"[['""음식이 맛있어요""', 503], ['""재료가 신선해요""', 347], ['""친절해요""', 332], ['""매장이 청결해요""', 198]]",[],"[[""마르게리따 부팔라"", 19500], [""스텔라"", 29000], [""마르게리따 부라타"", 23000]]",양식
442,92.9,"서울특별시 마포구 양화로6길 57 (서교동,2층)",다이닝 미야비,192632.0867,449620.7473,0507-1328-3142,수: 17:00 - 23:00; 목: 17:00 - 23:00; 금: 17:00 - 01:00; 토: 16:00 - 01:00; 일: 16:00 - 23:00; 월: 17:00 - 23:00; 화: 17:00 - 23:00,632,"['콜키지 가능', '무선 인터넷', '예약', '단체 이용 가능']",주차 불가,"[['""음식이 맛있어요""', 616], ['""인테리어가 멋져요""', 319], ['""친절해요""', 247], ['""대화하기 좋아요""', 245]]",[],"[[""미야비코스"", 80000], [""후토마끼"", 17000]]",양식
443,50.9,"서울특별시 마포구 독막로3길 28-7, 1층 좌측코너 (서교동)",피그바,192641.3168,449696.3174,0507-1414-1178,수: 17:00 - 23:00; 목: 17:00 - 23:00; 금: 17:00 - 24:00; 토: 17:00 - 24:00; 일: 17:00 - 23:00; 월: 17:00 - 23:00; 화: 정기휴무 (매주 화요일),987,"['콜키지 가능', '단체 이용 가능', '예약', '무선 인터넷', '대기공간']",무료 주차 가능,"[['""음식이 맛있어요""', 908], ['""고기 질이 좋아요""', 720], ['""친절해요""', 482], ['""인테리어가 멋져요""', 359]]","['단체석', '입식', '연인석', '1인석']","[[""피그목살"", 15000], [""피그삼겹살"", 15000], [""벌집껍데기"", 9000], [""광광 우렁 된장찌개"", 6000], [""된장술밥"", 8000], [""칼칼 우삼겹 순두부찌개"", 8000], [""살얼음 김치말이국수"", 7000], [""수제비홍합탕"", 14000], [""해물듬뿍 해장라면"", 8000], [""관자버터구이"", 7000]]",한식
444,38.19,"서울특별시 마포구 홍익로5안길 24, 1층 102호 (서교동)",정이,192988.885,450160.268,0507-1476-1286,수: 17:00 - 03:00; 목: 17:00 - 03:00; 금: 17:00 - 03:00; 토: 17:00 - 03:00; 일: 17:00 - 03:00; 월: 정기휴무 (매주 월요일); 화: 17:00 - 03:00,390,['포장'],,"[['""음식이 맛있어요""', 379], ['""친절해요""', 215], ['""가성비가 좋아요""', 215], ['""대화하기 좋아요""', 176]]",[],"[[""오징어 김치전"", 15000], [""바지락탕"", 15000], [""제육볶음"", 15000], [""돼지고기김치찌개"", 18000], [""계란우동"", 6000], [""오징어숙회"", 15000], [""해물순두부"", 15000], [""번데기"", 10000], [""소라숙회"", 15000], [""소라무침"", 20000], [""생선구이"", 15000], [""무뼈닭발볶음"", 15000], [""쏘세지 떡꼬치"", 13000], [""목전지구이"", 15000]]",주점
445,35,"서울특별시 마포구 잔다리로7안길 3, 1층 (서교동)",커리지널,192620.5296,450073.7824,0507-1465-3781,수: 정기휴무 (매주 수요일); 목: 11:00 - 20:30; 금: 11:00 - 20:30; 토: 11:00 - 20:30; 일: 11:00 - 20:30; 월: 11:00 - 20:30; 화: 11:00 - 20:30,462,['무선 인터넷'],주차 불가,"[['""음식이 맛있어요""', 484], ['""재료가 신선해요""', 224], ['""혼밥하기 좋아요""', 213], ['""특별한 메뉴가 있어요""', 201]]",[],"[[""야채 스프카레"", 11000], [""차슈 스프카레"", 13500], [""튀긴 장각 스프카레"", 15500], [""하와이안 새우 스프카레"", 16000], [""차슈 카레라이스"", 9500], [""마라 스프카레"", 15500], [""가지만두"", 4000]]",기타
446,87.11,"서울특별시 마포구 독막로7길 26, 1층 (서교동)",일일수작 홍대합정점,192795.952,449635.8505,0507-1441-9124,수: 17:00 - 05:00; 목: 17:00 - 05:00; 금: 16:00 - 06:00; 토: 15:00 - 06:00; 일: 16:00 - 05:00; 월: 17:00 - 05:00; 화: 17:00 - 05:00,387,"['생일 혜택', '단체 이용 가능', '예약', '무선 인터넷', '남/녀 화장실 구분']",유료 주차 가능,"[['""음식이 맛있어요""', 352], ['""기본 안주가 좋아요""', 236], ['""술이 다양해요""', 177], ['""친절해요""', 155]]","['단체석', '테라스']","[[""팽이삼겹꼬치"", null], [""아스파라거스 삼겹꼬치"", null], [""모둠꼬치"", null], [""은행꼬치"", null], [""닭껍질꼬치"", null], [""닭목살꼬치"", null], [""닭꼬치"", null], [""파닭꼬치"", null], [""옥수수김치전"", null], [""이태리 치즈 감자전"", null], [""해물 부추전"", null], [""알배추찜과 보쌈수육"", null], [""묵은지 문어숙회"", null], [""단호박 치즈 훈제오리찜"", null], [""단호박 치즈불닭"", null], [""통마늘모래집볶음"", null], [""김치어묵칼국수"", null], [""미니샤브 우삼겹전골"", null], [""꼬치어묵 유부전골"", null], [""해물듬뿍 쫄면순두부"", null]]",일식
447,107.97,"서울특별시 마포구 양화로7길 6-5, 지1층 (서교동, 와와빌딩)",럭키인디아,192437.5773,449930.212,02-336-7782,수: 11:30 - 22:00; 목: 11:30 - 22:00; 금: 11:30 - 22:00; 토: 11:30 - 22:00; 일: 11:30 - 22:00; 월: 17:30 - 22:00; 화: 11:30 - 22:00,396,"['콜키지 가능', '비건 메뉴', '예약', '단체 이용 가능', '무선 인터넷', '포장', '남/녀 화장실 구분', '배달', '반려동물 동반', '유아의자', '출입구 휠체어 이용가능', '좌석 휠체어 이용가능']",주차 불가,"[['""음식이 맛있어요""', 372], ['""인테리어가 멋져요""', 194], ['""친절해요""', 151], ['""재료가 신선해요""', 123]]","['단체석', '카운터석', '바테이블', '1인석', '테라스']","[[""Keema Matar with a boiled Egg"", 21000], [""Egg curry"", 19000], [""Lentil Soup"", 8000], [""Pakora (4pc)"", 6000], [""Palak"", 19000]]",기타
448,155.86,"서울특별시 마포구 어울마당로 44-1, 보리수빌딩 지상1층 (서교동)",짬뽕지존 홍대점,192948.7513,449633.552,0507-1315-6158,,292,"['단체 이용 가능', '포장', '배달', '예약', '무선 인터넷', '남/녀 화장실 구분']",무료 주차 가능,"[['""음식이 맛있어요""', 341], ['""양이 많아요""', 129], ['""매장이 넓어요""', 116], ['""친절해요""', 75]]",[],"[[""마파두부밥"", 10000], [""게삼볶음밥"", 10000], [""군만두"", 7000], [""맛보기군만두"", 4000], [""연유꽃빵"", 4000], [""한영양만점마파두부밥"", 10000], [""게살볶음밥"", 10000], [""찹쌀탕수육"", 17000], [""사천탕수육"", 19000], [""유린기"", 23000], [""깐풍기"", 28000], [""지존짬뽕"", 12000], [""수제비짬뽕"", 12000], [""지존짜장"", 8500], [""순두부짬뽕면"", 13000], [""쌀국수짬뽕"", 12000], [""지존짬뽕밥"", 12000]]",중식
449,93.26,"서울특별시 마포구 잔다리로 10 (서교동, 1층일부)",용용선생 홍대점 1호점,193039.718,449851.9014,0507-1391-3996,수: 17:00 - 02:00; 목: 17:00 - 02:00; 금: 17:00 - 04:00; 토: 17:00 - 04:00; 일: 17:00 - 02:00; 월: 17:00 - 02:00; 화: 17:00 - 02:00,370,['단체 이용 가능'],,"[['""음식이 맛있어요""', 376], ['""특별한 메뉴가 있어요""', 187], ['""친절해요""', 152], ['""가성비가 좋아요""', 114]]",[],"[[""중화오이무침"", 5900], [""홍콩식닭냉채"", 7900], [""고수무침"", 7900], [""흑후추우삼겹"", 11900], [""소고기마라샹궈"", 11900], [""간장계란볶음밥"", 5900], [""깐풍닭튀김"", 10900], [""마라왕교자(6p)"", 6900], [""연유꽃빵(6p)"", 6900], [""게살계란탕"", 13900], [""우육탕(면)"", 14900], [""마라마요새우"", 14900], [""화산마라전골"", 22900], [""용과모량주샤베트"", 8900], [""코코넛아이스크림"", 8900], [""고추바삭유린기"", 18900], [""시리얼새우"", 18900], [""홍콩덕냉채"", 18900], [""홍콩덕즈마면"", 17900], [""마라마요멘보샤"", 13900], [""버터깐풍기"", 14900]]",한식
450,134.14,"서울특별시 마포구 양화로11길 46 (서교동, 1층)",온리원갈비 합정,192355.634,450015.8761,0507-1331-8464,수: 11:20 - 22:00; 목: 11:20 - 22:00; 금: 11:20 - 22:00; 토: 11:30 - 22:00; 일: 11:30 - 22:00; 월: 11:20 - 22:00; 화: 11:20 - 22:00,496,"['와인 페어링', '콜키지 가능', '단체 이용 가능', '포장', '예약', '무선 인터넷', '남/녀 화장실 구분', '반려동물 동반', '유아의자', '출입구 휠체어 이용가능', '좌석 휠체어 이용가능']",무료 주차 가능,"[['""음식이 맛있어요""', 520], ['""친절해요""', 256], ['""가성비가 좋아요""', 250], ['""매장이 넓어요""', 178]]","['룸', '단체석', '입식']","[[""한돈 갈비 정식"", 16000], [""소등심(170g)"", 31000], [""한돈 수제 양념갈비(250g)"", 16000], [""한돈 생갈비(220g)"", 16000], [""철판 숯불고기 정식"", 10000], [""한돈 묵은지 김치찜"", 11000], [""소갈비살(170g)"", 21000], [""양념 소갈비살(200g)"", 25000], [""양념 껍데기"", 10000], [""육개장 정식"", 10000], [""콘치즈버터구이"", 6000], [""계란찜"", 4000], [""후식냉면"", 6000], [""한돈 김치찌개"", 7000]]",한식
451,66.1,"서울특별시 마포구 홍익로5안길 16, 1층 일부호 (서교동)",남도뽀글이,193013.7932,450184.2324,02-336-8971,수: 16:00 - 24:00; 목: 16:00 - 24:00; 금: 16:00 - 24:00; 토: 16:00 - 24:00; 일: 16:00 - 24:00; 월: 정기휴무 (매주 월요일); 화: 16:00 - 24:00,200,"['남/녀 화장실 구분', '단체 이용 가능', '무선 인터넷', '예약']",,"[['""음식이 맛있어요""', 204], ['""친절해요""', 111], ['""가성비가 좋아요""', 100], ['""재료가 신선해요""', 70]]",[],"[[""소곱창"", null], [""소막창구이"", null], [""소막창"", null], [""소염통"", null], [""볶음밥"", null]]",한식
452,78.8,"서울특별시 마포구 독막로5길 28, 1층 (서교동)",라뎅,192743.8387,449665.6881,0507-1404-7971,수: 11:00 - 24:00; 목: 11:00 - 24:00; 금: 11:00 - 02:00; 토: 11:00 - 02:00; 일: 11:00 - 24:00; 월: 정기휴무 (매주 월요일); 화: 11:00 - 24:00,148,"['단체 이용 가능', '예약', '무선 인터넷', '남/녀 화장실 구분']",주차 불가,"[['""음식이 맛있어요""', 148], ['""인테리어가 멋져요""', 88], ['""재료가 신선해요""', 86], ['""친절해요""', 72]]","['연인석', '입식', '1인석']","[[""규코츠라멘"", 10000], [""카라규코츠라멘"", 11000], [""기린(생)"", 6000], [""오리온(생)"", 8000], [""야끼만두"", 4000]]",일식
453,84.99,"서울특별시 마포구 월드컵북로5가길 34 (서교동, B1층)",도원,192800.4727,450431.5246,02-332-4462,,244,[],,"[['""음식이 맛있어요""', 232], ['""가성비가 좋아요""', 98], ['""재료가 신선해요""', 91], ['""양이 많아요""', 87]]",[],"[[""짜장면"", 6000], [""짬뽕"", 7000], [""우동"", 7000], [""간짜장면"", 7000], [""삼선간짜장"", 9000], [""쟁반짜장"", 8000], [""볶음짬뽕"", 10000], [""삼선짬뽕"", 10000], [""고추짬뽕"", 10000], [""사천탕면"", 10000], [""백짬뽕"", 10000], [""차돌짬뽕"", 10000], [""삼선우동"", 10000], [""볶음밥"", 8000], [""잡채밥"", 9000], [""마파두부밥"", 9000], [""특밥"", 9000], [""고추밥"", 9000], [""삼선볶음밥"", 10000], [""새우볶음밥"", 10000], [""게살볶음밥"", 11000], ["""", null], ["""", null], ["""", null], ["""", null], ["""", null], ["""", null], ["""", null], ["""", null], ["""", null], ["""", null], ["""", null], ["""", null], ["""", null], ["""", null], ["""", null], ["""", null], ["""", null], ["""", null], ["""", null], ["""", null], ["""", null], ["""", null], ["""", null], ["""", null], ["""", null], ["""", null], ["""", null], ["""", null], ["""", null]]",한식
454,82.35,"서울특별시 마포구 어울마당로 136-13 (서교동, 2층)",부야스곱창,193365.88,450391.2187,02-3144-4967,수: 16:00 - 01:00; 목: 16:00 - 01:00; 금: 16:00 - 01:00; 토: 15:00 - 01:00; 일: 15:00 - 01:00; 월: 16:00 - 01:00; 화: 16:00 - 01:00,236,"['포장', '남/녀 화장실 구분', '배달']",주차 불가,"[['""음식이 맛있어요""', 171], ['""친절해요""', 51], ['""가성비가 좋아요""', 41], ['""양이 많아요""', 34]]",[],"[[""알곱창"", 13000], [""야채곱창"", 13000]]",한식
455,45,"서울특별시 마포구 와우산로29길 56-6, 지1층 (서교동)",토메루,193481.8979,450434.953,0507-1319-9206,,661,"['콜키지 가능', '무선 인터넷', '반려동물 동반', '예약', '단체 이용 가능', '포장', '배달']",주차 불가,"[['""음식이 맛있어요""', 602], ['""친절해요""', 380], ['""대화하기 좋아요""', 231], ['""술이 다양해요""', 207]]",[],"[[""사사미명란마요"", 3500], [""항정구이"", 4500], [""명란항정구이"", 4700], [""난코츠"", 3500], [""쯔꾸네"", 5000], [""떡베이컨"", 3600], [""사사미와사비마요"", 3500], [""세세리(닭목살)"", 3500], [""토리카와(닭껍질)"", 3000], [""하츠(염톰)"", 3000], [""테바사키(닭날개)"", 4000], [""방울토마토 베이컨"", 3600], [""애호박 베이컨"", 3600], [""메추리알 베이컨"", 3600], [""양솜이버섯구이"", 3200], [""새솜이버섯구이"", 3200], [""표고버섯구이"", 3200], [""방울토마토구이 (2pcs)"", 3000], [""애호박구이 (2pcs)"", 3000], [""꽈리고추구이 (2pcs)"", 3000], [""메추리알구이 (2pcs)"", 3000]]",일식
456,164,"서울특별시 마포구 와우산로18길 20, 1층,중1층 (서교동)",홍대예티,193216.9278,449861.6098,0507-1319-0745,수: 11:00 - 24:00; 목: 11:00 - 24:00; 금: 11:00 - 02:00; 토: 11:00 - 02:00; 일: 11:00 - 24:00; 월: 11:00 - 24:00; 화: 11:00 - 24:00,778,"['콜키지 가능', '비건 메뉴', '예약', '단체 이용 가능', '포장', '무선 인터넷', '남/녀 화장실 구분', '배달']",무료 주차 가능,"[['""음식이 맛있어요""', 586], ['""인테리어가 멋져요""', 374], ['""매장이 넓어요""', 268], ['""친절해요""', 258]]","['좌식', '입식', '단체석']","[[""탄투리치킨(Half)"", 10000], [""치킨티카"", 12000], [""감자말이새우"", 12000], [""베지브리야니"", 9000], [""치킨짜오민"", 9000]]",양식
457,63.97,"서울특별시 마포구 양화로 72, 101동 1층 131호 (서교동, 서교동 효성 해링턴 타워)",네비올로 합정,192555.052,449861.9558,0507-1439-0805,수: 15:00 - 24:00; 목: 15:00 - 24:00; 금: 15:00 - 24:00; 토: 15:00 - 24:00; 일: 정기휴무 (매주 일요일); 월: 정기휴무 (매주 월요일); 화: 15:00 - 24:00,241,"['콜키지 가능', '와인 페어링', '전문 소믈리에', '포장', '배달', '단체 이용 가능', '예약', '무선 인터넷', '남/녀 화장실 구분', '장애인 휠체어 이용가능', '출입구 휠체어 이용가능', '좌석 휠체어 이용가능', '장애인 주차구역']",유료 주차 가능,"[['""음식이 맛있어요""', 235], ['""술이 다양해요""', 142], ['""인테리어가 멋져요""', 134], ['""대화하기 좋아요""', 102]]","['단체석', '입식', '바테이블', '테라스', '연인석', '1인석']","[[""엔초비 스파게티"", 18000], [""멜론 자몽 하몽"", 18000], [""살치살 스테이크 (300g)"", 59000], [""스파이시 초리죠 펜네"", 20000], [""바질 페스토 크림 뇨끼"", 23000], [""트러플 빠께리"", 25000], [""갈릭 버터 알감자"", 14000]]",양식
458,67.53,"서울특별시 마포구 어울마당로 112-6, 1층 (서교동)",홍마떡,193157.9737,450269.8303,0507-1416-1107,수: 정기휴무 (매주 수요일); 목: 11:30 - 22:00; 금: 11:30 - 22:00; 토: 11:30 - 22:00; 일: 11:30 - 22:00; 월: 11:30 - 22:00; 화: 11:30 - 22:00,743,"['포장', '배달', '단체 이용 가능']",,"[['""음식이 맛있어요""', 565], ['""특별한 메뉴가 있어요""', 197], ['""친절해요""', 177], ['""양이 많아요""', 177]]",[],"[[""마늘떡볶이 (R)"", 9500], [""마늘 면볶이 (R)"", 10500], [""크림치즈김밥"", 5800], [""찹쌀순대"", 4800], [""등심 왕 돈까스"", 8500], [""모듬튀김 (소)"", 8000]]",한식
459,123.21,"서울특별시 마포구 와우산로19길 9, 1층 (서교동)",먼데이즈,193094.1402,449876.4027,0507-1394-8093,수: 17:00 - 03:00; 목: 17:00 - 03:00; 금: 17:00 - 05:00; 토: 17:00 - 05:00; 일: 정기휴무 (매주 일요일); 월: 17:00 - 03:00; 화: 17:00 - 03:00,368,"['생일 혜택', '단체 이용 가능', '예약', '무선 인터넷', '남/녀 화장실 구분', '대기공간']",유료 주차 가능,"[['""음식이 맛있어요""', 323], ['""인테리어가 멋져요""', 206], ['""술이 다양해요""', 200], ['""친절해요""', 150]]","['단체석', '테라스', '좌식']","[[""해물순두부 짬뽕탕"", 19900], [""삼겹두부김치"", 17900]]",한식
460,75.93,"서울특별시 마포구 어울마당로 55-12, 1층 (서교동)",마트마타,192895.8696,449785.6477,,,96,[],,"[['""음식이 맛있어요""', 70], ['""친절해요""', 64], ['""인테리어가 멋져요""', 62], ['""가성비가 좋아요""', 50]]",[],"[[""소세지+감자"", 12000], [""치킨가라아게+감자"", 12000], [""치즈플레이트"", 12900], [""모둠과일+올리브"", 12900], [""잼민이 모둠튀김"", 12000], [""토마토파스타"", 13900], [""조개탕"", 15900], [""매운돼껍볶음"", 15000], [""닭껍질튀김"", 12000], [""크림우동"", 12000], [""국물우동"", 10000], [""치즈돈까스"", 12000], [""떡볶이"", 10900], [""오지치즈후라이"", 8900], [""나쵸&살사소스"", 8900], [""파인샤베트"", 8000], [""텐더치킨샌드위치"", 8000], [""하우스샌드위치"", 6000], [""아이스호두"", 5900], [""감자튀김"", 5000], [""팝콘"", 5000]]",양식
461,38.9,"서울특별시 마포구 홍익로3길 11 (서교동, 2층)",포옹남 홍대,193050.2014,450174.4452,0507-1481-1518,수: 11:00 - 07:00; 목: 11:00 - 07:00; 금: 11:00 - 11:00; 토: 11:00 - 11:00; 일: 11:00 - 22:00; 월: 11:00 - 22:00; 화: 11:00 - 07:00,982,"['포장', '무선 인터넷', '배달']",,"[['""음식이 맛있어요""', 987], ['""재료가 신선해요""', 497], ['""인테리어가 멋져요""', 443], ['""친절해요""', 418]]",[],"[[""쌀국수"", 10500], [""분팃느엉"", 10500], [""껌승"", 12000]]",한식
462,110.25,"서울특별시 마포구 독막로3길 30, 에이치포빌딩 2층 (서교동)",우마담,192627.9031,449703.8764,0507-1318-0518,수: 13:00 - 22:00; 목: 13:00 - 22:00; 금: 13:00 - 22:00; 토: 15:00 - 22:00; 일: 15:00 - 22:00; 월: 13:00 - 22:00; 화: 13:00 - 22:00,279,"['콜키지 가능', '생일 혜택', '예약', '무선 인터넷', '단체 이용 가능']",주차 불가,"[['""음식이 맛있어요""', 187], ['""친절해요""', 114], ['""특별한 날 가기 좋아요""', 114], ['""특별한 메뉴가 있어요""', 81]]","['바테이블', '연인석']","[[""우마담 한우오마카세"", 140000], [""우마담 평일 런치오마카세"", 65000]]",일식
463,449.97,"서울특별시 마포구 잔다리로 5 (서교동, 1,2,3층)",서교포차,193079.8997,449810.5188,0507-1377-3012,수: 17:00 - 05:00; 목: 17:00 - 05:00; 금: 17:00 - 08:00; 토: 17:00 - 08:00; 일: 17:00 - 05:00; 월: 17:00 - 05:00; 화: 17:00 - 05:00,247,"['단체 이용 가능', '포장', '예약', '무선 인터넷', '남/녀 화장실 구분']",유료 주차 가능,"[['""음식이 맛있어요""', 235], ['""기본 안주가 좋아요""', 113], ['""인테리어가 멋져요""', 99], ['""음악이 좋아요""', 97]]",[],"[[""삼겹두부김치"", 23900], [""해물순두부짬뽕탕"", 23900], [""치즈계란말이"", 18900], [""오징어 볶음"", 19900], [""버켓치킨"", 19900], [""국물닭발"", 19900], [""눈꽃치즈감자전"", 19900], [""김치어묵우동"", 18900], [""오지치즈후라이"", 17900], [""치킨 가라야게"", 18900], [""오돌뼈주먹밥"", 18900], [""닭강정"", 17900], [""계절과일"", 20900], [""매운닭발(무뼈)"", 18900], [""영양부추오리훈제"", 19900], [""바지락조개탕"", 17900], [""모둠어묵탕"", 19900], [""돼지김치찌개"", 19900], [""통오징어숙회"", 17900], [""슬러쉬과일화채"", 19900]]",일식
464,20,"서울특별시 마포구 와우산로29마길 12, 지1층 101호 (서교동)",비스트로세노,193436.0835,450370.6351,0507-1378-2085,수: 12:00 - 23:00; 목: 12:00 - 23:00; 금: 12:00 - 23:00; 토: 12:00 - 23:00; 일: 12:00 - 23:00; 월: 12:00 - 23:00; 화: 정기휴무 (매주 화요일),127,"['예약', '무선 인터넷', '반려동물 동반']",,"[['""음식이 맛있어요""', 137], ['""친절해요""', 93], ['""재료가 신선해요""', 70], ['""특별한 메뉴가 있어요""', 66]]",[],"[[""파스타"", null]]",양식
465,71.6,"서울특별시 마포구 독막로3길 21, 2층 (서교동)",샴페인 슈퍼노바,192580.2195,449677.1121,0507-1377-4373,수: 18:00 - 02:00; 목: 18:00 - 02:00; 금: 18:00 - 03:00; 토: 17:00 - 03:00; 일: 17:00 - 03:00; 월: 정기휴무 (매주 월요일); 화: 18:00 - 02:00,391,"['콜키지 가능', '생일 혜택', '와인 페어링', '비건 메뉴', '단체 이용 가능', '예약', '무선 인터넷']",유료 주차 가능,"[['""음식이 맛있어요""', 305], ['""인테리어가 멋져요""', 297], ['""술이 다양해요""', 228], ['""음악이 좋아요""', 220]]","['바테이블', '입식', '루프탑', '테라스', '1인석', '단체석']","[[""샴페인"", null]]",한식
466,55.44,"서울특별시 마포구 독막로3길 18, 1층 102호 (서교동)",상수동치맥,192587.2384,449648.9957,0507-1391-0784,,109,"['예약', '단체 이용 가능', '포장', '남/녀 화장실 구분']",,"[['""음식이 맛있어요""', 77], ['""친절해요""', 36], ['""대화하기 좋아요""', 28], ['""가성비가 좋아요""', 25]]",[],"[[""크리스피 후라이드 치킨"", 17900], [""순살 양념 치킨"", 17900], [""순살 칠리새우치킨"", 18900], [""골뱅이 무침"", 17900], [""새우튀김"", 17900]]",양식
467,155.19,"서울특별시 마포구 잔다리로 6, 1층 (서교동)",난장,193084.5912,449853.4199,0507-1377-1182,,95,"['생일 혜택', '콜키지 가능', '남/녀 화장실 구분', '예약', '반려동물 동반', '무선 인터넷', '단체 이용 가능']",주차 불가,"[['""음식이 맛있어요""', 91], ['""친절해요""', 33], ['""매장이 넓어요""', 28], ['""단체모임 하기 좋아요""', 27]]","['단체석', '좌식']","[[""짬뽕순두부찌개"", 22000]]",한식
468,96.03,"서울특별시 마포구 동교로 127 (서교동, 1층)",귀한족발 홍대서교점,192525.5105,450329.8657,0507-1307-3225,,88,"['단체 이용 가능', '포장', '배달', '예약', '무선 인터넷']",주차 가능,"[['""음식이 맛있어요""', 119], ['""재료가 신선해요""', 46], ['""친절해요""', 41], ['""양이 많아요""', 36]]",[],"[[""귀한보쌈"", null], [""귀한족발"", null], [""냉채족발"", null], [""속초코다리보쌈"", null], [""의성마늘보쌈"", null], [""보불보불"", null], [""직화 반반 족발"", null], [""숯불 직화 족발"", null], [""매콤직화불족발"", null], [""보족세트"", null], [""반반족발"", null], [""의성마늘족발"", null], [""속초코다리족발"", null]]",한식
469,49.58,"서울특별시 마포구 와우산로29라길 12, 지하1층 (서교동)",카츠와,193482.5026,450338.0838,,,497,"['포장', '무선 인터넷', '단체 이용 가능']",,"[['""음식이 맛있어요""', 543], ['""친절해요""', 344], ['""재료가 신선해요""', 315], ['""양이 많아요""', 256]]",[],"[[""모듬정식"", 16000], [""특로스카츠"", 16000], [""로스정식카츠"", 13000], [""히레정식카츠"", 14000], [""반반정식"", 15000], [""카츠산도"", 9000]]",일식
470,76,"서울특별시 마포구 양화로 27, 1층 (합정동)",양화로 1984,192175.8695,449657.7931,0507-1438-1984,수: 11:30 - 23:00; 목: 11:30 - 23:00; 금: 11:30 - 23:00; 토: 12:00 - 23:00; 일: 16:00 - 22:00; 월: 11:30 - 23:00; 화: 11:30 - 23:00,980,"['단체 이용 가능', '무선 인터넷', '예약', '포장']",주차 불가,"[['""음식이 맛있어요""', 971], ['""재료가 신선해요""', 515], ['""친절해요""', 453], ['""양이 많아요""', 421]]",['단체석'],"[[""철판쭈꾸미(350g)"", 15000], [""철판쭈삼(350g)"", 16000], [""생고기김치찌개(1인)(3시이후)"", 9000], [""생고기얼큰두루치기(1인)(3시이후)"", 10000], [""철판쭈꾸미비빔밥(점심특선)"", 10000], [""철판제육(점심특선)"", 10000]]",한식
471,28.93,"서울특별시 마포구 토정로 31, 1층 102호 (합정동)",델핀커피바,192367.7244,449278.7088,,수: 12:00 - 24:00; 목: 12:00 - 24:00; 금: 12:00 - 24:00; 토: 13:00 - 24:00; 일: 13:00 - 21:00; 월: 정기휴무 (매주 월요일); 화: 12:00 - 24:00,93,"['테이크아웃 할인', '단체 이용 가능', '예약', '포장', '반려동물 동반']",주차 불가,"[['""커피가 맛있어요""', 63], ['""인테리어가 멋져요""', 57], ['""친절해요""', 51], ['""음료가 맛있어요""', 49]]","['단체석', '룸']","[[""에스프레소"", 4500], [""아메리카노"", 5500], [""카페라떼"", 6000], [""바닐라라떼"", 6500], [""카푸치노"", 6000], [""플랫화이트"", 6000], [""우유"", 2000], [""레몬에이드"", 7000], [""자몽에이드"", 7000], [""하동쑥차"", 7000], [""하동 헛개나무열매차"", 7000], [""하동 호지차"", 7000]]",양식
472,45,"서울특별시 마포구 희우정로 29, 1층 우측호 (합정동)",깃시리,191760.3427,449727.8901,,,283,[],주차 불가,"[['""음식이 맛있어요""', 280], ['""재료가 신선해요""', 153], ['""양이 많아요""', 127], ['""인테리어가 멋져요""', 125]]","['좌식', '1인석']","[[""깃시리 텐동"", 10800], [""새우 텐동"", 11800], [""상 텐동"", 11800], [""명란 텐동"", 13800], [""장어텐동"", 13800], [""스페셜 텐동"", 17800]]",일식
473,121.75,"서울특별시 마포구 월드컵로 45-1, 2층 (합정동)",라라본국,192124.476,450129.3168,0507-1397-5518,수: 11:00 - 23:00; 목: 11:00 - 23:00; 금: 11:00 - 23:00; 토: 11:00 - 23:00; 일: 11:00 - 23:00; 월: 11:00 - 23:00; 화: 11:00 - 23:00,360,"['단체 이용 가능', '포장', '배달', '예약', '무선 인터넷']",주차 불가,"[['""음식이 맛있어요""', 361], ['""재료가 신선해요""', 249], ['""매장이 넓어요""', 188], ['""혼밥하기 좋아요""', 116]]","['바테이블', '1인석', '연인석', '단체석']","[[""마라탕 (100g)"", 1900], [""마라샹궈 (100g)"", 3400], [""꿔바로우 (소)"", 12000], [""계란볶음밥"", 8000], [""가지볶음밥"", 8000], [""볶음면"", 8000]]",중식
474,29.64,"서울특별시 마포구 토정로3길 9, 1층 (합정동)",분담,192337.1719,449312.1073,0507-1428-1595,수: 12:00 - 22:00; 목: 12:00 - 22:00; 일: 정기휴무 (매주 일요일); 월: 12:00 - 22:00; 화: 12:00 - 22:00,104,['콜키지 가능'],주차 불가,"[['""음식이 맛있어요""', 101], ['""친절해요""', 79], ['""혼밥하기 좋아요""', 52], ['""재료가 신선해요""', 48]]","['바테이블', '입식', '1인석']","[[""부챗살 스테이크"", 25000], [""뽈뽀"", 32000], [""얼큰버섯만두전골"", 21000], [""직화구이 무뼈닭발"", 18000], [""약고추장 소바"", 10000], [""소고기 전골"", 21000], [""타이거 생맥주"", 7000], [""연유찍어먹는 반반옥수수전"", 9000], [""모찌리도후"", 9000], [""에다마메(완두콩) 볶음"", 9000], [""소시지맛탕"", 9000], [""오징어젓 크림치즈 크래커"", 9000], [""진로이즈백,새로"", 5000]]",일식
475,42.75,"서울특별시 마포구 월드컵로3길 31-26, 지1층 (합정동)",미트스타킴,192052.1845,449739.9845,0507-1385-5792,수: 17:30 - 23:00; 목: 17:30 - 23:00; 금: 17:30 - 23:00; 토: 17:00 - 23:00; 일: 정기휴무 (매주 일요일); 월: 17:30 - 23:00; 화: 17:30 - 23:00,83,"['콜키지 가능', '단체 이용 가능', '예약', '무선 인터넷']",무료 주차 가능,"[['""고기 질이 좋아요""', 94], ['""음식이 맛있어요""', 93], ['""친절해요""', 61], ['""직접 잘 구워줘요""', 61]]",['바테이블'],"[[""차돌된장찌개"", 8000], [""목살"", 16000], [""등심덧살"", 17000], [""한우업진살"", 23000], [""한우채끝살"", 26000], [""옛날돼지갈비"", 16000], [""비빔라면"", 6000], [""한우차돌박이"", 15000], [""새우구이"", 5000], [""양갈비"", 20000]]",한식
476,44.64,"서울특별시 마포구 양화로3길 37 (합정동,1층)",향남추어탕,192085.1297,449814.1444,02-337-4649,수: 11:00 - 21:00; 목: 11:00 - 21:00; 금: 11:00 - 21:00; 토: 11:00 - 21:00; 일: 정기휴무 (매주 일요일); 월: 11:00 - 21:00; 화: 11:00 - 21:00,120,"['예약', '포장']",주차 가능,"[['""음식이 맛있어요""', 163], ['""친절해요""', 50], ['""재료가 신선해요""', 49], ['""가성비가 좋아요""', 45]]",[],"[[""추어탕"", 9000], [""통추어탕"", 12000], [""튀김(소)"", 10000], [""튀김(중)"", 15000], [""튀김(대)"", 20000]]",한식
477,76.99,"서울특별시 마포구 성지길 30, 1층 (합정동)",옥소반 합정점,192248.8011,449468.739,02-1833-6536,수: 11:00 - 22:00; 목: 11:00 - 22:00; 금: 11:00 - 22:00; 토: 11:00 - 22:00; 일: 11:00 - 22:00; 월: 11:00 - 22:00; 화: 11:00 - 22:00,492,"['콜키지 가능', '무한 리필', '예약', '유아의자']",주차 불가,"[['""음식이 맛있어요""', 480], ['""재료가 신선해요""', 371], ['""친절해요""', 173], ['""양이 많아요""', 147]]",[],"[[""샤브샤브A"", 13900], [""샤브샤브B"", 15900], [""샤브샤브C"", 16900], [""스키야키A"", 13900], [""스키야키B"", 15900], [""스키야키C"", 16900]]",한식
478,47.94,"서울특별시 마포구 월드컵로3길 31-6, 2층 201호 (합정동)",타테이와,192045.885,449765.629,0507-1390-6163,수: 18:00 - 01:00; 목: 18:00 - 01:00; 금: 17:30 - 01:00; 토: 17:30 - 01:00; 일: 17:30 - 24:00; 월: 18:00 - 01:00; 화: 정기휴무 (매주 화요일),253,"['단체 이용 가능', '예약']",,"[['""음식이 맛있어요""', 236], ['""술이 다양해요""', 127], ['""친절해요""', 116], ['""인테리어가 멋져요""', 99]]",[],"[[""오늘의 모듬사시미 2인"", 40000], [""오늘의 모듬사시미 3인"", 60000], [""오늘의 모듬사시미 4인"", 80000], [""해수우니"", 30000], [""시메사바 스다치 카르파쵸"", 19000], [""아부리 사바 보우즈시"", 25000], [""후또마끼"", 20000], [""북해도산 가리비관자,우니크림"", 16000], [""프로슈토 마구로"", 18000], [""하몽 토마토 루꼴라 사라다"", 18000], [""전복내장파스타"", 23000], [""아구 카라아게,꽈리"", 18000], [""치즈 함바그,양송이 데미그라스"", 16000], [""농어 스테이크,흑보리리조또"", 20000], [""바질조개술찜,파스타"", 25000], [""슈토 크림치즈,반미칩"", 12000], [""카라스미 아보카도"", 10000], [""쯔케모노 4종"", 6000], [""치즈도후 모나카 1개"", 3000]]",일식
479,80,"서울특별시 마포구 성지3길 19, 아진 2층 (합정동)",식선,192347.131,449397.3853,0507-1386-5809,수: 11:30 - 22:00; 목: 11:30 - 22:00; 금: 11:30 - 22:00; 토: 11:30 - 22:00; 일: 11:30 - 22:00; 월: 11:30 - 22:00; 화: 11:30 - 22:00,177,"['단체 이용 가능', '예약']",주차 불가,"[['""음식이 맛있어요""', 169], ['""재료가 신선해요""', 123], ['""친절해요""', 96], ['""가성비가 좋아요""', 68]]",[],"[[""도미머리간장조림"", 15000], [""아구순살튀김"", 25000], [""마구로 페스츄리아에"", 20000], [""도빙무시"", 15000], [""멘타이코 사라다"", 9000], [""밤만쥬"", 9000], [""제철사시미 2인"", 42000], [""시로미마구로감태마끼"", 20000], [""니싱이소베마끼"", 20000], [""우니"", 30000], [""살치미소야끼"", 30000], [""와비버터야끼"", 30000], [""메로미소야끼"", 30000]]",일식
480,87.54,"서울특별시 마포구 독막로3길 7, 2층 (합정동)",낀낀,192542.569,449613.7722,0507-1303-9370,수: 11:30 - 22:00; 목: 11:30 - 22:00; 금: 11:30 - 22:00; 토: 11:30 - 22:00; 일: 11:30 - 22:00; 월: 정기휴무 (매주 월요일); 화: 11:30 - 22:00,251,"['포장', '무선 인터넷', '단체 이용 가능', '예약']",주차 불가,"[['""음식이 맛있어요""', 268], ['""현지 맛에 가까워요""', 143], ['""친절해요""', 120], ['""재료가 신선해요""', 109]]",[],"[[""팟타이"", 12000], [""팟씨유"", 12000], [""그린커리"", 12000], [""팟카파오 무쌉"", 12000], [""카오팟 꿍"", 10000]]",기타
481,78.42,"서울특별시 마포구 성지5길 19, 1층 (합정동)",화류,192328.2937,449335.276,0507-1376-8310,수: 16:00 - 24:00; 목: 16:00 - 24:00; 금: 16:00 - 24:00; 토: 16:00 - 24:00; 일: 16:00 - 24:00; 월: 16:00 - 24:00; 화: 16:00 - 24:00,625,"['콜키지 가능', '전문 소믈리에', '단체 이용 가능', '무선 인터넷']",주차 불가,"[['""음식이 맛있어요""', 590], ['""술이 다양해요""', 432], ['""인테리어가 멋져요""', 306], ['""특별한 메뉴가 있어요""', 245]]","['룸', '단체석', '바테이블', '1인석', '연인석']","[[""모듬 야키토리 9종세트"", 30000], [""사시미우니"", 39000]]",일식
482,83,"서울특별시 마포구 독막로 4, 2층 (합정동)",따로집,192327.4445,449603.3985,0507-1325-2455,,305,"['단체 이용 가능', '무선 인터넷', '예약', '남/녀 화장실 구분']",유료 주차 가능,"[['""음식이 맛있어요""', 263], ['""인테리어가 멋져요""', 195], ['""특별한 메뉴가 있어요""', 169], ['""친절해요""', 157]]",[],"[[""소고기"", 20000], [""돼지고기"", 23000], [""닭고기"", 23000], [""둥지"", 23000], [""새우"", 23000], [""토마토 떡볶이"", 20000], [""풍미, 토마토스튜"", 23000], [""부추지짐이"", 20000], [""젓갈 두부"", 18500], [""가지튀김"", 13000], [""따로집 수제 플래터"", 38000], [""김치 꼴라보 피자"", 25000], [""베이컨 스테이크"", 21000], [""카다이프 새우깡"", 20000], [""김치 칠리치즈프라이"", 14000], [""김치볶음밥"", 16800], [""새우볶음밥"", 16800], [""고급, 어묵국물요리"", 21000], [""트러플 들깨 크림 순대"", 23000], [""떠먹는 따로집 케이크"", 8000]]",한식
483,47.97,"서울특별시 마포구 월드컵로 39-1, 1층 101호 (합정동)",명품수제숯불갈비,192132.6826,450079.5233,0507-1347-5433,,96,[],,"[['""음식이 맛있어요""', 100], ['""재료가 신선해요""', 46], ['""친절해요""', 38], ['""가성비가 좋아요""', 37]]",[],"[[""돼지갈비 (250g)"", 13000], [""칼집삼겹살 (200g)"", 15000], [""황제소갈비살 (400g)"", 40000], [""황제양념소갈비살 (400g)"", 45000], [""백반 (점심메뉴)"", 8000], [""왕갈비탕 (점심메뉴)"", 14000], [""해물된장 (점심메뉴)"", 8000], [""막국수(물/비빔) (점심메뉴)"", 9000]]",한식
484,131.98,"서울특별시 마포구 양화로6길 18, B동 2층 일부호 (합정동)",두놈포차,192445.879,449629.0887,0507-1359-2021,수: 17:00 - 02:00; 목: 17:00 - 02:00; 금: 17:00 - 02:00; 토: 17:00 - 02:00; 일: 정기휴무 (매주 일요일); 월: 17:00 - 02:00; 화: 17:00 - 02:00,505,"['콜키지 가능', '단체 이용 가능', '무선 인터넷', '예약', '남/녀 화장실 구분', '반려동물 동반']",,"[['""음식이 맛있어요""', 478], ['""인테리어가 멋져요""', 322], ['""기본 안주가 좋아요""', 208], ['""술이 다양해요""', 152]]",[],"[[""랍스터어묵탕"", 29000], [""간장수육보쌈"", 25000], [""대패오겹육전"", 22000]]",한식
485,113.16,"서울특별시 마포구 성지길 42, 1층 (합정동)",청도미나리식당 합정점,192229.5004,449402.4795,0507-1342-8144,,187,"['콜키지 가능', '단체 이용 가능', '예약', '무선 인터넷', '포장', '대기공간', '유아의자', '좌석 휠체어 이용가능']",주차 불가,"[['""음식이 맛있어요""', 193], ['""재료가 신선해요""', 155], ['""매장이 넓어요""', 58], ['""양이 많아요""', 56]]",['단체석'],"[[""청도미나리 삼겹살 (150g)"", 15000], [""미나리 샤브샤브"", 14000], [""미나리 생오리전골(한마리)"", 59000], [""미나리 마늘 생오리로스(한마리)"", 59000], [""미나리 생오리 불고기(한마리)"", 59000]]",한식
486,72,"서울특별시 마포구 양화로 36, 104호 (합정동)",계림원 누릉지 통닭구이 합정역점,192271.5048,449586.0601,02-332-7512,수: 17:00 - 01:00; 목: 17:00 - 01:00; 금: 17:00 - 01:00; 토: 17:00 - 01:00; 일: 16:00 - 23:30; 월: 17:00 - 01:00; 화: 17:00 - 01:00,231,"['예약', '단체 이용 가능', '포장', '무선 인터넷', '남/녀 화장실 구분']",,"[['""음식이 맛있어요""', 280], ['""친절해요""', 69], ['""특별한 메뉴가 있어요""', 66], ['""가성비가 좋아요""', 40]]",[],"[[""콘닭"", null], [""누릉지 통닭"", null], [""모듬 불닭"", null], [""치즈 콘닭"", null], [""누릉지 삼계탕"", null]]",한식
487,53.01,"서울특별시 마포구 독막로8길 27, 1층 (합정동)",까사벨라즈,192682.3917,449382.1462,0507-1381-8345,수: 10:00 - 21:00; 목: 10:00 - 21:00; 금: 10:00 - 21:00; 토: 10:00 - 21:00; 일: 10:00 - 21:00; 월: 10:00 - 21:00; 화: 10:00 - 21:00,320,['테이크아웃 할인'],주차 불가,"[['""디저트가 맛있어요""', 296], ['""인테리어가 멋져요""', 198], ['""커피가 맛있어요""', 193], ['""특별한 메뉴가 있어요""', 134]]","['바테이블', '입식', '연인석']","[[""뽀라스 3pcs & 딥초코"", 8800], [""뽀라스 3pcs & 초코라떼"", 8800], [""뽀라스 3pcs"", 7000], [""츄러스 3pcs & 딥초코"", 8800], [""츄러스 3pcs"", 7000], [""아메리카노"", 4000], [""디카페인 아메리카노"", 4500], [""카페라떼"", 5000], [""바닐라라떼"", 5500], [""바닐라라떼 (Zero)"", 6000], [""크림라떼"", 6500], [""모카라떼"", 6500], [""초코라떼"", 6000], [""말차라떼"", 6000], [""페퍼민트티"", 6000], [""밀크티"", 6500], [""히비스커스티"", 6000], [""캐모마일티"", 6000]]",기타
488,85.37,"서울특별시 마포구 성지길 48, 1층 1호 (합정동)",고쿠노야,192214.522,449379.5611,0507-1384-1491,수: 11:00 - 21:00; 목: 11:00 - 21:00; 금: 11:00 - 21:00; 토: 11:00 - 21:00; 일: 11:00 - 21:00; 월: 11:00 - 21:00; 화: 11:00 - 21:00,591,"['콜키지 가능', '포장', '배달', '예약', '대기공간', '단체 이용 가능', '무선 인터넷']",주차 불가,"[['""음식이 맛있어요""', 589], ['""혼밥하기 좋아요""', 276], ['""재료가 신선해요""', 268], ['""양이 많아요""', 215]]","['바테이블', '1인석', '연인석', '입식', '단체석']","[[""마제소바"", 11000], [""카라이(매운) 마제소바"", 12000], [""마제메시"", 11000], [""카라이(매운) 마제메시"", 12000], [""들기름들깨소바"", 11000]]",일식
489,59.86,"서울특별시 마포구 동교로8길 5, 1층 (합정동)",치킨플러스 합정점,191543.9471,449953.2653,0507-1367-3978,수: 17:00 - 24:00; 목: 17:00 - 24:00; 금: 17:00 - 24:00; 토: 17:00 - 24:00; 일: 17:00 - 24:00; 월: 정기휴무 (매주 월요일); 화: 17:00 - 24:00,112,"['생일 혜택', '테이크아웃 할인']",주차 불가,[],[],"[[""똥집튀김"", null], [""밀크치즈볼"", null], [""김말이튀김"", null], [""눈맞은감자튀김"", null], [""No.1포테이토닥토닭"", null], [""아빠의제주깜슐랭"", null], [""조선레드치킨"", null], [""크리미어니언"", null], [""프라임핫쵸킹"", null], [""바삭담백한 후라이드"", null], [""크리스피 후라이드"", null], [""양념치킨"", null], [""간장치킨"", null], [""극장판치킨(고추치즈편)"", null], [""마늘스태미나"", null], [""숯불치킨(소금)"", null], [""숯불치킨(양념)"", null], [""허니강정치킨"", null], [""눈맞은치킨"", null], [""핫쵸킹"", null]]",양식
490,36.49,"서울특별시 마포구 독막로 34, 1층 (합정동)",합정술집 도란,192612.0265,449528.1764,0507-1333-2512,수: 10:00 - 02:00; 목: 10:00 - 02:00; 금: 10:00 - 02:00; 토: 10:00 - 02:00; 일: 10:00 - 02:00; 월: 10:00 - 02:00; 화: 10:00 - 02:00,126,"['콜키지 가능', '단체 이용 가능', '예약', '무선 인터넷', '반려동물 동반', '남/녀 화장실 구분', '출입구 휠체어 이용가능', '좌석 휠체어 이용가능']",주차 불가,"[['""음식이 맛있어요""', 113], ['""특별한 메뉴가 있어요""', 100], ['""친절해요""', 62], ['""메뉴 구성이 알차요""', 61]]","['룸', '단체석']","[[""슈바인학센 4인"", 44900], [""랭쌥"", 30000], [""슈바인학센 2인"", 28900], [""치킨난반"", 17000], [""비프 타르타르"", 23000], [""마라 감바스"", 18000], [""치킨 프리카세"", 27900], [""치오피노"", 27900], [""짜장스튜"", 23000], [""조개술찜"", 23000], [""스키야키"", 23000], [""소주맥주"", 5000], [""레드락 생맥주"", 5000], [""잔와인(화이트, 레드)"", 4000]]",주점
491,81.75,"서울특별시 마포구 희우정로 27, 1층 (합정동)",정다운식당,191776.07,449708.4292,,,173,['단체 이용 가능'],무료 주차 가능,"[['""음식이 맛있어요""', 184], ['""재료가 신선해요""', 126], ['""친절해요""', 77], ['""가성비가 좋아요""', 65]]",[],"[[""삼겹살(150g)"", 14000], [""목살(150g)"", 14000], [""갈매기살(150g)"", 14000], [""소갈비살(120g)"", 16000], [""살치살(120g)"", 19000], [""부채살(120g)"", 19000], [""정다운(돈)A세트(2인)"", 28000], [""정다운(돈)B세트(3-4인)"", 42000], [""정다운(우)A세트(2인)"", 35000], [""정다운(우)B세트(3-4인)"", 54000]]",한식
492,31.82,"서울특별시 마포구 독막로 51, 1층 우측일부호 (합정동)",록갈비 합정점,192768.8958,449541.8303,02-332-3326,수: 16:00 - 24:00; 목: 16:00 - 24:00; 금: 16:00 - 24:00; 토: 16:00 - 24:00; 일: 16:00 - 24:00; 월: 16:00 - 24:00; 화: 16:00 - 24:00,814,"['포장', '남/녀 화장실 구분', '예약', '대기공간']",,"[['""음식이 맛있어요""', 839], ['""고기 질이 좋아요""', 636], ['""친절해요""', 453], ['""양이 많아요""', 354]]",[],"[[""양념 쪽갈비"", 17000], [""매운 쪽갈비"", 17000], [""얼음동동 묵사발"", 5000], [""보통국수"", 6000], [""날치알 주먹밥"", 4000]]",한식
493,147.6,"서울특별시 마포구 양화로1길 21, 2층 (합정동)",합정옥,192007.9239,449700.5404,02-322-4822,수: 11:00 - 22:00; 목: 11:00 - 22:00; 금: 11:00 - 22:00; 토: 11:00 - 22:00; 일: 정기휴무 (매주 일요일); 월: 11:00 - 22:00; 화: 11:00 - 22:00,543,"['예약', '단체 이용 가능', '포장']",주차 가능,"[['""음식이 맛있어요""', 524], ['""재료가 신선해요""', 152], ['""매장이 넓어요""', 140], ['""친절해요""', 129]]",[],"[[""양지곰탕"", 12000], [""속대국"", 10000], [""수육(중)"", 40000], [""곱창전골(중)"", 33000]]",한식
494,36.2,"서울특별시 마포구 독막로 43-1, 1층 101호 (합정동)",참바른김밥,192709.0688,449542.7009,02-323-8737,수: 09:00 - 20:30; 목: 09:00 - 20:30; 금: 09:00 - 20:30; 토: 09:00 - 20:30; 일: 정기휴무 (매주 일요일); 월: 09:00 - 20:30; 화: 09:00 - 20:30,574,['포장'],주차 불가,"[['""음식이 맛있어요""', 462], ['""친절해요""', 270], ['""재료가 신선해요""', 268], ['""양이 많아요""', 188]]",[],"[[""참바른김밥"", 3500], [""참치김밥"", 4500], [""떡볶이"", 4500], [""라볶이"", 5000], [""오뎅탕"", 3500]]",한식
495,77.42,"서울특별시 마포구 포은로2길 13, 브랜토리움 1층 (합정동)",옆구르기,191772.5395,449937.9336,0507-1312-5961,수: 정기휴무 (매주 수요일); 목: 11:00 - 20:00; 금: 11:00 - 20:00; 토: 11:00 - 20:00; 일: 11:00 - 17:00; 월: 11:00 - 20:00; 화: 11:00 - 20:00,151,"['무선 인터넷', '반려동물 동반', '남/녀 화장실 구분', '포장']",,"[['""음식이 맛있어요""', 152], ['""특별한 메뉴가 있어요""', 93], ['""친절해요""', 88], ['""재료가 신선해요""', 86]]",[],"[[""병아리콩 로스트치킨"", 14000], [""게랑토니 (고정)"", 19500], [""소이소이샐러드 (고정)"", 9800], [""참나물버섯 토스트"", 12000], [""새우 알배추롤 (고정)"", 15000], [""포포토스트 (홀수달)"", 9500], [""플랫밤"", 6500], [""귤몬"", 5500], [""패페"", 6000], [""아메리카노"", 4500], [""에스프레소"", 4000], [""라떼"", 5000], [""카푸치노"", 5000], [""탄산수"", 4000], [""샷, 바닐라 시럽 추가"", 500], [""빵 추가"", 3000], [""스크램블"", 3000], [""모닝빵 + 타프나드"", 4500], [""당호박 스프"", 9500]]",양식
496,94.77,"서울특별시 마포구 양화로6길 50, 1층 (합정동)",로우샹로우,192593.8254,449601.4526,0507-1361-7626,,705,"['콜키지 가능', '단체 이용 가능', '예약', '무선 인터넷', '남/녀 화장실 구분', '포장', '배달', '출입구 휠체어 이용가능', '좌석 휠체어 이용가능']",주차 불가,"[['""음식이 맛있어요""', 647], ['""고기 질이 좋아요""', 381], ['""인테리어가 멋져요""', 310], ['""특별한 메뉴가 있어요""', 248]]",[],"[[""양갈비"", 29000], [""양등심"", 29000], [""마라양전골"", 29000], [""마라소고기전골"", 29000], [""양 탕면"", 12500], [""마라 탕면"", 13500], [""마라로제면"", 15500], [""마라비빔면"", 12500], [""어향가지덮밥"", 12500], [""마파두부 덮밥"", 11500], [""마늘계란 볶음밥"", 8000]]",중식
497,54.26,"서울특별시 마포구 동교로 44-1, 2층 일부호 (합정동)",어라운드그린,191737.8869,450048.6577,0507-1480-9797,수: 11:00 - 20:00; 목: 11:00 - 20:00; 금: 11:00 - 17:00; 토: 11:00 - 17:00; 일: 정기휴무 (매주 일요일); 월: 정기휴무 (매주 월요일); 화: 정기휴무 (매주 화요일),93,"['비건 메뉴', '글루텐프리 메뉴', '포장', '무선 인터넷']",주차 불가,"[['""음식이 맛있어요""', 89], ['""특별한 메뉴가 있어요""', 68], ['""재료가 신선해요""', 51], ['""친절해요""', 41]]",[],"[[""두부데리야끼 현미밥"", 13000], [""된장소스가지덮밥 현미밥"", 13000], [""깐풍버섯 현미밥"", 13000], [""세가지 버섯 피자"", 14000], [""구황작물 피자"", 15000], [""바질페스토 버섯 피자"", 15000], [""매콤토마토 파스타"", 12000], [""로제파스타 / 리조또"", 13000], [""버섯 크림파스타 / 리조또"", 13000]]",한식
498,80.68,"서울특별시 마포구 양화로1길 25, 1층 (합정동)",넉탐,192009.6585,449733.2264,0507-1345-5640,,155,"['단체 이용 가능', '무선 인터넷', '예약']",,"[['""음식이 맛있어요""', 137], ['""친절해요""', 83], ['""단체모임 하기 좋아요""', 54], ['""가성비가 좋아요""', 53]]",[],"[[""닭볶음탕"", 22000], [""국물닭발"", 16000], [""해물파전"", 14000], [""오뎅탕"", 14000], [""화이트어니언순살치킨"", 15000]]",한식
499,36,"서울특별시 마포구 포은로 34, 1층 106호 (합정동, 합정한강아파트)",망원동즉석떡볶이,191787.5975,449847.1422,0507-1361-3385,수: 11:00 - 23:30; 목: 11:00 - 23:30; 금: 11:00 - 23:30; 토: 11:00 - 23:30; 일: 11:00 - 23:30; 월: 11:00 - 23:30; 화: 11:00 - 23:30,93,"['포장', '배달', '무선 인터넷']",주차 가능,"[['""음식이 맛있어요""', 69], ['""친절해요""', 24], ['""양이 많아요""', 23], ['""재료가 신선해요""', 17]]",[],"[[""망원동즉석떡볶이(커플)"", 14000], [""(BEST)차돌마늘떡볶이(커플)"", 18000], [""(BEST)차돌치즈떡볶이(커플)"", 18000], [""(BEST)차돌박이떡볶이(커플)"", 16000], [""(BEST)매운닭볶음탕(불닭볶음면정도)"", 25000], [""(BEST)무뼈닭발(커플)"", 15000], [""치즈돈까스떡볶이(커플)"", 18000], [""치즈떡볶이(커플)"", 16000], [""짜장떡볶이(커플)"", 16000], [""닭볶음탕(신라면보다조금매워요)"", 25000], [""뼈닭발(커플)"", 13000], [""버터갈릭치즈감자"", 4000], [""고구마(4개)"", 3000], [""야채(4개)"", 3000], [""한마리통오징어튀김"", 8000]]",한식
500,18,"서울특별시 마포구 포은로 39, 1층 1호 (합정동)",신공주떡볶이,191720.1258,449866.1735,02-332-3373,수: 정기휴무 (매주 수요일); 목: 정기휴무 (매주 목요일); 금: 12:00 - 20:00; 토: 12:00 - 20:00; 일: 12:00 - 20:00; 월: 정기휴무 (매주 월요일); 화: 정기휴무 (매주 화요일),148,"['포장', '배달']",주차 불가,"[['""음식이 맛있어요""', 123], ['""친절해요""', 49], ['""특별한 메뉴가 있어요""', 43], ['""재료가 신선해요""', 41]]",[],"[[""떡볶이"", 4500], [""꼬치오뎅"", 4000], [""순대"", 5000], [""엄마김밥"", 4000], [""진미채듬뿍김밥"", 5000], [""참치듬뿍김밥"", 5000], [""명란듬뿍김밥"", 6000], [""떡꼬치"", 5000], [""수제튀김"", 5000], [""튀김순대"", 5000], [""고뎅탕"", 6000], [""수제식혜"", 4000], [""오징어범벅"", 7000], [""김말이범벅"", 7000], [""츄로떡"", 4000]]",한식
501,205.33,"서울특별시 마포구 토정로5길 12 (합정동, 1층)",무대륙,192723.8383,449304.8643,02-332-8333,,269,"['단체 이용 가능', '무선 인터넷', '반려동물 동반', '남/녀 화장실 구분', '포장', '배달', '예약']",무료 주차 가능,[],[],"[[""아메리카노"", 4500], [""카페라떼"", 5000], [""카푸치노"", 5500], [""유자차"", 6000], [""얼그레이"", 6000], [""구운가지 베이글 샌드위치"", 11000], [""토마토 아보카도 베이글 샌드위치"", 11000]]",양식
502,60,"서울특별시 마포구 월드컵로3길 27 (합정동, 1층일부)",둥둥막창구이,192086.8408,449779.6338,,수: 15:00 - 24:00; 목: 15:00 - 24:00; 금: 15:00 - 24:00; 토: 15:00 - 24:00; 일: 정기휴무 (매주 일요일); 월: 15:00 - 24:00; 화: 15:00 - 24:00,205,[],,"[['""음식이 맛있어요""', 196], ['""친절해요""', 60], ['""양이 많아요""', 52], ['""가성비가 좋아요""', 51]]",[],"[[""돼지막창 (200g)"", 14000], [""소막창 (180g)"", 19000], [""돼지목살 (200g)"", 14000], [""곱창볶음 (1인분)"", 11000], [""껍데기 (200g)"", 9000], [""무뼈닭발"", 12000]]",한식
503,73.98,"서울특별시 마포구 희우정로 47, 1층 (합정동)",희도식당,191638.3125,449857.9735,0507-1345-3962,수: 11:30 - 20:30; 목: 11:30 - 20:30; 금: 11:30 - 20:30; 토: 11:30 - 20:30; 일: 정기휴무 (매주 일요일); 월: 정기휴무 (매주 월요일); 화: 11:30 - 20:30,681,"['무선 인터넷', '남/녀 화장실 구분', '반려동물 동반', '유아의자', '포장', '대기공간']",주차 불가,"[['""음식이 맛있어요""', 703], ['""인테리어가 멋져요""', 428], ['""친절해요""', 415], ['""재료가 신선해요""', 354]]",[],"[[""희도플래터"", 38000]]",한식
504,82.8,"서울특별시 마포구 월드컵로1길 14, B119-1,2호 (합정동, 마포 한강 푸르지오)",백두한우곱창,192171.2354,449751.487,02-337-3688,,559,[],주차 가능,"[['""마사지가 시원해요""', 346], ['""친절해요""', 276], ['""맞춤 케어를 잘해줘요""', 248], ['""분위기가 편안해요""', 225]]",[],"[[""모듬(250g)"", 25000], [""백두곱창(250g)"", 25000], [""백두대창(250g)"", 25000], [""백두막창(250g)"", 25000], [""볶음밥"", 4000], [""치즈.떡사리"", 3000], [""특양(200g)"", 26000]]",한식
505,40,"서울특별시 마포구 독막로 38, 1층일부 (합정동)",걸작떡볶이치킨,192640.7554,449518.1472,02-336-2822,수: 11:00 - 22:00; 목: 11:00 - 22:00; 금: 11:00 - 22:00; 토: 11:00 - 22:00; 일: 11:00 - 22:00; 월: 정기휴무 (매주 월요일); 화: 11:00 - 22:00,100,"['포장', '배달', '무선 인터넷']",,"[['""음식이 맛있어요""', 65], ['""친절해요""', 22], ['""양이 많아요""', 16], ['""가성비가 좋아요""', 16]]",[],"[[""로제 떡닭 세트"", 28000], [""숯불킹 떡닭 세트"", 29000], [""마라 로제 떡볶이"", 17000], [""마라 떡볶이"", 13000], [""국물 떡볶이"", 10000], [""로제가래떡떡볶이"", 12000], [""가래떡볶이"", 10000], [""숯불킹 떡볶이"", 15000], [""치즐킹 치킨"", 16000], [""쏘이킹 치킨"", 15000], [""양념 치킨"", 15000], [""후라이드 치킨"", 14000], [""스윗마라시즈닝치킨"", 15000], [""치즈피자"", 11900], [""햄치즈피자"", 13900], [""숯불고기피자"", 15900], [""떡닭피세트"", 37900], [""불닭떡볶이 세트"", 19900], [""혼자서 떡닭세트"", 14500], [""떡순튀세트"", 21000], [""온가족세트"", 36500]]",양식
506,26.13,"서울특별시 마포구 포은로 40, 1층 (합정동)",폴베리,191746.7697,449872.5561,0507-1428-0019,화: 12:00 - 21:00,493,"['콜키지 가능', '비건 메뉴', '테이크아웃 할인', '무선 인터넷', '반려동물 동반', '포장']",주차 불가,"[['""음식이 맛있어요""', 421], ['""재료가 신선해요""', 357], ['""특별한 메뉴가 있어요""', 256], ['""친절해요""', 230]]","['단체석', '바테이블', '연인석', '1인석']","[[""마르게리타 피자"", 19000], [""사과고르곤졸라 피자"", 23000], [""마리나라 피자"", 18000], [""고메마르게리따 피자"", 27000], [""볼로네제파스타"", 16000], [""토마토모짜렐라 판제로띠"", 7500], [""스파이시라구 판제로띠"", 8900], [""햄치즈 판제로띠"", 9900], [""화이트치즈 깐놀리"", 6500]]",기타
507,30,"서울특별시 마포구 월드컵로 41, 1층 (합정동)",고미태,192141.7283,450084.3245,,수: 12:00 - 20:30; 목: 12:00 - 20:30; 금: 12:00 - 20:30; 토: 12:00 - 20:30; 일: 정기휴무 (매주 일요일); 월: 12:00 - 20:30; 화: 12:00 - 20:30,205,[],주차 불가,"[['""음식이 맛있어요""', 195], ['""특별한 메뉴가 있어요""', 154], ['""재료가 신선해요""', 114], ['""혼밥하기 좋아요""', 102]]",['바테이블'],"[[""계절 단일 국수 메뉴"", 9800]]",한식
508,57.2,"서울특별시 마포구 월드컵로1길 14, B117-1호 (합정동, 마포 한강 푸르지오)",식껍 합정점,192171.2354,449751.487,02-337-3688,,559,[],주차 가능,"[['""마사지가 시원해요""', 346], ['""친절해요""', 276], ['""맞춤 케어를 잘해줘요""', 248], ['""분위기가 편안해요""', 225]]",[],"[[""생고기모듬"", 46000]]",한식
509,105.97,"서울특별시 마포구 월드컵로1길 54, 1층 (합정동)",함반,191978.4039,449649.8349,0507-1336-0394,수: 11:30 - 21:00; 목: 11:30 - 21:00; 금: 11:30 - 21:00; 토: 11:30 - 21:00; 일: 11:30 - 21:00; 월: 11:30 - 21:00; 화: 11:30 - 21:00,716,"['남/녀 화장실 구분', '무선 인터넷']",주차 가능,"[['""음식이 맛있어요""', 816], ['""특별한 메뉴가 있어요""', 449], ['""친절해요""', 398], ['""재료가 신선해요""', 292]]",[],"[[""모아 함반"", 15000], [""닭고기 함반"", 13000], [""돼지고기 함반"", 15000], [""소고기 함반"", 18000], [""함반2인(모아2+방울양배추구이)"", 36000], [""하이볼모아"", 22000], [""얼그레이하이볼모아"", 22500]]",일식
510,33,"서울특별시 마포구 성지3길 22, 1층 좌측일부 (합정동)",미필담,192347.2997,449375.7331,0507-1366-5041,수: 11:30 - 20:30; 목: 11:30 - 20:30; 금: 11:30 - 20:30; 토: 11:30 - 20:30; 일: 11:30 - 20:30; 월: 정기휴무 (매주 월요일); 화: 정기휴무 (매주 화요일),157,"['무선 인터넷', '단체 이용 가능']",주차 불가,"[['""음식이 맛있어요""', 170], ['""혼밥하기 좋아요""', 82], ['""재료가 신선해요""', 73], ['""특별한 메뉴가 있어요""', 67]]","['바테이블', '1인석', '연인석']","[[""이북식 손만두국"", 12000], [""수육 무침 1/2"", 15000], [""김치말이 국수 (5-10월)"", 12000], [""양지 온반 (11-3월)"", 13000], [""만두 전골 (11-4월)"", 30000]]",일식
511,29.75,"서울특별시 마포구 독막로4길 9, 1층 (합정동)",윤슬,192592.0035,449497.855,02-6081-2200,,90,[],주차 불가,"[['""음식이 맛있어요""', 96], ['""특별한 메뉴가 있어요""', 41], ['""대화하기 좋아요""', 39], ['""친절해요""', 38]]",[],"[[""서울의밤"", 15000]]",일식
512,23.14,"서울특별시 마포구 성지1길 18 (합정동,1층우측)",청주식당,192364.5325,449537.5319,02-322-1788,수: 06:00 - 21:00; 목: 06:00 - 21:00; 금: 06:00 - 21:00; 토: 06:00 - 21:00; 일: 정기휴무 (매주 일요일); 월: 06:00 - 21:00; 화: 06:00 - 21:00,153,"['예약', '단체 이용 가능']",,"[['""음식이 맛있어요""', 117], ['""가성비가 좋아요""', 53], ['""친절해요""', 47], ['""반찬이 잘 나와요""', 41]]",[],"[[""청국장"", 9000], [""오징어제육"", 18000], [""해물파전"", 18000], [""부대찌개"", 9000], [""동태찌개"", 9000], [""김치찌개"", 9000], [""고등어구이"", 10000], [""제육볶음"", 9000], [""석화찜(계절)"", 30000]]",한식
513,33,"서울특별시 마포구 포은로 11 (합정동, 1층일부)",잇텐고,191908.5046,449666.7911,0507-1405-7715,수: 11:30 - 21:00; 목: 11:30 - 21:00; 금: 11:30 - 21:30; 토: 11:30 - 21:30; 일: 11:30 - 21:30; 월: 11:30 - 21:00; 화: 11:30 - 21:00,841,['무선 인터넷'],주차 불가,"[['""음식이 맛있어요""', 697], ['""특별한 메뉴가 있어요""', 406], ['""혼밥하기 좋아요""', 284], ['""친절해요""', 270]]",['바테이블'],"[[""키츠네"", 8000], [""키요마사"", 9000], [""미도리카메"", 11000], [""미니차슈동"", 4000], [""토마토쯔께모노"", 4000]]",한식
514,80.5,"서울특별시 마포구 월드컵로3길 31-32 (합정동, 지1층)",합정전,192058.5031,449729.6324,0507-1365-2539,수: 11:00 - 23:00; 목: 11:00 - 23:00; 금: 11:00 - 24:00; 토: 15:00 - 24:00; 일: 정기휴무 (매주 일요일); 월: 11:00 - 23:00; 화: 11:00 - 23:00,83,"['포장', '단체 이용 가능', '예약', '무선 인터넷']",,"[['""음식이 맛있어요""', 88], ['""친절해요""', 39], ['""가성비가 좋아요""', 31], ['""매장이 넓어요""', 30]]",[],"[[""메뉴판"", null], [""메뉴판"", null]]",한식
515,95.11,"서울특별시 마포구 어울마당로3길 5 (합정동, 1층)",당고집,192800.2273,449444.7092,,수: 12:00 - 21:00; 목: 12:00 - 21:00; 금: 12:00 - 21:00; 토: 12:00 - 21:00; 일: 12:00 - 21:00; 월: 정기휴무 (매주 월요일); 화: 12:00 - 21:00,642,"['배달', '포장', '무선 인터넷']",,"[['""디저트가 맛있어요""', 494], ['""특별한 메뉴가 있어요""', 368], ['""친절해요""', 238], ['""음료가 맛있어요""', 190]]",[],"[[""당고세트 (4가지맛)"", 7900], [""간장당고"", 2100], [""단팥당고"", 2100], [""딸기팥당고"", 2100], [""녹차팥당고"", 2100], [""벚꽃당고"", 3000], [""호박당고"", 2100], [""크런치당고"", 2400], [""카라이당고"", 2100], [""노리당고 (김+간장)"", 2400], [""미타라시당고 (3개)"", 7800], [""사쿠라소다"", 5500], [""메론소다"", 5500], [""크림소다"", 6500], [""레몬에이드"", 6200], [""단팥라떼"", 6300], [""말차"", 5500], [""매실티"", 5500], [""허니유자차"", 5500], [""레몬티"", 5500], [""미숫가루"", 5800]]",한식
516,102.7,"서울특별시 마포구 월드컵로1길 14, 지하1층 B109-2, B110-1호 (합정동, 마포 한강 푸르지오)",금문중화요리,192171.2354,449751.487,02-337-3688,,559,[],주차 가능,"[['""마사지가 시원해요""', 346], ['""친절해요""', 276], ['""맞춤 케어를 잘해줘요""', 248], ['""분위기가 편안해요""', 225]]",[],"[[""간짜장면"", 7000], [""유니짜장면"", 5000], [""금문짬뽕"", 8000], [""갑오징어짬뽕"", 14000], [""볶음밥"", 7000], [""마파두부밥"", 8000], [""탕수육(소)"", 12000]]",중식
517,164,"서울특별시 마포구 월드컵로 39 (합정동, 1층)",하동우렁추어탕,192146.39,450061.4181,0507-1380-6559,수: 11:00 - 21:30; 목: 11:00 - 21:30; 금: 11:00 - 21:30; 토: 정기휴무 (매주 토요일); 일: 11:00 - 21:30; 월: 11:00 - 21:30; 화: 11:00 - 21:30,823,"['단체 이용 가능', '예약', '남/녀 화장실 구분', '무선 인터넷', '포장', '출입구 휠체어 이용가능']",무료 주차 가능,"[['""음식이 맛있어요""', 991], ['""친절해요""', 292], ['""재료가 신선해요""', 244], ['""양이 많아요""', 194]]",[],"[[""추어탕+솥밥"", 12000], [""전복 추어탕(2미)+솥밥"", 17000], [""한우국밥+솥밥"", 12000], [""우렁 추어탕+솥밥"", 14000], [""등심돈까스"", 10000], [""곤드레우렁이돌밥"", 11000]]",한식
518,989.5,"서울특별시 마포구 마포나루길 582, C& 한강랜드 잠두봉 유람선 선착장 1,2층 (합정동)",잠두봉더나인,191662.2682,449270.0008,,,150,"['단체 이용 가능', '반려동물 동반']",,"[['""뷰가 좋아요""', 146], ['""음식이 맛있어요""', 81], ['""매장이 넓어요""', 38], ['""친절해요""', 33]]",[],"[[""(소)갈비살"", 18000], [""훈제오리"", 18000], [""옛날통닭"", 17000], [""생삼겹살(한돈)"", 18000], [""생목살(한돈)"", 18000], [""즉석라면"", 4000]]",한식
519,71.44,"서울특별시 마포구 독막로2길 9, 1층 (합정동)",합정감자탕,192401.9483,449548.2057,02-334-2440,,248,"['단체 이용 가능', '포장', '무선 인터넷']",,"[['""음식이 맛있어요""', 162], ['""친절해요""', 53], ['""양이 많아요""', 47], ['""재료가 신선해요""', 37]]",[],"[[""감자탕 (소)"", 29000], [""육회 (200g)"", 28000], [""메밀전"", 7000], [""뼈다귀 해장국"", 10000], [""감자탕 (대)"", 43000]]",한식
520,76.56,"서울특별시 마포구 양화로1길 38 (합정동, 101호)",새벽숯불가든,192023.1935,449797.932,02-388-9589,수: 17:00 - 23:00; 목: 17:00 - 23:00; 금: 17:00 - 23:00; 토: 14:00 - 23:00; 일: 14:00 - 23:00; 월: 17:00 - 23:00; 화: 17:00 - 23:00,194,"['무선 인터넷', '예약', '남/녀 화장실 구분']",주차 가능,"[['""음식이 맛있어요""', 195], ['""친절해요""', 73], ['""재료가 신선해요""', 72], ['""특별한 메뉴가 있어요""', 36]]",[],"[[""오겹살 (400g)"", 36000], [""목살 (400g)"", 36000], [""주물럭 (400g)"", 36000], [""흑돼지 김치찌개"", 4000], [""감자 된장밥"", 6000]]",한식
521,191.94,"서울특별시 마포구 양화로6길 100 (합정동,1층)",어른이대공원,192828.6509,449551.3936,0507-1431-3352,수: 16:00 - 03:00; 목: 16:00 - 03:00; 금: 16:00 - 06:00; 토: 16:00 - 06:00; 일: 16:00 - 03:00; 월: 16:00 - 03:00; 화: 16:00 - 03:00,82,"['콜키지 가능', '생일 혜택', '테이크아웃 할인', '단체 이용 가능', '예약', '무선 인터넷', '남/녀 화장실 구분']",주차 불가,"[['""음식이 맛있어요""', 44], ['""음악이 좋아요""', 40], ['""친절해요""', 30], ['""단체모임 하기 좋아요""', 26]]","['룸', '단체석', '카운터석', '좌식', '바테이블', '루프탑', '연인석', '테라스', '1인석']","[[""콜록콜록 탕수육"", 10000], [""미태리 허니갈릭치킨"", 10000], [""밀라 짬뽕탕"", 10000], [""로제치킨"", 10000], [""어니언카레치킨"", 10000]]",한식
522,67.38,"서울특별시 마포구 양화로1길 32 (합정동, 2층일부)",연희중식,192028.4992,449762.1005,02-323-8588,수: 11:30 - 22:00; 목: 11:30 - 22:00; 금: 11:30 - 22:00; 토: 11:30 - 22:00; 일: 정기휴무 (매주 일요일); 월: 11:30 - 22:00; 화: 11:30 - 22:00,242,"['콜키지 가능', '예약', '포장', '무선 인터넷', '단체 이용 가능', '배달', '남/녀 화장실 구분']",주차 불가,"[['""음식이 맛있어요""', 219], ['""재료가 신선해요""', 62], ['""친절해요""', 53], ['""가성비가 좋아요""', 44]]",['단체석'],"[[""연희탕수육 (소)"", 16000], [""연희중식 마늘새우"", 25000], [""반반새우"", 24000], [""연희짬뽕"", 9000], [""칠리새우"", 24000], [""깐풍새우"", 24000], [""크림새우"", 24000], [""삼색새우"", 32000], [""마늘새우"", 26000], [""깐풍육(소)"", 18000], [""양장피"", 32000], [""해물짬뽕탕"", 23000], [""해물누룽지탕"", 32000], [""팔보채"", 42000], [""라조기"", 20000], [""라조육"", 20000], [""짜장면"", 7000], [""연희백짬뽕"", 9000], [""연희짬뽕밥"", 9000], [""연희백짬뽕밥"", 9000], [""새우볶음밥"", 8000], ["""", null], ["""", null], ["""", null]]",중식
523,70.94,"서울특별시 마포구 양화로1길 32 (합정동, 1층일부)",찐육개장,192028.4992,449762.1005,0507-1412-5255,수: 11:30 - 22:00; 목: 11:30 - 22:00; 금: 11:30 - 22:00; 토: 11:30 - 22:00; 일: 정기휴무 (매주 일요일); 월: 11:30 - 22:00; 화: 11:30 - 22:00,86,"['예약', '단체 이용 가능', '포장', '남/녀 화장실 구분']",주차 가능,"[['""음식이 맛있어요""', 81], ['""친절해요""', 29], ['""재료가 신선해요""', 27], ['""가성비가 좋아요""', 25]]",[],"[[""얼큰육개장"", 9000], [""소머리곰탕(보통)"", 10000], [""육개장 전골 (소)"", 27000]]",한식
524,49.6,"서울특별시 마포구 양화로1길 32 (합정동, 1층일부)",합정뒷고기,192028.4992,449762.1005,02-3144-7254,수: 16:30 - 23:00; 목: 16:30 - 23:00; 금: 16:30 - 23:00; 토: 16:30 - 23:00; 일: 정기휴무 (매주 일요일); 월: 16:30 - 23:00; 화: 16:30 - 23:00,156,"['예약', '단체 이용 가능']",,"[['""음식이 맛있어요""', 182], ['""친절해요""', 76], ['""가성비가 좋아요""', 67], ['""고기 질이 좋아요""', 52]]",[],"[[""뒷고기 모듬한판"", 39000], [""삼겹셋트"", 45000], [""이베리코 흑돼지 모듬한판"", 49000], [""생삼겹"", 16000], [""가브리"", 16000], [""목덜미"", 16000], [""갈매기"", 16000], [""뽈"", 16000], [""콧등"", 16000], [""항정"", 16000], [""관자"", 16000], [""목살"", 17000], [""배받이"", 17000], [""갈비살"", 17000], [""업진"", 17000], [""이베리코 소세지"", 12000]]",한식
525,109,"서울특별시 마포구 월드컵로 35 (합정동, 1층)",버섯마루,192146.9016,450025.9482,02-702-5245,수: 11:00 - 21:30; 목: 11:00 - 21:30; 금: 11:00 - 21:30; 토: 11:00 - 21:30; 일: 11:00 - 21:30; 월: 정기휴무 (매주 월요일); 화: 11:00 - 21:30,219,[],,"[['""음식이 맛있어요""', 181], ['""재료가 신선해요""', 104], ['""친절해요""', 49], ['""양이 많아요""', 46]]",[],"[[""모듬버섯해물샤브 (1인분)"", 29000], [""스페셜샤브 (1인분)"", 21000], [""버섯매운탕칼국수"", 13000], [""버섯만두전골"", 13000], [""뚝배기불고기"", 10000], [""알밥"", 9000], [""버섯샤브샤브 (1인분)"", 16000], [""버섯불고기 (1인분)"", 16000], [""모듬해물전골 (대)"", 72000], [""버섯해물전골 (중)"", 52000], [""버섯해물전골 (대)"", 59000], [""버섯불낙전골 (중)"", 50000], [""버섯불낙전골 (대)"", 57000], [""모듬해물찜 (대)"", 72000], [""버섯해물찜 (중)"", 52000], [""버섯해물찜 (대)"", 59000], [""버섯아구찜 (중)"", 52000], [""버섯아구찜 (대)"", 59000]]",한식
526,85.92,"서울특별시 마포구 월드컵로3길 56, 1층 (합정동)",은하루,191945.2875,449754.0978,02-322-4508,수: 11:00 - 21:00; 목: 11:00 - 21:00; 금: 11:00 - 21:00; 토: 11:00 - 21:00; 일: 정기휴무 (매주 일요일); 월: 11:00 - 21:00; 화: 11:00 - 21:00,257,[],주차 가능,"[['""음식이 맛있어요""', 366], ['""재료가 신선해요""', 131], ['""친절해요""', 113], ['""특별한 메뉴가 있어요""', 85]]",[],"[[""산동식닭고기냉채"", 15000], [""유니짜장"", 8000], [""짬뽕(밥)"", 10000], [""마파두부(중)"", 17000], [""탕수육(중)"", 19000], [""양장피(중)"", 20000], [""유산슬"", 32000], [""깐풍육"", 23000], [""마파두부(대)"", 28000], [""탕수육(대)"", 32000], [""양장피(대)"", 35000], [""팔보채"", 38000], [""칠리새우(6pc 중)"", 19000], [""칠리새우(12pc 대)"", 35000], [""신라탕"", 28000], [""짬뽕탕"", 20000]]",중식
527,43.1,"서울특별시 마포구 성지1길 6 (합정동, 1층)",컬투치킨 합정사랑점,192308.8439,449551.5608,02-336-8999,수: 16:00 - 02:00; 목: 16:00 - 02:00; 금: 16:00 - 02:00; 토: 16:00 - 02:00; 일: 16:00 - 02:00; 월: 16:00 - 02:00; 화: 16:00 - 02:00,398,"['단체 이용 가능', '포장', '배달', '무선 인터넷', '예약']",주차 불가,"[['""음식이 맛있어요""', 393], ['""친절해요""', 149], ['""가성비가 좋아요""', 131], ['""재료가 신선해요""', 121]]",[],"[[""오리지널 탕수육(소)"", 22000], [""양념 탕수육(소)"", 19000], [""간장마요 탕수육(소)"", 19000], [""화끈파닭"", 17000], [""순살파닭"", 19000]]",한식
528,125.45,"서울특별시 마포구 독막로 27 (합정동, 지하1층)",깊은숲,192558.2575,449586.1524,0507-1410-6865,수: 18:00 - 01:00; 목: 18:00 - 01:00; 금: 18:00 - 02:00; 토: 17:00 - 02:00; 일: 17:00 - 24:00; 월: 정기휴무 (매주 월요일); 화: 18:00 - 01:00,248,"['예약', '무선 인터넷', '남/녀 화장실 구분']",,"[['""술이 다양해요""', 194], ['""음식이 맛있어요""', 142], ['""대화하기 좋아요""', 108], ['""인테리어가 멋져요""', 95]]",[],"[[""깊은숲"", 8000], [""뱀파이어"", 8000], [""영칼로리"", 8000], [""그의사과"", 8000], [""모히또"", 9000]]",양식
529,30,"서울특별시 마포구 독막로7길 6, 1층 (합정동)",유라유라,192744.5001,449547.379,0507-1351-3942,수: 17:30 - 24:00; 목: 17:30 - 24:00; 금: 17:30 - 01:00; 토: 17:30 - 01:00; 일: 정기휴무 (매주 일요일); 월: 17:30 - 24:00; 화: 17:30 - 24:00,280,"['콜키지 가능', '단체 이용 가능', '예약', '노키즈존', '포장', '무선 인터넷']",주차 불가,"[['""음식이 맛있어요""', 273], ['""대화하기 좋아요""', 111], ['""술이 다양해요""', 106], ['""기본 안주가 좋아요""', 93]]","['단체석', '카운터석', '연인석', '바테이블', '1인석', '테라스']","[[""사시미2인"", 38000], [""대게내장파스타"", 19000], [""고로케"", 16000]]",양식
530,13.2,"서울특별시 마포구 월드컵로3길 28 (합정동, 1층)",푸줏간생고기,192079.6984,449799.9709,02-322-9285,수: 15:00 - 24:00; 목: 15:00 - 24:00; 금: 15:00 - 24:00; 토: 15:00 - 24:00; 일: 15:00 - 24:00; 월: 15:00 - 24:00,84,[],,"[['""음식이 맛있어요""', 102], ['""친절해요""', 52], ['""고기 질이 좋아요""', 51], ['""가성비가 좋아요""', 35]]",[],"[[""김치생오겹살 (180g)"", 17000], [""김치생삼겹살 (180g)"", 17000], [""김치생목살 (180g)"", 17000], [""김치항정살 (150g)"", 19000], [""한우차돌박이 (150g)"", 25000], [""소갈비살 (150g)"", 18000], [""껍데기 (200g)"", 9000]]",양식
531,29.78,"서울특별시 마포구 월드컵로1길 48 (합정동, 1층)",경성양꼬치,192002.3015,449664.7425,0507-1422-5780,수: 14:00 - 01:30; 목: 14:00 - 01:30; 금: 14:00 - 01:30; 토: 14:00 - 24:00; 일: 정기휴무 (매주 일요일); 월: 14:00 - 01:30; 화: 14:00 - 01:30,101,[],,"[['""음식이 맛있어요""', 114], ['""친절해요""', 27], ['""고기 질이 좋아요""', 24], ['""가성비가 좋아요""', 20]]",[],"[[""양꼬치"", null], [""어깨갈비"", null], [""마라갈비"", null], [""고급 양갈비"", null], [""꿔바로우"", null], [""어향육사"", null], [""건두부볶음"", null], [""마파두부"", null], [""물만두"", null], [""옥수수 국수"", null], [""어향육사 덮밥"", null], [""냉면"", null], [""마파두부 덮밥"", null]]",한식
532,42,"서울특별시 마포구 독막로2길 12 (합정동, 1층)",옹달샘 합정 고깃집,192377.1259,449534.275,02-332-2440,,95,[],,"[['""음식이 맛있어요""', 70], ['""고기 질이 좋아요""', 37], ['""친절해요""', 33], ['""직접 잘 구워줘요""', 17]]",[],"[[""제주 흑돼지 (반근)"", 28000], [""제주 백돼지 (반근)"", 23000], [""김치찌개"", 7000], [""꽁치김치찌개"", 7000], [""햄 김치찌개"", 7000], [""냉면"", 6000]]",한식
533,69.3,"서울특별시 마포구 월드컵로 53 (합정동, 1층)",다사랑치킨,192108.29,450194.4962,02-332-9244,수: 16:00 - 01:00; 목: 16:00 - 01:00; 금: 16:00 - 01:00; 토: 16:00 - 01:00; 일: 정기휴무 (매주 일요일); 월: 16:00 - 01:00; 화: 16:00 - 01:00,193,"['예약', '단체 이용 가능', '포장', '배달', '남/녀 화장실 구분']",주차 불가,"[['""음식이 맛있어요""', 187], ['""매장이 넓어요""', 58], ['""친절해요""', 49], ['""단체모임 하기 좋아요""', 42]]",[],"[[""닭강정"", 20000], [""러브스틱"", 22000], [""후라이드치킨"", 19000], [""양념치킨"", 20000], [""화살치킨"", 20000], [""순살 닭강정"", 21000], [""순살 패밀리세트"", 32000], [""윙스틱"", 22000], [""블랙버스터 치킨"", 21000], [""레드매직 치킨"", 21000], [""순살 치킨유린기"", 25000], [""순살 칠리치킨"", 25000], [""순살 블랙버스터 치킨"", 22000], [""3계천왕 세트"", 36000], [""트리플세트"", 21000], [""순살 트리플세트"", 22000]]",한식
534,39.6,"서울특별시 마포구 포은로2가길 65, B동 1층 3호 (합정동)",쿠시로지,192007.9239,449700.5404,0507-1334-0749,수: 17:00 - 02:00; 목: 17:00 - 02:00; 금: 17:00 - 02:00; 토: 17:00 - 02:00; 일: 정기휴무 (매주 일요일); 월: 17:00 - 02:00; 화: 17:00 - 02:00,89,[],,"[['""음식이 맛있어요""', 84], ['""친절해요""', 36], ['""인테리어가 멋져요""', 32], ['""술이 다양해요""', 26]]",[],"[[""염통꼬치(2pc)"", 3000], [""네기마꼬치"", 3500], [""무릎연골꼬치"", 3000], [""닭날개꼬치"", 3500], [""닭목살꼬치"", 3500], [""명란안심꼬치"", 3500], [""은행꼬치(2pc)"", 3000], [""가래떡꼬치(1pc)"", 3000], [""새송이버섯꼬치"", 2500], [""베이컨토마토꼬치"", 3500], [""베이컨파인애플꼬치"", 3000], [""베이컨꽈리고추꼬치"", 3500], [""베이컨치즈떡꼬치"", 3000], [""삼겹살꼬치"", 4000], [""팽이삼겹꼬치(2pc)"", 4000], [""소생갈비살꼬치"", 5000], [""이베리코늑간살꼬치"", 4000], [""야끼소바"", 15000], [""치킨가라아게"", 13000], [""쿠시카츠"", 16000], [""떡볶이&김말이"", 12000], ["""", null], ["""", null], ["""", null], ["""", null]]",한식
535,83.64,"서울특별시 마포구 포은로 29-1 (합정동, 1층)",콩청대,191785.863,449797.0947,0507-1361-4434,수: 11:00 - 21:30; 목: 11:00 - 21:30; 금: 11:00 - 21:30; 토: 11:00 - 21:30; 일: 정기휴무 (매주 일요일); 월: 11:00 - 21:30; 화: 11:00 - 21:30,371,[],,"[['""음식이 맛있어요""', 405], ['""친절해요""', 167], ['""재료가 신선해요""', 164], ['""특별한 메뉴가 있어요""', 86]]",[],"[[""하양순두부"", 10000], [""빨강순두부"", 11000], [""콩비지찌개"", 10000], [""손만두"", 12000], [""두부김치전골"", 13000], [""청국장순두부"", 11000], [""얼큰별난뚝배기"", 11000], [""황태만두전골"", 15000], [""수육정식"", 15000], [""두부지지미"", 13000], [""두부김치"", 22000], [""도마수육"", 26000], [""해물파전"", 21000]]",한식
536,87.62,"서울특별시 마포구 월드컵로3길 44, 1층 (합정동)",카즈,191992.6557,449791.8556,0507-1323-1634,수: 17:30 - 01:00; 목: 17:30 - 01:00; 금: 17:30 - 01:00; 토: 17:30 - 01:00; 일: 정기휴무 (매주 일요일); 월: 17:30 - 01:00; 화: 17:30 - 01:00,157,"['콜키지 가능', '예약']",주차 불가,"[['""음식이 맛있어요""', 128], ['""친절해요""', 50], ['""대화하기 좋아요""', 47], ['""술이 다양해요""', 35]]",[],"[[""오도로 (참다랑어 뱃살)"", 30000], [""메로 된장구이"", 22000], [""도미머리 조림"", 25000], [""에비후라이"", 16000], [""나가사키짬뽕"", 20000]]",일식
537,83.64,"서울특별시 마포구 양화로3길 23, 1층 (합정동)",지리산어탕국수,192096.6332,449748.2509,02-333-7794,,205,['단체 이용 가능'],,"[['""음식이 맛있어요""', 203], ['""특별한 메뉴가 있어요""', 68], ['""양이 많아요""', 58], ['""가성비가 좋아요""', 47]]",[],"[[""어탕밥"", 9000], [""어탕국수"", 9000], [""다슬기탕"", 12000], [""다슬기국수"", 12000], [""빠가매운탕"", 50000], [""메기매운탕"", 50000], [""잡어매운탕"", 50000], [""빠가메기탕"", 65000], [""우렁이탕"", 10000], [""우렁이국슈"", 10000], [""우렁이국수"", 10000]]",한식
538,40,"서울특별시 마포구 양화로 36 (합정동, 1층)",합정조이떡볶이,192271.5048,449586.0601,02-2691-5480,수: 11:30 - 21:00; 목: 11:30 - 21:00; 금: 11:30 - 21:00; 토: 12:00 - 20:00; 일: 12:00 - 19:30; 월: 11:30 - 21:00; 화: 11:30 - 21:00,648,"['남/녀 화장실 구분', '배달', '포장', '무선 인터넷']",,"[['""음식이 맛있어요""', 685], ['""가성비가 좋아요""', 293], ['""친절해요""', 292], ['""양이 많아요""', 180]]",[],"[[""떡볶이"", 4000], [""순대"", 5000], [""원조김밥"", 4000], [""오징어튀김 (한접시)"", 3000], [""오뎅떡볶이 (밀)"", 5000], [""쌀떡볶이"", 5000], [""오뎅쌀떡볶이"", 6000], [""김말이튀김 (2개)"", 1500], [""만두튀김 (2개)"", 1000], [""고구마튀김 (2개)"", 1500], [""오뎅 (1개)"", 1000], [""라면"", 4000], [""계란"", 800]]",양식
539,82.5,"서울특별시 마포구 월드컵로3길 31-32 (합정동, 1층)",돌황소곱창,192058.5031,449729.6324,02-713-9903,수: 15:30 - 23:00; 목: 15:30 - 23:00; 금: 15:30 - 23:00; 토: 15:30 - 23:00; 일: 15:30 - 22:00; 월: 15:30 - 23:00; 화: 15:30 - 23:00,734,"['단체 이용 가능', '예약', '포장', '무선 인터넷']",,"[['""음식이 맛있어요""', 320], ['""친절해요""', 151], ['""재료가 신선해요""', 97], ['""양이 많아요""', 78]]",[],"[[""돌모듬"", 21000], [""곱창"", 22000], [""대창"", 21000], [""막창"", 21000], [""염통"", 15000], [""특양"", 25000], [""홍창"", 21000]]",한식
540,66.25,"서울특별시 마포구 독막로 49, 1층 (합정동)",합정생고기김치찌개,192756.9956,449537.3799,02-334-8895,,181,[],,"[['""음식이 맛있어요""', 190], ['""가성비가 좋아요""', 72], ['""친절해요""', 57], ['""양이 많아요""', 51]]",[],"[[""생고기 김치찌개"", 9000], [""제육볶음"", 9000], [""돼지불백"", 9000], [""오징어볶음"", 9000], [""수제돈까스"", 9000], [""김치 생삼겹살 (200g)"", 15000], [""생고기 김치전골 (중)"", 28000]]",한식
541,22.32,"서울특별시 마포구 월드컵로1길 7 (합정동,1F)",퓨전,192198.2389,449689.2445,02-335-4764,수: 18:30 - 01:00; 목: 18:30 - 01:00; 금: 18:30 - 01:00; 토: 18:30 - 01:00; 일: 정기휴무 (매주 일요일); 월: 18:30 - 01:00; 화: 18:30 - 01:00,153,[],,"[['""음식이 맛있어요""', 122], ['""술이 다양해요""', 81], ['""가성비가 좋아요""', 76], ['""친절해요""', 69]]",[],"[[""메로구이"", null], [""병어 미소야끼"", null], [""은대구 미소야끼"", null], [""옥돔구이"", null], [""숙성 사시미"", null]]",한식
542,182.92,"서울특별시 마포구 월드컵로1길 17, 1층 (합정동)",양화정,192153.9894,449685.5129,02-323-5777,수: 11:30 - 22:30; 목: 11:30 - 22:30; 금: 11:30 - 22:30; 토: 11:30 - 22:30; 일: 11:30 - 22:30; 월: 11:30 - 22:30; 화: 11:30 - 22:30,552,"['콜키지 가능', '단체 이용 가능', '포장', '무선 인터넷', '남/녀 화장실 구분', '예약', '유아의자', '장애인 주차구역']",무료 주차 가능,"[['""음식이 맛있어요""', 614], ['""친절해요""', 223], ['""고기 질이 좋아요""', 208], ['""매장이 넓어요""', 149]]","['룸', '단체석', '입식']","[[""한돈양념구이 (250g)"", 20000], [""한우육회 (200g)"", 35000], [""갈비탕"", 12000], [""소 양념갈비 (230g)"", 27000], [""소 생갈비 (200g)"", 29000], [""육개장"", 10000], [""갈비우거지탕"", 10000], [""함흥물냉면"", 9000], [""함흥비빔냉면"", 9000]]",한식
543,66,"서울특별시 마포구 포은로 48 (합정동,1층)",스미비클럽,191719.3606,449951.8428,0507-1390-9010,수: 17:00 - 24:00; 목: 17:00 - 24:00; 금: 17:00 - 01:00; 토: 17:00 - 01:00; 일: 17:00 - 23:00; 월: 17:00 - 24:00; 화: 17:00 - 24:00,165,"['콜키지 가능', '남/녀 화장실 구분', '예약', '무선 인터넷', '반려동물 동반']",주차 불가,"[['""음식이 맛있어요""', 184], ['""친절해요""', 118], ['""인테리어가 멋져요""', 82], ['""특별한 메뉴가 있어요""', 82]]","['단체석', '카운터석', '바테이블', '1인석']","[[""오마카세"", 25000]]",양식
544,68.21,"서울특별시 마포구 월드컵로 37 (합정동,1층  106호.107호)",숯닭,192124.1188,450005.6149,02-336-4261,,89,"['단체 이용 가능', '포장', '남/녀 화장실 구분']",주차 가능,"[['""음식이 맛있어요""', 88], ['""친절해요""', 66], ['""가성비가 좋아요""', 24], ['""재료가 신선해요""', 21]]",[],"[[""숯불닭갈비"", 12000], [""양념삼겹살(200g)"", 13000], [""주먹고기(200g)"", 12000], [""감자전"", 10000], [""오꼬노미야끼"", 18000]]",주점
545,35.74,"서울특별시 마포구 월드컵로1길 14 (합정동, 마포한강푸르지오1차 상가B112-2호)",신야텐야합정교보문고점,192171.2354,449751.487,02-337-3688,,559,[],주차 가능,"[['""마사지가 시원해요""', 346], ['""친절해요""', 276], ['""맞춤 케어를 잘해줘요""', 248], ['""분위기가 편안해요""', 225]]",[],"[[""야사이텐동"", 9500], [""신야텐동"", 11500], [""토리텐카레"", 12500], [""신야가정식"", 16500], [""신야텐정식"", 14500], [""부타텐정식"", 14000], [""토리텐정식"", 14000], [""롤카츠정식"", 14000], [""규나베정식"", 14000], [""롤카츠나베정식"", 14000], [""에비텐나베정식"", 14000], [""이카텐동"", 12000], [""롤카츠동"", 11000], [""부타텐동"", 11000], [""토리텐동"", 11000], [""에비텐동"", 13000], [""우나기스페셜"", 17000], [""텐뿌라모리아와세"", 25000], [""부터텐카레"", 12500], [""롤카츠카레"", 12500], [""이카텐카레"", 13500], ["""", null], ["""", null], ["""", null], ["""", null], ["""", null], ["""", null], ["""", null], ["""", null], ["""", null], ["""", null]]",일식
546,39,"서울특별시 마포구 동교로 40 (합정동, 1층일부)",호계식,191689.4933,450030.0432,0507-1398-0564,수: 11:30 - 20:30; 목: 11:30 - 20:30; 금: 11:30 - 20:30; 토: 11:30 - 20:30; 일: 정기휴무 (매주 일요일); 월: 11:30 - 20:30; 화: 11:30 - 20:30,242,"['포장', '배달']",,"[['""음식이 맛있어요""', 262], ['""혼밥하기 좋아요""', 128], ['""친절해요""', 113], ['""양이 많아요""', 101]]",[],"[[""닭온반 (보통)"", 10500], [""닭온반 (특)"", 13500], [""얼큰닭온반 (보통)"", 11500], [""닭국수"", 10500], [""얼큰닭국수"", 11500], [""달콤간장덮밥"", 11500], [""얼큰닭온반(특)"", 14500], [""유린기"", 7000]]",한식
547,80.1,"서울특별시 마포구 월드컵로3길 31-38 (합정동,1층)",무교동낙지,192063.9773,449706.7781,02-3142-3379,,100,[],,"[['""음식이 맛있어요""', 99], ['""가성비가 좋아요""', 38], ['""친절해요""', 33], ['""재료가 신선해요""', 31]]",[],"[[""산낙지볶음 (소)"", 28000], [""산낙지철판 (1인)"", 17000], [""산낙지전골 (소)"", 33000], [""낙지볶음 (소)"", 18000], [""낙지철판 (1인)"", 12000]]",한식
548,98.64,"서울특별시 마포구 양화로6길 54 (합정동, 2층)",필참치,192612.8214,449596.3539,02-3142-3700,수: 11:30 - 23:00; 목: 11:30 - 23:00; 금: 11:30 - 23:00; 토: 17:30 - 23:00; 일: 정기휴무 (매주 일요일); 월: 11:30 - 23:00; 화: 11:30 - 23:00,157,"['예약', '단체 이용 가능', '남/녀 화장실 구분', '무선 인터넷', '포장']",주차 가능,[],[],"[[""오늘에 초밥(12ps)"", 10000], [""특 초밥(12ps)"", 15000], [""참치초밥(12ps)"", 15000], [""광어초밥(12ps)"", 15000], [""연어 초밥(12ps)"", 12000], [""도로(뱃살)(10ps)"", 30000], [""회 덮밥"", 6000], [""광어덮밥"", 13000], [""연어덮밥"", 10000], [""장어덮밥"", 15000], [""대구탕"", 7000], [""대구지리"", 7000], [""알탕"", 7000], [""우동정식"", 7000], [""특정식"", 23000], [""스페셜"", 28000], [""특스페셜"", 38000], [""실장스페셜"", 55000], [""필스페셜"", 75000]]",한식
549,37.71,"서울특별시 마포구 월드컵로3길 31-5 (합정동, 지층)",합정숯불갈비,192069.4312,449760.9364,0507-1447-8482,수: 13:00 - 23:00; 목: 13:00 - 23:00; 금: 13:00 - 23:00; 토: 정기휴무 (매주 토요일); 일: 13:00 - 23:00; 월: 13:00 - 23:00; 화: 13:00 - 23:00,84,"['무선 인터넷', '예약', '단체 이용 가능']",주차 불가,"[['""음식이 맛있어요""', 94], ['""친절해요""', 52], ['""가성비가 좋아요""', 40], ['""재료가 신선해요""', 31]]",[],"[[""돼지양념갈비(250g)"", 14000], [""돼지생갈비(200g)"", 14000], [""소갈비살(150g)"", 14000], [""생삼겹살(180g)"", 14000], [""옛날불고기"", 8500], [""삼겹불고기"", 8500], [""불고기돌솥비빔밥"", 8000], [""생고기김치찌개"", 8000], [""해물된장찌개"", 8000]]",한식
550,149.48,"서울특별시 마포구 성지길 27 (합정동,1층)",백미향,192279.1031,449456.6979,02-312-8253,수: 11:00 - 21:30; 목: 11:00 - 21:30; 금: 11:00 - 21:30; 토: 11:00 - 21:30; 일: 정기휴무 (매주 일요일); 월: 11:00 - 21:30; 화: 11:00 - 21:30,255,"['예약', '단체 이용 가능', '포장', '배달']",,"[['""음식이 맛있어요""', 220], ['""친절해요""', 92], ['""가성비가 좋아요""', 77], ['""재료가 신선해요""', 49]]",[],"[[""백미향탕수육"", 20000], [""어향가지"", 30000], [""삼선짬뽕"", 11000], [""짜장면"", 8000], [""팔보채"", 40000], [""차돌짬뽕"", 11000], [""레몬탕수육"", 19000], [""유린기"", 22000]]",중식
551,55,"서울특별시 마포구 동교로 24 (합정동, 1층 일부)",엄마손생선구이,191560.1346,449977.0341,02-332-9235,,194,[],주차 가능,"[['""음식이 맛있어요""', 249], ['""가성비가 좋아요""', 80], ['""친절해요""', 62], ['""혼밥하기 좋아요""', 59]]",[],"[[""모듬생선구이"", 25000], [""갈치구이"", 13000], [""오징어볶음"", 11000], [""제육볶음"", 11000]]",한식
552,64.8,"서울특별시 마포구 독막로3길 6, 지1층 (합정동)",비앤비,192561.8152,449599.4637,02-722-1254,,106,['무선 인터넷'],,"[['""술이 다양해요""', 80], ['""친절해요""', 49], ['""대화하기 좋아요""', 41], ['""음식이 맛있어요""', 40]]",[],[],양식
553,33.25,"서울특별시 마포구 포은로 11 (합정동, 1층일부)",미삼,191908.5046,449666.7911,0507-1399-1892,수: 17:00 - 23:00; 목: 17:00 - 23:00; 금: 17:00 - 23:00; 토: 17:00 - 23:00; 일: 정기휴무 (매주 일요일); 월: 17:00 - 23:00; 화: 17:00 - 23:00,351,"['콜키지 가능', '콜키지 가능', '예약', '포장', '남/녀 화장실 구분', '단체 이용 가능', '무선 인터넷', '반려동물 동반']",,"[['""음식이 맛있어요""', 262], ['""특별한 메뉴가 있어요""', 166], ['""친절해요""', 124], ['""고기 질이 좋아요""', 106]]",['좌식'],"[[""화이트 불"", 11000], [""더티 마더"", 10000], [""더티 화이트 마더"", 10000], [""스팅어"", 10000]]",한식
554,29.4,"서울특별시 마포구 독막로 54 (합정동,1층 일부)",코리아식당,192792.8417,449498.1117,02-325-8118,수: 08:00 - 21:00; 목: 08:00 - 21:00; 금: 08:00 - 21:00; 토: 08:00 - 21:00; 일: 정기휴무 (매주 일요일); 월: 08:00 - 21:00; 화: 08:00 - 21:00,302,[],,"[['""음식이 맛있어요""', 365], ['""친절해요""', 119], ['""재료가 신선해요""', 102], ['""가성비가 좋아요""', 95]]",[],"[[""바버리 코스트"", 9000], [""옐로우 버드 - 노랑새"", 10000], [""블루 버드 - 파랑새"", 9000]]",한식
555,33,"서울특별시 마포구 월드컵로1길 52 (합정동,1층)",오뎅바,191993.018,449655.8231,,,106,[],,"[['""음식이 맛있어요""', 123], ['""특별한 메뉴가 있어요""', 57], ['""친절해요""', 38], ['""가성비가 좋아요""', 38]]",[],"[[""애플마티니"", 10000], [""해적펀치"", 9000], [""말리부 펀치"", 9000], [""비숍"", 10000]]",한식
556,58.52,"서울특별시 마포구 월드컵로 45-1 (합정동, 1층)",닭날다,192124.476,450129.3168,0507-1350-4520,,160,[],,"[['""음식이 맛있어요""', 140], ['""친절해요""', 65], ['""특별한 메뉴가 있어요""', 47], ['""인테리어가 멋져요""', 44]]",[],"[[""하비 웰뱅어"", 10000], [""싱가폴 슬링"", 10000], [""오렌지 블라썸"", 8000]]",일식
557,94.03,"서울특별시 마포구 포은로 9 (합정동, 1층)",참숯불풍천장어,191922.5657,449651.7681,02-335-1693,수: 12:00 - 22:00; 목: 12:00 - 22:00; 금: 12:00 - 22:00; 토: 12:00 - 22:00; 일: 정기휴무 (매주 일요일); 월: 12:00 - 22:00; 화: 12:00 - 22:00,124,"['예약', '단체 이용 가능', '무선 인터넷', '남/녀 화장실 구분']",주차 불가,"[['""음식이 맛있어요""', 159], ['""재료가 신선해요""', 58], ['""친절해요""', 50], ['""가성비가 좋아요""', 19]]",[],[],한식
558,62.28,"서울특별시 마포구 성지길 25-8, 1층 (합정동)",라베니스,192295.9909,449452.9001,0507-1498-2372,수: 11:30 - 21:00; 목: 11:30 - 21:00; 금: 11:30 - 21:00; 토: 12:00 - 21:00; 일: 12:00 - 21:00; 월: 11:30 - 15:00; 화: 11:30 - 21:00,208,"['콜키지 가능', '무선 인터넷', '예약', '포장', '단체 이용 가능', '남/녀 화장실 구분', '유아의자']",주차 불가,"[['""음식이 맛있어요""', 178], ['""친절해요""', 91], ['""양이 많아요""', 84], ['""인테리어가 멋져요""', 73]]",[],"[[""MONSTER PASTA SET (2인)"", 35500], [""Aglio Olio"", 15000], [""Spaghetti con gamberett rose"", 18000], [""Pizza quattro formaggi"", 19000]]",한식
559,24.8,"서울특별시 마포구 양화로 27 (합정동, 1층)",마포소금구이,192175.8695,449657.7931,02-324-2198,수: 16:30 - 22:00; 목: 16:30 - 22:00; 금: 16:30 - 22:00; 토: 16:00 - 21:30; 일: 정기휴무 (매주 일요일); 월: 16:30 - 22:00; 화: 16:30 - 22:00,225,[],,"[['""음식이 맛있어요""', 238], ['""고기 질이 좋아요""', 60], ['""친절해요""', 42], ['""가성비가 좋아요""', 40]]",[],"[[""껍질 (2인분)"", 16000], [""소금구이 (2인분)"", 24000], [""껍데기 (2인)+소금구이 (2인)"", 40000]]",한식
560,106.83,"서울특별시 마포구 양화로 36 (합정동, 1층)",육전국밥 합정점,192271.5048,449586.0601,02-322-0632,,382,"['단체 이용 가능', '포장', '배달', '무선 인터넷', '남/녀 화장실 구분', '예약']",,"[['""음식이 맛있어요""', 447], ['""혼밥하기 좋아요""', 154], ['""가성비가 좋아요""', 116], ['""매장이 넓어요""', 96]]",[],"[[""소고기국밥정식"", null], [""소고기국밥"", null], [""육전소고기국밥"", null], [""국밥"", null], [""소불고기전골"", null], [""소곱창전골"", null], [""모둠전"", null], [""소고기육전"", null], [""깻잎전"", null], [""해물파전"", null], [""해물김치전"", null], [""치즈해물파전"", null], [""치즈해물김치전"", null], [""호박전"", null], [""함박곰탕"", null], [""미소곰탕"", null], [""곰탕"", null], [""오징어"", null], [""소갈비찜"", null], [""산적소갈비찜"", null], [""정식"", null], ["""", null], ["""", null], ["""", null], ["""", null], ["""", null], ["""", null], ["""", null]]",한식
561,90.32,"서울특별시 마포구 양화로1길 42, 엘타워 1층 (합정동)",히게쯔라,192012.5353,449814.2568,0507-1317-4883,수: 16:00 - 24:00; 목: 16:00 - 24:00; 금: 16:00 - 01:00; 토: 16:00 - 01:00; 일: 16:00 - 24:00; 월: 16:00 - 24:00; 화: 16:00 - 24:00,263,"['콜키지 가능', '예약', '무선 인터넷', '단체 이용 가능']",주차 불가,"[['""음식이 맛있어요""', 226], ['""친절해요""', 124], ['""특별한 메뉴가 있어요""', 90], ['""술이 다양해요""', 79]]","['룸', '단체석', '바테이블', '연인석']","[[""메로구이"", 28000], [""게살크림고로케"", 16000], [""사바보우즈시"", 26000], [""타마고우나기"", 32000], [""전복톳파스타"", 28000], [""모츠나베"", 32000], [""치킨난바"", 28000], [""사시미"", 40000], [""관자우니단새우"", 68000]]",일식
562,188.28,"서울특별시 마포구 월드컵로 45, 1,2층 (합정동)",행진,192134.6063,450117.5094,02-336-4275,수: 11:00 - 24:00; 목: 11:00 - 24:00; 금: 11:00 - 24:00; 토: 11:00 - 24:00; 일: 11:00 - 24:00; 월: 11:00 - 24:00; 화: 11:00 - 24:00,319,"['콜키지 가능', '단체 이용 가능', '남/녀 화장실 구분', '무선 인터넷', '예약', '대기공간']",주차 불가,"[['""음식이 맛있어요""', 239], ['""친절해요""', 80], ['""고기 질이 좋아요""', 80], ['""특별한 메뉴가 있어요""', 70]]",[],"[[""급냉삼겹살"", 15000], [""차돌박이"", 27000], [""LA갈비"", 28000], [""껍데기"", 9000], [""고추장찌개백반(점심메뉴)"", 10000], [""멸치된장찌개백반(점심메뉴)"", 10000], [""제육볶음(점심메뉴)"", 10000], [""청국장백반(점심메뉴)"", 10000], [""비빔국수"", 7000]]",한식
563,24,"서울특별시 마포구 양화로1길 31 (합정동, 1층일부)",카에루,192001.2729,449767.3272,02-325-5103,,112,"['예약', '무선 인터넷']",,"[['""음식이 맛있어요""', 104], ['""특별한 메뉴가 있어요""', 51], ['""친절해요""', 28], ['""대화하기 좋아요""', 26]]",[],"[[""카에루 빠다야끼"", 24000], [""사시미 (중)"", 47000], [""혼마구로 (참치)"", 32000], [""히라메 (장어사시미)"", 28000], [""연어샐러드"", 20000]]",양식
564,59,"서울특별시 마포구 독막로8길 23 (합정동, 1층)",츠키젠,192688.4674,449398.6619,0507-1362-1655,,708,['남/녀 화장실 구분'],,"[['""음식이 맛있어요""', 768], ['""재료가 신선해요""', 281], ['""친절해요""', 259], ['""특별한 메뉴가 있어요""', 246]]",[],"[[""로스카츠"", 12500], [""샤톤브리앙"", 14500], [""상로스카츠"", 16000], [""토마호크카츠"", 18000]]",일식
565,75.66,"서울특별시 마포구 성지1길 6, 2층 (합정동)",그릭조이,192308.8439,449551.5608,02-338-2100,수: 12:00 - 21:30; 목: 12:00 - 21:30; 금: 12:00 - 21:30; 토: 12:00 - 21:30; 일: 정기휴무 (매주 일요일); 월: 12:00 - 21:30; 화: 12:00 - 21:30,108,"['예약', '단체 이용 가능', '포장', '무선 인터넷']",주차 가능,"[['""음식이 맛있어요""', 92], ['""특별한 메뉴가 있어요""', 79], ['""친절해요""', 50], ['""재료가 신선해요""', 35]]",[],"[[""그리스식 샌드위치"", 10000], [""치킨 수블라키"", 13000], [""무사카"", 14000], [""해물치즈오븐구이와 파스타"", 16000], [""쇠고시 스튜(Stifado)"", 16000], [""Fish Pasta"", 17000], [""무사카(Moussaka)"", 15000], [""그릭샐러드 파스타 (채식)"", 15000], [""크린치킨 파스타"", 16000]]",양식
566,102.63,"서울특별시 마포구 월드컵로3길 31-6, 1층 (합정동)",고삼이 합정직영점,192045.885,449765.629,0507-1357-4350,,94,"['포장', '무선 인터넷', '남/녀 화장실 구분', '예약', '대기공간', '단체 이용 가능']",주차 불가,"[['""음식이 맛있어요""', 100], ['""재료가 신선해요""', 47], ['""친절해요""', 39], ['""양이 많아요""', 34]]",[],"[[""고등어구이"", 12000], [""오징어볶음"", 13000], [""삼치구이"", 15000], [""소불고기"", 12000], [""순두부찌개"", 8000], [""된장찌개"", 8000]]",한식
567,28.93,"서울특별시 마포구 토정로 31 (합정동, 1층일부)",낭만식탁,192367.7244,449278.7088,,수: 11:30 - 21:00; 목: 11:30 - 21:00; 금: 11:30 - 21:00; 토: 11:30 - 20:00; 일: 정기휴무 (매주 일요일); 월: 11:30 - 21:00; 화: 11:30 - 21:00,159,"['포장', '무선 인터넷', '배달']",주차 불가,"[['""음식이 맛있어요""', 162], ['""혼밥하기 좋아요""', 80], ['""친절해요""', 70], ['""양이 많아요""', 66]]",[],"[[""명란아보카도 덮밥"", 10000], [""오겹살 덮밥"", 9000], [""우삼겹 덮밥"", 9000], [""연어 덮밥"", 11000]]",한식
568,53.74,"서울특별시 마포구 월드컵로1길 14 (합정동, 마포한강푸르지오B115-2호)",합정육전면사무소,192171.2354,449751.487,02-337-3688,,559,[],주차 가능,"[['""마사지가 시원해요""', 346], ['""친절해요""', 276], ['""맞춤 케어를 잘해줘요""', 248], ['""분위기가 편안해요""', 225]]",[],"[[""불고기사골쫀득떡면"", 9000], [""소고기해장생면"", 8500], [""소고기생면"", 8500], [""소고기자작생면"", 8000]]",한식
569,48.94,"서울특별시 마포구 월드컵로1길 14 (합정동, 마포한강푸르지오B115-1호)",소노야합정역점,192171.2354,449751.487,02-337-3688,,559,[],주차 가능,"[['""마사지가 시원해요""', 346], ['""친절해요""', 276], ['""맞춤 케어를 잘해줘요""', 248], ['""분위기가 편안해요""', 225]]",[],[],일식
570,62.76,"서울특별시 마포구 성지3길 67 (합정동, 1층)",몰토베네,192565.2795,449337.5854,0507-1375-5682,수: 11:30 - 21:30; 목: 11:30 - 21:30; 금: 11:30 - 21:30; 토: 11:30 - 21:30; 일: 11:30 - 21:30; 월: 11:30 - 21:30; 화: 11:30 - 21:30,432,"['예약', '무선 인터넷', '단체 이용 가능']",,"[['""음식이 맛있어요""', 419], ['""친절해요""', 281], ['""특별한 메뉴가 있어요""', 222], ['""재료가 신선해요""', 176]]",[],"[[""살라미샐러드"", 27000], [""살라미 미스티"", 36000], [""판체타 알리오에올리오 파스타"", 28000], [""풍기 알리오에올리오 파스타"", 27000], [""스페셜 파스타(새우)"", 29000], [""뽀모도라니 파스타"", 25000], [""라구 파스타"", 28000], [""마르게리따 프레스카"", 27000], [""프로슈토 에 루꼴라 피자"", 34000], [""프로슈토 에 모짜 피자"", 30000], [""라구 피자"", 30000], [""푸타네스카 피자"", 29000], [""풍기 피자"", 30000], [""포르마지 꼰 코파 피자"", 34000]]",기타
571,21.75,"서울특별시 마포구 동교로 68 (합정동, 1층)",본전횟집,191953.8041,450135.9681,02-333-5266,,153,[],,"[['""음식이 맛있어요""', 120], ['""재료가 신선해요""', 76], ['""친절해요""', 35], ['""양이 많아요""', 26]]",[],"[[""광어 2인"", 40000], [""우럭 2인"", 45000], [""광어+도다리 2인"", 45000], [""광어+우럭 2인"", 45000], [""우럭+도다리 2인"", 45000], [""도다리+산낙지 2인"", 68000]]",일식
572,61.2,"서울특별시 마포구 독막로 43-1 (합정동, 3층)",시소,192709.0688,449542.7009,0507-1412-8744,수: 17:00 - 01:00; 목: 17:00 - 01:00; 금: 17:00 - 01:00; 토: 17:00 - 01:00; 일: 17:00 - 01:00; 월: 정기휴무 (매주 월요일); 화: 17:00 - 01:00,96,['콜키지 가능'],주차 불가,"[['""음식이 맛있어요""', 80], ['""친절해요""', 45], ['""대화하기 좋아요""', 40], ['""인테리어가 멋져요""', 27]]","['바테이블', '연인석', '1인석', '단체석']","[[""봉골레 술찜"", 26000], [""토마토 새우탕"", 28000], [""크림 새우탕"", 28000]]",양식
573,83.7,"서울특별시 마포구 월드컵로1길 28 (합정동, 2층)",홍콩반점,192096.7906,449704.7407,0507-1426-6901,목: 10:40 - 20:50; 금: 10:40 - 20:50; 토: 정기휴무 (매주 토요일); 일: 10:40 - 20:50; 월: 10:40 - 20:50; 화: 10:40 - 20:50; 수: 10:40 - 20:50,466,"['예약', '단체 이용 가능', '포장', '배달']",,"[['""음식이 맛있어요""', 404], ['""친절해요""', 181], ['""가성비가 좋아요""', 114], ['""양이 많아요""', 78]]",[],"[[""짜장면"", 5000], [""짬뽕"", 6000], [""우동"", 6000], [""쟁반짜장"", 7000], [""볶음밥"", 6000]]",중식
574,224.23,"서울특별시 마포구 양화로 50, 지1층 (합정동)",신김치생삼겹살2호,192377.2777,449695.09,02-6405-8690,목: 16:30 - 23:30; 금: 16:30 - 23:30; 토: 16:30 - 23:30; 일: 16:30 - 23:30; 월: 16:30 - 23:30; 화: 16:30 - 23:30; 수: 16:30 - 23:30,236,[],주차 가능,"[['""음식이 맛있어요""', 241], ['""친절해요""', 84], ['""고기 질이 좋아요""', 73], ['""단체모임 하기 좋아요""', 30]]",[],"[[""삼겹살 (180g)"", 16000], [""목살 (180g)"", 16000], [""항정살 (180g)"", 19000], [""물냉면"", 6000], [""계란탕"", 5000]]",중식
575,30,"서울특별시 마포구 독막로 34, 1층 일부 좌측호 (합정동)",스미비부타동 본점,192612.0265,449528.1764,0507-1311-4076,목: 11:30 - 21:00; 금: 11:30 - 21:00; 토: 11:30 - 21:00; 일: 11:30 - 21:00; 월: 11:30 - 21:00; 화: 11:30 - 21:00; 수: 11:30 - 21:00,688,"['무선 인터넷', '포장', '단체 이용 가능']",주차 불가,"[['""음식이 맛있어요""', 372], ['""혼밥하기 좋아요""', 202], ['""친절해요""', 115], ['""양이 많아요""', 115]]",[],"[[""부타동"", 10000], [""마제소바"", 11000], [""부타마제소바"", 14000], [""마제메시"", 11000]]",일식
576,49.8,"서울특별시 마포구 양화로6길 102, 정원빌딩 1층 (합정동)",블랙루머,192845.7755,449554.4331,0507-1400-4571,,183,"['비건 메뉴', '유기농 메뉴', '글루텐프리 메뉴', '포장', '단체 이용 가능', '배달', '방문접수/출장', '예약', '무선 인터넷', '반려동물 동반', '남/녀 화장실 구분']",주차 불가,"[['""음식이 맛있어요""', 171], ['""재료가 신선해요""', 138], ['""특별한 메뉴가 있어요""', 90], ['""양이 많아요""', 73]]","['룸', '단체석', '좌식', '테라스']","[[""블랙스페셜_블랙스페셜샐러드&포케"", 23000], [""블랙스페셜_블랙스페셜요거트RED"", 9000], [""블랙스페셜_ 루머스페셜요거트GREEN"", 9000], [""샐러드&포케_스테이크"", 14500], [""샐러드&포케_닭가슴살"", 10500], [""샐러드&포케_쉬림프"", 10000], [""샐러드&포케_베이직"", 8500], [""스무디보울_키위"", 10000], [""스무디보울_초코"", 10000], [""오트밀_애플시나몬"", 8000], [""오버나이트오트밀_피넛버터&바나나"", 6500], [""오버나이트오트밀_얼그레이그래놀라"", 6000], [""오버나이트오트밀_믹스베리"", 6500], [""시리얼보울_믹스베리"", 8000], [""시리얼보울_망고"", 8000], [""수제그릭요거트_믹스베리+초코"", 8000], [""수제그릭요거트_바나나+피넛버터"", 8000], [""베이크고구마_버터군고구마"", 6000], [""(비건)스페셜 오트 음료/주류"", 5500], [""에이드"", 5000]]",한식
577,56,"서울특별시 마포구 포은로 21, 1층 101호 (합정동)",라무라,191853.0089,449728.489,0507-1332-8490,,987,"['단체 이용 가능', '남/녀 화장실 구분', '무선 인터넷']",무료 주차 가능,"[['""음식이 맛있어요""', 1041], ['""친절해요""', 560], ['""특별한 메뉴가 있어요""', 536], ['""혼밥하기 좋아요""', 411]]","['바테이블', '단체석', '1인석']","[[""흑색 닭"", 16500]]",일식
578,49.6,"서울특별시 마포구 포은로 27, 1층 102호 (합정동)",윤멘,191810.8966,449771.7252,,목: 11:30 - 20:30; 금: 11:30 - 20:30; 토: 11:30 - 20:30; 일: 11:30 - 20:30; 월: 정기휴무 (매주 월요일); 화: 11:30 - 20:30; 수: 11:30 - 20:30,431,[],주차 불가,"[['""음식이 맛있어요""', 461], ['""친절해요""', 281], ['""혼밥하기 좋아요""', 252], ['""특별한 메뉴가 있어요""', 247]]",[],"[[""모츠츠케멘(200g)"", 13900], [""모츠츠케멘(300g)"", 14900]]",일식
579,50.57,"서울특별시 마포구 토정로3길 17, 지1층 (합정동)",헤이브,192356.4053,449362.8378,0507-1342-9702,목: 12:00 - 23:00; 금: 12:00 - 24:00; 토: 13:00 - 24:00; 일: 13:00 - 23:00; 월: 정기휴무 (매주 월요일); 화: 12:00 - 23:00; 수: 12:00 - 23:00,166,"['테이크아웃 할인', '핸드드립', '무선 인터넷', '단체 이용 가능', '포장', '예약']",주차 불가,"[['""디저트가 맛있어요""', 138], ['""커피가 맛있어요""', 124], ['""인테리어가 멋져요""', 121], ['""음료가 맛있어요""', 96]]","['바테이블', '연인석', '카운터석', '1인석', '단체석', '테라스']","[[""수제 애플망고 셔벗"", 7000], [""트리플베리 셔벗 에이드"", 7000], [""헤이브 코코넛"", 7000]]",양식
580,48,"서울특별시 마포구 포은로 39, 1층 (합정동, 일부)",형제집,191726.8594,449859.4299,0507-1489-2230,수: 18:30 - 03:00; 목: 18:30 - 03:00; 금: 18:30 - 03:00; 토: 18:00 - 03:00; 일: 18:00 - 03:00; 월: 18:30 - 03:00; 화: 18:30 - 03:00,135,"['예약', '반려동물 동반', '단체 이용 가능']",주차 불가,"[['""음식이 맛있어요""', 102], ['""친절해요""', 60], ['""대화하기 좋아요""', 43], ['""음악이 좋아요""', 37]]","['단체석', '연인석', '바테이블', '1인석']","[[""소주"", 5000], [""형제집 고기치즈 짜파그라탕"", 16000], [""형제집 소맥"", 6000], [""형제집 치닭삼"", 20000], [""고기 야끼소바"", 20000], [""형제집 하이볼"", 9000]]",일식
581,30,"서울특별시 마포구 포은로 14, 1층 105호 (합정동)",슬오라,191915.9254,449694.8673,0507-1478-7377,수: 18:00 - 01:00; 목: 18:00 - 01:00; 금: 18:00 - 01:00; 토: 18:00 - 01:00; 일: 18:00 - 24:00; 월: 정기휴무 (매주 월요일); 화: 18:00 - 01:00,113,"['콜키지 가능', '무선 인터넷', '남/녀 화장실 구분', '반려동물 동반', '예약', '포장']",무료 주차 가능,"[['""음식이 맛있어요""', 106], ['""술이 다양해요""', 80], ['""음악이 좋아요""', 66], ['""친절해요""', 62]]",['바테이블'],"[[""유자보쌈과미나리무침"", 19000], [""양갈비스테이크"", 24000]]",한식
582,24.9,"서울특별시 마포구 포은로 25 (합정동,1층)",돈까스광명,191822.8896,449758.9662,,,188,['무선 인터넷'],,"[['""음식이 맛있어요""', 203], ['""재료가 신선해요""', 96], ['""혼밥하기 좋아요""', 95], ['""친절해요""', 77]]",[],"[[""등심"", 11000]]",중식
583,192.17,"서울특별시 마포구 독막로 18, 합정하이팍빌딩 1층 101호 (합정동)",자자,192442.4815,449567.2946,02-336-3389,목: 11:00 - 21:30; 금: 11:00 - 21:30; 토: 11:00 - 21:30; 일: 11:00 - 21:00; 월: 11:00 - 21:30; 화: 정기휴무 (매주 화요일); 수: 11:00 - 21:30,210,"['단체 이용 가능', '포장', '예약', '무선 인터넷', '남/녀 화장실 구분']",주차 가능,"[['""음식이 맛있어요""', 221], ['""재료가 신선해요""', 111], ['""친절해요""', 98], ['""특별한 메뉴가 있어요""', 80]]",[],"[[""고추잡채"", 25000], [""경장육슬"", 25000], [""볶음밥"", 10000], [""X.O해물볶음밥"", 15000], [""마파두부밥"", 10000], [""가지덮밥"", 10000], [""잡채밥"", 10000], [""잡탕밥"", 16000], [""류산슬덮밥"", 16000], [""유슬짬뽕밥"", 8000], [""해물짬뽕밥"", 15000], [""유니짜장면"", 8000], [""고추간짜장"", 9000], [""해물간짜장"", 15000], [""유슬짬뽕"", 8000], [""해물짬뽕"", 15000], [""백고추해물짬뽕"", 15000], [""라조육"", 24000], [""깐풍육"", 24000], [""탕수육"", 22000]]",중식
584,28.95,"서울특별시 마포구 월드컵로5길 74 (합정동, 1층일부)",넌덕,191842.6215,449832.2814,0507-1334-5187,목: 11:30 - 20:30; 금: 11:30 - 20:30; 토: 12:00 - 18:00; 일: 정기휴무 (매주 일요일); 월: 11:30 - 20:30; 화: 11:30 - 20:30; 수: 11:30 - 20:30,192,"['포장', '무선 인터넷', '배달']",무료 주차 가능,"[['""음식이 맛있어요""', 237], ['""친절해요""', 127], ['""재료가 신선해요""', 106], ['""특별한 메뉴가 있어요""', 91]]",[],"[[""2달의버거"", 10900], [""넌덕버거"", 8900], [""치즈버거"", 7900], [""루꼴라버거"", 9900], [""버섯버거"", 9900]]",일식
585,59.46,"서울특별시 마포구 독막로 55 (합정동, 나동 1층 일부)",족발애감동,192810.7165,449544.2099,02-322-5257,수: 17:00 - 04:00; 목: 17:00 - 04:00; 금: 17:00 - 04:00; 토: 17:00 - 04:00; 일: 17:00 - 04:00; 화: 17:00 - 04:00,90,[],,"[['""음식이 맛있어요""', 83], ['""단체모임 하기 좋아요""', 38], ['""매장이 넓어요""', 32], ['""친절해요""', 28]]",[],"[[""냉채족발"", 37000], [""돼지김치찌개"", 7000], [""매운 족 (대)"", 37000], [""매운 족 (중)"", 33000], [""물막국수"", 6000], [""반반"", 36000], [""반반족발"", 36000], [""보쌈 (대)"", 33000], [""보쌈 (중)"", 29000], [""어리굴젓비빔밥"", 7000], [""쟁반막국수 (대)"", 13000], [""쟁반막국수 (중)"", 7000], [""족.보세트"", 37000], [""족발 (대)"", 34000], [""족발 (중)"", 30000], [""족발 뒷다리(중)"", 30000], [""족발 앞다리(대)"", 34000]]",한식
586,75.11,"서울특별시 마포구 성지길 36-20, 지1층 (합정동)",이키,192212.9099,449448.6408,,수: 18:00 - 01:00; 목: 18:00 - 01:00; 금: 18:00 - 01:00; 토: 17:00 - 01:00; 일: 17:00 - 24:00; 월: 18:00 - 01:00; 화: 18:00 - 01:00,127,"['예약', '단체 이용 가능']",,"[['""음식이 맛있어요""', 144], ['""특별한 메뉴가 있어요""', 78], ['""인테리어가 멋져요""', 77], ['""친절해요""', 56]]",[],"[[""제철사시미"", 30000], [""완도김파스타"", 16000], [""멘치까스"", 15000], [""크림브륄레"", 7000]]",일식
587,137,"서울특별시 마포구 월드컵로1길 14, 지1층 B118-1, B118-2호 (합정동, 마포 한강 푸르지오)",이가네 양꼬치 양갈비,192171.2354,449751.487,02-337-3688,,559,[],주차 가능,"[['""마사지가 시원해요""', 346], ['""친절해요""', 276], ['""맞춤 케어를 잘해줘요""', 248], ['""분위기가 편안해요""', 225]]",[],"[[""양왕갈비 (250g)"", 26000], [""양등심꼬치 (250g)"", 23000], [""양왕꼬치 (1인분)"", 18000], [""탕수육"", 21000], [""가지요리"", 20000], [""마파두부"", 16000], [""온면"", 7000], [""볶음밥"", 7000]]",중식
588,90.47,"서울특별시 마포구 양화진4길 17, 동원빌딩 4층 (합정동)",같이양조장,192087.9368,449456.8027,0507-1493-9991,목: 10:00 - 18:00; 금: 10:00 - 18:00; 토: 10:00 - 18:00; 일: 정기휴무 (매주 일요일); 월: 정기휴무 (매주 월요일); 화: 정기휴무 (매주 화요일); 수: 10:00 - 18:00,128,"['포장', '예약']",무료 주차 가능,[],[],[],한식